image_name,slice,mean_HistANG,mean_HistLEN,mean_HistSTR,mean_HistWID,median_HistANG,median_HistLEN,median_HistSTR,median_HistWID,n_HistANG,std_HistANG,std_HistLEN,std_HistSTR,std_HistWID,z_depth_HistANG,Area (microns^2),Lacunarity,Total Length (microns),Endpoints,HGU (microns),Branchpoints,Box-Counting Fractal Dimension,Curvature_40.0,% High Density Matrix,Alignment,TotalImageArea,texture_mean_asmmean.,texture_mean_contrastmean.,texture_mean_correlationmean.,texture_mean_dissimilaritymean.,texture_mean_glcmmeanmean.,texture_mean_glcmvariancemean.,texture_mean_homogeneitymean.,texture_median_asmmean.,texture_median_contrastmean.,texture_median_correlationmean.,texture_median_dissimilaritymean.,texture_median_glcmmeanmean.,texture_median_glcmvariancemean.,texture_median_homogeneitymean.,texture_std_asmmean.,texture_std_contrastmean.,texture_std_correlationmean.,texture_std_dissimilaritymean.,texture_std_glcmmeanmean.,texture_std_glcmvariancemean.,texture_std_homogeneitymean.,concentration_autoc,type_dissi,roi_idmnc,texture3d_mean_autoc,texture3d_mean_corrm,texture3d_mean_corrp,texture3d_mean_cprom,texture3d_mean_cshad,texture3d_mean_denth,texture3d_mean_dissi,texture3d_mean_dvarh,texture3d_mean_energ,texture3d_mean_entro,texture3d_mean_homom,texture3d_mean_homop,texture3d_mean_idmnc,texture3d_mean_indnc,texture3d_mean_inf1h,texture3d_mean_inf2h,texture3d_mean_maxpr,texture3d_mean_savgh,texture3d_mean_senth,texture3d_mean_sosvh,texture3d_mean_svarh,texture3d_median_autoc,texture3d_median_corrm,texture3d_median_corrp,texture3d_median_cprom,texture3d_median_cshad,texture3d_median_denth,texture3d_median_dissi,texture3d_median_dvarh,texture3d_median_energ,texture3d_median_entro,texture3d_median_homom,texture3d_median_homop,texture3d_median_idmnc,texture3d_median_indnc,texture3d_median_inf1h,texture3d_median_inf2h,texture3d_median_maxpr,texture3d_median_savgh,texture3d_median_senth,texture3d_median_sosvh,texture3d_median_svarh,texture3d_std_autoc,texture3d_std_contr,texture3d_std_corrm,texture3d_std_corrp,texture3d_std_cprom,texture3d_std_cshad,texture3d_std_denth,texture3d_std_dissi,texture3d_std_energ,texture3d_std_entro,texture3d_std_homom,texture3d_std_homop,texture3d_std_idmnc,texture3d_std_indnc,texture3d_std_inf1h,texture3d_std_inf2h,texture3d_std_maxpr,texture3d_std_savgh,texture3d_std_senth,texture3d_std_sosvh,texture3d_std_svarh,distance3d_cshad,neighbor3d_inf2h,bin_num3d_contr,short_image_name
appliedMASKiso_shg_1mgml_roi1_8bit.ome,1,77.56147059,57.35164706,0.928797059,3.853052941,73.811,53.993,0.93895,3.7951,17.0,45.06159014,22.79568618,0.031634956,0.6860879,1.0,1835,69.4294,1565,26,60.1923,10,1.1033,0.021,0.0071,0.2031,131072,0.5712404847145081,278.93121337890625,0.35822567343711853,7.517390727996826,7.564780235290527,242.99171447753906,0.7403808236122131,0.5509593486785889,279.6763000488281,0.40046608448028564,7.398016929626465,6.875381946563721,242.169677734375,0.7495817542076111,0.2641492784023285,179.22633361816406,0.1517079621553421,4.8865509033203125,5.912891387939453,168.1574249267578,0.1796254962682724,1mgml,shg,roi1,1696.7290984241183,41952.37990570068,30471.430725097656,177.99325792611577,65472.66441345215,63865.13624572754,2038.8549058945543,1088.4583538772804,1686.9281206777316,63456.17925262451,4088.648696294355,4098.444474884757,3689.7845342036617,3761.5770133288866,57817.64655303955,2519.3119113573407,4370.208092623254,3052.8340619155956,63726.79919433594,1470.6724834133383,869.7869076590741,362.0,37042.0,30146.0,15.0,65535.0,65475.0,733.0,370.0,120.0,65185.0,990.0,994.0,860.0,881.0,57823.0,138.0,1163.0,682.0,65433.0,625.0,48.0,2804.8700199785326,1676.5361949487055,17547.29432753725,2746.1371997848714,542.0404123947704,418.02599811369873,4054.086260806063,3063.6709637085596,3832.6397300409108,4361.114389638136,6382.877751582565,6396.469537629512,5847.279947318411,5943.378183430369,60.64816155490455,5563.880762546086,6672.547678272633,4926.890581484102,4282.063092734678,1715.9260766028726,2378.507995190546,D1,N8,t,appliedMASKiso_1mgml_roi1_8bit.ome
appliedMASKiso_shg_1mgml_roi1_8bit.ome,2,65.43718,56.57813333,0.912439333,4.164966667,56.889,41.171,0.92234,4.2963,15.0,49.09853654,35.38051191,0.045654978,0.744067029,2.0,1819,70.0577,1528,34,44.9412,11,1.1172,0.0264,0.0078,0.2154,131072,0.5693814158439636,272.89202880859375,0.36722156405448914,7.419185638427734,7.442600727081299,243.0628204345703,0.7425922155380249,0.5364512205123901,278.81951904296875,0.4072006642818451,7.600028038024902,6.951449871063232,243.89120483398438,0.7399997711181641,0.25150245428085327,167.03109741210938,0.1629301905632019,4.559398651123047,5.380958080291748,162.2222900390625,0.16575893759727478,1mgml,shg,roi1,1858.180628921899,42743.37267303467,30443.628662109375,225.32448,65460.61100769043,63688.3547668457,2230.666867712103,1183.309392172631,1811.1795186745696,63267.7155380249,4457.0390564989775,4468.356530884768,4028.8093735597545,4106.090544900202,57816.74668121338,2317.9798255179935,4732.628378298531,3338.184575932688,63541.08224487305,1589.9060635066946,915.4499921081707,430.0,37042.0,30146.0,15.0,65535.0,65475.0,835.0,431.0,138.0,65185.0,1138.0,1142.0,1003.0,1029.0,57823.0,138.0,1302.0,806.0,65433.0,740.0,55.0,3101.033164312565,1866.0318812738126,17752.384704739125,2825.7296516170345,904.4125133105632,600.1388437403779,4484.088649686187,3427.1155166517556,4039.2522728112845,4808.377294202903,6937.240746669253,6952.626687640331,6386.680260130003,6486.114089950516,52.86455373583997,5391.750858152376,7125.760683686244,5413.918310269801,4728.64046298397,1825.6204808920188,2820.2124219591637,D1,N8,t,appliedMASKiso_1mgml_roi1_8bit.ome
appliedMASKiso_shg_1mgml_roi1_8bit.ome,3,85.41502667,64.0744,0.925656,3.697413333,72.979,54.229,0.93036,3.5555,15.0,57.06552519,42.26531882,0.028040476,0.84301276,3.0,1973,64.4333,1630,36,45.2778,7,1.1328,0.0139,0.0085,0.2763,131072,0.5612151622772217,285.431884765625,0.3884746730327606,7.629732131958008,7.846242427825928,258.0496520996094,0.7367360591888428,0.5364053845405579,289.6483154296875,0.4099445044994354,7.747772216796875,7.165217399597168,253.3588409423828,0.7400957345962524,0.2543448507785797,174.5294189453125,0.14744338393211365,4.665472507476807,5.656328201293945,170.1190948486328,0.16834165155887604,1mgml,shg,roi1,1995.467719951168,43006.00444793701,30481.059280395508,234.15874458642998,65455.78330230713,63587.43157196045,2434.4512908380975,1302.3942863732968,1848.163430961128,63174.06702423096,4695.543682070854,4706.312405921466,4272.560903628024,4349.28358085124,57815.78031158447,2336.404301075269,4905.894015716301,3562.3914378163113,63441.204093933105,1702.938414858186,901.6626776925575,519.0,37042.0,30146.0,13.0,65535.0,65475.0,916.0,472.0,175.0,65185.0,1347.0,1350.0,1203.0,1230.0,57823.0,138.0,1465.0,965.0,65433.0,881.0,43.0,3383.4387768478205,2115.725076002987,17899.754548172717,2727.6972350745145,866.6430002690719,600.7210646141235,4832.441858515764,3850.951262811871,4147.488885157014,5129.94844425328,7351.616602279309,7365.84508818556,6839.792447812879,6933.4532297341,86.37025056899036,5564.927706394833,7307.098696049604,5853.656318458724,5068.167052675825,1889.3229389086719,2828.523406689412,D1,N8,t,appliedMASKiso_1mgml_roi1_8bit.ome
appliedMASKiso_shg_1mgml_roi1_8bit.ome,4,84.4317619,62.78057143,0.920319524,3.334738095,70.641,42.649,0.92973,3.2341,21.0,53.13563715,40.46656798,0.042736944,0.712637397,4.0,2123,59.7395,1712,29,59.0345,12,1.1437,0.0168,0.0099,0.2533,131072,0.5276640057563782,307.93377685546875,0.3888852596282959,8.297073364257812,9.052070617675781,277.92852783203125,0.7063153982162476,0.5073592066764832,310.1492614746094,0.4258984625339508,8.28717041015625,7.645534515380859,264.664794921875,0.720564067363739,0.2814992368221283,193.56251525878906,0.14424653351306915,5.252338409423828,7.0278639793396,185.54348754882812,0.19905930757522583,1mgml,shg,roi1,2166.836450735143,43955.24335479736,30561.22999572754,275.1940693430657,65427.24961090088,63296.31258392334,2642.7055843971407,1403.0577375222886,2181.0431961541667,62859.043853759766,5093.619269201747,5106.107436032286,4641.416630462122,4723.674685020465,57815.554191589355,2122.636559139785,5311.529965929619,3869.5325840898176,63132.30389404297,1763.6091624173964,1187.7753561253562,541.0,47334.5,30146.0,13.0,65535.0,65475.0,998.0,524.0,189.0,65185.0,1425.0,1430.0,1259.0,1289.0,57818.0,138.0,1558.0,1011.0,65433.0,915.0,65.0,3680.045796397632,2229.3302640945217,17885.83527168028,2809.5375693077976,839.6709225285878,701.8550784644812,5488.548536279529,4098.665350126188,5080.494875000491,5849.56207968668,8050.812179357305,8067.70273397906,7481.555646523865,7586.150271686728,61.92761614002506,5102.581183430808,8033.515114821238,6385.270794285944,5765.363263248472,1914.2967937302265,3578.8805554079354,D1,N8,t,appliedMASKiso_1mgml_roi1_8bit.ome
appliedMASKiso_shg_1mgml_roi1_8bit.ome,5,96.94535294,61.07770588,0.931061176,3.933464706,84.943,53.234,0.94012,3.7398,17.0,61.09637033,26.61193174,0.03716963,0.855000476,5.0,1940,65.5634,1630,27,60.3704,7,1.1025,0.0225,0.01,0.2186,131072,0.5385096669197083,298.7470397949219,0.3946996331214905,8.10673999786377,9.271995544433594,283.89801025390625,0.7104666233062744,0.5617664456367493,282.5926513671875,0.44817861914634705,7.484583377838135,6.825237274169922,254.88087463378906,0.7557056546211243,0.29044923186302185,191.66587829589844,0.15381963551044464,5.302293300628662,7.848381996154785,202.8706817626953,0.20945954322814941,1mgml,shg,roi1,2167.32963224656,44557.88928985596,30552.257362365723,389.3096190899659,65401.90899658203,63269.01428985596,2728.0770030410226,1457.1897536150934,2144.8352342682415,62847.985931396484,5018.4190976077525,5029.880331527652,4598.87008063883,4675.616242163229,57813.98695373535,2472.2774225282833,5153.736505052544,3851.809764139834,63113.38319396973,1739.0355865100994,1381.1269408814737,511.0,50146.0,30146.0,14.0,65535.0,65475.0,937.0,493.0,149.0,65185.0,1341.0,1343.0,1189.0,1214.0,57813.0,138.0,1488.0,954.0,65433.0,877.0,49.0,3845.6458330963096,2388.068310475502,17847.557420845278,2898.1819245597953,1117.894757404664,860.3017672012841,5768.756765115714,4366.060250451869,5329.414100008425,6107.334483172656,8292.772023335692,8308.74703553744,7743.8651718472565,7845.441159807581,93.3970795205808,5864.954079522773,8128.938152001174,6640.426664294684,6032.660374531327,1926.7500341363525,4120.7767964170425,D1,N8,t,appliedMASKiso_1mgml_roi1_8bit.ome
appliedMASKiso_shg_1mgml_roi1_8bit.ome,6,95.73346667,62.25933333,0.902843333,3.365026667,83.66,55.286,0.91149,3.329,15.0,62.46332999,36.33842267,0.032163602,0.543705642,6.0,1495,85.6742,1254,31,40.4516,9,1.1196,0.0174,0.009,0.2422,131072,0.568518340587616,286.1650390625,0.37833425402641296,7.670465469360352,8.507622718811035,278.6684875488281,0.7336346507072449,0.5975121855735779,260.14556884765625,0.3979262113571167,6.868701934814453,5.917548656463623,220.04409790039062,0.7781043648719788,0.2791861891746521,188.05923461914062,0.16897577047348022,5.150852203369141,7.621565341949463,220.5135498046875,0.1978456676006317,1mgml,shg,roi1,2094.5569747825516,44809.8604888916,30506.55581665039,454.3082473675771,65398.394592285156,63340.45846557617,2675.5300277318947,1440.3163102941398,1899.978651165863,62941.33254241943,4780.748712836579,4790.520397432246,4396.812545187652,4467.239193304559,57814.51559448242,2433.0029776674937,4872.48633963587,3699.9048704072916,63197.94121551514,1708.5813925465022,1257.4171962256885,477.5,50817.0,30146.0,14.0,65535.0,65475.0,835.0,431.0,133.0,65185.0,1277.0,1282.0,1123.0,1149.0,57813.0,138.0,1442.0,900.0,65433.0,824.0,33.0,3895.7714603687414,2520.108165684529,17541.670365584785,2909.442220134325,1381.0465520335736,961.6670953729525,5743.324483234392,4554.313583493117,4861.910240203621,6008.199529731778,8162.370127585164,8174.015715528318,7682.371186742931,7772.05979569167,64.04896103866503,5729.531518659811,7857.3333850643,6649.043302864723,5965.951413684768,1938.022015065994,4083.255162025283,D1,N8,t,appliedMASKiso_1mgml_roi1_8bit.ome
appliedMASKiso_shg_1mgml_roi1_8bit.ome,7,94.09183333,62.76266667,0.93233,3.964175,89.002,64.0495,0.93323,3.9241,12.0,58.16287937,25.09786303,0.021941403,0.535714486,7.0,1476,86.8028,1306,29,45.0345,5,1.1035,0.0079,0.0084,0.09573,131072,0.6095576882362366,260.49896240234375,0.36295631527900696,6.946252346038818,7.2927045822143555,244.3553466796875,0.7641780972480774,0.6385465860366821,237.32208251953125,0.3790836036205292,6.192814826965332,5.021883010864258,188.39089965820312,0.8034883737564087,0.26390817761421204,180.58566284179688,0.1626051813364029,4.9193806648254395,6.848174571990967,201.7535858154297,0.18350857496261597,1mgml,shg,roi1,2098.104348200726,45396.72538757324,30472.7251663208,362.09145118447447,65420.42189788818,63312.54480743408,2606.2212015780356,1393.8086122312318,1804.5066850377627,62910.08620452881,4815.786876770462,4826.505390821064,4424.344678651056,4496.154389668581,57814.55019378662,2070.3516427104723,4913.652187025408,3716.0865224087975,63166.950340270996,1744.2558405049385,1064.4896801891773,524.0,51199.0,30146.0,12.0,65535.0,65460.0,815.0,421.0,143.0,65176.0,1390.0,1395.0,1220.0,1249.0,57813.0,138.0,1581.0,980.0,65418.5,895.0,27.0,3854.435709507196,2419.612826356255,17478.280545260433,2874.598626691599,1122.6081559289107,828.1392269952219,5744.042519060606,4429.456808331332,4656.760500397687,6025.883582227249,8145.078099657978,8159.36884410344,7654.787701412173,7746.583972398291,44.15269606233624,5033.379572616721,7837.069571719609,6607.468033708943,5979.573229645718,1916.5601420088983,3604.5001902257986,D1,N8,t,appliedMASKiso_1mgml_roi1_8bit.ome
appliedMASKiso_shg_1mgml_roi1_8bit.ome,8,83.17859474,55.59521053,0.915994211,3.755468421,71.878,42.097,0.92896,3.7285,19.0,56.5358038,40.13620696,0.047787066,0.968088099,8.0,1613,79.2604,1387,20,69.35,10,1.0839,0.0126,0.0089,0.1363,131072,0.6234561204910278,248.2901153564453,0.35376355051994324,6.607527256011963,6.873944282531738,230.33905029296875,0.7749208807945251,0.6627309918403625,214.8361358642578,0.35609644651412964,5.689156532287598,4.932843208312988,187.54237365722656,0.8181595802307129,0.2525763213634491,175.10926818847656,0.1772080957889557,4.681913375854492,6.5559892654418945,190.47242736816406,0.17500832676887512,1mgml,shg,roi1,2230.8925930932646,47003.53691864014,30549.37100982666,361.0729862906767,65406.12170410156,63046.739418029785,2694.8181981335247,1439.901540670385,2057.8633591580888,62612.23287963867,5161.38590160866,5173.145694468996,4730.337059490262,4809.193496729647,57812.60629272461,2213.6914514692785,5317.344733640438,3962.6695124107023,62878.64227294922,1808.1906267222644,1195.0932288872198,587.0,51280.0,30146.0,11.0,65535.0,65428.0,876.0,452.0,155.0,65144.0,1555.0,1561.0,1371.0,1404.0,57813.0,138.0,1767.0,1099.0,65384.0,994.0,32.0,4003.8874245780426,2471.2184722716365,17564.111065721976,3008.3778254736753,1176.173841297516,902.3004330299559,6199.728669806014,4506.658940720959,5317.385309803316,6568.659755415764,8591.525800688052,8607.343598456482,8033.534584534642,8136.994856122548,76.47946495396516,5226.710278240948,8446.855574637852,6897.49581228594,6488.284027756413,1921.137875416272,3874.276876372934,D1,N8,t,appliedMASKiso_1mgml_roi1_8bit.ome
appliedMASKiso_shg_1mgml_roi1_8bit.ome,9,81.2867,65.70715385,0.934031538,4.107946154,75.174,42.699,0.93546,4.3061,13.0,50.87807253,43.74352806,0.023443191,0.963227172,9.0,1758,72.558,1512,22,68.7273,4,1.0642,0.0133,0.0101,0.09373,131072,0.6308433413505554,239.1765899658203,0.38038456439971924,6.362410545349121,6.7352705001831055,234.5845489501953,0.7819511294364929,0.661963164806366,219.2923583984375,0.3926965296268463,5.736888408660889,5.04110860824585,193.4105682373047,0.8175048828125,0.24268826842308044,159.23191833496094,0.18191318213939667,4.322021961212158,6.18720817565918,189.12548828125,0.16524022817611694,1mgml,shg,roi1,2361.9980281805856,46873.06636810303,30432.305786132812,383.6383461431614,65390.10793304443,62874.13607788086,2854.8941173287153,1541.0479218530145,2159.8819541399466,62439.66721343994,5415.768650125293,5427.060448588917,4972.856426898903,5053.9438544961595,57813.0563659668,2450.5582075012176,5547.7535225732245,4178.548432814361,62703.33532714844,1889.7751098878528,1245.4635792272672,663.0,51277.0,30146.0,13.0,65535.0,65398.0,957.0,493.0,182.0,65112.0,1778.0,1779.0,1560.0,1599.0,57812.0,138.0,2000.0,1245.0,65351.0,1103.0,31.0,4156.437463737964,2607.8485450064463,17246.838159781695,2839.349072609535,1194.4262948066007,955.1883767367741,6470.859048400877,4689.147972231093,5546.174352265764,6835.506321874435,8837.78030009007,8852.120430648325,8280.066205422,8383.619287529398,64.10916754667151,5921.906192675104,8658.956709196098,7129.054285808809,6760.644341055644,1950.6537350955575,3930.4893347204415,D1,N8,t,appliedMASKiso_1mgml_roi1_8bit.ome
appliedMASKiso_shg_1mgml_roi1_8bit.ome,10,87.98836,65.71486667,0.931970667,3.508826667,78.341,45.727,0.93872,3.4177,15.0,52.44384181,49.32147227,0.033686693,0.7336733,10.0,1545,82.8369,1307,26,50.2692,4,1.048,0.013,0.01,0.0486,131072,0.703880250453949,199.72039794921875,0.4374825358390808,5.085313320159912,5.537242889404297,216.2913055419922,0.8314638733863831,0.7611960768699646,158.94674682617188,0.5016046762466431,3.997957229614258,3.8058905601501465,165.266845703125,0.8755391836166382,0.21737001836299896,154.13864135742188,0.18403171002864838,3.9303762912750244,5.280071258544922,186.513427734375,0.13956105709075928,1mgml,shg,roi1,2270.351273351677,46047.96299743652,30455.701683044434,278.3948448379213,65422.371002197266,63089.116439819336,2829.5744091455754,1534.2673405132225,1830.0355437922242,62702.742179870605,5051.405910586093,5060.702691519954,4683.049589341498,4751.2989738709475,57813.47238922119,2690.2886904761904,5023.5359145168295,3973.9877940294186,62946.28170013428,1870.974895007965,945.7902660636435,663.0,51264.0,30146.0,9.0,65535.0,65411.0,978.0,503.0,184.0,65128.0,1738.0,1744.0,1534.5,1568.0,57813.0,138.0,1907.0,1234.0,65366.0,1105.0,32.0,4002.3855649038483,2626.4033697809364,16808.953808398142,2831.3003214176038,964.7513809743806,797.7833153420212,5989.741622633562,4651.571552911461,4695.931121766657,6250.116770219287,8252.30335220926,8261.573491121033,7803.0929922442765,7887.526988776232,65.98263691766029,5946.346582695863,7854.122529569798,6788.307169493678,6221.556054401985,1966.8234306014715,3142.1352661394603,D1,N8,t,appliedMASKiso_1mgml_roi1_8bit.ome
appliedMASKiso_shg_1mgml_roi1_8bit.ome,11,102.4052941,58.70041176,0.928865294,3.735170588,93.468,46.515,0.939,3.7332,17.0,44.44077454,29.72012353,0.040553262,0.694136037,11.0,1646,77.6312,1376,26,52.9231,6,1.0795,0.0082,0.0105,0.07046,131072,0.7032730579376221,198.34266662597656,0.4559902250766754,5.059913635253906,5.550529956817627,218.6831512451172,0.8317136764526367,0.7555096745491028,156.48455810546875,0.5172573328018188,3.9456658363342285,4.0259809494018555,176.24386596679688,0.8725310564041138,0.21231646835803986,150.27435302734375,0.19030840694904327,3.853285074234009,5.037567615509033,176.4198760986328,0.13602401316165924,1mgml,shg,roi1,2318.9043182598025,46158.94812011719,30437.398796081543,287.92076653768197,65418.6637802124,63070.86859893799,2912.6221592435395,1581.0157416859186,1794.594279584408,62697.26226043701,5098.145664583615,5107.4563027045015,4748.216963180935,4813.563921266884,57813.057960510254,2664.90873015873,5010.952668628409,4043.310305387167,62934.974212646484,1911.1284040219189,964.7038380481479,702.0,51264.0,30146.0,11.0,65535.0,65410.0,1059.0,544.0,192.0,65125.0,1807.0,1813.0,1607.0,1645.0,57812.0,138.0,1977.0,1299.0,65365.0,1167.0,30.0,4033.5386022581865,2600.8430662398805,17004.46584453487,2845.9878476293316,967.4633102431301,800.7807952272441,5996.776069192835,4659.294908387901,4575.1461619047805,6233.129281715292,8236.413885954957,8247.8057752459,7818.498974093747,7898.436611314874,73.05132050487192,5921.415347102411,7688.66514673127,6821.937155609747,6208.355884719175,1994.5112134349617,3259.7967498946923,D1,N8,t,appliedMASKiso_1mgml_roi1_8bit.ome
appliedMASKiso_shg_1mgml_roi1_8bit.ome,12,93.21853125,70.89375,0.9142125,3.81484375,89.736,62.152,0.913975,3.4589,16.0,48.01869613,40.5591614,0.040103681,0.837793018,12.0,1489,86.0275,1207,22,54.8636,5,1.0517,0.0063,0.0106,0.05055,131072,0.6544854044914246,224.6449737548828,0.4181658923625946,5.924133777618408,6.262555122375488,228.4008331298828,0.7991054654121399,0.700857400894165,180.77902221679688,0.46727392077445984,4.767573356628418,4.921047210693359,207.05111694335938,0.841650664806366,0.22839461266994476,158.94598388671875,0.198056161403656,4.2175679206848145,5.434845924377441,170.37362670898438,0.15364418923854828,1mgml,shg,roi1,2417.9328318831285,47277.5382232666,30350.11961364746,323.10568864809954,65398.85925292969,62908.03397369385,2950.343438631871,1606.00597030767,2026.3961920411516,62511.143630981445,5379.8691297735195,5389.620446338965,4984.788149359048,5057.903634651796,57812.45439910889,2745.801995012469,5373.665845860966,4228.622339710097,62757.17798614502,1949.3770602050636,1130.9566595770295,723.0,51280.0,30146.0,12.0,65535.0,65401.0,1059.0,555.0,194.0,65118.0,1868.0,1874.0,1660.0,1701.0,57812.0,138.0,2023.0,1343.0,65357.0,1201.0,41.0,4174.47023935137,2691.7254452434886,17537.61540653738,2931.508763277192,1106.6784042216534,917.2229933486295,6323.339701814277,4767.341295440047,5163.638963953346,6607.2689378015175,8631.476824819354,8641.7522326609,8151.758874713682,8241.940056599731,72.06030425954137,6249.823857962488,8264.362234369526,7079.09003868307,6568.45597542631,2023.5177922513294,3729.0552135834873,D1,N8,t,appliedMASKiso_1mgml_roi1_8bit.ome
appliedMASKiso_shg_1mgml_roi1_8bit.ome,13,87.55073333,55.011,0.912589333,3.97548,84.174,45.011,0.92301,3.8655,15.0,62.26983707,30.83805896,0.035073759,1.081066806,13.0,1752,72.8133,1436,21,68.381,7,1.0762,0.0119,0.009,0.1321,131072,0.6471045613288879,228.51629638671875,0.38284409046173096,6.081871032714844,6.071105003356934,214.18121337890625,0.7940792441368103,0.6976324915885925,185.25779724121094,0.4225175976753235,4.913939476013184,4.566971778869629,185.92568969726562,0.8393286466598511,0.23143643140792847,160.6355743408203,0.18348941206932068,4.2815728187561035,5.16432523727417,161.58056640625,0.15424686670303345,1mgml,shg,roi1,2322.7181002274206,47864.898262023926,30445.76319885254,304.1801286003699,65411.3570022583,62968.21242523193,2791.846712847994,1518.8914128872043,1971.677861225261,62564.494773864746,5214.543788580247,5224.441967186484,4812.364451348278,4886.38700048733,57811.596282958984,2854.3429833169776,5278.767564165042,4070.6534884665366,62816.87685394287,1920.362278671215,1070.3082966558347,629.0,51283.0,30146.0,9.0,65535.0,65415.0,978.0,503.0,167.0,65133.0,1616.0,1622.0,1437.0,1469.0,57811.0,138.0,1744.0,1162.0,65371.0,1056.0,40.0,4081.052392017112,2590.3770459382204,17440.503617412338,3061.7327154525165,1097.2258378331949,873.9749844713517,6197.6292035485685,4569.126541815211,5069.238235378233,6491.255699034694,8492.292254161533,8503.077320377863,7980.037712498105,8075.352419092243,87.78241476246986,6278.3199094037755,8244.145356964184,6916.553040258904,6438.468059434381,2087.4100430249523,3656.1758835894434,D1,N8,t,appliedMASKiso_1mgml_roi1_8bit.ome
appliedMASKiso_shg_1mgml_roi1_8bit.ome,14,96.73238889,52.89594444,0.917862222,3.957683333,118.565,43.852,0.92613,3.7861,18.0,60.39757294,29.29335198,0.039271811,1.164652175,14.0,2220,57.0419,1737,33,52.6364,9,1.1189,0.0116,0.0104,0.1659,131072,0.6193382143974304,245.6481170654297,0.3691682815551758,6.581748008728027,6.563607215881348,225.99990844726562,0.7759873867034912,0.6789953112602234,203.74322509765625,0.37479645013809204,5.389613151550293,4.380926132202148,166.57208251953125,0.8280935287475586,0.23476983606815338,155.12371826171875,0.15995609760284424,4.23723840713501,5.566136837005615,171.338134765625,0.1591736525297165,1mgml,shg,roi1,2416.9931615310907,48228.29405212402,30472.85723876953,389.4750154225787,65384.33345794678,62842.35440826416,2871.178359430969,1582.464422781701,2102.744451319891,62438.1681060791,5389.434958898583,5398.539270765041,4977.643481769126,5053.37620656614,57811.0997467041,2806.225050916497,5440.2074537293865,4220.104584194866,62689.01776885986,1958.808089162338,1211.5249273328657,684.0,51286.0,30146.0,14.0,65535.0,65399.0,978.0,514.0,173.0,65121.0,1720.0,1718.0,1537.0,1572.0,57810.0,138.0,1860.0,1258.0,65356.0,1137.0,34.0,4265.363530265753,2755.22287842148,17544.502133560443,3051.3187600353585,1293.9116651333425,1008.7040768690952,6473.3999661249845,4780.941110240961,5398.669515631395,6756.729076070642,8764.390421492777,8773.887148878726,8248.72127126598,8344.611072590813,88.99568654061967,6236.840477012897,8466.568114727728,7178.108151011083,6708.0275107245625,2117.458337607491,4027.2676129935035,D1,N8,t,appliedMASKiso_1mgml_roi1_8bit.ome
appliedMASKiso_shg_1mgml_roi1_8bit.ome,15,95.94975,65.30414286,0.912988571,3.649528571,116.925,62.8385,0.909985,3.6089,14.0,54.17658539,26.20752207,0.031455778,0.73473277,15.0,2301,54.9635,1806,43,42.0,10,1.1097,0.0087,0.0105,0.1338,131072,0.6388069987297058,237.97677612304688,0.3997461199760437,6.25706672668457,6.446032524108887,231.19850158691406,0.7887760996818542,0.6944169998168945,202.36602783203125,0.4161669611930847,5.165063381195068,4.331986904144287,170.86080932617188,0.8367752432823181,0.232774555683136,157.85910034179688,0.15639126300811768,4.202694416046143,5.646517753601074,183.37417602539062,0.15541024506092072,1mgml,shg,roi1,2438.005381380631,47191.01908874512,30416.67258453369,385.78167040358744,65391.8776550293,62968.511085510254,2951.492212617931,1640.9051810467506,1993.083322292748,62596.33377838135,5310.3958593554835,5317.9750395536685,4934.2049296361065,5003.885075776501,57811.73197937012,2737.70719738277,5268.000968023982,4215.7898659338825,62833.88446044922,2023.783256307769,1141.1199137369792,744.0,51275.0,30146.0,12.0,65535.0,65411.0,1059.0,565.0,173.0,65139.0,1816.0,1813.0,1645.0,1680.0,57811.0,138.0,1884.0,1359.0,65371.0,1239.0,30.0,4295.861886238765,2828.6115491006385,17667.550869828072,2867.1514826186935,1211.9232081912887,954.6730562439725,6313.020206883689,4859.783149532565,5195.945064332476,6545.251553198098,8637.118171004773,8644.994307343904,8166.3074504397455,8254.41813567734,89.83361544552362,6219.125438616422,8247.017870141051,7154.191940826784,6516.539353025379,2164.7695287490546,3800.7202924818766,D1,N8,t,appliedMASKiso_1mgml_roi1_8bit.ome
appliedMASKiso_shg_1mgml_roi1_8bit.ome,16,94.82133889,59.40788889,0.916733333,3.829288889,117.23,51.6475,0.9262,3.50615,18.0,60.85738249,31.09830983,0.037365346,0.999106957,16.0,2091,60.6844,1663,36,46.1944,6,1.1215,0.0119,0.0112,0.1616,131072,0.6352011561393738,238.8563232421875,0.4225531220436096,6.282225608825684,6.661649703979492,239.42181396484375,0.7866161465644836,0.6904024481773376,203.9251251220703,0.46470004320144653,5.218962669372559,4.575830936431885,183.29574584960938,0.8350881934165955,0.23448213934898376,156.60830688476562,0.15237239003181458,4.203047752380371,5.721212863922119,183.16868591308594,0.15662828087806702,1mgml,shg,roi1,2466.072346832814,47116.95390319824,30424.579627990723,392.0842054770626,65384.13513946533,62981.846130371094,3028.107683421505,1697.1073946204235,1951.9828836599083,62628.65009040901,5264.51707165109,5271.181370716511,4916.166022845276,4981.16963655244,57811.61317148721,3003.849861495845,5149.23020768432,4228.2051505711315,62857.19738006592,2082.798951194185,1147.2221118767734,757.0,51275.0,30146.0,7.0,65535.0,65414.0,1140.0,606.0,181.0,65144.0,1816.0,1822.0,1647.0,1680.0,57812.0,138.0,1860.0,1366.0,65373.0,1261.0,35.0,4362.0415018322265,2924.6613120324605,17639.981844407746,2887.0549763715126,1293.148785641872,1026.19469282716,6310.279829746014,4922.074652851459,5205.346846937554,6517.465557420538,8594.833337912345,8601.931153609941,8149.455062770807,8233.36049526768,105.15664145645307,6582.8441211773215,8099.439699354776,7186.615070615568,6496.580675298489,2259.256293167963,3954.1647108967804,D1,N8,t,appliedMASKiso_1mgml_roi1_8bit.ome
appliedMASKiso_shg_1mgml_roi1_8bit.ome,17,103.0649167,63.04433333,0.911445556,3.819483333,119.755,44.1785,0.912705,3.59205,18.0,56.32182309,35.71790529,0.029330156,1.008938997,17.0,2060,61.6277,1681,44,38.2045,4,1.0931,0.0128,0.0117,0.1705,131072,0.6093078255653381,258.7085266113281,0.4329940676689148,6.7679033279418945,7.371346473693848,260.3656921386719,0.7685486674308777,0.6554491519927979,227.2196044921875,0.45937031507492065,5.807694911956787,5.31502103805542,212.98089599609375,0.8141709566116333,0.24302572011947632,163.73768615722656,0.14114734530448914,4.395224094390869,6.179188251495361,192.54942321777344,0.1655825674533844,1mgml,shg,roi1,2562.8859435568975,46979.48717498779,30349.26682281494,468.5868798899493,65360.60817718506,62910.37612915039,3111.5012690520507,1762.4283408608728,2014.6248453683265,62560.682792663574,5415.565883373212,5420.772608064196,5064.333862726864,5129.833261934864,57812.11031341553,3067.506273867976,5264.513358479526,4371.467457970682,62785.51456451416,2158.9350726697107,1249.3400933237617,820.0,51270.0,30146.0,8.0,65535.0,65414.0,1140.0,606.0,199.0,65143.0,1952.0,1953.0,1784.0,1819.0,57812.0,138.0,1953.0,1483.0,65374.0,1350.0,35.0,4541.591680641024,3099.971523690504,17735.434083768072,2834.7595461313244,1499.9133330924726,1161.466062749222,6471.164128129776,5154.960783582997,5341.4826806442015,6658.809759757732,8760.17052696592,8764.114310893392,8344.225777912035,8423.127772561906,80.51386203135922,6736.224209952692,8136.070482222808,7405.875583691701,6650.369253241056,2358.6515502357274,4285.608131898667,D1,N8,t,appliedMASKiso_1mgml_roi1_8bit.ome
appliedMASKiso_shg_1mgml_roi1_8bit.ome,18,106.6038824,57.87529412,0.922848824,3.568488235,128.05,44.297,0.92333,3.6154,17.0,58.63699288,32.87592832,0.022617489,0.83956417,18.0,1869,68.13,1562,34,45.9412,5,1.0801,0.0149,0.011,0.205,131072,0.6136117577552795,255.29220581054688,0.43271633982658386,6.667227745056152,7.402641773223877,265.1202392578125,0.7711647748947144,0.6558433175086975,219.7686767578125,0.4590452015399933,5.670693397521973,5.213421821594238,203.78851318359375,0.8148707151412964,0.24914798140525818,169.4996795654297,0.1565389335155487,4.486039638519287,6.355038642883301,206.72506713867188,0.16777180135250092,1mgml,shg,roi1,2493.8003224658164,46344.12939453125,30341.7352142334,471.0464554492242,65370.4977722168,63039.02619934082,3059.477124951038,1753.3100274187232,1876.631212954476,62717.01307678223,5181.87909625814,5185.348095567142,4862.317576480935,4922.13332076973,57812.06404876709,2614.1051307847083,4984.172194652093,4220.780807002115,62932.855224609375,2134.968580522227,1184.2391568123394,739.0,51241.0,30146.0,9.0,65535.0,65424.0,1059.0,555.0,166.0,65153.0,1772.0,1770.0,1613.0,1642.0,57813.0,138.0,1767.0,1338.0,65384.0,1237.0,29.0,4559.250565601075,3238.3835162340583,17478.658924109437,2704.357806036221,1434.7846089516622,1101.7125620352313,6310.621781629978,5230.07582737744,5059.427667856847,6430.161262528213,8583.331692426045,8582.976044298473,8204.951396661118,8276.832894461753,95.66960969709145,5829.167348116532,7871.229837939004,7339.98312291849,6449.013457108553,2410.25146215895,4055.4270474069695,D1,N8,t,appliedMASKiso_1mgml_roi1_8bit.ome
appliedMASKiso_shg_1mgml_roi1_8bit.ome,19,114.360075,64.37241667,0.917750833,3.755116667,145.17,60.6675,0.930565,3.87705,12.0,59.61272644,27.4193863,0.047282624,0.841221456,19.0,1975,64.3661,1643,42,39.119,3,1.0936,0.0217,0.0115,0.2105,131072,0.6142061948776245,264.04119873046875,0.4309532642364502,6.787955284118652,7.731332778930664,289.98095703125,0.7700768113136292,0.6319466829299927,246.43927001953125,0.45397964119911194,6.288387298583984,5.50150728225708,210.3008575439453,0.799200177192688,0.2563817799091339,181.40098571777344,0.1820620447397232,4.696239948272705,6.859984874725342,238.96160888671875,0.1727907955646515,1mgml,shg,roi1,2442.3831759392324,46592.55697631836,30387.163284301758,484.27593350762095,65372.86728668213,63121.357429504395,3056.973724135293,1767.661397044762,1676.413818606926,62831.08126831055,4905.212769451858,4906.634951755286,4643.321412440977,4693.1509854239375,57812.010162353516,3034.4745308310994,4604.253582426606,4076.8040032847466,63033.16620635986,2082.4332067337305,1114.09136684635,674.0,51248.0,30146.0,13.0,65535.0,65411.0,978.0,514.0,133.0,65144.0,1616.0,1622.0,1472.0,1498.5,57812.0,138.0,1628.0,1219.0,65373.0,1132.0,23.0,4645.467119133663,3388.7263996261468,17273.851252739787,2789.468951201906,1414.873510766545,1075.6669500260407,6189.030421717281,5413.392223263339,4610.123682223095,6231.087491551099,8313.865085286807,8309.838919757325,8035.571022476035,8090.272783835968,93.95243315593753,6764.620275432985,7410.779385118917,7306.980838907724,6281.863716537058,2438.254673993098,3696.8471251964293,D1,N8,t,appliedMASKiso_1mgml_roi1_8bit.ome
appliedMASKiso_shg_1mgml_roi1_8bit.ome,20,105.8415188,47.677125,0.920631875,3.54315625,132.61,41.303,0.929865,3.53705,16.0,56.21193644,19.52261729,0.043637954,0.615535861,20.0,1512,84.6885,1190,33,36.0606,6,0.9998,0.0163,0.0112,0.1668,131072,0.6250015497207642,266.00726318359375,0.4422128200531006,6.6771721839904785,7.812958717346191,314.24639892578125,0.7768434882164001,0.6381211876869202,241.81698608398438,0.48991358280181885,6.022244930267334,5.777492523193359,238.33004760742188,0.8040139675140381,0.2575523555278778,192.1114044189453,0.20192061364650726,4.8083906173706055,7.119751453399658,270.0918884277344,0.17300115525722504,1mgml,shg,roi1,2376.176055978865,46354.81024169922,30412.897742444933,502.3423306772908,65376.67123413086,63244.2991104126,3030.5278329270436,1770.890590837124,1449.9268043536968,62986.10962677002,4643.091547068963,4642.369268745474,4432.520395360935,4473.3967787672,57812.10224914551,2839.671420083185,4252.533788263615,3926.243051092955,63172.91588592529,2062.3185123983803,975.3746436038776,642.0,51238.0,30146.0,11.0,65535.0,65408.0,896.0,472.0,118.0,65140.0,1529.0,1534.0,1396.0,1420.0,57812.0,138.0,1558.0,1159.0,65369.0,1084.0,22.0,4657.167232309102,3521.5127333855016,16912.423140051287,2899.6524897243944,1665.736889428141,1166.3293780228214,5929.6605904828675,5518.204129645715,4016.657176824634,5872.847079225035,7946.638471141588,7936.39260158945,7766.127681086282,7803.648822881016,77.38781512142279,6095.2224475618295,6848.519982425808,7175.562292857504,5971.875966896218,2474.939917899956,3447.077139732318,D1,N8,t,appliedMASKiso_1mgml_roi1_8bit.ome
appliedMASKiso_shg_1mgml_roi1_8bit.ome,21,112.6792,53.45109091,0.923221818,3.873536364,133.67,50.155,0.9452,3.8597,11.0,55.1421044,19.81616602,0.038055178,0.734617277,21.0,1427,89.8521,1070,34,31.4706,6,1.0187,0.0164,0.0123,0.197,131072,0.6207681894302368,280.6138916015625,0.4876537621021271,6.8822407722473145,8.47712516784668,368.23211669921875,0.7730286717414856,0.6569043397903442,248.59571838378906,0.5453363060951233,5.942938804626465,6.1173014640808105,271.6474304199219,0.8156698346138,0.261340856552124,197.4993438720703,0.2009945809841156,4.903108596801758,7.661001682281494,313.8359680175781,0.17759400606155396,1mgml,shg,roi1,2390.163371625678,45863.41307067871,30261.206832885742,593.2654077507149,65362.51615142822,63305.37591839537,3024.4885274649278,1783.1971324836989,1300.1504528157855,63077.844398498535,4524.739303411716,4522.1699752744735,4345.8300247255265,4381.172101873239,57811.69790649414,2478.7725947521867,4041.0543045818536,3893.545803274352,63253.32218415973,2128.653415276916,940.7365404430706,611.0,51210.0,30111.0,10.0,65535.0,65400.0,855.0,452.0,106.0,65132.0,1460.0,1458.0,1328.0,1350.0,57812.0,138.0,1512.0,1102.0,65361.0,1036.0,23.0,4772.258405614605,3638.037450461778,16436.516494540214,2715.051501812031,2227.3575921758134,1408.4920810827784,5799.152283026239,5602.177655242628,3710.2661966575492,5646.389437120408,7746.730934526919,7730.732810402243,7629.839103014873,7656.066984093336,91.04341717513051,5950.156279953245,6400.836623472689,7178.968101533426,5776.626764338949,2620.5529107616267,3672.34457228014,D1,N8,t,appliedMASKiso_1mgml_roi1_8bit.ome
appliedMASKiso_shg_1mgml_roi1_8bit.ome,22,113.1404308,57.63684615,0.918003846,3.576438462,133.96,43.077,0.93977,3.5027,13.0,51.28513395,34.75993339,0.056208877,0.869725977,22.0,1465,87.4696,1180,47,25.1064,4,1.0072,0.0042,0.0136,0.2416,131072,0.6109514832496643,308.984130859375,0.5184516310691833,7.321343421936035,9.14248275756836,418.41009521484375,0.7659143805503845,0.6604691743850708,264.9288330078125,0.595102071762085,6.163402557373047,6.623230934143066,352.1058654785156,0.8168584108352661,0.26349344849586487,221.13336181640625,0.1939893662929535,5.26696252822876,7.782909393310547,329.57952880859375,0.17946578562259674,1mgml,shg,roi1,2432.984972663687,45659.10355377197,30266.931411743164,540.5270513076463,65372.39262390137,63347.96410369873,3105.976873367586,1855.7013280033354,1184.8332700996793,63154.540519714355,4441.990908257908,4436.953024302338,4302.9461622260005,4331.413893159304,57812.21204376221,2084.2243270189433,3832.735433359465,3906.0586941692713,63313.88847351074,2194.271866505126,833.3405716863517,670.0,51218.5,30098.0,13.0,65535.0,65384.0,916.0,483.0,119.0,65120.0,1581.0,1587.0,1450.0,1476.0,57812.0,138.0,1605.0,1203.0,65345.0,1121.0,19.0,4777.740564221922,3772.2198763564666,16257.239430424328,2683.7054930926456,1906.4862895564786,1243.008096979424,5558.062032549095,5713.5181128756085,3263.39871431685,5333.361892809473,7412.456494803243,7391.157783049611,7385.625494079996,7395.835978598313,84.60954910692519,5340.9140518079885,5871.000303909325,7070.227876804032,5504.644327296878,2733.4419858606398,3122.0708101953664,D1,N8,t,appliedMASKiso_1mgml_roi1_8bit.ome
appliedMASKiso_shg_1mgml_roi1_8bit.ome,23,114.12241,61.0754,0.927663,3.61998,132.62,42.559,0.92495,3.6753,10.0,58.01483743,41.63978666,0.018488811,0.637701138,23.0,1207,106.594,983,28,35.1071,3,1.038,0.0143,0.0136,0.3019,131072,0.6457105875015259,299.2710876464844,0.5511466860771179,6.718218803405762,8.75032901763916,444.5238037109375,0.7932259440422058,0.6916753649711609,275.99420166015625,0.6193894743919373,5.874459743499756,6.64732027053833,387.22857666015625,0.8362566232681274,0.24412192404270172,206.3861083984375,0.1956752985715866,4.750433444976807,7.266200065612793,345.1614074707031,0.1577713042497635,1mgml,shg,roi1,2417.000657606313,44448.526206970215,30303.633758544922,393.6611212516297,65414.41381072998,63555.199378967285,3175.602014734626,1957.0140079186087,970.5295245988988,63408.40026855469,4168.160706457068,4157.877925304273,4096.5841736080665,4113.0762927705055,57813.150245666504,2551.8981595092023,3445.1216884824953,3792.5620133191373,63544.840408325195,2320.483361516461,612.1656359579216,660.0,51104.0,30146.0,13.0,65535.0,65413.0,957.0,514.0,112.0,65148.0,1523.0,1526.0,1410.0,1433.0,57813.0,138.0,1512.0,1180.0,65375.0,1111.0,17.0,4645.446072314051,3898.3113784332068,16036.31418003587,2581.5592916795067,1522.815021934118,986.2778831198244,4959.268694182557,5660.190556629054,2553.4359617025875,4647.434132021343,6764.234409298679,6737.045580253073,6835.788004084802,6828.021677012068,93.29078286537069,5769.257037317254,5079.975048568134,6690.5777132496905,4858.0963868964855,3096.06426912623,2458.8715571035573,D1,N8,t,appliedMASKiso_1mgml_roi1_8bit.ome
appliedMASKiso_shg_1mgml_roi1_8bit.ome,24,125.7546455,59.47872727,0.945283636,3.947463636,144.46,50.172,0.95715,3.7195,11.0,53.15416964,29.27535052,0.036875321,0.651077224,24.0,1435,89.3401,1151,24,47.9583,6,1.0623,0.0152,0.0144,0.298,131072,0.6403908729553223,303.1476745605469,0.5308408141136169,6.903441429138184,8.711336135864258,418.4485778808594,0.7873997092247009,0.6998502016067505,248.669921875,0.5896062850952148,5.516473293304443,5.756666660308838,277.1778259277344,0.8403398990631104,0.253459095954895,222.84202575683594,0.1820039451122284,5.148588180541992,7.7147393226623535,347.56280517578125,0.1685304492712021,1mgml,shg,roi1,2503.7678594181357,44587.5230178833,30272.32074737549,337.17036524489697,65424.89408111572,63553.04740142822,3310.422979733524,2027.041056205013,938.7102994199718,63420.59134674072,4253.772998513485,4243.181843278828,4199.03818220429,4212.896687194733,57812.752281188965,2987.766025641026,3459.5119133574008,3907.4601295391803,63549.644470214844,2456.379464854534,571.8442079553384,668.0,51052.0,30146.0,12.0,65535.0,65421.0,1039.0,544.0,110.0,65156.0,1520.0,1526.0,1408.0,1429.5,57813.0,138.0,1512.0,1185.0,65384.0,1136.0,20.0,4636.114917192664,3838.3240887911275,16543.974915174287,2554.5111945633075,1396.7893435691929,923.4933431063375,4837.047582713278,5651.908376345678,2329.5079326429022,4498.132821521947,6686.5374802566685,6659.402686837874,6785.413629674066,6773.231596881216,80.48177068777488,6556.700822030464,4954.328416408264,6660.4347986624625,4722.378779538469,3248.888335807533,2246.3987848821757,D1,N8,t,appliedMASKiso_1mgml_roi1_8bit.ome
appliedMASKiso_shg_1mgml_roi1_8bit.ome,25,111.7994111,54.95427778,0.933762222,3.803805556,125.895,53.941,0.94305,3.86175,18.0,53.00250667,19.20282335,0.034039711,0.951442055,25.0,1720,74.2052,1403,38,36.9211,6,1.0943,0.0163,0.0156,0.253,131072,0.6303707957267761,287.34326171875,0.527044415473938,6.83809757232666,8.635558128356934,372.3782043457031,0.7799535393714905,0.6891993284225464,240.4442901611328,0.5834704637527466,5.4961748123168945,5.958334922790527,280.7283935546875,0.8345715999603271,0.2571449279785156,210.2262420654297,0.16400368511676788,5.074357986450195,7.763520240783691,300.6400146484375,0.17453257739543915,1mgml,shg,roi1,2579.0397727877116,44810.471115112305,30289.699897766113,313.1694535818713,65423.638023376465,63453.78313446045,3437.664043178071,2079.6932836974443,1020.9564152552699,63317.82279968262,4443.7115914433725,4434.373251497197,4379.078279739174,4394.985001436033,57812.858963012695,2851.0283797729617,3599.593187886266,4058.0830026912317,63447.876945495605,2490.6799455371292,615.9309942806863,681.0,51060.5,30146.0,14.0,65535.0,65431.0,1120.0,585.0,112.0,65162.0,1538.0,1534.0,1435.0,1454.0,57813.0,138.0,1488.0,1213.0,65393.0,1159.0,29.0,4589.305913250704,3704.327266400268,16762.250675203766,2607.1363531120214,1353.6910677725311,919.8405282132283,4908.72055500475,5597.413269104188,2389.4171240498254,4583.937344144808,6828.677556372299,6805.000111863364,6899.250281728035,6892.472810099181,81.42653695409004,6144.626330687378,5082.051625424778,6710.92170368755,4799.814584808474,3159.589003386507,2321.8407702407494,D1,N8,t,appliedMASKiso_1mgml_roi1_8bit.ome
appliedMASKiso_shg_1mgml_roi1_8bit.ome,26,101.2683308,77.14407692,0.930235385,3.6183,118.12,67.606,0.93378,3.5575,13.0,55.72558063,36.1472518,0.029975478,0.67944426,26.0,1835,69.4294,1520,34,44.7059,8,1.1042,0.0105,0.0158,0.2969,131072,0.6324343085289001,289.9737243652344,0.5104953050613403,6.82607889175415,8.317221641540527,353.0169677734375,0.7815085649490356,0.6933944821357727,233.50706481933594,0.5658589005470276,5.401686191558838,5.9312052726745605,278.16864013671875,0.8368238806724548,0.2535061240196228,216.71461486816406,0.1625148057937622,5.097551345825195,7.517541408538818,282.4767150878906,0.1735181361436844,1mgml,shg,roi1,2574.1731111229433,44955.92369842529,30318.446487426758,259.3532457188371,65433.14582824707,63459.34927368164,3433.9404222267494,2075.3717021493326,1022.8937429988798,63328.142433166504,4433.328054949151,4423.7273201639955,4381.348959054363,4395.171950375379,57812.48776245117,2877.383742911153,3555.2790053777753,4060.408987806826,63453.951820373535,2490.6554283584474,613.0699977441913,636.0,50887.0,30146.0,11.0,65535.0,65447.0,1140.0,606.0,106.0,65176.0,1416.0,1412.0,1317.0,1335.0,57813.0,138.0,1372.0,1120.0,65409.0,1091.0,37.0,4466.434163700508,3644.9186314830554,17015.89152370142,2672.009258226617,1023.6124903179644,751.6033758691558,4791.507724859832,5453.294639244061,2379.342100183483,4475.202916170284,6740.926403523593,6715.756220845421,6796.983552885708,6792.402208818698,66.02405019571508,6559.9691887445815,5059.2901738235205,6585.319797439603,4693.150522705569,3125.759896937334,2065.4341683548614,D1,N8,t,appliedMASKiso_1mgml_roi1_8bit.ome
appliedMASKiso_shg_1mgml_roi1_8bit.ome,27,114.9171905,60.9707619,0.918769048,3.589509524,130.03,56.376,0.93304,3.6052,21.0,49.36248013,25.00233135,0.04617798,0.796902591,27.0,2193,57.7688,1792,40,44.8,11,1.1208,0.0127,0.0164,0.3209,131072,0.6323750019073486,277.18133544921875,0.5293104648590088,6.625352382659912,8.34505844116211,356.10205078125,0.7825508713722229,0.6831564903259277,223.2225341796875,0.5883724093437195,5.334088325500488,6.110255241394043,289.1427307128906,0.8318651914596558,0.24535350501537323,207.5993194580078,0.17036522924900055,4.8862762451171875,7.591060638427734,291.52801513671875,0.1698826253414154,1mgml,shg,roi1,2665.712556538104,45035.66347503662,30356.228271484375,286.44283610351357,65416.05828857422,63367.17766571045,3591.5601377209487,2170.8774718734403,1155.4930558981696,63233.72166442871,4578.045230482993,4567.886057676886,4534.891211599534,4547.428780701661,57812.351791381836,2321.7111368909514,3662.7428598924307,4204.0558484190715,63357.19026184082,2523.580896269287,754.8850792253521,706.0,50807.0,30146.0,12.0,65535.0,65448.0,1222.0,657.0,118.0,65178.0,1483.0,1482.0,1409.0,1425.0,57813.0,92.5,1372.0,1216.0,65410.0,1201.0,40.0,4549.176969579703,3691.701431006516,17234.860857907195,2674.702868224706,867.8918737171398,717.7573293615314,4983.832041934956,5535.136235312002,2938.9047736195203,4718.895405021663,6970.973992357174,6946.668999503409,7004.03375218579,7003.563469172705,97.5745084812016,5634.681403061392,5353.931173536251,6742.307772509573,4917.635369784115,3121.035844620769,2445.226966714428,D1,N8,t,appliedMASKiso_1mgml_roi1_8bit.ome
appliedMASKiso_shg_1mgml_roi1_8bit.ome,28,116.0018313,68.9181875,0.93773875,3.96379375,137.365,54.4935,0.94602,3.78255,16.0,51.62999303,41.17641071,0.030355117,0.78244208,28.0,2249,56.2806,1846,43,42.9302,7,1.1288,0.0059,0.0164,0.3639,131072,0.6334651708602905,271.1444091796875,0.5398180484771729,6.500758647918701,8.180435180664062,360.0194091796875,0.7864997982978821,0.6614831686019897,232.39083862304688,0.6044759750366211,5.62703275680542,6.1382036209106445,279.4080810546875,0.8190205097198486,0.2275737076997757,190.98367309570312,0.17071640491485596,4.4711833000183105,7.0235748291015625,286.5331115722656,0.15541405975818634,1mgml,shg,roi1,2748.355001809667,44759.13367462158,30349.45192718506,345.80846140412154,65400.95209503174,63350.66190338135,3666.8820785533226,2202.4994512242924,1202.6820396974465,63221.855880737305,4689.876152977176,4680.372747513079,4649.440966471808,4661.795946346118,57812.22856140137,2271.778260869565,3711.9975542077495,4321.152077826645,63346.63330078125,2568.9951961569254,828.1232941683734,820.0,50672.0,30146.0,14.0,65535.0,65444.0,1344.0,719.0,137.0,65176.0,1697.0,1700.0,1625.0,1639.0,57813.0,138.0,1535.0,1418.0,65407.0,1368.0,31.0,4681.330888366913,3718.082458616047,17519.716641421917,2576.2815685591977,1075.7019625442047,828.2758112336907,5168.610529469745,5679.096564996826,2972.0820633106905,4883.886462170181,7167.047198742575,7145.058157080546,7220.024392353599,7217.198332345654,90.16995293823794,5685.809388174902,5351.19879659229,6954.296248776842,5085.860028568051,3098.177528006016,2819.772855841417,D1,N8,t,appliedMASKiso_1mgml_roi1_8bit.ome
appliedMASKiso_shg_1mgml_roi1_8bit.ome,29,112.6004769,69.64423077,0.927135385,3.774046154,133.99,55.284,0.93017,3.8272,13.0,52.98902821,40.94630785,0.022285688,0.525583163,29.0,1797,70.9399,1472,39,37.7436,4,1.094,0.0082,0.0163,0.3475,131072,0.6523380875587463,262.4407043457031,0.55564945936203,6.164058208465576,7.745275020599365,356.446044921875,0.8021479249000549,0.6772807836532593,238.8372802734375,0.5942668318748474,5.589822769165039,5.815088272094727,288.5339050292969,0.8276882171630859,0.20626552402973175,165.84548950195312,0.15454509854316711,3.8607780933380127,6.106405735015869,263.7454528808594,0.13339607417583466,1mgml,shg,roi1,2720.9985804345883,44224.983627319336,30307.34122467041,417.7524651779792,65390.214012145996,63467.48183441162,3616.009854812785,2197.5403019683276,1123.2727742202023,63355.96430206299,4542.300377805598,4530.158488330501,4524.634445139945,4532.753375659483,57811.803230285645,2514.031876606684,3510.715237413932,4241.814014575695,63473.390281677246,2603.522455959939,849.3394131107821,823.0,50265.0,30146.0,11.0,65535.0,65451.0,1344.0,739.0,114.0,65185.0,1642.0,1639.0,1594.0,1602.0,57813.0,138.0,1442.0,1403.0,65414.0,1385.0,34.0,4688.656375201927,3759.118368971896,17460.825853328843,2483.6578188215453,1716.898161236047,1104.3118573352506,5085.434620508892,5714.249317717441,2960.0985767685997,4763.782650270958,7056.193025075178,7028.507261922815,7138.737765593314,7130.232321335064,105.40551663868679,5801.727053392698,5145.436516778318,6929.706062027659,4986.95949050283,3123.0687111351135,3183.328753877901,D1,N8,t,appliedMASKiso_1mgml_roi1_8bit.ome
appliedMASKiso_shg_1mgml_roi1_8bit.ome,30,110.7644,54.75794118,0.910629412,3.622382353,119.17,51.772,0.93296,3.3513,17.0,52.23529921,27.68573131,0.065143693,0.894740964,30.0,1867,68.2051,1535,37,41.4865,9,1.097,0.0081,0.0179,0.3306,131072,0.6188918948173523,270.7195129394531,0.5489897727966309,6.629980564117432,8.460824966430664,364.1631774902344,0.7798091173171997,0.6462527513504028,252.0960235595703,0.5926715135574341,6.074672698974609,6.8841633796691895,312.9337463378906,0.809513509273529,0.21255701780319214,158.61476135253906,0.17063145339488983,3.907576560974121,6.338766574859619,246.1897735595703,0.14086176455020905,1mgml,shg,roi1,2800.580603261654,44470.88708496094,30294.03485107422,706.0522027103577,65320.20252227783,63335.74742889404,3730.970097981809,2228.75546186777,1233.7554639959433,63223.56135559082,4687.825948910377,4677.9585909832695,4681.958890726823,4688.693972934268,57812.828437805176,2511.7890044576525,3554.0178735970335,4381.914084616495,63341.72580718994,2594.1578649377757,1151.0617238143047,844.0,50739.0,30146.0,14.0,65535.0,65439.0,1364.0,739.0,119.0,65178.0,1694.0,1691.0,1639.0,1650.0,57813.0,135.0,1488.0,1447.0,65404.0,1415.0,30.0,4934.350879753848,3804.4810441291884,17422.199462595057,2548.0640796867856,3092.3740514117403,1781.511415591234,5613.084335862266,6003.806357137774,3344.8248426250357,5299.114671192828,7519.259335571148,7497.5914261697135,7623.832345781626,7613.657212550856,83.02297780037482,5905.931046210523,5301.677120300973,7368.491316742723,5516.498823089035,3055.4136890529503,4492.22785938253,D1,N8,t,appliedMASKiso_1mgml_roi1_8bit.ome
appliedMASKiso_shg_1mgml_roi1_8bit.ome,31,88.63645538,56.94530769,0.902032308,3.6942,101.77,48.96,0.91343,4.161,13.0,58.86612777,26.10885881,0.047946995,1.032663325,31.0,1544,82.8918,1313,39,33.6667,9,1.0436,0.0067,0.0166,0.2086,131072,0.6667262315750122,256.8864440917969,0.5574091076850891,5.944045066833496,7.735519886016846,377.4776306152344,0.8122408986091614,0.6788043975830078,240.57034301757812,0.5922210216522217,5.6050591468811035,6.19208288192749,294.1783752441406,0.8284085988998413,0.19866779446601868,159.9449920654297,0.1736525595188141,3.7018065452575684,6.153775691986084,305.779052734375,0.12492762506008148,1mgml,shg,roi1,2665.0670978627672,43639.10089188303,30305.89942932129,923.1310481867858,65308.93613433838,63585.69680023193,3576.226923026514,2180.894284328759,989.3488053646613,63494.269439697266,4259.362620922385,4245.6456242969625,4299.952812148482,4298.047052868392,57813.04089355469,2436.4025188916876,3121.2284026996626,4090.7308548931383,63603.45613861084,2562.9172328458944,1054.3986240671643,757.0,50100.0,30146.0,11.0,65535.0,65454.0,1242.0,678.0,94.0,65185.0,1494.0,1491.0,1457.0,1464.5,57813.0,138.0,1302.0,1291.0,65420.0,1291.0,21.0,5046.949084007732,4071.204566968659,17041.785196719273,2446.050487649586,3875.38117874757,2061.4982997978514,5366.668371469282,6246.007103022408,2930.61969757054,4964.809519422825,7152.239773409889,7119.932364260963,7374.355509095182,7343.020993939574,73.44190825836615,5803.914340445413,4732.385333280311,7314.96566252092,5228.676801991538,3125.2244107734136,4557.808759347466,D1,N8,t,appliedMASKiso_1mgml_roi1_8bit.ome
appliedMASKiso_shg_1mgml_roi1_8bit.ome,32,112.5182,58.2094,0.909929,4.09487,115.2,51.6255,0.922155,4.09265,10.0,49.77045083,24.25147288,0.03781134,0.623211285,32.0,1355,94.7328,1167,39,29.9231,1,1.0049,0.0016,0.0161,0.2338,131072,0.6935311555862427,257.8518981933594,0.5517694354057312,5.651766777038574,7.357046604156494,388.7283630371094,0.8279587030410767,0.7358188033103943,221.96226501464844,0.5957167148590088,4.816302299499512,5.0776686668396,254.6893768310547,0.8611284494400024,0.2035403698682785,180.78541564941406,0.16745546460151672,3.8922317028045654,6.476146221160889,377.55450439453125,0.1253139227628708,1mgml,shg,roi1,2575.769100582945,43430.60974884033,30303.813018798828,1204.6197242841993,65281.42802429199,63677.4337310791,3374.2478153822603,2095.1084846088097,909.7295113067233,63590.858390808105,4019.4150968441313,4005.102485536984,4061.2099709080453,4058.675243078216,57813.619132995605,2390.132326283988,2944.2670929062087,3898.465106246474,63700.040115356445,2501.013539373693,1022.2259495028968,683.0,50119.0,30146.0,10.0,65535.0,65454.0,1059.0,565.0,80.0,65185.0,1364.0,1360.0,1326.0,1335.0,57813.0,115.0,1186.0,1169.0,65418.0,1176.0,19.0,5219.720430999002,4398.986965300057,16602.815122546188,2413.8871758673727,5292.736346658684,2482.693901565967,5313.263388975264,6358.145766988912,2852.0063999779136,4870.524810352339,7017.791669056611,6978.993317198966,7265.726350177614,7229.028700268026,82.89889157769134,5647.53263088677,4636.848743093435,7336.3981983058375,5155.848468278464,3231.462838708761,4543.488914700335,D1,N8,t,appliedMASKiso_1mgml_roi1_8bit.ome
appliedMASKiso_shg_1mgml_roi1_8bit.ome,33,114.4180909,48.85136364,0.906690909,3.750081818,127.3,44.605,0.90141,3.7234,11.0,52.24633959,11.59794798,0.049680843,0.614077801,33.0,1339,95.8887,1170,34,34.4118,4,0.9751,0.0125,0.0159,0.2048,131072,0.6928756833076477,246.3197479248047,0.5174976587295532,5.582242488861084,7.068486213684082,347.6311340332031,0.8264036178588867,0.7466598749160767,206.10398864746094,0.5645866394042969,4.657031536102295,4.492298126220703,216.01394653320312,0.86714768409729,0.21294744312763214,178.39830017089844,0.17772696912288666,3.9835164546966553,6.541524887084961,347.3721923828125,0.13234475255012512,1mgml,shg,roi1,2470.0193472923274,44568.28047180176,30365.669158935547,1197.1460861413468,65276.408458011305,63615.50298309326,3275.2845790911347,2017.9024459895704,951.3490837443187,63510.29657745361,3976.7090318977416,3964.8003624982875,3986.3434355142945,3989.24696249618,57812.6388092041,3043.235985050721,2992.255951189184,3785.0766515274454,63626.92450714111,2384.89108190986,1081.3116877120895,650.0,50933.0,30146.0,10.0,65535.0,65440.0,1039.0,555.0,78.0,65176.0,1355.0,1351.0,1300.0,1312.0,57813.0,111.0,1209.0,1125.0,65405.0,1119.0,19.0,5078.386274924747,4346.348419425888,16465.039335464237,2635.2637559939144,5138.367551709901,2456.949826632765,5433.707955095879,6269.733649785541,3039.99942399574,5044.305048672028,7058.256897526196,7022.226526841662,7251.690121036453,7223.993599542094,82.60165525654475,7020.849903515671,4802.327117659715,7233.65945364399,5310.818367275808,3118.0427381924496,4688.07136693993,D1,N8,t,appliedMASKiso_1mgml_roi1_8bit.ome
appliedMASKiso_shg_1mgml_roi1_8bit.ome,34,91.501,49.3136875,0.940116875,3.66435625,98.438,45.571,0.93954,3.5696,16.0,57.66554112,15.97390365,0.015373478,0.652426584,34.0,1279,100.4808,1118,35,31.9429,5,1.0184,0.0115,0.0152,0.1251,131072,0.7135819792747498,222.40650939941406,0.498460978269577,5.111440658569336,6.430456161499023,297.4056396484375,0.8384178280830383,0.7736392617225647,177.98648071289062,0.558678388595581,4.04890775680542,4.004096508026123,197.99386596679688,0.8822352290153503,0.21737591922283173,168.57876586914062,0.1862299144268036,3.903019428253174,6.197010517120361,283.7789306640625,0.13365663588047028,1mgml,shg,roi1,2318.232262518783,45130.51532745361,30376.94825744629,1043.100613432601,65302.26934814453,63629.328216552734,3121.8565926900906,1883.116266315674,945.5627488051481,63508.18480682373,3821.1016732323437,3812.1664297607927,3815.366354627787,3820.886082118345,57812.14803314209,2806.512219959267,2893.2939020428057,3592.8939609308372,63633.507904052734,2263.898194777241,1099.4957500574317,598.0,51089.0,30146.0,9.0,65535.0,65422.0,957.0,503.0,75.0,65162.0,1254.0,1255.0,1200.5,1210.0,57812.0,121.0,1140.0,1037.0,65387.0,1031.0,18.0,4816.191680325473,3911.0480840002797,16037.187680847695,2694.4915222542595,4485.0802791200595,2240.045725367557,5452.485739869977,5940.5987056261265,3233.6610962308982,5130.320294483874,6988.375073732056,6963.503938824016,7129.959106768443,7112.186843909175,78.30132673525304,6237.182201606918,4806.725987139589,7005.97649137351,5355.832776503783,3021.7519088451018,5022.109081154254,D1,N8,t,appliedMASKiso_1mgml_roi1_8bit.ome
appliedMASKiso_shg_1mgml_roi1_8bit.ome,35,86.35645294,49.37752941,0.936681765,3.629552941,90.0,43.144,0.94525,3.2317,17.0,61.51786975,17.42709554,0.020252034,0.790860122,35.0,1410,90.9596,1182,41,28.8293,2,1.0308,0.0062,0.0152,0.1611,131072,0.714462399482727,216.1127166748047,0.469407856464386,5.115240573883057,6.069832801818848,266.99578857421875,0.8385368585586548,0.7693177461624146,172.8162841796875,0.5097598433494568,4.077792644500732,3.81233286857605,183.1078643798828,0.8798672556877136,0.2167537659406662,164.1030731201172,0.18317128717899323,3.9133429527282715,5.973026752471924,245.21795654296875,0.1344398707151413,1mgml,shg,roi1,1977.4671735447123,49261.538482666016,30701.58984375,869.1047516198704,65325.47945404053,63555.26887512207,2981.780019044965,1769.4659280936455,922.6312638774,63415.01998901367,3385.6204204306478,3380.105082119352,3348.7465325965723,3359.075248401461,57808.40270996094,2699.6630639097743,2666.387812790015,3112.264901959115,63548.163818359375,1940.3408144673099,1027.4957757379022,393.0,51275.0,30117.0,8.0,65535.0,65391.0,876.0,462.0,76.0,65132.0,901.0,898.0,834.0,847.0,57810.0,113.0,907.0,700.0,65355.0,692.0,18.0,4354.078603315049,3563.101833258335,13657.338011175445,3225.2186067971033,3645.14974824274,1933.7328558285392,5448.16553494002,5621.461665931909,3102.8797388342973,5176.214370228052,6582.891767304006,6565.559235715768,6673.185826992741,6664.530056048859,113.06964123721089,6368.1213430316775,4629.056418544959,6468.38800645686,5378.802627111332,2819.5943084515984,4790.744490483993,D1,N8,t,appliedMASKiso_1mgml_roi1_8bit.ome
appliedMASKiso_shg_1mgml_roi1_8bit.ome,36,86.8254,59.67192857,0.913971429,3.937328571,98.7865,52.572,0.938205,3.97345,14.0,58.47820888,23.47476004,0.052555793,0.851018602,36.0,1501,85.3238,1296,37,35.027,2,1.0279,0.0154,0.0147,0.1369,131072,0.7221221923828125,202.98208618164062,0.4634132981300354,4.915199279785156,5.819740295410156,261.5705261230469,0.843425989151001,0.7916720509529114,159.97744750976562,0.48747095465660095,3.7345809936523438,3.390958309173584,161.09461975097656,0.8919589519500732,0.2086411416530609,149.41029357910156,0.1977909803390503,3.673211097717285,5.988742351531982,252.377685546875,0.12985171377658844,1mgml,shg,roi1,1876.0656947128052,55008.40670776367,30669.847785949707,771.3364335199773,65333.12130737305,63407.31181335449,2700.6598423233927,1617.7299138907067,745.9276827872948,63242.14685821533,3399.2742651158173,3394.517485241219,3295.554998892614,3316.7917427198927,57802.39912414551,2636.82716568545,2889.144616959042,3003.541496421998,63385.98554229736,1857.4287034420609,905.7808335750894,351.0,51288.0,29934.0,8.0,65535.0,65302.0,672.0,349.0,36.0,65027.0,938.0,942.0,821.0,841.0,57808.0,104.5,1047.0,659.0,65258.0,617.0,18.0,4101.772941762111,3471.4214847902463,9202.474364998547,4953.402558731255,3594.58201391136,1896.051463115215,5375.223628335163,5386.989207999617,2727.4006536583775,5126.900829868804,6278.077001597105,6258.8835157104395,6345.335604912408,6339.290131431947,152.10024896332848,6240.513924647516,4610.414785878444,6115.347685094992,5324.883924627604,2745.6651217634867,4630.095548680622,D1,N8,t,appliedMASKiso_1mgml_roi1_8bit.ome
appliedMASKiso_shg_1mgml_roi1_8bit.ome,37,77.84586875,46.6088125,0.941565,3.9626625,68.469,37.7705,0.946415,3.8311,16.0,63.04781606,15.91052637,0.028117987,1.114444734,37.0,1496,85.6156,1275,41,31.0976,0,1.041,0.012,0.0145,0.1782,131072,0.7597271203994751,186.8460693359375,0.49267253279685974,4.322453022003174,5.337867736816406,279.7057189941406,0.8676179051399231,0.826240599155426,135.58961486816406,0.5017030239105225,3.134521961212158,2.704711675643921,129.3121795654297,0.9105384945869446,0.18284019827842712,146.12457275390625,0.20817221701145172,3.3321006298065186,5.699235439300537,301.2301025390625,0.11065581440925598,1mgml,shg,roi1,1893.1821740324747,55153.04786682129,29326.928504943848,576.3923493081821,65375.83285522461,63403.24166870117,2515.0977237738034,1510.4804252812994,682.1311549546235,63216.21327209473,3556.1673940910755,3553.0652240263703,3379.977849163716,3413.350636369186,57803.87356567383,2456.6106759501017,3184.1945046392384,3049.4258713832255,63377.63784790039,1917.8890626907582,643.309425636574,438.0,51288.0,29535.0,9.0,65535.0,65189.0,652.0,329.0,49.0,64893.0,1234.0,1233.0,1054.0,1085.0,57809.0,138.0,1442.0,830.0,65134.0,754.0,15.0,3964.485546332471,3278.750086442664,8743.00186040435,3615.3947636679236,2707.1325737667407,1483.974662061117,4948.445629548431,4962.194554807958,2297.2281722562593,4687.35127783944,5902.226176756717,5884.829747248905,5921.881567002585,5922.934293395378,115.4263249275701,5854.696562318366,4383.237917850151,5773.82209429434,4860.652335535661,2694.879730808328,3372.804879305227,D1,N8,t,appliedMASKiso_1mgml_roi1_8bit.ome
appliedMASKiso_shg_1mgml_roi1_8bit.ome,38,87.6993,56.48066667,0.913182667,3.6364,106.09,57.634,0.9223,3.4905,15.0,62.83806434,14.94794929,0.039026985,0.817069498,38.0,1649,77.4863,1373,39,35.2051,4,1.0579,0.0107,0.0151,0.1794,131072,0.7402400970458984,215.07752990722656,0.5155612230300903,4.807851791381836,6.076784133911133,383.448486328125,0.8568235635757446,0.7748115658760071,164.16079711914062,0.5039976835250854,3.9502363204956055,3.497340679168701,157.2864990234375,0.8834710121154785,0.18218907713890076,174.6802520751953,0.2096087783575058,3.593790054321289,6.319900989532471,488.8738098144531,0.109974205493927,1mgml,shg,roi1,1887.4790162833642,55220.2727355957,29181.06728363037,525.3973497215287,65387.334045410156,63450.33282470703,2534.63430420712,1545.6650956734848,652.0044694193588,63261.59689331055,3499.7279518366477,3495.2476612694004,3328.5075388771043,3360.8104521800174,57803.82026672363,2331.9098507462686,3154.156599569643,3011.3009980618676,63420.750061035156,1926.865605017779,569.2946368839664,401.0,51288.0,29478.0,9.0,65535.0,65222.0,591.0,308.0,44.0,64922.0,1147.0,1151.0,975.0,1005.0,57808.0,138.0,1372.0,767.0,65166.0,694.0,16.0,4097.810506375085,3647.4150679648787,8823.689774171664,3635.345434846764,2415.339619754576,1334.0104005060887,4697.939780274293,5142.110020101113,2069.2494818793307,4408.396478309895,5696.341811015634,5672.454586607061,5742.909772963521,5737.45666932544,116.19481085070032,5474.5193002844135,4354.062264929729,5689.82532112879,4606.250099912148,3000.9171819965895,2805.475263814449,D1,N8,t,appliedMASKiso_1mgml_roi1_8bit.ome
appliedMASKiso_shg_1mgml_roi1_8bit.ome,39,67.02535455,52.82472727,0.928939091,3.994372727,24.305,44.643,0.93307,3.9514,11.0,61.1088018,18.73232361,0.030544949,1.154040893,39.0,1538,83.223,1226,33,37.1515,7,1.0437,0.018,0.0123,0.2238,131072,0.7589219808578491,213.02767944335938,0.5379454493522644,4.451080322265625,5.835788249969482,427.2720031738281,0.8696773648262024,0.7642385959625244,147.8607177734375,0.5599985718727112,3.886394500732422,3.8946304321289062,176.09368896484375,0.8770925998687744,0.16254739463329315,197.26611328125,0.22156189382076263,3.4567313194274902,5.856502532958984,597.1555786132812,0.09358775615692139,1mgml,shg,roi1,1716.7898957681566,54739.550117492676,29192.468780517578,247.5139174081679,65459.34999084473,63707.11227416992,2274.635884443204,1438.227162932506,574.1154521543758,63500.1764831543,3181.1933325194195,3176.7928563798127,3000.9947273642924,3034.2889190715277,57804.725914001465,2242.4299548095546,2948.8838494055885,2712.3108794847926,63673.0399017334,1854.5816152120499,356.5377848458008,346.0,51288.0,29455.0,10.0,65535.0,65265.0,509.0,267.0,36.0,64964.0,1025.0,1024.0,852.0,886.0,57809.0,138.0,1233.0,664.0,65210.0,602.0,13.0,3916.6146083048793,3751.155071215384,8817.814008617435,3732.6321138993976,816.433011162555,565.1542133931911,4054.004949238069,4732.468873115519,1821.2038223246948,3851.328423853818,5167.372932411663,5147.284643322239,5141.161163010142,5146.219864008964,105.62717761298939,5326.687624605856,4257.705538667008,5139.270409136701,3992.0452801188185,3350.458034352489,1360.9119344847181,D1,N8,t,appliedMASKiso_1mgml_roi1_8bit.ome
appliedMASKiso_shg_1mgml_roi1_8bit.ome,40,84.80389,57.76,0.939226,4.03113,82.7805,53.4565,0.94376,3.9522,10.0,69.04493075,25.60745216,0.029502818,0.819125551,40.0,1469,87.226,1210,40,30.25,3,1.0019,0.0138,0.012,0.2068,131072,0.7612550258636475,194.66412353515625,0.5224709510803223,4.279778003692627,5.352509021759033,348.159423828125,0.8714535236358643,0.7555979490280151,160.0581512451172,0.5676555633544922,4.047926902770996,3.930509090423584,179.51412963867188,0.8728134036064148,0.15367506444454193,163.3509063720703,0.22223235666751862,3.0667598247528076,4.932077407836914,456.0726623535156,0.08708091080188751,1mgml,shg,roi1,1618.9851666463192,54898.38599395752,29190.884735107422,158.0772292520644,65481.96765899658,63817.03242492676,2184.4210951928226,1359.6554218710728,516.6286229244162,63602.17597198486,3046.3275012208524,3042.810378769381,2869.431632279331,2902.1046728116225,57804.67162322998,2099.5872619419292,2860.408352154804,2580.1355222195093,63778.49027252197,1787.9300604321816,280.5931309193381,320.0,51288.0,29463.0,10.0,65535.0,65286.0,468.0,246.0,33.0,64983.0,956.0,959.0,797.0,831.0,57808.0,138.0,1163.0,622.0,65231.0,560.0,12.0,3624.330612109561,3412.684447519936,8939.79690877424,3803.927844682493,532.791264076261,382.7181751209238,3736.026550390785,4434.195830054661,1528.7378780443205,3546.7736982584706,4901.383041256389,4883.5751518800835,4872.559989134004,4878.411286868484,103.56805060036284,5021.120040419872,4101.669687543639,4836.7150818009095,3685.3914315200914,3164.9286548994296,804.5648178575426,D1,N8,t,appliedMASKiso_1mgml_roi1_8bit.ome
appliedMASKiso_shg_1mgml_roi1_8bit.ome,41,100.1675667,56.28593333,0.922823333,3.479826667,117.98,39.128,0.93829,3.5549,15.0,59.82541411,27.54141032,0.041650224,0.892923859,41.0,2050,61.938,1662,38,43.7368,5,1.1109,0.01,0.0122,0.1637,131072,0.7348020672798157,187.02694702148438,0.4896267056465149,4.506340980529785,5.1475605964660645,262.010009765625,0.8564979434013367,0.7368718385696411,163.85986328125,0.5006581544876099,4.184694290161133,4.054872989654541,171.239501953125,0.8624053001403809,0.1525370329618454,127.3740463256836,0.20206059515476227,2.780158519744873,4.155065536499023,275.1377868652344,0.08775070309638977,1mgml,shg,roi1,1589.3757420378763,56089.770851135254,29166.876914978027,128.7113332203964,65486.49348449707,63738.42562866211,2089.2116860121973,1260.0251710494676,590.2466328158557,63482.58451843262,3198.419295273848,3198.0226388316623,2975.2071601886187,3015.981367028339,57804.045166015625,2202.7708654142284,3107.232660348853,2618.0887469669915,63678.080711364746,1734.3261533061698,326.3556234901768,322.0,51288.0,29404.0,9.0,65535.0,65290.0,468.0,246.0,32.0,64988.0,973.0,976.0,809.0,833.0,57805.0,138.0,1186.0,622.0,65234.0,563.0,15.0,3292.704057268363,2987.697476167227,9244.640798054315,3877.8073423210258,417.5854893067049,328.30187441761956,3824.1001004969953,4092.4144885614105,1741.6473155931837,3743.720833400112,5091.824827875941,5082.061854856851,4959.266251147629,4983.411340057975,98.96652428732382,5149.815603323724,4540.539315936901,4723.666561067697,3832.505799666399,2730.0052744032,949.2322463322841,D1,N8,t,appliedMASKiso_1mgml_roi1_8bit.ome
appliedMASKiso_shg_1mgml_roi1_8bit.ome,42,92.24645556,65.08633333,0.927227778,3.443188889,93.5375,53.6315,0.935055,3.1928,18.0,56.94212204,27.09959079,0.041033714,0.794050168,42.0,2399,52.6365,1981,46,43.0652,8,1.1393,0.0133,0.0122,0.1459,131072,0.7275707125663757,177.0161590576172,0.47749194502830505,4.485722541809082,4.84125280380249,218.25296020507812,0.8528070449829102,0.7309876680374146,161.8221435546875,0.4923751950263977,4.247818946838379,4.097705841064453,167.03660583496094,0.8589915633201599,0.14457476139068604,106.8613052368164,0.1877875030040741,2.530029058456421,3.490227222442627,186.2581329345703,0.08324181288480759,1mgml,shg,roi1,1549.909857392472,56839.723403930664,29152.0792388916,95.32997440818939,65494.37186431885,63724.32531738281,2046.6739324677617,1195.441386385448,605.0668778329128,63443.276443481445,3243.1075393525052,3244.5581455680267,3002.3742055104954,3046.2802554574655,57802.98425292969,2272.35013032146,3205.5684462722897,2606.2623398621995,63647.77964782715,1696.088196918945,309.35285790884717,317.0,51288.0,29413.0,9.0,65535.0,65297.0,489.0,246.0,31.0,64992.5,956.0,959.0,797.0,826.0,57804.0,138.0,1186.0,615.0,65241.0,557.0,19.0,3026.4438152448297,2585.0198438087527,9271.27158593645,3929.6709050297136,333.0741174439204,269.2477159884775,3702.171113376119,3812.023118623786,1652.5356507292593,3660.95749459509,5007.327705781126,5001.746380566009,4850.442606386001,4879.235072839347,118.32865098270663,5365.076875930935,4569.670614219924,4519.037447917645,3738.159308961923,2486.962431039519,782.8117761677105,D1,N8,t,appliedMASKiso_1mgml_roi1_8bit.ome
appliedMASKiso_shg_1mgml_roi1_8bit.ome,43,79.494725,60.22725,0.935916429,3.611860714,77.2685,47.167,0.940475,3.5623,28.0,57.01222216,33.31686576,0.022248496,0.725865206,43.0,2574,48.9219,2149,50,42.98,7,1.1568,0.0113,0.0116,0.1661,131072,0.588737428188324,257.7826843261719,0.3427340090274811,7.026336669921875,6.279682159423828,223.88442993164062,0.7659879326820374,0.5894172191619873,245.21572875976562,0.38071316480636597,6.763646125793457,5.866917610168457,211.0032958984375,0.7733875513076782,0.15493856370449066,103.79141998291016,0.18585768342018127,2.7526776790618896,3.543062925338745,126.46802520751953,0.09970713406801224,1mgml,shg,roi1,1669.2877906976744,62423.526512145996,29335.71753692627,93.71656753046878,65483.81587219238,63369.092430114746,1858.086247253028,1056.304553585118,916.9952426842887,62992.71216583252,3826.783456937069,3832.4902871879385,3459.8463880241716,3525.539629493988,57799.096519470215,2239.9559845559847,4025.7194500396754,2912.6419764389916,63239.16896820068,1719.2337483977294,463.89905792513287,414.0,65520.0,29508.0,10.0,65535.0,65235.0,448.0,236.0,42.0,64928.0,1251.0,1255.0,1042.0,1077.0,57801.0,138.0,1512.0,804.0,65175.0,726.0,35.0,2895.3728370268054,2144.4633431030775,6531.352914015568,4726.037257548807,308.227485606069,290.7696158205008,4113.274426605816,3316.4720073910944,2353.735439316689,4259.712445834772,5525.836670126188,5528.543167519866,5188.068909434056,5248.6998177523565,121.16213511123051,5217.705978405119,5442.670917022037,4609.45874232662,4252.14273721583,2169.0497928511127,1209.116932730873,D1,N8,t,appliedMASKiso_1mgml_roi1_8bit.ome
appliedMASKiso_shg_1mgml_roi1_8bit.ome,44,83.96144815,61.72925926,0.923687037,3.65107037,69.341,52.56,0.92742,3.7224,27.0,62.83920815,30.02853847,0.024810262,0.844550483,44.0,2350,53.7757,1957,44,44.4773,4,1.1316,0.0136,0.0089,0.1695,131072,0.29253000020980835,473.4393005371094,0.15633989870548248,13.483468055725098,10.668588638305664,285.61053466796875,0.5412566661834717,0.28889670968055725,475.1655578613281,0.1507420390844345,13.550161361694336,10.16269588470459,280.554931640625,0.5458895564079285,0.1051749736070633,75.79100799560547,0.11515692621469498,2.2058463096618652,3.282592296600342,68.34488677978516,0.0935155376791954,1mgml,shg,roi1,2241.2722930908203,63747.72890472412,28914.93276977539,91.30329646199874,65458.40190124512,61978.19677734375,1373.9739511677635,771.9224253675678,2186.0201721191406,61243.64055633545,6032.018737792969,6047.31485748291,5167.464256286621,5317.985641479492,57798.89678955078,2298.4388314059647,7161.823448181152,4134.528205871582,61644.103286743164,2120.710494995117,423.81713841767186,1095.0,65529.0,29262.0,11.0,65535.0,64038.0,367.0,185.0,492.0,63513.0,3414.0,3426.0,2802.0,2909.0,57802.0,138.0,4349.0,2142.0,63848.0,1556.0,10.0,2749.4795111684966,1690.914810739927,4744.901383212814,3726.9098100218503,295.56185551400756,348.44289623946224,4606.386489288401,2559.2516192068674,4024.0588409098295,5050.054175837928,5936.53885537996,5945.214651477689,5346.775370940735,5449.692639427911,115.91500791846553,5369.998332953526,6485.006723576276,4557.456485311398,4908.215281794306,1718.471203863131,1399.7465685893394,D1,N8,t,appliedMASKiso_1mgml_roi1_8bit.ome
appliedMASKiso_shg_1mgml_roi1_8bit.ome,45,94.89683636,47.437,0.893741515,2.983445455,104.74,43.424,0.90463,2.9607,33.0,54.79061929,15.71726653,0.048818047,0.572837577,45.0,1438,89.1495,1186,18,65.8889,0,1.0496,0.0094,0.0069,0.161,131072,0.150199756026268,592.3178100585938,0.07067225873470306,17.194578170776367,14.114119529724121,315.07073974609375,0.3913422226905823,0.13986752927303314,609.31884765625,0.05057615041732788,17.621685028076172,13.86111831665039,315.09051513671875,0.38559871912002563,0.07472040504217148,70.33074951171875,0.07136043161153793,2.0466039180755615,2.49269437789917,30.769411087036133,0.08169573545455933,1mgml,shg,roi1,2958.9820556640625,63671.79885101318,28948.37375640869,27.845453003223263,65457.11595916748,60002.92272186279,1161.692880296817,653.525014645577,4131.654594421387,58803.65101623535,8677.679122924805,8702.996551513672,7218.383659362793,7470.118003845215,57799.056159973145,2149.4252585396425,10842.294212341309,5624.358543395996,59407.77823638916,2325.799072265625,575.1273404239085,2135.0,65530.0,29251.0,2.0,65523.0,61476.0,529.0,277.0,2558.0,60425.0,6776.0,6800.0,5520.0,5737.0,57802.0,138.0,8767.0,4198.0,60983.0,1870.0,161.0,2296.572040748967,1380.5450598223467,4845.702945265032,3783.782519743406,132.55384055980446,255.89261694445565,3956.4737948667416,1946.8713809336605,4165.091658831751,4413.203338071055,5062.537556348016,5069.6900625718,4473.2036136478555,4574.756213690747,123.70020371534979,5166.227153498299,5733.307740092382,3779.7262947284858,4251.913258485982,1451.1275659673483,1198.4670857824622,D1,N8,t,appliedMASKiso_1mgml_roi1_8bit.ome
appliedMASKiso_shg_1mgml_roi2_8bit.ome,1,83.11882308,50.28234615,0.917128462,3.598023077,84.455,45.2185,0.91796,3.64275,26.0,48.66557497,16.77315908,0.031425463,0.745437506,1.0,2890,43.354,2262,53,42.6792,14,1.1632,0.0196,0.0818,0.1706,131072,0.5977696776390076,992.6890258789062,0.3907921612262726,13.480249404907227,13.849023818969727,922.6286010742188,0.7597516775131226,0.6060051321983337,983.630126953125,0.43275365233421326,12.959956169128418,11.6785249710083,874.9801025390625,0.7819834351539612,0.2408239245414734,581.6038818359375,0.15093186497688293,8.163026809692383,10.115194320678711,598.1818237304688,0.16019554436206818,1mgml,shg,roi2,2350.907887149004,46166.861183166504,32798.65870666504,200.06975172351642,65462.19724273682,63981.65581512451,2759.943791411043,2028.6045521472392,744.5604338625822,63629.85991668701,3386.26427272324,3354.080590427184,3519.4115246417955,3516.9782859424213,4012.619255065918,2897.9408476944573,2522.5208823138005,3002.4541986425943,64009.69455718994,3418.231790356208,460.77061245496657,546.0,41292.0,32401.0,19.0,65535.0,65452.0,815.0,534.0,80.0,64771.0,913.0,905.0,924.0,929.0,4013.0,130.0,768.0,749.0,65373.0,1222.0,32.0,3919.0654606343414,3314.2692667193446,14726.060429118976,2979.93985885838,537.4395646318762,400.9402543428598,3616.2429524556155,4271.908953763587,1701.833035313455,3049.758321114446,5306.3830581342945,5254.250260186533,5552.715409945582,5541.24176840425,14.051104846035843,6544.999772008966,3887.486604964174,4833.790447974336,3410.0520885400083,4783.3950162952715,1262.4731669436333,D1,N8,t,appliedMASKiso_1mgml_roi2_8bit.ome
appliedMASKiso_shg_1mgml_roi2_8bit.ome,2,91.72033333,51.43116667,0.917379583,3.7773,95.7835,40.9395,0.91576,3.69875,24.0,49.63308327,25.37427135,0.028641312,0.693292906,2.0,2765,45.4043,2188,67,32.6567,21,1.1552,0.008,0.0775,0.2036,131072,0.5990433692932129,995.7109375,0.4066213369369507,13.390836715698242,14.167452812194824,974.2015991210938,0.7613705396652222,0.6061828136444092,1016.0072021484375,0.46037954092025757,13.225210189819336,12.169015884399414,944.6666259765625,0.7811609506607056,0.2363017052412033,572.034912109375,0.16392125189304352,7.896844863891602,10.200098037719727,639.0839233398438,0.1551215946674347,1mgml,shg,roi2,2571.277447800064,46390.65270996094,32824.58200836182,233.78302409304902,65452.50590515137,63905.69142150879,3072.9046327105198,2294.235743537241,778.3016091421288,63586.19464111328,3609.4242586923747,3570.9631516425275,3777.278281628364,3770.3468611504545,4012.5629348754883,3089.07903951976,2587.399141042628,3251.7333120116964,63945.48528289795,3680.6984625576824,519.6899464246666,551.0,41292.0,32401.0,24.0,65535.0,65452.0,853.0,572.0,68.0,64771.0,939.0,934.0,953.5,958.0,4013.0,158.0,768.0,763.0,65373.0,1234.5,37.0,4392.392272696294,3909.566290686105,14996.669419115684,2975.544004358817,641.9174028929394,464.34546099748525,3921.797349227034,4885.208538867899,1764.7265993798585,3260.2914864801824,5716.219431409973,5648.774162141176,6050.4308325320635,6026.154570921716,13.95266975101681,6679.415651573056,3992.745860047801,5342.079319171149,3690.199551910769,5185.328582375874,1322.4590871258572,D1,N8,t,appliedMASKiso_1mgml_roi2_8bit.ome
appliedMASKiso_shg_1mgml_roi2_8bit.ome,3,93.769194,52.56572,0.9078476,3.61688,98.973,40.171,0.91649,3.6145,25.0,58.41346828,37.65973442,0.054379021,0.736347474,3.0,2283,55.4126,1856,54,34.3704,7,1.1084,0.0166,0.0709,0.08445,131072,0.5929646492004395,1062.933349609375,0.4353730082511902,13.910662651062012,15.244098663330078,1083.9805908203125,0.7566059827804565,0.5811259746551514,1104.6263427734375,0.47858911752700806,14.005742073059082,14.514781951904297,1156.62646484375,0.7655789852142334,0.24265730381011963,644.9633178710938,0.1485459953546524,8.500129699707031,11.253968238830566,736.7971801757812,0.1598336398601532,1mgml,shg,roi2,2741.129593046227,46216.47964477539,32828.46614430347,339.67356366086034,65433.77862548828,63877.67849731445,3233.611485572152,2450.4958694727616,756.4990333168473,63592.47492980957,3714.3122109373185,3668.7159225602527,3915.1883817138078,3903.177469960722,4012.747756958008,3230.5165505226482,2559.0326539149837,3416.988054012597,63934.82329559326,3911.995711994794,550.971262890279,540.0,41292.0,32401.0,24.0,65535.0,65452.0,828.0,559.0,69.0,64771.0,897.0,889.0,918.0,920.0,4013.0,131.0,744.0,742.0,65373.0,1216.0,37.0,4825.822131235465,4286.044247751688,15036.552111493844,2945.752782015306,1286.6989666766226,716.5637750591989,4159.462705473995,5306.1432076633855,1725.4122304009104,3375.2532035797394,6006.334735699387,5922.652101897717,6419.046195754429,6383.163680516492,16.31064459890982,6845.721502322217,3916.6995613472036,5773.1352980658485,3867.716524455136,5488.427370692192,1554.2960625986561,D1,N8,t,appliedMASKiso_1mgml_roi2_8bit.ome
appliedMASKiso_shg_1mgml_roi2_8bit.ome,4,104.9164043,57.85921739,0.909455217,3.601247826,127.94,53.21,0.93095,3.4781,23.0,53.55142357,24.25187801,0.058462769,0.669966575,4.0,2011,63.178,1670,45,37.1111,14,1.0799,0.0121,0.0679,0.08803,131072,0.5730311274528503,1104.9652099609375,0.48867979645729065,14.416831016540527,17.53614044189453,1255.1883544921875,0.7412538528442383,0.5731186270713806,1081.5625,0.5336453914642334,14.067708015441895,14.985099792480469,1178.5755615234375,0.7610304355621338,0.24871046841144562,668.6316528320312,0.14703552424907684,8.758403778076172,13.353759765625,864.8742065429688,0.17017671465873718,1mgml,shg,roi2,2878.3465285485263,46439.98516082764,32778.81027984619,576.3929088615873,65385.04415893555,63760.8508605957,3386.3190417857627,2621.7154187856513,782.8928328927029,63515.22777557373,3763.6472942521777,3711.4298590791377,3999.9382167961526,3982.196336281797,4012.6313858032227,3180.071945508727,2491.0539692149014,3538.326752542069,63832.44342803955,4011.5098263433447,704.2852257955124,515.0,44067.0,32401.0,23.0,65535.0,65452.0,778.0,510.0,59.0,64771.0,868.0,863.0,883.0,887.0,4013.0,110.0,719.0,709.0,65373.0,1161.0,42.0,5273.13817237362,4790.1359295809925,14826.333438441905,2971.9131496970535,2570.955518107868,1204.4880847283225,4546.260734039568,5820.073372645715,1939.6549281237276,3668.008301284324,6307.182842851532,6204.498923831598,6807.544077990003,6758.037198546873,16.992428474647877,6962.053794247029,3968.342717249653,6217.806376620042,4220.552014713583,5698.551096369519,2210.4295543607836,D1,N8,t,appliedMASKiso_1mgml_roi2_8bit.ome
appliedMASKiso_shg_1mgml_roi2_8bit.ome,5,117.9335263,58.98084211,0.920834737,3.956526316,128.22,51.91,0.94409,3.7633,19.0,51.45177014,21.62823283,0.042623002,0.641282389,5.0,1903,66.877,1598,37,43.1892,9,1.072,0.0205,0.0559,0.1614,131072,0.5863546133041382,1142.6624755859375,0.531252384185791,14.357658386230469,18.666973114013672,1440.2015380859375,0.7493671774864197,0.6120653748512268,1046.3115234375,0.5739985704421997,13.074039459228516,13.742891311645508,1231.0723876953125,0.7848179340362549,0.25208142399787903,747.007568359375,0.15091878175735474,9.363971710205078,15.056544303894043,1054.046142578125,0.17322829365730286,1mgml,shg,roi2,2837.1169282029236,46686.56339263916,32719.349159240723,595.3135821847255,65384.81896209717,63831.14987182617,3324.5020125830706,2647.2725427009927,604.404810846867,63631.97272491455,3486.0754514187447,3425.193465176268,3758.573269561479,3732.686446689596,4012.5851440429688,3255.5640504270027,2189.7956685296645,3399.5338134135854,63925.60691070557,4037.9424548581255,567.9714246081287,502.0,48539.5,32401.0,18.0,65535.0,65452.0,753.0,497.0,47.0,64771.0,826.0,821.0,843.0,845.0,4013.0,134.0,669.0,686.0,65373.0,1130.0,26.0,5508.845386579552,5105.001815956746,14294.53104715213,2938.698813693488,2354.2573433681,1150.689992526922,4491.333529553012,6046.704643068839,1519.1607729258444,3450.4570227896706,6050.189492395974,5920.603147448295,6665.770228268907,6594.574799602368,17.00429565740513,7190.883162267362,3462.4681171498423,6281.792823129187,4088.836135067875,5979.663021319615,1806.992999848089,D1,N8,t,appliedMASKiso_1mgml_roi2_8bit.ome
appliedMASKiso_shg_1mgml_roi2_8bit.ome,6,113.4341867,57.14333333,0.931362667,4.0739,135.0,52.945,0.93326,4.04,15.0,55.62840774,17.07722523,0.020281643,0.592310774,6.0,1806,70.5764,1540,48,32.0833,5,1.077,0.0115,0.0584,0.1827,131072,0.572930634021759,1213.616943359375,0.5300112962722778,15.159342765808105,20.06240463256836,1532.429931640625,0.7365338802337646,0.5750619173049927,1129.4134521484375,0.5719810724258423,14.16284465789795,16.407617568969727,1470.411865234375,0.7622821927070618,0.26790401339530945,816.8023681640625,0.15976564586162567,10.168813705444336,16.7474422454834,1110.2989501953125,0.18861891329288483,1mgml,shg,roi2,2981.1447010236716,47715.930114746094,32674.67458343506,832.91893440275,65334.56312561035,63693.97995758057,3429.108062076307,2758.333901058883,601.9872078252032,63547.55125427246,3617.3250287228425,3552.8851189798474,3905.0435655657107,3877.3244490907023,4012.3610916137695,2871.014279714406,2249.8111744796247,3549.53017709832,63810.472984313965,4178.256952998044,624.4207326419047,615.0,51614.0,32401.0,20.0,65535.0,65452.0,828.0,547.0,51.0,64771.0,977.0,970.0,1012.0,1013.0,4013.0,102.0,768.0,832.0,65373.0,1375.0,19.0,5972.41721931036,5563.119505155465,14223.1742889624,2962.641610334767,3042.9839103732916,1542.6008430883683,4902.731537529453,6455.8312785107355,1556.0603835985794,3722.2993566929495,6332.866753779116,6189.229956662564,7013.184694539577,6932.555947633065,18.768148137574624,6663.1865104878025,3464.0948691665994,6707.34219684422,4434.7925582335565,6090.25086354978,2194.15163768338,D1,N8,t,appliedMASKiso_1mgml_roi2_8bit.ome
appliedMASKiso_shg_1mgml_roi2_8bit.ome,7,110.3035722,54.326,0.919285,3.81165,121.515,53.989,0.93925,3.6206,18.0,57.74132633,16.20964654,0.043877294,0.850473992,7.0,2210,57.309,1880,44,42.7273,11,1.1148,0.02,0.063,0.1626,131072,0.572101891040802,1204.19921875,0.49730128049850464,15.295557975769043,19.695741653442383,1522.51611328125,0.7352431416511536,0.5764545798301697,1153.375,0.534214973449707,14.633628845214844,15.355130195617676,1251.8250732421875,0.7624483108520508,0.2721363604068756,800.0654296875,0.1818430870771408,10.244765281677246,17.124103546142578,1221.27392578125,0.19134531915187836,1mgml,shg,roi2,3073.709492618831,49085.85305023193,32705.05613708496,1036.197290093292,65289.17613983154,63567.397552490234,3476.4195418279824,2762.865040319993,610.5607527075163,63455.32251739502,3739.512635057585,3676.0799263861954,4021.5129219931137,3995.502048126014,4012.292106628418,3730.073330602212,2350.1580421102626,3652.590523212095,63700.3770904541,4319.29936280524,602.713482243291,733.0,52946.0,32401.0,13.0,65535.0,65429.0,991.0,671.0,59.0,64771.0,1152.0,1140.0,1189.0,1191.0,4013.0,134.0,868.0,983.0,65369.0,1634.0,17.0,6271.870403432815,5674.869454711163,14101.647787618263,2957.725629910954,4091.3224383098245,2014.3434577888486,5162.06299248631,6583.376572585743,1590.8666703762478,3906.7764712028743,6460.056844737432,6310.49140996979,7148.857418585333,7066.835927504278,17.798550063136,7842.204646689261,3520.006245357327,6904.839772289223,4640.389730939679,6081.528706454768,2232.429541567898,D1,N8,t,appliedMASKiso_1mgml_roi2_8bit.ome
appliedMASKiso_shg_1mgml_roi2_8bit.ome,8,98.34994375,64.4053125,0.928345625,3.56565,107.19,61.41,0.92557,3.43715,16.0,64.43427357,34.23665634,0.024630525,0.872621065,8.0,2390,52.8423,1992,39,51.0769,7,1.1413,0.0109,0.0686,0.1185,131072,0.5662394165992737,1235.3355712890625,0.466101735830307,15.76982307434082,19.338727951049805,1451.321533203125,0.7297754287719727,0.5837041735649109,1121.45849609375,0.5208195447921753,14.213403701782227,14.09110164642334,1113.405517578125,0.7671427130699158,0.2765846252441406,838.3929443359375,0.18132367730140686,10.72738265991211,17.027706146240234,1192.062255859375,0.19668976962566376,1mgml,shg,roi2,3235.2215654735373,49884.65976715088,32653.62604522705,1012.5062330190187,65269.202156066895,63400.11339569092,3660.7197111194123,2913.780932220977,647.3012160360444,63329.982582092285,3988.8957965930895,3921.2623786360728,4283.8719501560045,4256.995881862755,4012.287696838379,2982.64,2520.432733861747,3870.738193058274,63544.74447631836,4558.410399023274,623.0897687837104,903.0,53278.0,32329.0,10.0,65535.0,65383.0,1167.0,802.0,73.0,64771.0,1366.0,1348.0,1425.5,1425.0,4013.0,104.0,1016.0,1196.0,65339.0,1988.0,18.0,6323.93147102227,5777.341131587344,14090.073438472875,2934.7011828160507,4404.233904370041,2241.2111226076836,5412.50072217666,6676.620778354868,1738.2089180217524,4162.275907865099,6655.353085753343,6506.2784390498055,7338.37504991519,7258.627258499257,20.590508164896256,6615.315470242182,3638.653110912931,7027.82455140034,4896.2162532684515,6010.114033539539,2468.650656698634,D1,N8,t,appliedMASKiso_1mgml_roi2_8bit.ome
appliedMASKiso_shg_1mgml_roi2_8bit.ome,9,91.11992632,56.36210526,0.921971053,3.616010526,88.877,49.172,0.93224,3.6568,19.0,61.10736003,27.77627578,0.037337014,0.874013745,9.0,2330,54.2545,1938,48,40.375,9,1.1293,0.0125,0.0692,0.1365,131072,0.5783968567848206,1200.8480224609375,0.45150354504585266,15.27431583404541,18.170082092285156,1352.78955078125,0.7397898435592651,0.5997059345245361,1079.465576171875,0.5189968347549438,13.599591255187988,13.114237785339355,1064.007080078125,0.7775630950927734,0.27029749751091003,816.8318481445312,0.18047305941581726,10.392049789428711,15.942524909973145,1086.5194091796875,0.1902483105659485,1mgml,shg,roi2,3325.5149598706785,50617.72675323486,32692.128089904785,830.998467488871,65280.398849487305,63276.24378204346,3772.57578080092,2993.7890702998156,669.9762249212171,63241.59588623047,4113.832033502547,4044.2898197252866,4424.529102029626,4395.8784776381835,4012.2712326049805,2996.443016991297,2589.8156698146204,3990.272520159194,63433.77560424805,4716.522172749875,606.1816500905039,1009.0,53360.0,32306.0,10.0,65535.0,65346.0,1280.0,889.0,85.0,64771.0,1517.0,1499.0,1582.0,1582.0,4013.0,90.0,1091.0,1332.0,65309.0,2211.0,19.0,6230.159277906059,5650.2319769485575,13839.016254041631,2925.543120728665,3608.980526496519,2068.0277106107997,5515.157822553575,6630.614522054135,1784.2313727017793,4275.215682511866,6681.552927610197,6536.337523672535,7366.583385980479,7287.159032604112,15.40508234198542,6706.297003313329,3646.989318780316,6999.914634068202,5007.884778970328,5986.076360918232,2489.157596707296,D1,N8,t,appliedMASKiso_1mgml_roi2_8bit.ome
appliedMASKiso_shg_1mgml_roi2_8bit.ome,10,90.86523529,56.10658824,0.894088235,3.449817647,109.13,51.788,0.90161,3.2177,17.0,60.70567497,22.52384282,0.055350772,0.980845185,10.0,2503,50.3664,2114,62,34.0968,9,1.147,0.0065,0.0748,0.1615,131072,0.5729788541793823,1181.9381103515625,0.431740939617157,15.291915893554688,17.540002822875977,1254.2230224609375,0.7363030314445496,0.5926727056503296,1054.8544921875,0.48670318722724915,13.677630424499512,12.997851371765137,1018.7653198242188,0.7729873657226562,0.265362411737442,780.0310668945312,0.17902900278568268,10.077488899230957,14.948031425476074,957.271240234375,0.18817393481731415,1mgml,shg,roi2,3409.316035234915,51355.94515991211,32733.028175354004,856.0486745492778,65259.97833251953,63156.70538330078,3842.6353441876577,3038.617983866977,734.4598422213803,63138.44462585449,4243.781288660273,4175.007264643233,4553.454333206209,4525.8666319402455,4012.220375061035,3014.6972325485335,2682.2452212414078,4098.471839043039,63320.50291442871,4804.514589747644,667.5675604774486,1095.0,53391.0,32308.0,11.0,65535.0,65325.0,1392.0,957.0,96.0,64771.0,1594.0,1574.0,1677.0,1675.0,4013.0,97.0,1140.0,1431.0,65293.0,2380.0,20.0,6231.966251512396,5575.484875942535,13789.126520891406,3060.1662957861477,3914.8978191926385,2261.8419126865874,5722.470308253356,6621.8206022935365,1979.4744340260622,4519.170871430878,6851.733842285823,6715.3180562187945,7510.465499279911,7437.011169095098,19.795295146016972,6832.38129436727,3794.8102456106967,7076.519950559866,5234.603355311324,5934.7205684955015,2801.5397854487624,D1,N8,t,appliedMASKiso_1mgml_roi2_8bit.ome
appliedMASKiso_shg_1mgml_roi2_8bit.ome,11,105.2874286,50.67461905,0.907815238,3.598780952,119.74,45.674,0.92853,3.4108,21.0,62.91962775,16.34183379,0.052157595,0.83132056,11.0,2758,45.5246,2327,70,33.2429,13,1.1643,0.0175,0.0838,0.1561,131072,0.5628654956817627,1187.0865478515625,0.4121358096599579,15.531060218811035,17.151891708374023,1192.2926025390625,0.7301639914512634,0.5828496813774109,1100.6483154296875,0.4649209976196289,14.207185745239258,13.148138046264648,1026.7244873046875,0.7668076753616333,0.2577943801879883,726.268798828125,0.17739921808242798,9.618570327758789,14.072942733764648,837.7954711914062,0.18606561422348022,1mgml,shg,roi2,3535.451330203443,51870.31134033203,32711.615020751953,834.1861659185585,65249.451503383665,63044.16297149658,3997.1768962639303,3206.7732731111,786.8513331508349,63054.26298522949,4379.918309859155,4306.6248181901865,4697.7486145631965,4669.306793703397,4012.5646362304688,3348.831996224634,2808.005173524809,4235.200984994937,63220.660148620605,4980.060314830157,701.008567574465,1161.0,53403.0,32296.5,14.0,65535.0,65302.0,1480.0,1038.0,104.0,64771.0,1690.0,1668.0,1777.0,1773.5,4013.0,113.0,1190.0,1520.0,65272.0,2520.0,24.0,6280.679113327613,5792.084539827344,13843.626712382105,3107.944614105852,4047.735679859255,2372.190523539265,5850.453660620081,6732.37354358441,2173.4970515626155,4657.664227553573,6983.918468096835,6844.276593277798,7623.934204756547,7553.578814497522,149.39125097519636,7129.6368995278,4070.2435916944173,7146.465044745033,5367.300928456452,6136.10293011954,2994.034029774176,D1,N8,t,appliedMASKiso_1mgml_roi2_8bit.ome
appliedMASKiso_shg_1mgml_roi2_8bit.ome,12,103.3794925,51.25370833,0.924020833,3.733995833,124.64,39.57,0.927565,3.392,24.0,62.78465264,27.39923419,0.029339663,1.03926568,12.0,2814,44.5789,2328,63,36.9524,20,1.1983,0.0159,0.0822,0.1518,131072,0.5903790593147278,1094.7645263671875,0.4153527319431305,14.371991157531738,15.22500228881836,1105.8631591796875,0.7537416219711304,0.6045344471931458,1025.6097412109375,0.44937944412231445,13.278471946716309,12.388145446777344,950.7796020507812,0.7804731130599976,0.23477227985858917,647.470458984375,0.17211751639842987,8.629720687866211,12.099567413330078,775.9911499023438,0.16412600874900818,1mgml,shg,roi2,3593.30483563232,52252.52338409424,32793.73052215576,709.0596420213775,65276.81261444092,63062.300636291504,3969.5283727559904,3203.8584155173744,740.7212319067746,63091.049156188965,4327.632676349494,4252.343058763386,4660.504897709533,4629.281273678349,4012.09765625,2996.8713968957873,2724.6142357656036,4245.779744570526,63248.35720062256,5147.223578386175,616.443471164309,1165.0,53408.0,32314.0,15.0,65535.0,65282.0,1443.0,1013.0,98.0,64771.0,1661.0,1636.0,1755.0,1750.0,4012.0,97.0,1165.0,1515.0,65264.0,2531.0,23.0,6296.687016970109,5708.919390181144,13751.35947763887,3080.833403861235,3544.3227876877763,2130.750518649495,5654.7861351043075,6607.867674802885,1952.604418073832,4464.018292258229,6764.128650494729,6625.267220187043,7420.189632732296,7346.117330810844,22.39954858052564,6796.4432152516165,3876.3777177157353,7033.472370814478,5172.855873158442,6472.521632051112,2583.6424915625353,D1,N8,t,appliedMASKiso_1mgml_roi2_8bit.ome
appliedMASKiso_shg_1mgml_roi2_8bit.ome,13,85.14624,56.0937,0.923393,3.46783,95.6325,49.0825,0.920995,3.37465,20.0,63.69518768,22.07134051,0.026596659,0.774827556,13.0,2851,43.9744,2374,65,36.5231,13,1.1986,0.0265,0.0791,0.2259,131072,0.6098902225494385,1075.7633056640625,0.41522178053855896,13.789794921875,13.983899116516113,1073.19775390625,0.7709463834762573,0.6210184097290039,1041.200439453125,0.4250912368297577,13.203279495239258,12.125499725341797,956.236328125,0.7910432815551758,0.2094162255525589,600.1626586914062,0.16069121658802032,7.707597255706787,10.412603378295898,755.5537719726562,0.1414966583251953,1mgml,shg,roi2,3673.5621576944386,52248.73104095459,32697.055099487305,641.6323515632321,65291.63861846924,63080.048248291016,4018.6065656373594,3299.020003042288,686.870397877984,63142.38045501709,4299.46954104942,4217.375371256778,4654.842114823931,4619.28897628498,4012.185104370117,3063.5105769230768,2645.0986475808136,4287.408359748953,63280.62733459473,5358.85405861997,538.1661952409574,1253.0,53407.0,32280.0,14.0,65535.0,65250.0,1518.0,1094.0,96.0,64771.0,1753.0,1726.0,1854.0,1849.0,4012.0,101.5,1190.0,1608.0,65239.0,2718.0,20.0,6316.652354710248,5782.367237289593,13607.701625622814,3034.9413577226846,3049.12962496279,1899.7395483361552,5483.924716376293,6545.919339904802,1772.1358741456759,4269.425853241186,6600.391736052655,6459.0942969106145,7253.95751364924,7178.773165263786,17.012530700918738,7038.583201914484,3717.7434048421314,6949.454861318957,4979.283853572594,6711.231582909374,2227.202321952806,D1,N8,t,appliedMASKiso_1mgml_roi2_8bit.ome
appliedMASKiso_shg_1mgml_roi2_8bit.ome,14,79.84186286,58.1567619,0.939260476,3.964085714,76.759,45.694,0.94868,3.9566,21.0,64.43564052,31.91698742,0.032122936,0.996147089,14.0,3208,38.8582,2607,80,32.5875,10,1.1968,0.0176,0.0897,0.1922,131072,0.5865477919578552,1121.801513671875,0.45916783809661865,14.48115062713623,15.37325382232666,1168.2047119140625,0.7550333738327026,0.602709949016571,1080.116455078125,0.48071879148483276,13.728157043457031,12.924322128295898,1053.8621826171875,0.7792972326278687,0.21246762573719025,603.7180786132812,0.13797877728939056,7.890639781951904,10.870460510253906,760.9005126953125,0.14606298506259918,1mgml,shg,roi2,3913.2601722654413,53145.02262878418,32668.87201690674,603.977555396712,65277.65369415283,62844.30726623535,4306.131073835499,3538.8313847414083,747.327109174094,62976.01872253418,4564.129136987395,4475.020686045789,4950.4852616359,4911.154843745842,4012.01806640625,2921.862565445026,2800.4846584407405,4565.679330808192,63067.667793273926,5662.077829916706,549.6190039515147,1433.0,53412.0,32266.0,15.0,65535.0,65165.0,1744.0,1261.0,111.0,64756.0,1939.0,1901.0,2083.0,2071.0,4012.0,91.0,1264.0,1824.0,65175.0,3079.0,23.0,6413.941431670119,5895.5171070014285,13399.73280916286,2973.7219538107593,2783.9546248108804,1840.4553327538588,5669.108161336647,6689.58819209499,1820.0801671492106,4430.577562423666,6781.5625595871625,6638.5668354001555,7436.13607506503,7361.166350925243,21.124227695906896,6570.635301287491,3954.909006079309,7093.3642017448865,5158.022056462707,6826.459004538899,2070.9750061939976,D1,N8,t,appliedMASKiso_1mgml_roi2_8bit.ome
appliedMASKiso_shg_1mgml_roi2_8bit.ome,15,97.60568485,54.52624242,0.921131515,3.648921212,130.6,46.327,0.93196,3.6863,33.0,67.66896606,26.24806409,0.03857917,0.695502652,15.0,3139,39.7563,2662,76,35.0263,14,1.196,0.0136,0.1011,0.2434,131072,0.5756615400314331,1157.0338134765625,0.4660739302635193,14.947271347045898,16.185405731201172,1195.1312255859375,0.745073676109314,0.6079001426696777,1056.2847900390625,0.4869042634963989,13.294174194335938,13.05772590637207,1070.77392578125,0.7826598882675171,0.22355139255523682,647.1937866210938,0.13669779896736145,8.536066055297852,11.75496768951416,745.0274047851562,0.15932820737361908,1mgml,shg,roi2,4115.840874837592,54164.94975280762,32569.922569274902,540.3838180941668,65276.13205718994,62582.103691101074,4513.607309809584,3654.1340222001622,799.8437327932038,62772.88929748535,4851.332793417064,4759.243126894759,5262.490004330879,5220.882061498484,4012.02587890625,3237.519518272425,2951.7523516673887,4835.454984841923,62823.288749694824,5895.654906886098,589.794952681388,1520.0,58922.5,32231.0,18.0,65535.0,65087.5,1819.0,1317.0,107.0,64726.0,2034.0,1995.0,2182.0,2170.0,4012.0,101.0,1338.0,1918.0,65116.0,3270.0,27.0,6429.189557826157,5729.31139617259,12975.13513430778,3010.8068426923296,2352.6733512890232,1664.2583341367706,5920.912347462563,6718.598897841799,1880.805890385374,4667.067976437305,7034.790607716736,6897.101200628893,7685.736860350908,7613.826201381485,19.5013408138786,7117.861157078458,4127.330626487539,7238.269706344223,5414.2199125581255,6824.4989920601565,1930.0096088253047,D1,N8,t,appliedMASKiso_1mgml_roi2_8bit.ome
appliedMASKiso_shg_1mgml_roi2_8bit.ome,16,105.479331,60.18586207,0.921677241,3.858265517,123.18,46.139,0.93122,3.7699,29.0,66.50949574,32.55483393,0.038982304,0.816822624,16.0,3273,38.0467,2794,74,37.7568,11,1.2155,0.0202,0.1024,0.2612,131072,0.5877537131309509,1137.962646484375,0.46756836771965027,14.535992622375488,16.01075553894043,1178.84814453125,0.7526092529296875,0.6238736510276794,1022.6663208007812,0.49927687644958496,12.803954124450684,12.3135404586792,1019.6223754882812,0.7928578853607178,0.22734442353248596,638.9550170898438,0.13649220764636993,8.510109901428223,12.15430736541748,733.3969116210938,0.16222265362739563,1mgml,shg,roi2,4246.20856644101,54601.73822784424,32553.87060546875,475.3790522416656,65284.258056640625,62449.62808227539,4666.884771555681,3812.0458389238047,809.8417296550666,62687.2843170166,4973.278264571891,4875.516949802018,5410.6259377527995,5365.241588964108,4011.9499435424805,2984.259797979798,2980.1977093711416,4985.082300847277,62706.4557800293,6127.071086132754,591.2591941232316,1607.0,59204.0,32214.0,19.0,65535.0,65015.0,1882.0,1404.0,108.0,64691.0,2112.0,2072.0,2268.0,2257.0,4012.0,96.0,1363.0,2007.0,65052.0,3438.0,28.0,6356.632558562032,5798.307132853878,12591.096252323556,2960.7096682752153,1924.5694528088518,1473.6440571335509,5998.512123397576,6780.362771062867,1882.651929526606,4758.53288245067,7074.793243624726,6937.049616462775,7743.530907847102,7669.261837909008,23.06163830967682,6744.575829807251,4087.068655988266,7241.414742000221,5510.869439058387,6856.867406261998,1868.4890776155437,D1,N8,t,appliedMASKiso_1mgml_roi2_8bit.ome
appliedMASKiso_shg_1mgml_roi2_8bit.ome,17,92.25701,60.948,0.914063,3.763946667,98.618,52.5575,0.923345,3.82195,30.0,69.26345545,28.90281597,0.030461018,0.970273779,17.0,3291,37.8277,2824,63,44.8254,15,1.2011,0.0229,0.1034,0.2707,131072,0.5950199365615845,1162.1142578125,0.4644976556301117,14.518752098083496,16.093555450439453,1208.9998779296875,0.7561339139938354,0.6407071352005005,1012.9599609375,0.48943471908569336,12.346386909484863,12.426887512207031,1075.6671142578125,0.8034422397613525,0.23379085958003998,704.0321655273438,0.14347562193870544,9.044078826904297,12.56910228729248,776.9103393554688,0.1675000935792923,1mgml,shg,roi2,4441.468364942967,54791.318351745605,32509.463752746582,465.9938830437974,65274.49362182617,62323.680992126465,4837.690923893062,3969.5432795840115,842.1524321160165,62605.98101043701,5109.6009220182705,5006.191234046881,5576.94189081541,5527.317401399976,4012.25927734375,2909.890197728229,3002.061702344028,5174.765673463162,62598.839111328125,6409.179124082642,615.6339858479936,1771.0,59443.5,32208.0,21.0,65535.0,64938.0,2057.0,1554.0,113.0,64666.0,2237.0,2195.0,2421.0,2402.0,4012.0,91.0,1388.0,2179.0,65002.0,3765.0,28.0,6411.449753339543,5774.2727717205835,12412.078365455689,2888.6273064616003,1713.5560515139923,1374.2148572816411,6077.949897863586,6770.253839304953,1955.8008331325502,4870.676057975113,7159.380286826055,7026.798915461239,7813.456927854822,7742.409606721016,39.794922471122504,6497.764956092853,4141.319695387894,7303.033993697884,5600.242083452622,7014.620925089741,1854.3787477931992,D1,N8,t,appliedMASKiso_1mgml_roi2_8bit.ome
appliedMASKiso_shg_1mgml_roi2_8bit.ome,18,106.8432214,58.11085714,0.916813571,3.944728571,136.975,47.384,0.922405,3.55355,28.0,64.31674291,30.61472002,0.045860706,1.039496561,18.0,3006,41.6038,2587,80,32.3375,11,1.1804,0.014,0.0975,0.2512,131072,0.6146001219749451,1157.716796875,0.4774158000946045,14.062040328979492,15.722872734069824,1243.2220458984375,0.769398033618927,0.6590585708618164,975.9631958007812,0.49968215823173523,11.654728889465332,12.71744441986084,1124.49365234375,0.8149591684341431,0.2374432384967804,759.0774536132812,0.1482084095478058,9.347177505493164,12.405486106872559,834.457275390625,0.16532458364963531,1mgml,shg,roi2,4558.161692462988,54555.454444885254,32533.035163879395,443.7065861142164,65275.27338409424,62310.00605010986,4970.901957882457,4124.445159268384,783.1128149882904,62649.6428604126,5066.077977792732,4953.164552489906,5577.327708613728,5519.773115746972,4012.4118881225586,2859.750498007968,2829.997669919246,5240.811406460296,62606.47507476807,6648.156998654105,594.9436998905358,1829.0,53412.0,32212.0,20.0,65535.0,64903.0,2120.0,1622.0,112.0,64655.0,2253.5,2206.0,2454.0,2434.0,4012.0,73.0,1363.0,2240.0,64976.0,3882.0,28.0,6445.5924703716155,5870.554254161867,12152.561891463392,2840.869919955277,1495.2132073118214,1252.9353214288635,5998.906499772267,6829.9688227779,1821.458633625299,4747.4763708625915,7029.22997214046,6888.645874973487,7732.259738656124,7652.322478473873,167.15385002875857,6658.542983517216,3824.8228414892915,7278.083285478474,5513.397636557597,7293.141098733416,1784.4464913497811,D1,N8,t,appliedMASKiso_1mgml_roi2_8bit.ome
appliedMASKiso_shg_1mgml_roi2_8bit.ome,19,87.79761667,53.65356667,0.920767333,3.857993333,75.8845,46.2225,0.931825,3.8958,30.0,63.4449617,23.19711056,0.055765297,0.965287597,19.0,2953,42.3864,2521,80,31.5125,12,1.1761,0.0121,0.0966,0.2409,131072,0.6216243505477905,1144.9595947265625,0.4912077784538269,13.732993125915527,15.7815523147583,1294.3812255859375,0.7755666375160217,0.6509074568748474,1013.5025634765625,0.5203235149383545,12.142755508422852,13.126166343688965,1182.17919921875,0.8095718622207642,0.23268066346645355,732.127197265625,0.1562710404396057,8.867310523986816,12.288636207580566,878.8541259765625,0.1577717363834381,1mgml,shg,roi2,4709.284962293113,54778.70635223389,32519.814125061035,634.8130352600751,65202.13823699951,62219.539710998535,5087.770051673781,4243.573674023123,809.28262925599,62605.45523071289,5110.416369127069,4992.664442071543,5645.804783435665,5584.378628870795,4012.3589630126953,2818.5696913002807,2802.1996129204485,5356.1373631874,62538.38754272461,6814.860776494928,698.5438560651384,1860.0,53413.0,32219.0,22.0,65535.0,64870.0,2183.0,1672.0,108.0,64652.0,2269.0,2216.0,2484.0,2460.0,4012.0,77.0,1338.0,2259.0,64945.0,3953.0,29.0,6699.567745562693,6005.595916690121,11950.638556243912,2898.110955907525,2192.215400878619,1653.5138614104308,6192.851925911621,6970.72929547213,2058.5728590750996,4924.805638289751,7169.806900917407,7025.74420006688,7882.742915819858,7801.669501713484,170.96707078955063,6517.971157526263,3904.97393319008,7480.490169404298,5684.47709304497,7557.565524091747,2380.5410784207565,D1,N8,t,appliedMASKiso_1mgml_roi2_8bit.ome
appliedMASKiso_shg_1mgml_roi2_8bit.ome,20,84.2881728,52.28376,0.9292236,4.024972,77.661,48.903,0.93495,3.8113,25.0,64.34541277,17.83974528,0.0338143,1.138711023,20.0,2888,43.3854,2476,82,30.1951,13,1.1644,0.0109,0.09,0.2211,131072,0.6383937001228333,1147.9276123046875,0.5008985996246338,13.363749504089355,15.456705093383789,1369.32275390625,0.7890526652336121,0.6535331606864929,1054.3857421875,0.5209228992462158,12.320744514465332,13.077346801757812,1296.5394287109375,0.8111001253128052,0.21759702265262604,694.0568237304688,0.16563689708709717,8.245760917663574,11.700438499450684,927.0110473632812,0.14223995804786682,1mgml,shg,roi2,4743.842872060067,54716.203926086426,32677.70701599121,808.0801603676264,65151.42346954346,62249.981369018555,5118.007215441044,4341.811642629513,762.655824944644,62656.20282745361,5013.22927750982,4888.771940728954,5565.469345134504,5500.154335106824,4011.8814697265625,3064.0601041173686,2701.5667379377787,5335.690666799264,62573.94277191162,6840.653804717153,670.7604353076397,1823.0,53413.0,32240.0,23.0,65535.0,64866.0,2133.0,1609.0,108.0,64644.0,2223.0,2176.0,2433.0,2411.0,4012.0,97.0,1314.0,2219.0,64939.0,3873.0,26.0,6918.615366644823,6372.765270334826,11799.266771427345,3024.6767202714927,2982.2263573451382,2012.9247668066866,6097.335292673657,7189.31593300994,1822.3849881219533,4739.554752458029,7023.11984912233,6855.585727194491,7810.494360209979,7714.950089036644,19.086565182655043,6582.77429626548,3662.4797437951433,7563.192692396338,5570.9446473458975,7733.9995189389665,2280.9087627160698,D1,N8,t,appliedMASKiso_1mgml_roi2_8bit.ome
appliedMASKiso_shg_1mgml_roi2_8bit.ome,21,98.84696,50.9277,0.916576,3.995756667,111.695,48.7925,0.920685,3.9312,30.0,65.94245414,16.36777119,0.037892994,0.972989802,21.0,2888,43.3854,2429,84,28.9167,14,1.1638,0.009,0.0903,0.242,131072,0.6440305113792419,1127.4571533203125,0.515869677066803,13.015765190124512,15.606679916381836,1426.251953125,0.7951183915138245,0.6533111333847046,1087.4920654296875,0.5332436561584473,12.506333351135254,13.200703620910645,1260.718017578125,0.8107293248176575,0.20096224546432495,636.8860473632812,0.17184774577617645,7.432033538818359,11.405417442321777,976.1332397460938,0.12833166122436523,1mgml,shg,roi2,4846.747061073144,54637.68953704834,32565.622077941895,781.570545687603,65150.363441467285,62174.673278808594,5257.159065023814,4455.37952992338,771.9107720801452,62604.80666351318,5112.348206714221,4983.642373755009,5686.720997322957,5618.21409687235,4011.964141845703,2793.459639126306,2725.698267404932,5456.523661063168,62505.01850128174,6913.913677857036,655.3721522672683,1846.0,53413.0,32240.0,29.0,65535.0,64864.0,2195.0,1665.0,114.0,64643.0,2264.0,2213.0,2466.5,2449.0,4012.0,108.5,1338.0,2248.0,64935.0,3915.0,30.0,6950.502714373446,6400.097718778657,11878.568208084378,2970.598615671018,3013.787714577949,1969.3769110013673,6041.336731049558,7221.1019988526605,1730.7967848662065,4652.222230595125,7007.936965870134,6837.860342368887,7806.262860468281,7708.6421722501145,16.63382422895829,6130.468014318469,3616.3366901284726,7585.54811944197,5505.1810518405955,7733.472481945684,2011.9411646256553,D1,N8,t,appliedMASKiso_1mgml_roi2_8bit.ome
appliedMASKiso_shg_1mgml_roi2_8bit.ome,22,117.6586649,52.06040541,0.912140811,3.896440541,135.0,49.667,0.91649,3.7897,37.0,57.12045157,17.64060205,0.039792915,0.942503249,22.0,3110,40.1457,2604,94,27.7021,12,1.1823,0.0069,0.1085,0.2333,131072,0.6071094870567322,1207.2728271484375,0.5226163268089294,14.278948783874512,16.849021911621094,1487.0076904296875,0.7716618776321411,0.6115871667861938,1172.10107421875,0.5421577095985413,13.90262222290039,14.622881889343262,1356.2255859375,0.7850692272186279,0.19488690793514252,615.9654541015625,0.15804719924926758,7.3405632972717285,11.153522491455078,936.2113037109375,0.12754526734352112,1mgml,shg,roi2,5114.38608197488,55136.138847351074,32570.874855041504,586.3904044133617,65188.36672973633,61917.44599151611,5607.343357656634,4719.092613641294,830.3270969549785,62407.92907714844,5487.903160074827,5354.473343132015,6098.2470102886155,6026.17623429984,4011.8465118408203,2572.849101229896,2925.3809877739177,5810.360869855692,62269.58191680908,7211.92254309193,634.3218364352904,2005.0,60817.0,32244.5,37.0,65535.0,64811.0,2396.0,1827.0,130.0,64625.0,2447.0,2389.0,2682.0,2658.0,4012.0,103.5,1438.0,2447.0,64894.0,4217.0,43.0,6987.260693121218,6444.227219927684,12166.642549892718,2911.967698445016,1796.6122454070755,1437.033799243255,6130.963306332549,7338.526914044844,1667.42438435159,4686.376548648358,7178.338082407568,7011.12995977646,7991.11798450544,7892.568395897398,18.98806591186865,5857.655468523238,3717.7786703305746,7707.134587247636,5567.4123889187495,7844.7733038527695,1580.60779281752,D1,N8,t,appliedMASKiso_1mgml_roi2_8bit.ome
appliedMASKiso_shg_1mgml_roi2_8bit.ome,23,93.40661632,54.87313158,0.918579737,3.771005263,99.818,48.4605,0.930575,3.71325,38.0,60.3243829,25.06827576,0.041539127,1.017888922,23.0,3583,34.5819,3040,86,35.3488,15,1.2203,0.0137,0.123,0.2173,131072,0.5845701098442078,1280.4053955078125,0.5286397933959961,15.105283737182617,18.048473358154297,1591.3609619140625,0.757159948348999,0.5634140372276306,1306.2371826171875,0.5567107200622559,15.431547164916992,17.59100914001465,1525.35400390625,0.7549297213554382,0.19659002125263214,627.0105590820312,0.15301939845085144,7.429923057556152,11.13005542755127,982.458740234375,0.12871429324150085,1mgml,shg,roi2,5318.568369399217,55670.977210998535,32562.357887268066,559.3218641946501,65182.815773010254,61708.10326385498,5842.618047357822,4870.947468925769,891.9522845873502,62237.136390686035,5773.358049521394,5636.510527677402,6403.078045849433,6329.5121049513045,4011.933792114258,2511.1334963325185,3086.426439784022,6071.74234521435,62071.890686035156,7416.147470937268,662.9697543609825,2073.0,63421.0,32243.0,42.0,65535.0,64777.0,2484.0,1883.0,147.0,64594.0,2576.0,2521.0,2810.0,2788.0,4012.0,63.0,1537.0,2538.0,64867.0,4351.0,52.0,7205.723068235749,6690.983161970546,12142.92288102561,2962.602763059867,1591.8179179480685,1380.5922725681473,6324.13080486337,7602.42874153892,1675.5407448956305,4817.745965315677,7387.124848026271,7210.212138519651,8237.066199736639,8133.092504156519,17.15103319085799,5934.32786217797,3789.5228604794916,7944.226535662762,5745.968985717004,8056.544636270579,1562.5272351438086,D1,N8,t,appliedMASKiso_1mgml_roi2_8bit.ome
appliedMASKiso_shg_1mgml_roi2_8bit.ome,24,94.66052955,59.94647727,0.929658864,3.930511364,94.2215,53.3325,0.933515,3.8712,44.0,62.03167405,25.44877853,0.029884675,0.933686063,24.0,3928,31.3689,3308,90,36.7556,20,1.2569,0.0061,0.1355,0.2139,131072,0.5545722842216492,1386.4119873046875,0.533077597618103,16.39237403869629,19.656681060791016,1699.597412109375,0.7355766296386719,0.5120445489883423,1467.3170166015625,0.5444409847259521,17.486371994018555,19.742191314697266,1704.90771484375,0.7200950384140015,0.2081243246793747,690.7178344726562,0.1445285528898239,8.09843921661377,11.654547691345215,1024.382080078125,0.13869743049144745,1mgml,shg,roi2,5552.156918961842,55916.92874145508,32567.64264678955,673.4700789195683,65125.03103637695,61537.46856689453,6049.470652107819,5039.1904985276105,935.2461389241215,62106.46758270264,6010.542759225979,5869.1462949805655,6656.738721945919,6581.658736991683,4011.853469848633,3007.6620209059233,3192.7300288377146,6326.8898315710285,61917.71492767334,7641.325782588708,733.0070780706959,2175.0,64251.0,32237.0,45.0,65535.0,64742.0,2609.0,1982.0,161.0,64562.0,2696.0,2644.0,2938.0,2912.0,4012.0,118.0,1636.0,2653.0,64831.0,4559.0,65.0,7510.254890785792,6882.950419823476,12208.324144469883,2908.721370070469,2030.9028859853854,1666.4156396328437,6542.0447217592855,7816.244503531847,1727.7745567395323,4976.899245910535,7582.608027850082,7399.217874795094,8459.028216470328,8351.564070687617,22.140365479219447,6710.873237775794,3802.6758750246095,8222.110753439596,5935.132057667808,8226.049573966839,1794.974207228318,D1,N8,t,appliedMASKiso_1mgml_roi2_8bit.ome
appliedMASKiso_shg_1mgml_roi2_8bit.ome,25,96.88622,62.55328571,0.917298571,3.688765714,114.44,47.987,0.93652,3.5261,35.0,63.547861,29.2080002,0.050307071,0.782457183,25.0,3741,33.0369,3119,89,35.0449,23,1.2506,0.0239,0.1231,0.2248,131072,0.5775939226150513,1385.513427734375,0.5341504812240601,15.929553985595703,18.621824264526367,1678.646728515625,0.751801609992981,0.5446975231170654,1456.434326171875,0.5382022857666016,16.800086975097656,18.524953842163086,1642.298828125,0.7418670058250427,0.20103752613067627,708.1807861328125,0.13509824872016907,8.037434577941895,11.222705841064453,1020.1951293945312,0.13178347051143646,1mgml,shg,roi2,5375.731828675729,55595.68696594238,32505.520614624023,588.5400359296805,65178.80741882324,61785.548889160156,5826.132970182496,4891.960185776688,820.9663041756357,62341.16191864014,5674.68855587875,5533.309218805997,6323.09347157514,6245.585216238967,4011.8629455566406,3309.069492360769,2937.408999608278,6063.2079877982715,62161.366470336914,7617.719251894018,628.9417440510737,2037.0,63144.0,32230.0,35.0,65535.0,64833.0,2459.0,1858.0,136.0,64614.0,2475.0,2419.0,2718.0,2694.0,4012.0,143.0,1487.0,2471.0,64910.0,4314.0,55.0,7414.283606864957,6833.412992011688,12116.891170392406,2866.697412235287,1819.901708862048,1506.295868363383,6265.105831160659,7684.429997164124,1556.3887608131508,4693.271197301775,7287.059346004202,7099.9804528298955,8178.495643913614,8066.648121456136,27.214508455492755,6710.929526269496,3537.5455998438715,8020.979963531807,5650.67415238046,8467.612564494011,1590.4117293667898,D1,N8,t,appliedMASKiso_1mgml_roi2_8bit.ome
appliedMASKiso_shg_1mgml_roi2_8bit.ome,26,101.4065714,62.47651429,0.930197429,3.785614286,122.2,49.643,0.93484,3.481,35.0,64.19978754,30.21948836,0.026164197,0.943939593,26.0,3564,34.7769,2992,105,28.4952,23,1.2456,0.0126,0.1272,0.2276,131072,0.5569908618927002,1440.3775634765625,0.5385271906852722,16.727054595947266,19.892993927001953,1800.56689453125,0.7372521758079529,0.5377423167228699,1505.2000732421875,0.5556999444961548,17.182178497314453,19.24067497253418,1690.3876953125,0.7378246784210205,0.2073352187871933,723.416259765625,0.147280752658844,8.329763412475586,12.05214786529541,1119.744384765625,0.13888145983219147,1mgml,shg,roi2,5379.321974776435,56042.14025878906,32540.54615020752,689.1229884328279,65132.349365234375,61748.604415893555,5797.28023029365,4913.553368087151,826.2639435347886,62318.96630859375,5628.283843261787,5485.599557394717,6272.47064243581,6195.180234136549,4011.710881888442,2830.399446494465,2955.3886288285767,6031.376930227966,62133.59669494629,7547.272144661177,686.8215598565039,1896.0,63636.5,32234.0,37.0,65535.0,64875.0,2271.0,1721.0,134.0,64629.0,2326.0,2284.0,2534.0,2512.0,4012.0,121.0,1438.0,2302.0,64948.0,4035.0,64.0,7611.71518703914,7091.494132483767,11790.597823674523,3065.351153331121,2137.6327694192055,1722.3653833721542,6385.802685658427,7863.093264607239,1597.7682831262039,4762.446884939789,7354.702608255068,7159.431584436176,8272.98064094445,8156.602124182318,21.068414462803304,6292.0614073391425,3612.0602324946094,8148.776135387575,5751.166627654275,8713.18952724962,1788.881151020327,D1,N8,t,appliedMASKiso_1mgml_roi2_8bit.ome
appliedMASKiso_shg_1mgml_roi2_8bit.ome,27,85.22585455,63.14815152,0.921890303,3.879745455,84.806,54.977,0.92817,3.6247,33.0,64.8127276,27.10805196,0.040447053,1.013762354,27.0,3849,32.0538,3178,87,36.5287,17,1.2494,0.012,0.1308,0.2068,131072,0.5238184928894043,1495.8214111328125,0.5098459124565125,17.920270919799805,20.850160598754883,1790.299072265625,0.7122821807861328,0.5003852844238281,1551.455810546875,0.5348590612411499,18.322023391723633,20.803707122802734,1680.20458984375,0.7131268978118896,0.217214435338974,737.2783813476562,0.16227807104587555,8.836277961730957,12.444186210632324,1115.6549072265625,0.15068307518959045,1mgml,shg,roi2,5179.061731617977,56433.194564819336,32578.89126586914,697.3517653167186,65134.388664245605,61761.65180206299,5629.036303938371,4738.061289939423,859.1189959629803,62279.5941696167,5587.754338018747,5455.867301903262,6179.150751760089,6110.727710292954,4011.7476959228516,2762.723404255319,3041.240497964578,5871.079336591097,62128.64372253418,7180.760293361832,714.9376567485346,1714.0,63960.0,32233.0,35.0,65535.0,64902.0,2082.0,1572.0,129.0,64626.0,2234.0,2193.0,2398.0,2384.0,4012.0,92.0,1462.0,2132.0,64959.0,3675.0,61.0,7493.663434535161,6921.124750520823,11571.165930347814,3212.5990188529704,2168.7089284273243,1717.172303499027,6467.9395633412305,7738.877863785098,1714.5022128429482,4908.790268056342,7451.187154534881,7267.494065578936,8312.861371933388,8206.915326328097,23.223757185874028,6265.001287508108,3794.850878421221,8094.899169752615,5849.775223077096,8414.354566693099,1879.7465717922762,D1,N8,t,appliedMASKiso_1mgml_roi2_8bit.ome
appliedMASKiso_shg_1mgml_roi2_8bit.ome,28,106.7592607,66.14932143,0.91894,3.881925,134.08,56.627,0.932045,3.7374,28.0,61.72223849,34.88723493,0.041523841,0.952380752,28.0,3797,32.5201,3145,101,31.1386,16,1.2439,0.0174,0.1287,0.2305,131072,0.49601805210113525,1499.5755615234375,0.47269129753112793,18.69413948059082,21.45612335205078,1623.38037109375,0.6869786381721497,0.4740608036518097,1550.5279541015625,0.4804174602031708,18.847164154052734,21.49150848388672,1660.9307861328125,0.6936987042427063,0.2358863353729248,735.9774780273438,0.15703733265399933,9.357998847961426,13.27002239227295,931.078369140625,0.1725693941116333,1mgml,shg,roi2,4855.256521881444,56658.28956604004,32620.51319885254,679.2300185243754,65159.21223449707,61816.426818847656,5299.334285154152,4304.889889958148,930.5879800827445,62229.47605133057,5546.990041242512,5435.2578066184415,6064.034908840955,6008.720982946548,4011.73095703125,2619.752129090094,3158.8903227390265,5639.861641190141,62144.393074035645,6639.531226473765,777.7126150971261,1608.0,64184.5,32247.0,31.0,65535.0,64938.0,1995.0,1467.0,119.0,64630.0,2166.0,2132.0,2302.0,2292.0,4012.0,90.0,1438.0,2028.0,64987.0,3460.0,50.0,7098.552563281534,6295.310012148746,11567.846859698448,3255.6513398654856,2312.029851357608,1752.4348133410322,6651.184045369941,7390.886796670648,1998.1185022735835,5256.048466983583,7663.599654697606,7511.749497366415,8415.02116801659,8330.61176204967,29.080947038001703,6074.973967325931,4187.539305764912,7958.25622196763,6095.6507945085295,7601.735411006012,2167.898598602841,D1,N8,t,appliedMASKiso_1mgml_roi2_8bit.ome
appliedMASKiso_shg_1mgml_roi2_8bit.ome,29,111.0099259,57.44981481,0.906244815,4.152666667,132.16,49.085,0.9091,4.0301,27.0,57.03317037,27.83251862,0.048116492,1.143165583,29.0,3565,34.7666,2968,83,35.759,14,1.2219,0.019,0.1173,0.2276,131072,0.4975123107433319,1424.831298828125,0.4444707930088043,18.168773651123047,21.10524559020996,1421.296875,0.6839902997016907,0.4728553891181946,1498.7060546875,0.4666129946708679,18.681533813476562,19.948213577270508,1558.9122314453125,0.6921644806861877,0.25113606452941895,719.1141967773438,0.14430712163448334,9.444594383239746,14.502192497253418,773.9024658203125,0.18797823786735535,1mgml,shg,roi2,4425.196968956643,56724.25121499035,32621.47258758545,646.2314324394936,65191.83927154541,61984.33762359619,4926.676835446271,3924.653727937608,966.025434033333,62278.24656677246,5330.798495064986,5235.119384996254,5779.52283462002,5734.890061565523,4011.7446823120117,2886.3895949166003,3161.2453907293398,5271.028469982735,62255.726722717285,6062.021189615297,841.9129007826307,1611.0,64108.0,32224.0,23.0,65535.0,64899.0,1995.0,1454.0,119.0,64609.0,2187.0,2152.0,2333.0,2323.0,4012.0,121.5,1462.0,2042.0,64952.0,3444.0,32.0,6554.73715298105,5725.32468481488,11433.911219657724,3295.3010896757132,2200.351129383815,1712.4134935010318,6707.877374126546,7004.671125067666,2287.378768692391,5507.1000299337375,7680.316550545936,7551.011896825312,8340.93686112668,8273.399854148962,19.096501437133824,6171.412641750727,4372.30355378608,7670.069239664411,6257.485819393512,6710.5300334685135,2612.8533367447744,D1,N8,t,appliedMASKiso_1mgml_roi2_8bit.ome
appliedMASKiso_shg_1mgml_roi2_8bit.ome,30,103.6172045,50.30140909,0.901037727,3.978213636,129.48,45.0985,0.91967,3.7293,22.0,62.31508922,17.14339304,0.05788458,1.147474468,30.0,3369,36.9056,2788,69,40.4058,19,1.2022,0.011,0.0965,0.201,131072,0.5409367084503174,1255.72119140625,0.445396363735199,16.219270706176758,19.50660514831543,1322.691162109375,0.7124594449996948,0.5545874238014221,1284.222900390625,0.43595045804977417,16.227455139160156,15.110030174255371,1205.7061767578125,0.7479535937309265,0.2634933292865753,703.1921997070312,0.17372210323810577,9.491060256958008,15.437019348144531,874.173583984375,0.19654899835586548,1mgml,shg,roi2,4059.2969202041977,56640.91145324707,32645.7078704834,722.1496517362347,65198.7692489624,62259.25814819336,4499.750310207277,3570.1241994986717,876.2356464120581,62496.71952056885,4925.219552656254,4838.245558217998,5334.189131358139,5293.958599466265,4012.118324279785,2734.0951972555745,2947.4528654202163,4848.0220225835665,62511.0403213501,5678.914418060442,804.6273982885452,1455.0,62378.0,32211.0,15.0,65535.0,64924.0,1756.0,1249.0,105.0,64617.0,2023.0,1995.0,2149.0,2141.0,4012.0,121.5,1363.0,1864.0,64974.0,3141.0,24.0,6291.98144047935,5531.58112739658,10708.739766358747,3320.1725776909475,2742.0834252827794,1932.4655167081519,6562.846279979584,6774.95259916515,2346.884641651014,5425.718084612057,7412.975073024879,7287.923255973629,8061.2808509816305,7994.534844385596,155.32248630546508,6028.675394155016,4235.843133655088,7387.750496487396,6142.391090358424,6415.45808846305,2927.4188430306863,D1,N8,t,appliedMASKiso_1mgml_roi2_8bit.ome
appliedMASKiso_shg_1mgml_roi2_8bit.ome,31,104.909995,56.2541,0.87101,3.9204,116.74,48.5275,0.90188,3.84345,20.0,48.3901958,21.58278274,0.091745312,0.854454811,31.0,3040,41.1161,2448,84,29.1429,11,1.1868,0.0224,0.0874,0.1406,131072,0.5695620179176331,1156.905029296875,0.4273124635219574,15.055267333984375,17.947532653808594,1193.870361328125,0.7306000590324402,0.6061301231384277,1053.444091796875,0.43221330642700195,13.374637603759766,12.966257095336914,1034.414794921875,0.7815625667572021,0.27174490690231323,723.8973388671875,0.18446902930736542,9.818138122558594,15.304603576660156,842.0776977539062,0.20182392001152039,1mgml,shg,roi2,3818.5634134114835,58050.47324371338,32635.875205993652,710.6612190466229,65205.99256896973,62288.18263244629,4139.814470703002,3257.6367062118447,838.4535276721589,62498.484466552734,4768.667628118614,4691.525685420121,5119.983565341457,5088.496186326302,4011.5903396606445,2894.5590240401866,2989.0863918559367,4604.659807966684,62535.63158416748,5334.047005745575,802.7719422444435,1313.0,63497.0,32148.0,14.0,65535.0,64873.0,1480.0,1025.0,89.0,64574.0,1962.0,1941.0,2041.0,2040.0,4012.0,101.0,1388.0,1720.0,64926.0,2833.0,21.0,6130.377212257108,5352.023843981262,8950.618035330703,3621.661583674165,2541.7057774660707,1870.1556866034796,6605.774179562069,6552.975405256898,2491.071003474344,5531.4342991401,7352.555627480965,7235.637910716824,7938.144590561595,7880.91304650574,18.511760847457193,6458.354348844789,4453.220814360897,7230.111082078689,6204.113400052264,6135.31184543223,3051.831990636357,D1,N8,t,appliedMASKiso_1mgml_roi2_8bit.ome
appliedMASKiso_shg_1mgml_roi2_8bit.ome,32,96.519255,53.49815,0.9089625,3.683495,99.763,47.185,0.927025,3.50565,20.0,58.1278865,18.25468786,0.048915853,0.653012519,32.0,3081,40.5423,2520,72,35.0,12,1.1814,0.0117,0.0888,0.1582,131072,0.5744024515151978,1136.8978271484375,0.4163590669631958,14.85814094543457,17.205942153930664,1132.835205078125,0.7352220416069031,0.6210545301437378,993.526123046875,0.4386309087276459,12.739306449890137,12.275736808776855,974.0029296875,0.7907849550247192,0.2691575586795807,729.780517578125,0.180460587143898,9.791234016418457,14.560320854187012,785.1451416015625,0.1973116546869278,1mgml,shg,roi2,4084.269691467285,60337.11235809326,32002.338691711426,671.4377488845175,65194.79789733887,61837.320945739746,4300.228555515713,3276.7380808874577,889.9524837683393,62098.047271728516,5574.123641967773,5508.054023742676,5841.581428527832,5828.875038146973,4011.413787841797,2849.102413366337,3891.622901916504,5080.828453063965,62118.33991241455,5695.964469909668,699.2698007276933,1664.0,64782.5,31981.5,13.0,65535.0,64395.0,1731.0,1150.0,136.0,64179.0,2830.0,2819.0,2837.0,2854.0,4012.0,104.5,2256.0,2282.0,64485.0,3460.0,15.0,6026.533943520399,5106.727489545613,5967.0199411929425,2065.139399014409,2546.366078046244,1914.3905190836447,6786.382782256079,6367.759280905271,2523.763124638143,5754.476485933356,7418.822033307894,7311.14230264565,7952.1883252450225,7904.239644080945,14.79542859657523,6481.125759836859,4674.278018266723,7168.839206429479,6385.838913607646,5669.581375709853,2834.531797892861,D1,N8,t,appliedMASKiso_1mgml_roi2_8bit.ome
appliedMASKiso_shg_1mgml_roi2_8bit.ome,33,94.83676923,54.53326923,0.918995385,3.610311538,106.97,49.94,0.926155,3.39265,26.0,54.78636176,21.05546034,0.035956856,0.744768315,33.0,2955,42.3563,2410,77,31.2987,16,1.1618,0.0144,0.0879,0.1087,131072,0.5893300771713257,1089.7548828125,0.3932062089443207,14.320572853088379,15.856473922729492,1068.6903076171875,0.7486792206764221,0.6362606883049011,987.861328125,0.42849504947662354,12.585896492004395,11.417489051818848,937.6912231445312,0.799990177154541,0.2571038007736206,672.375732421875,0.18989719450473785,9.146646499633789,13.214797973632812,748.5953369140625,0.1832471340894699,1mgml,shg,roi2,4198.0352783203125,60888.952980041504,32210.335563659668,631.0722400036063,65202.77616119385,61547.692138671875,4410.924850463867,3270.431297302246,975.4386596679688,61798.41956329346,6081.021095275879,6025.853240966797,6287.296592712402,6288.1552658081055,4011.7759857177734,3206.7988527724665,4515.815078735352,5344.923492431641,61828.18207550049,5838.242286682129,579.4775226223262,1944.0,65166.0,32070.0,11.0,65534.0,64012.0,2007.0,1299.0,209.0,63834.0,3463.0,3455.0,3428.0,3454.0,4012.0,114.0,2925.0,2711.0,64119.0,3907.0,13.0,5831.469575191036,4921.750077418053,5750.191809746086,2120.9922471395366,2800.381119571997,1950.313376969266,6708.084939198923,6190.0897154706645,2492.1040671446817,5707.114424347624,7314.04140619177,7216.701544041653,7814.987739241437,7772.238807105087,10.943558761571122,6835.8882032562105,4733.603523699377,6990.621227679696,6305.444048467914,5236.088370774963,2429.0971151803606,D1,N8,t,appliedMASKiso_1mgml_roi2_8bit.ome
appliedMASKiso_shg_1mgml_roi2_8bit.ome,34,92.40059259,46.22488889,0.911727037,3.776266667,90.0,45.982,0.91406,3.457,27.0,55.25132553,13.79455242,0.034096123,1.039923666,34.0,3370,36.8941,2729,97,28.134,8,1.1924,0.0147,0.1023,0.1294,131072,0.5712919235229492,1123.34326171875,0.3636123836040497,14.976005554199219,15.958683013916016,1050.675048828125,0.7373479008674622,0.6212587356567383,1023.0283203125,0.37649983167648315,13.237756729125977,11.32890510559082,898.8375244140625,0.7903649806976318,0.24772708117961884,638.61376953125,0.18315531313419342,8.799531936645508,13.15160846710205,739.4881591796875,0.1790095567703247,1mgml,shg,roi2,4432.34317779541,61698.37191772461,32315.479026794434,686.9052057613169,65157.90754699707,61051.63732910156,4636.490440368652,3347.740966796875,1179.513900756836,61282.95105743408,6866.392799377441,6823.258407592773,6986.78498840332,7006.724723815918,4011.821334838867,3223.362492853059,5439.530258178711,5795.28458404541,61321.45494842529,6042.793922424316,573.3702624426325,2270.0,65464.0,32100.0,9.0,65534.0,63579.0,2321.0,1479.0,311.0,63420.0,4225.0,4224.5,4141.0,4183.0,4012.0,121.0,3768.0,3215.0,63691.0,4434.0,13.0,5786.932538097295,4827.312115573648,5483.378605459848,2045.8449966699234,3225.4910515433257,2236.4100674562687,6954.156848417889,6156.39428283346,2751.3259709694767,6000.14747330375,7526.952769341353,7437.066148493112,7977.33864730511,7944.4461399618485,10.58864558997605,6851.343923712675,5101.97235895024,7042.768196656721,6574.05620794982,4754.797459806114,2519.1907731706756,D1,N8,t,appliedMASKiso_1mgml_roi2_8bit.ome
appliedMASKiso_shg_1mgml_roi2_8bit.ome,35,89.19723043,45.46,0.896871304,3.488413043,97.595,37.497,0.91455,3.5204,23.0,53.0698723,19.21174488,0.065521638,0.793033926,35.0,3423,36.2918,2774,97,28.5979,10,1.2106,0.0137,0.1005,0.1051,131072,0.5840616822242737,1079.9071044921875,0.36347001791000366,14.428670883178711,15.130974769592285,1026.97509765625,0.74896240234375,0.6266997456550598,990.426025390625,0.3700881004333496,12.940079689025879,10.860177993774414,842.5625,0.7937321066856384,0.23626770079135895,597.9927368164062,0.18737076222896576,8.231317520141602,12.491570472717285,744.571044921875,0.16600100696086884,1mgml,shg,roi2,4591.369964599609,61779.117126464844,32367.919479370117,598.3427561837456,65164.94690704346,60626.50303649902,4764.270195007324,3347.367431640625,1359.7720184326172,60813.59192657471,7531.982566833496,7502.478904724121,7559.401420593262,7598.928604125977,4011.8980026245117,3072.8589065255733,6273.5504150390625,6141.681007385254,60877.53261566162,6178.491539001465,529.8241508657529,2518.0,65487.0,32139.0,8.0,65533.0,63136.0,2572.0,1622.0,443.0,62959.0,4892.0,4898.0,4741.0,4795.0,4012.0,144.0,4561.0,3628.0,63235.0,4759.0,14.0,5559.8319768242045,4555.177478059105,5422.9073124497,2064.8974977157054,2740.3543835946166,2101.5479994735383,6871.876704147311,5867.668178461026,2865.1340812124845,5994.6136995894685,7449.965233410694,7371.829128904323,7814.371987030274,7795.087855524983,11.394511630714295,6552.572470957289,5217.883601470495,6842.546288776366,6502.642329452705,4268.068221587011,2399.198074403288,D1,N8,t,appliedMASKiso_1mgml_roi2_8bit.ome
appliedMASKiso_shg_1mgml_roi2_8bit.ome,36,81.5091,45.15115,0.9139945,3.680195,78.8055,40.209,0.915565,3.50155,20.0,53.84306102,14.12645877,0.032582383,0.8485014,36.0,2921,42.8726,2423,96,25.2396,6,1.1711,0.0224,0.0824,0.08239,131072,0.6303372979164124,968.6328735351562,0.38517293334007263,12.70279312133789,13.316859245300293,962.0662231445312,0.7828558683395386,0.6761579513549805,877.2660522460938,0.40315043926239014,11.272984504699707,9.389968872070312,761.0638427734375,0.824256420135498,0.21899697184562683,556.6940307617188,0.18548603355884552,7.477880477905273,11.37352466583252,736.3643798828125,0.14739540219306946,1mgml,shg,roi2,4533.551681518555,61008.0779876709,32427.03424835205,376.2926465628938,65251.64250946045,60479.73050689697,4678.269485473633,3218.5738830566406,1450.4434432983398,60587.29440307617,7792.910026550293,7776.175239562988,7737.77214050293,7792.710006713867,4012.0855560302734,2852.8936170212764,6752.0986404418945,6181.364761352539,60694.2399597168,6111.045021057129,461.49850191294195,2604.0,65349.0,32163.0,8.0,65532.0,62858.0,2622.0,1622.0,547.0,62629.0,5265.0,5279.0,5053.0,5120.0,4012.0,99.5,5056.0,3807.0,62926.0,4776.0,17.0,5048.890849357945,4105.2614130477605,5699.831129932749,1986.5221540237012,1605.652378610835,1483.8317377679932,6400.212190637705,5367.8555680706995,2720.9948489435783,5615.238006959134,7014.069700382591,6947.15033975144,7313.23609950419,7302.6670266306355,9.641606488210165,6630.264377595741,5066.314936654285,6323.042664896767,6071.706897926924,3910.0251095244384,2046.7135808059556,D1,N8,t,appliedMASKiso_1mgml_roi2_8bit.ome
appliedMASKiso_shg_1mgml_roi2_8bit.ome,37,89.06166875,52.118125,0.916563125,3.696825,105.433,46.7635,0.93142,3.7655,16.0,61.91673311,21.2100275,0.043416695,0.576807211,37.0,3319,37.4917,2686,79,34.0,12,1.2095,0.0221,0.0969,0.1043,131072,0.5956719517707825,1080.8563232421875,0.3699483573436737,14.167451858520508,14.080140113830566,1005.7181396484375,0.7610927820205688,0.6032159924507141,1039.448974609375,0.4022611081600189,13.58401107788086,11.908021926879883,914.8409423828125,0.7793353796005249,0.21062210202217102,581.48046875,0.16855445504188538,7.60312557220459,10.677934646606445,703.0689697265625,0.14355967938899994,1mgml,shg,roi2,4653.244499206543,61543.63288116455,32454.967193603516,277.3188793779627,65294.348403930664,60196.97681427002,4807.743728637695,3252.8198318481445,1573.348289489746,60268.78932952881,8231.744735717773,8222.222473144531,8132.8248291015625,8197.855392456055,4012.0314865112305,2776.1855791962175,7281.565940856934,6427.170684814453,60383.515045166016,6271.237014770508,440.39301163199485,2745.0,65460.0,32183.0,9.0,65532.0,62602.0,2772.0,1703.0,633.0,62362.0,5665.0,5685.0,5411.0,5485.0,4012.0,77.0,5527.0,4047.0,62659.0,4956.0,21.0,4805.405389205113,3879.4788545177325,5501.655407588106,2078.9437319858707,1140.2665600097002,1175.9282622475191,6262.179150931198,5163.786282249864,2755.233114871114,5578.8383918242025,6928.915837462804,6876.090012617873,7186.749505139027,7183.27969997165,10.624706687978147,6071.672911016666,5185.3181158493535,6124.2454710222,5980.952450528856,3815.4567715146213,1857.818085531924,D1,N8,t,appliedMASKiso_1mgml_roi2_8bit.ome
appliedMASKiso_shg_1mgml_roi2_8bit.ome,38,100.04734,55.6144,0.8710488,3.670444,123.69,45.66,0.9164,3.5112,25.0,63.1534361,22.15857585,0.119314927,0.70471883,38.0,3934,31.318,3140,98,32.0408,18,1.2489,0.0166,0.1481,0.09709,131072,0.48438042402267456,1330.929443359375,0.31710758805274963,18.21943473815918,17.061546325683594,1085.013671875,0.6842177510261536,0.47395989298820496,1336.33544921875,0.34238383173942566,18.280588150024414,15.690988540649414,1066.5443115234375,0.6921836733818054,0.19856677949428558,528.6102294921875,0.15975278615951538,7.249490261077881,10.114458084106445,577.4600830078125,0.14538750052452087,1mgml,shg,roi2,4831.201507568359,63800.32516479492,32283.691635131836,246.01951996123697,65306.23760223389,59886.825286865234,4978.973518371582,3326.6164169311523,1729.880599975586,59941.29950714111,8757.348472595215,8753.353988647461,8606.124305725098,8682.854782104492,4011.5460510253906,2979.742180896027,7909.894233703613,6742.099143981934,60053.45780181885,6480.289649963379,468.1708295755056,2859.0,65526.0,32160.0,10.0,65532.0,62527.0,2848.0,1734.0,647.0,62288.0,5958.0,5978.0,5677.0,5757.0,4012.0,98.0,5874.0,4230.0,62580.0,5216.0,21.0,4829.0069264581525,3840.7003002556216,3877.7807207575684,2277.526947194558,949.7261200740492,1045.778256004184,6582.550889456794,5195.967747807037,3099.441946746454,5994.091723899665,7369.278625580998,7325.496830932668,7540.01731895243,7553.1729708440835,14.17245156821681,6866.852189518929,5886.917802883044,6291.097139266548,6358.293331375875,3843.6805788204674,1925.251294987927,D1,N8,t,appliedMASKiso_1mgml_roi2_8bit.ome
appliedMASKiso_shg_1mgml_roi2_8bit.ome,39,105.66577,55.56996667,0.90851,3.75164,123.15,51.5455,0.915015,3.6548,30.0,58.36291501,18.51028433,0.05112186,0.873027063,39.0,4318,28.355,3493,102,34.2451,19,1.2745,0.024,0.16,0.1274,131072,0.46215754747390747,1407.30029296875,0.28757864236831665,19.244035720825195,17.20319938659668,1073.203369140625,0.6695569157600403,0.4392356872558594,1434.6781005859375,0.3051368296146393,19.59925651550293,16.98556900024414,1121.7239990234375,0.6666430234909058,0.1842872053384781,502.04132080078125,0.14666327834129333,6.843135833740234,8.979616165161133,502.7751770019531,0.1362382173538208,1mgml,shg,roi2,4726.111175537109,64399.0979309082,32052.638511657715,184.59178298184946,65353.42668914795,59982.99867248535,4820.037673950195,3184.8863220214844,1719.8062744140625,59979.05835723877,8736.957916259766,8741.48550415039,8535.480613708496,8620.571426391602,4011.3464889526367,3326.894117647059,8042.237861633301,6643.193397521973,60122.64621734619,6462.315727233887,407.264508041338,2814.0,65528.0,32120.0,9.0,65532.0,62598.0,2810.0,1709.0,627.0,62346.0,5927.0,5949.0,5634.0,5717.0,4012.0,128.0,5874.0,4184.0,62643.0,5194.0,19.0,4587.204526349519,3559.734299071355,3183.233603786698,2346.6068909708024,756.6475346710016,841.5760796100857,6314.357389998206,4862.780927417224,2983.326364896266,5820.497127966856,7204.45296089672,7175.538380224147,7295.725062605023,7321.418581319276,15.894455218635354,6728.368714280214,5989.537678581145,6028.981408620328,6130.374238808274,3804.206709650864,1630.998484460369,D1,N8,t,appliedMASKiso_1mgml_roi2_8bit.ome
appliedMASKiso_shg_1mgml_roi2_8bit.ome,40,97.02912056,54.50959813,0.892445514,3.763962617,114.15,43.039,0.90663,3.4318,107.0,59.95067752,28.67104321,0.071132978,1.176528547,40.0,4938,24.5437,4052,80,50.65,37,1.299,0.0221,0.6204,0.1031,131072,0.024726659059524536,2177.216552734375,0.1320970207452774,35.213314056396484,51.640052795410156,1248.51904296875,0.1409541517496109,0.009255563840270042,2228.146240234375,0.09288977086544037,36.18031692504883,51.7236328125,1258.430908203125,0.11376471817493439,0.05188298225402832,321.4837951660156,0.13195359706878662,4.3009419441223145,8.087331771850586,135.05731201171875,0.09768935292959213,1mgml,shg,roi2,10881.641304016113,65531.660552978516,32204.532691955566,1987.3248823138958,62459.65913391113,47242.56801275645,10809.523796081543,6732.768165588379,13133.763511657715,46518.02651234827,22456.612762451172,22543.48168182373,21385.539810180664,21695.287338256836,4011.9994888305664,5237.488095238095,22540.181282043457,15996.994720458984,46943.50857169015,6439.619445800781,7538.964408874512,9319.0,65533.0,32213.0,719.0,63990.0,49449.0,9158.0,5531.0,11385.5,48494.0,20405.0,20510.0,19194.0,19511.0,4012.0,485.0,21093.0,14053.0,49035.0,5676.0,4968.0,4785.286173257658,3611.6514798978865,105.9633169694855,101.41601274430403,3166.3239831503647,3838.119520779156,7722.885479523429,5027.055948406175,6882.931028890692,7514.055395628,7715.306612288522,7699.0139454414275,7717.237154748429,7758.679339957465,0.038369412952785835,9613.052948358993,6853.349583787862,6340.884257456587,7630.055585988385,2231.545558603626,7077.697505128201,D1,N8,t,appliedMASKiso_1mgml_roi2_8bit.ome
appliedMASKiso_shg_1mgml_roi2_8bit.ome,41,96.26858304,61.82652174,0.917566304,3.765956522,112.84,52.0405,0.920115,3.62035,46.0,59.76393695,31.00163819,0.039789838,0.933275691,41.0,5354,22.4813,4384,117,37.4701,30,1.3274,0.0222,0.3209,0.1198,131072,0.19460482895374298,2187.59521484375,0.1851947009563446,31.313684463500977,28.24917221069336,1362.7718505859375,0.43410274386405945,0.17657166719436646,2248.00048828125,0.17875565588474274,32.16655349731445,27.925888061523438,1381.86181640625,0.4269470274448395,0.10271281003952026,298.64251708984375,0.11031658202409744,4.46200704574585,8.203357696533203,278.54718017578125,0.10882358253002167,1mgml,shg,roi2,5820.233108520508,65530.92555999756,32149.175674438477,278.40964358328733,65214.44366455078,58085.70380401611,5936.2802734375,3800.250015258789,2651.967330932617,58056.8620300293,11338.377334594727,11361.462760925293,10975.18130493164,11102.758934020996,4011.998374938965,4287.153284671533,10820.5654296875,8373.842864990234,58178.66683959961,7373.356399536133,741.0832321936996,4047.0,65533.0,32164.0,15.0,65526.0,60771.0,4027.0,2430.0,1205.0,60549.0,8671.0,8712.0,8212.5,8340.0,4012.0,116.0,8774.0,6058.0,60788.0,6867.0,55.0,4565.878160348736,3488.4504088706553,106.03642815481875,140.82000148740087,875.3135902320247,1079.0794495755347,6826.971438695446,4923.818283060711,3614.9313470762254,6432.841748423329,7446.290559554042,7422.065344843413,7516.607303428461,7547.151481649834,0.05187037156376718,8447.912276013472,6374.58625746639,6117.226707954279,6692.636645922861,2873.4885939159158,2087.6393086272387,D1,N8,t,appliedMASKiso_1mgml_roi2_8bit.ome
appliedMASKiso_shg_1mgml_roi2_8bit.ome,42,110.7935577,61.33969231,0.904264615,3.635103846,128.915,45.512,0.91451,3.45645,52.0,53.49884162,38.62879769,0.055385009,1.028818665,42.0,4930,24.5868,4037,124,32.5565,27,1.3075,0.0158,0.4053,0.1516,131072,0.10831562429666519,2433.456787109375,0.14580988883972168,35.573204040527344,34.61554718017578,1426.5018310546875,0.32305988669395447,0.08914734423160553,2509.5712890625,0.13172289729118347,36.76348876953125,34.317840576171875,1427.166259765625,0.30747756361961365,0.07752401381731033,266.8004455566406,0.09862115234136581,3.964564085006714,7.609833717346191,178.75994873046875,0.09757018834352493,1mgml,shg,roi2,6705.34992980957,65531.42088317871,32178.11294555664,258.3962882817404,65067.67150878906,56247.877601623535,6751.779632568359,4255.307586669922,3897.5011444091797,56086.24959564209,13521.94467163086,13564.276885986328,12967.730339050293,13139.571075439453,4011.9993438720703,4786.294117647059,13268.196792602539,9776.139671325684,56263.47262573242,7618.757293701172,1158.1720454718852,5107.0,65533.0,32186.0,11.0,65488.0,58679.0,5043.0,3020.0,2383.0,58329.0,11143.0,11204.0,10500.0,10671.0,4012.0,442.0,11451.0,7693.0,58619.0,7191.0,237.0,4319.008614805638,3271.071077122498,105.97893665985237,111.90444398409353,859.429083359121,1281.0449542912922,6690.877297266422,4624.256039060401,4092.428525856162,6400.296381199286,7158.16183019763,7138.733993223907,7175.703371793813,7212.732447522353,0.04278579418031041,9178.707098270852,6308.074497111934,5818.339352775084,6598.699461608994,2213.5209390629648,2547.5788676362295,D1,N8,t,appliedMASKiso_1mgml_roi2_8bit.ome
appliedMASKiso_shg_1mgml_roi2_8bit.ome,43,105.0151958,55.5938169,0.892509014,3.174047887,122.47,43.38,0.90536,2.9637,71.0,57.79264576,32.01733747,0.066814041,0.876620324,43.0,4957,24.442,4133,114,36.2544,21,1.3153,0.0218,0.4502,0.1469,131072,0.07391007244586945,2522.126708984375,0.107561856508255,37.36207962036133,37.7319450378418,1401.99755859375,0.2663104236125946,0.05516583472490311,2608.666259765625,0.07804582267999649,38.5488395690918,37.80946350097656,1397.7259521484375,0.24541950225830078,0.06688098609447479,278.84356689453125,0.09393494576215744,4.0608296394348145,6.566892147064209,107.92829132080078,0.09155406802892685,1mgml,shg,roi2,7122.93025970459,65531.42702484131,32183.077072143555,249.11854399319913,65028.81056976318,55116.796058654785,7145.590492248535,4428.500679016113,4827.218925476074,54793.13260650635,14793.624420166016,14851.951332092285,14104.559532165527,14306.289909362793,4011.9992752075195,4877.174418604651,14810.66626739502,10515.648979187012,55035.42980957031,7478.0471267700195,1411.9795989990234,5763.0,65533.0,32189.0,28.0,65419.0,57167.0,5658.0,3374.0,3625.0,56640.0,12789.0,12866.0,11986.0,12194.0,4012.0,335.0,13409.0,8731.0,57007.0,7002.0,538.0,3836.43391271203,2889.466061990929,105.981695501807,105.74021961687946,780.6776340980668,1202.5805942282177,6071.852639503128,4171.5011669658625,3826.5733665760577,5820.866173898527,6440.691127171444,6427.614890890463,6469.899650233867,6501.394633130287,0.1315696426508277,9213.924023533005,5678.68958000507,5212.688995663632,5993.734950758542,1888.0153069883834,2520.3074638074363,D1,N8,t,appliedMASKiso_1mgml_roi2_8bit.ome
appliedMASKiso_shg_1mgml_roi2_8bit.ome,44,105.4610364,57.17563636,0.895385152,2.964569697,127.63,42.966,0.90101,2.7132,33.0,64.15222425,33.29630887,0.043574263,0.64108536,44.0,3726,33.1779,3108,94,33.0638,13,1.229,0.0215,0.3526,0.1226,131072,0.13817265629768372,2443.375,0.07442965358495712,35.164024353027344,29.55473518371582,1306.70361328125,0.3682038187980652,0.1209961548447609,2512.604736328125,0.05192897096276283,36.21826934814453,29.587173461914062,1321.8271484375,0.3544108271598816,0.07650606334209442,281.37158203125,0.0690060704946518,4.087217807769775,5.396462917327881,128.5530242919922,0.08659045398235321,1mgml,shg,roi2,5433.934478759766,65531.20920562744,32163.112228393555,54.80311239193084,65402.13301086426,58288.110748291016,5432.953704833984,3346.834259033203,2659.560821533203,58016.4100189209,11415.37126159668,11464.907836914062,10855.109870910645,11015.555389404297,4011.998878479004,5769.170212765957,11524.674545288086,8058.8215408325195,58255.691246032715,7348.097465515137,448.4187572483672,4273.0,65533.0,32168.0,4.0,65517.0,60078.0,4228.0,2517.0,1666.0,59690.0,9522.0,9580.0,8938.5,9089.5,4012.0,541.0,10014.0,6497.0,60000.0,6801.0,106.0,3154.4524675142434,2267.8051641552,105.99116163914478,111.4303269614074,197.40902133699996,392.3396712172303,4912.287864219863,3318.059623393043,2779.59096227856,4760.969322337122,5589.092655222438,5588.220686232708,5500.545464616727,5546.315169125851,0.12274687934882121,9517.899253778123,5226.773823230074,4358.231391905668,4874.678871446992,2162.3013817957067,1061.4125472197823,D1,N8,t,appliedMASKiso_1mgml_roi2_8bit.ome
appliedMASKiso_shg_1mgml_roi2_8bit.ome,45,85.55906071,44.44996429,0.879444464,2.453821429,70.991,39.0325,0.897575,2.38185,56.0,58.15936575,13.99715914,0.068788301,0.34080819,45.0,2806,44.7117,2360,70,33.7143,13,1.1561,0.0206,0.405,0.0737,131072,0.09098215401172638,2576.655029296875,0.053658582270145416,37.70652770996094,33.286685943603516,1322.49951171875,0.29756230115890503,0.07295940816402435,2666.732421875,0.017964059486985207,39.05767059326172,33.857521057128906,1340.542236328125,0.27751463651657104,0.06690625846385956,287.61895751953125,0.0787988230586052,4.211041450500488,4.417500972747803,75.66631317138672,0.08358882367610931,1mgml,shg,roi2,5939.463470458984,65531.27845001221,32172.78374481201,36.22856323264901,65406.64260864258,57105.7278213501,5869.738609313965,3562.7581787109375,3468.2892150878906,56695.31507873535,12835.724632263184,12902.215431213379,12117.441032409668,12312.244361877441,4011.998977661133,5403.336734693878,13191.211196899414,8904.764640808105,56996.33281707764,7450.633819580078,537.6699523925781,5097.0,65533.0,32178.0,13.0,65471.0,58329.0,5031.0,2983.0,2814.0,57826.0,11500.0,11573.0,10757.0,10948.0,4012.0,618.0,12121.0,7780.0,58186.0,6919.0,326.0,2553.3779577981977,1830.4258281686816,105.98641349558261,103.67772513043714,83.95524372699954,217.4408374230336,4001.3000231394394,2679.298987736386,2338.994151271497,3926.9829680458656,4641.649543599437,4647.481533138092,4522.606451379699,4567.378170102286,0.12234307047623555,9079.600338394699,4494.295950538999,3551.2789718186295,3989.958690961541,1878.666697929956,716.8972691111884,D1,N8,t,appliedMASKiso_1mgml_roi2_8bit.ome
appliedMASKiso_shg_1mgml_roi3_8bit.ome,1,80.01555714,70.80952381,0.916342857,3.623095238,75.964,54.556,0.91859,3.5755,21.0,62.47579947,43.01278693,0.0358868,0.831249496,1.0,3516,35.279,2962,49,60.449,15,1.2117,0.0089,0.0761,0.1713,131072,0.5816612839698792,622.68603515625,0.41033172607421875,10.916913986206055,11.067137718200684,601.1793823242188,0.7536866068840027,0.5889898538589478,596.2437133789062,0.42275553941726685,10.439705848693848,9.659930229187012,571.2520751953125,0.7712414264678955,0.20699556171894073,332.7543640136719,0.1648378074169159,5.781345367431641,7.506115436553955,372.84088134765625,0.14051157236099243,1mgml,shg,roi3,2559.1092049514,53996.368225097656,31896.240272521973,283.79879057561755,65369.03740692139,62681.31770324707,3886.080282572383,2147.634569877506,1263.5398229266343,62504.876457214355,4725.806878790397,4753.316258203871,4734.655171554374,4736.7090304893245,53199.8346786499,2668.4830119375574,3869.120835756418,4202.657555869403,62748.72476196289,3325.5223145301984,720.1356650422935,765.5,60802.5,31378.0,13.0,65535.0,65144.0,1384.0,682.0,137.0,64794.0,1701.0,1718.0,1676.0,1681.0,53201.0,102.0,1428.0,1377.0,65134.0,1609.0,57.0,3725.011788375968,3109.9930003393256,13324.922680507292,3411.8658733883544,1033.3872609359817,928.6510761941115,4917.107707957616,5265.547065880834,2655.5225999297604,4587.104161095064,6344.817223750203,6371.924526439889,6382.260098674792,6379.001966063057,135.46650114632862,6302.4257319274075,5251.4269334736755,5859.931646545777,4770.7599049888095,3801.1102463116563,2192.427434791591,D1,N8,t,appliedMASKiso_1mgml_roi3_8bit.ome
appliedMASKiso_shg_1mgml_roi3_8bit.ome,2,72.82188621,58.1332069,0.904919655,3.416368966,46.397,48.6,0.91432,3.3371,29.0,59.3448697,32.35609017,0.03653854,0.915671241,2.0,3308,37.623,2795,60,46.5833,14,1.1971,0.0142,0.0765,0.2058,131072,0.5791027545928955,614.74072265625,0.425420343875885,10.833965301513672,11.188224792480469,607.4963989257812,0.7526171803474426,0.5813927054405212,604.6611328125,0.442756712436676,10.564515113830566,9.771240234375,554.5059814453125,0.7663834095001221,0.2017456293106079,312.2110900878906,0.15897300839424133,5.524816989898682,7.346181869506836,363.56878662109375,0.13788047432899475,1mgml,shg,roi3,2712.845081577697,54246.48085021973,32020.72649383545,262.66195867534674,65370.526626586914,62474.50994873047,4061.64720503372,2228.1469703817006,1404.8548837209303,62302.06510925293,5024.169399818253,5055.572911369188,5020.953070939665,5025.300691138586,53200.77201843262,2810.3006438831103,4120.946493034424,4454.074849725295,62547.61139678955,3453.3829524706744,757.0208460965312,768.0,61466.0,31405.0,16.0,65535.0,65185.0,1403.0,690.0,146.0,64826.0,1688.0,1706.0,1673.0,1678.0,53199.0,108.0,1428.0,1377.0,65172.0,1622.0,67.0,3962.6458870809047,3236.7483538557212,13317.40344419884,3480.2728733089893,907.2513654602133,843.843399349296,5253.8834074005545,5529.053583265119,2849.877800865644,4916.778535185943,6784.546636438608,6818.128630234056,6798.138104486332,6799.145139119195,138.5522387060373,6709.270141886145,5631.464654696057,6229.505602698918,5089.7390806473595,3981.593673682608,2077.258142454253,D1,N8,t,appliedMASKiso_1mgml_roi3_8bit.ome
appliedMASKiso_shg_1mgml_roi3_8bit.ome,3,79.7376,65.03403846,0.894201538,3.777242308,60.0775,50.352,0.91126,3.69675,26.0,66.73172555,42.23803769,0.062873317,0.700936662,3.0,3528,35.1522,2973,56,53.0893,22,1.2196,0.0137,0.0855,0.2587,131072,0.5261669754981995,685.5357055664062,0.3995699882507324,12.284159660339355,12.394091606140137,638.0617065429688,0.7168227434158325,0.5298272371292114,677.4791870117188,0.4095231592655182,12.049459457397461,11.009601593017578,595.1325073242188,0.7326521277427673,0.1949453055858612,295.90399169921875,0.1497696489095688,5.341861248016357,7.441312789916992,343.3124084472656,0.138343945145607,1mgml,shg,roi3,2930.2952758774236,55992.673889160156,31971.595512390137,305.4586849270752,65329.83525848389,61989.97537231445,4448.254548655946,2421.0402713262793,1613.756050742025,61839.19235229492,5493.663101647573,5529.751641501032,5507.313192729628,5509.687212079504,53199.70841217041,2469.221334586466,4393.0623567987695,4848.47632271384,62075.292640686035,3537.5026110189046,962.0312965245649,792.0,63472.0,31383.0,27.0,65535.0,65100.0,1403.0,682.0,140.0,64763.0,1771.0,1791.0,1746.0,1753.0,53198.0,101.0,1493.0,1431.0,65099.0,1672.0,85.0,4294.804635805171,3592.3058268148475,12355.962033985204,3670.754526388465,894.4623474478574,897.156243620898,5970.811413074444,6164.884903059319,3174.3399313238715,5618.612518819069,7437.20530428523,7473.195053584023,7495.82117810754,7490.363318403535,122.86996684991121,6139.0970123653215,5980.579847428345,6810.592267008353,5800.456191606643,4036.2273816246075,2330.360313788935,D1,N8,t,appliedMASKiso_1mgml_roi3_8bit.ome
appliedMASKiso_shg_1mgml_roi3_8bit.ome,4,68.05992727,62.04530303,0.904192424,3.765245455,46.123,53.977,0.92265,3.7154,33.0,60.37928842,29.75808531,0.066144388,0.664597058,4.0,3562,34.7976,2978,62,48.0323,20,1.22,0.0098,0.0923,0.2775,131072,0.48290368914604187,747.2981567382812,0.3892274796962738,13.510953903198242,13.626835823059082,666.173828125,0.6843199133872986,0.4645913243293762,748.7630615234375,0.40904879570007324,13.485271453857422,13.165056228637695,678.218994140625,0.6878882646560669,0.20210161805152893,307.0877380371094,0.14645595848560333,5.662461280822754,7.594244003295898,316.5673828125,0.1482900232076645,1mgml,shg,roi3,3214.6599243917412,56608.04821777344,31748.597244262695,336.54984125384266,65293.7419128418,61523.47329711914,4858.741459303393,2646.0607820557752,1912.1631974172374,61364.597648620605,6096.9987802513815,6138.838419658147,6090.947324630844,6097.008465540082,53198.05123138428,2519.903441191577,4886.574840867233,5339.868089437462,61605.7936706543,3713.161103751333,1134.4609953343702,888.0,64223.0,31370.0,38.0,65535.0,65020.0,1548.0,763.0,154.0,64708.0,1977.0,2000.0,1955.0,1961.0,53198.0,110.0,1688.0,1602.0,65027.0,1862.5,113.0,4640.407002343031,3885.1129421422256,12231.398418420356,3580.706218162344,1063.603696915337,1038.1185522989292,6604.133997560254,6609.217388165211,3676.109914018507,6291.8020167393315,8122.533445875304,8164.470818289262,8142.891454071972,8143.852247624446,155.0169600770803,6092.919216792218,6578.848623960182,7372.773542644634,6448.629028612481,4106.744467764861,2601.25994944577,D1,N8,t,appliedMASKiso_1mgml_roi3_8bit.ome
appliedMASKiso_shg_1mgml_roi3_8bit.ome,5,85.87505652,63.04678261,0.919082174,3.779395652,68.091,54.026,0.92016,3.9565,23.0,64.32232529,28.82042674,0.035680666,0.78729153,5.0,3170,39.3479,2674,69,38.7536,17,1.191,0.0187,0.0759,0.251,131072,0.5378707647323608,701.6177368164062,0.39027872681617737,12.276232719421387,11.952558517456055,630.4866943359375,0.7248390316963196,0.5168656706809998,707.7061767578125,0.392314612865448,12.37339973449707,11.398794174194336,623.1832275390625,0.7239700555801392,0.20350007712841034,328.5956726074219,0.1484559029340744,5.784182071685791,6.903217792510986,338.592529296875,0.13893531262874603,1mgml,shg,roi3,3109.552162144534,55874.60634613037,31817.543075561523,262.6299596686287,65353.10125732422,61913.34295654297,4725.912158561241,2655.863094583506,1562.7060236812997,61814.30628967285,5703.676363162014,5733.863667492826,5731.21490183929,5730.794938690321,53198.38998413086,2356.486185167232,4523.039256130968,5087.377910579181,62017.318992614746,3847.7463393555963,804.7960218655207,900.0,63719.0,31380.0,24.0,65535.0,65041.0,1566.0,779.0,146.0,64743.0,1967.0,1986.5,1948.0,1951.0,53198.0,93.0,1623.0,1609.0,65053.0,1898.0,73.0,4615.911298919296,4094.3737229372505,12618.55383165099,3346.3162056026613,877.6896187293837,876.7611897773455,6157.293931732338,6593.123056773933,3109.417861197915,5734.0627510751865,7674.767791846237,7699.1781442856145,7759.497697606629,7748.334543397399,147.73831258518328,5845.65413444071,6098.4629509418,7151.668042353664,5957.430381163605,4365.718111429528,2022.0222111727553,D1,N8,t,appliedMASKiso_1mgml_roi3_8bit.ome
appliedMASKiso_shg_1mgml_roi3_8bit.ome,6,86.62881818,65.89445455,0.89538,3.596618182,72.637,45.3765,0.91546,3.55285,22.0,61.68470218,42.6627665,0.051787542,0.699205936,6.0,3544,34.9845,2942,77,38.2078,22,1.2391,0.0179,0.0767,0.2113,131072,0.5082922577857971,746.7487182617188,0.3709723651409149,13.187827110290527,12.823644638061523,660.6679077148438,0.7019656300544739,0.4787706732749939,765.0284423828125,0.3739909827709198,13.533845901489258,12.332487106323242,643.710205078125,0.6968913078308105,0.21492017805576324,349.24261474609375,0.14750707149505615,6.140503883361816,7.487685203552246,389.0561828613281,0.1488650143146515,1mgml,shg,roi3,3226.4963038285237,56205.21382141113,31717.054512023926,271.1507228788518,65344.33029937744,61709.34436035156,4880.356879560671,2731.796877220258,1616.0260088412306,61625.33173370361,5935.164382787785,5968.822817806185,5957.81563528956,5958.552948866938,53197.96878814697,2233.228266395526,4704.801875524566,5280.041932984699,61825.558448791504,3949.849707857189,761.3793414931575,1018.0,63795.0,31365.0,23.0,65535.0,64927.0,1730.0,868.0,165.0,64658.0,2175.5,2197.0,2159.0,2163.0,53198.0,89.0,1785.0,1800.0,64953.0,2126.0,64.0,4812.169362963194,4265.374529277922,12253.385427373682,3354.7970080773293,1041.930819653726,983.4832914039474,6419.79617191888,6836.101725980213,3131.1786511748446,5961.334040022809,7908.494444319776,7934.630467938389,8005.603020198942,7992.65937348257,146.58587996988427,5812.7232314802095,6226.888176378921,7394.071698419072,6193.508346731979,4357.4765910549295,1774.6817831919784,D1,N8,t,appliedMASKiso_1mgml_roi3_8bit.ome
appliedMASKiso_shg_1mgml_roi3_8bit.ome,7,83.72844848,52.7340303,0.913558485,3.665018182,75.256,44.186,0.91564,3.5359,33.0,63.40173793,19.790074,0.037478558,0.92805801,7.0,3664,33.7732,3106,86,36.1163,26,1.2404,0.0254,0.0867,0.2044,131072,0.46416667103767395,804.5011596679688,0.3514932096004486,14.454244613647461,14.32894515991211,688.425537109375,0.6667958498001099,0.4360487461090088,828.71044921875,0.35748207569122314,14.841397285461426,13.43322467803955,673.793212890625,0.6662027835845947,0.22490748763084412,358.4029235839844,0.14422279596328735,6.467123508453369,8.612905502319336,390.5541076660156,0.16350321471691132,1mgml,shg,roi3,3439.23726157499,57912.04807281494,31768.463890075684,438.5425960232185,65243.18782043457,61217.72830963135,5154.053024887907,2836.5358291636885,1906.0790590016952,61128.940200805664,6441.805239414325,6482.987423822715,6446.320823110407,6450.7122358527895,53195.71201324463,2628.219584569733,5097.351191135734,5674.4354570637115,61339.07288360596,3991.6275346260386,1046.3510771349474,1176.0,64830.0,31363.0,24.0,65535.0,64728.0,1931.0,966.0,194.0,64499.0,2477.0,2498.0,2463.5,2470.0,53198.0,112.5,2012.0,2066.0,64767.0,2415.0,67.0,5135.367450868943,4365.827172645122,11159.28429932523,3460.780241351629,1524.991835600674,1457.9142526972382,7235.680910517634,7220.766389247186,3844.156057027931,6795.921202907973,8613.839842928974,8646.299610795591,8681.404092374338,8674.066736090188,148.54412639241858,6309.230691310495,6813.263727682124,7973.470488913309,6992.035043908352,4126.621380176008,2670.764349479923,D1,N8,t,appliedMASKiso_1mgml_roi3_8bit.ome
appliedMASKiso_shg_1mgml_roi3_8bit.ome,8,70.74927931,56.89610345,0.916076897,3.659106897,47.603,48.265,0.92458,3.357,29.0,61.74225104,29.71454807,0.033499574,0.780626293,8.0,3562,34.7976,2974,66,45.0606,23,1.2448,0.0112,0.0779,0.2265,131072,0.5091225504875183,738.2100830078125,0.3636825382709503,13.129878997802734,13.164175033569336,661.1144409179688,0.7005415558815002,0.4892708659172058,745.1502685546875,0.3730497360229492,13.237041473388672,11.891521453857422,617.6190185546875,0.7047088742256165,0.22416141629219055,353.1162109375,0.15344128012657166,6.2996602058410645,8.703930854797363,407.30902099609375,0.15835781395435333,1mgml,shg,roi3,3451.1277231783693,57723.84785461426,31745.8793258667,458.54113485702976,65234.15177154541,61300.26753997803,5126.804727762499,2850.5024235630003,1777.5430646394293,61252.95641326904,6342.498753766307,6378.867757252607,6362.793361833699,6364.2057074348095,53197.394271850586,2445.9037558685445,5045.223675285135,5647.899023520689,61438.564849853516,4070.096425360067,997.9920923568634,1249.0,64888.0,31349.0,16.0,65535.0,64644.0,2022.0,1015.0,207.0,64433.0,2629.0,2655.0,2615.0,2620.0,53197.0,97.0,2142.0,2196.0,64690.0,2552.0,52.0,5201.848808380181,4464.113004434932,11082.391221194574,3320.897589894756,1535.9888309794626,1508.1223646645913,7216.603019177879,7324.186450488568,3734.2234035527244,6703.770830439075,8500.856177540061,8522.352839382922,8620.780085026887,8604.201632313905,123.35944052118202,6241.355022360946,6728.72510495837,8010.318461999896,6951.089519640894,4129.057643645539,2768.515280138439,D1,N8,t,appliedMASKiso_1mgml_roi3_8bit.ome
appliedMASKiso_shg_1mgml_roi3_8bit.ome,9,70.679188,59.86692,0.9107968,3.620136,45.0,56.117,0.9188,3.4598,25.0,66.70821029,24.80854452,0.047647518,0.912628493,9.0,3387,36.6988,2808,61,46.0328,18,1.2087,0.0172,0.0736,0.2402,131072,0.5360939502716064,684.648193359375,0.3768031895160675,12.204169273376465,12.537332534790039,640.479736328125,0.719394862651825,0.5256677865982056,682.8262329101562,0.39732661843299866,12.231427192687988,10.629664421081543,566.3582763671875,0.7293490767478943,0.22519023716449738,341.4613342285156,0.1632070243358612,6.135743141174316,8.930323600769043,416.683349609375,0.15843282639980316,1mgml,shg,roi3,3554.355244831849,57985.49929046631,31619.253005981445,444.09204209530566,65222.71913909912,61156.527351379395,5248.584036495303,2918.8933214234444,1821.483591738801,61137.80623626709,6482.833468959797,6518.941205927919,6511.216326818047,6511.374939359322,53197.371353149414,2607.77593722755,5153.903640005634,5798.04830127854,61311.018379211426,4179.279330526909,1028.1865354477115,1372.0,64486.0,31311.0,15.0,65535.0,64471.0,2204.0,1104.0,238.0,64284.0,2898.0,2925.0,2880.0,2888.0,53197.0,108.0,2337.0,2415.0,64530.0,2762.0,53.0,5269.9556336931,4453.943734300001,10512.206140097305,3237.331415959861,1389.6753497211544,1471.7769465147442,7376.81707661913,7361.055939151572,3948.6738558023394,6868.93479167637,8593.855526841333,8615.626954859967,8709.919620399683,8694.047803862526,191.15754135779363,6161.070328964322,6854.044103868262,8112.13031738654,7103.099803405848,4143.034055454315,2932.230808242182,D1,N8,t,appliedMASKiso_1mgml_roi3_8bit.ome
appliedMASKiso_shg_1mgml_roi3_8bit.ome,10,60.92443364,56.80668182,0.909841364,3.776686364,43.725,52.3105,0.932495,3.5816,22.0,58.75575433,23.58600406,0.048618724,0.832006872,10.0,3305,37.659,2829,56,50.5179,18,1.1999,0.0124,0.0683,0.2479,131072,0.5744360089302063,649.6723022460938,0.38516509532928467,11.303911209106445,11.628572463989258,631.4681396484375,0.745903730392456,0.5838320255279541,607.7255859375,0.41440415382385254,10.70339298248291,9.19509506225586,504.8681640625,0.7681159973144531,0.22223123908042908,359.26861572265625,0.17435196042060852,6.20493745803833,8.936866760253906,452.7926940917969,0.15481354296207428,1mgml,shg,roi3,3552.6699338760486,58139.643226623535,31673.166961669922,383.42404537908135,65254.75576019287,61228.7110748291,5182.053378271214,2916.4498334655036,1722.8818863809115,61225.31533050537,6417.042115030723,6451.09921711737,6437.196921493403,6438.365085306135,53197.278480529785,2349.3891820580475,5133.595708181279,5759.707393718225,61390.45754241943,4259.865397211565,874.186195993054,1421.0,64348.0,31313.0,14.0,65535.0,64382.0,2259.0,1120.0,255.0,64197.0,3012.0,3043.0,2977.0,2986.0,53197.0,107.0,2434.0,2496.0,64446.5,2830.0,51.0,5210.406210796261,4470.782989498407,10276.496687763964,3179.3556817182957,1369.3428200263568,1409.8499054261094,7132.094510018873,7218.351985553288,3700.792587743827,6598.222558488861,8353.780980253148,8370.951291327836,8468.21936978517,8451.989869383744,136.8036655431901,5709.131022871359,6698.036192083913,7945.920015944798,6850.911588185892,4242.335905897228,2611.1197646512323,D1,N8,t,appliedMASKiso_1mgml_roi3_8bit.ome
appliedMASKiso_shg_1mgml_roi3_8bit.ome,11,88.98260136,68.97945455,0.90852,3.576890909,62.263,56.513,0.924825,3.42815,22.0,64.33733623,31.71020806,0.052552916,0.839523434,11.0,3500,35.4494,2961,73,40.5616,20,1.2221,0.0113,0.0783,0.2245,131072,0.530073344707489,705.1837768554688,0.3551312983036041,12.53074836730957,12.31611156463623,635.4600219726562,0.7163665294647217,0.5413779616355896,669.330322265625,0.37449541687965393,11.965412139892578,9.926399230957031,535.4959716796875,0.7397525310516357,0.20907136797904968,335.8003234863281,0.1705721616744995,5.9026198387146,8.69097900390625,409.50531005859375,0.15162718296051025,1mgml,shg,roi3,3689.1973440706183,59645.92344665527,31491.466300964355,458.66164374400927,65210.31001281738,60968.47938537598,5399.475289317798,3015.875987603468,1852.4677993435253,60974.32999420166,6740.484060552092,6778.6660730186995,6759.402168105617,6761.250230361222,53194.05497741699,2200.2900115696107,5363.032366719579,6013.916566649889,61133.946617126465,4389.2268225637845,980.5650039155241,1559.0,65240.0,31271.0,14.0,65535.0,64170.0,2495.0,1234.0,290.0,64014.0,3364.0,3397.0,3333.0,3341.0,53197.0,91.0,2662.0,2771.0,64238.0,3055.0,52.0,5272.657661870761,4450.517592437269,9379.927411124234,3330.228500232838,1864.5903118582848,1731.4856070575208,7408.845716286365,7274.277779656002,4079.961442575563,6931.645568799397,8586.639180393817,8610.17536925026,8673.298671216113,8662.077337675755,150.94857755858834,5444.07952674512,6922.948941734036,8087.614906684552,7147.853590191894,4231.755883341803,3178.5825640155817,D1,N8,t,appliedMASKiso_1mgml_roi3_8bit.ome
appliedMASKiso_shg_1mgml_roi3_8bit.ome,12,76.72003448,50.21558621,0.914223448,3.609062069,67.543,46.735,0.91245,3.4033,29.0,60.93865709,17.76982829,0.030280656,0.927588143,12.0,3568,34.7357,3034,67,45.2836,14,1.2301,0.0113,0.0856,0.2112,131072,0.5006568431854248,734.954833984375,0.33648794889450073,13.30855655670166,12.488327980041504,615.0156860351562,0.6976127624511719,0.5044273734092712,728.1046142578125,0.3465050160884857,13.145904541015625,10.67271900177002,554.3905639648438,0.714370846748352,0.19353406131267548,292.20745849609375,0.15440990030765533,5.3677496910095215,7.7411699295043945,331.8827819824219,0.14205315709114075,1mgml,shg,roi3,3779.478947734169,60436.186584472656,31398.06147003174,437.6542445345557,65205.831062316895,60779.52377319336,5569.282846257564,3077.3951114734564,1954.4959133136956,60784.22354888916,6998.732053647953,7042.562423269066,7011.27162171553,7014.783825312135,53194.31261444092,2167.6526839672947,5530.606141563265,6200.722826632486,60948.048347473145,4502.785863749025,1053.0070850926788,1686.0,65392.0,31251.0,16.0,65534.0,63971.0,2732.0,1347.0,327.0,63832.0,3662.0,3700.0,3631.0,3642.0,53196.0,91.0,2856.0,3005.0,64050.0,3261.0,46.0,5232.815918466128,4371.03843656034,8852.691955872044,3129.7630050706325,1522.9251456813658,1597.8863252835715,7588.656731844828,7270.9261581236315,4433.125870802666,7187.519192494541,8715.910735299942,8748.644920022276,8787.016328389145,8779.324298663201,150.19695661139116,5543.449231547877,7002.9675192965915,8117.406581704015,7355.620750780162,4185.736627688282,3489.832228500955,D1,N8,t,appliedMASKiso_1mgml_roi3_8bit.ome
appliedMASKiso_shg_1mgml_roi3_8bit.ome,13,53.263635,56.3791,0.909969,3.963055,33.199,44.896,0.910685,3.82125,20.0,54.01044711,29.32244057,0.042265231,0.890041573,13.0,3393,36.6304,2833,52,54.4808,18,1.212,0.0186,0.078,0.1957,131072,0.5567666292190552,684.6421508789062,0.3614935874938965,11.950197219848633,11.161946296691895,619.8346557617188,0.7389416098594666,0.5552469491958618,662.0764770507812,0.37078750133514404,11.589595794677734,9.91038990020752,553.186279296875,0.7491169571876526,0.1869906485080719,310.65496826171875,0.16954901814460754,5.343154430389404,7.08338737487793,404.2391052246094,0.1280144900083542,1mgml,shg,roi3,3719.39682367608,59630.793884277344,31431.860374450684,341.99264672299614,65267.196044921875,61082.69982147217,5404.186192468619,3057.079795652923,1713.0845706179168,61129.143867492676,6647.888604105527,6680.6251364766185,6685.523295881309,6683.883671588859,53193.80136871338,2626.4553950722175,5252.878475798147,5998.001494467373,61263.98540496826,4559.9053607241585,827.3846517605975,1578.0,65303.0,31251.0,17.0,65535.0,64161.0,2514.0,1258.0,271.0,64017.0,3358.0,3391.0,3335.0,3344.0,53196.0,107.0,2629.0,2786.0,64245.0,3104.0,42.0,5214.757528442288,4441.083546848722,9274.57470365444,3091.504688252244,1261.4812635175388,1322.6492313996653,7098.550865354095,7162.437655712977,3793.442791302375,6612.507287717148,8266.716188073917,8284.412579285088,8387.272311251434,8369.93201515471,148.94226162999266,6355.579254688263,6601.690133804615,7887.948352289517,6842.231061444914,4469.759374734253,2702.2105963994163,D1,N8,t,appliedMASKiso_1mgml_roi3_8bit.ome
appliedMASKiso_shg_1mgml_roi3_8bit.ome,14,65.07236842,65.03794737,0.914371053,3.516852632,48.991,39.601,0.93036,3.3349,19.0,63.17146262,52.1923405,0.04222746,0.780160285,14.0,3019,41.416,2515,72,34.9306,8,1.1987,0.0142,0.0725,0.1572,131072,0.5890302658081055,669.7830810546875,0.39525872468948364,11.22542953491211,10.868448257446289,673.0878295898438,0.7613058090209961,0.5755749940872192,661.35791015625,0.3983958959579468,11.242220878601074,10.17469596862793,597.014404296875,0.7626544237136841,0.18664349615573883,334.128173828125,0.18536658585071564,5.438438892364502,6.955923080444336,492.98681640625,0.12193960696458817,1mgml,shg,roi3,3737.6405271803137,58979.36892700195,31481.133758544922,354.5703293951604,65268.93215179443,61249.81172180176,5358.570810904126,3117.2005445785403,1568.5322366782118,61341.532943725586,6439.126960267774,6463.558048720015,6496.004408665468,6490.478948428687,53195.95624542236,2304.264957264957,5108.086918118143,5915.5370513853595,61453.29221343994,4689.890333477964,728.4814882341501,1532.0,64960.0,31282.0,17.0,65535.0,64227.0,2404.0,1209.0,256.0,64076.0,3209.0,3236.0,3181.0,3187.0,53197.0,84.0,2532.0,2682.0,64303.0,3018.0,40.0,5295.351193207155,4679.192415411463,9442.77984907882,3033.036126128772,1460.5750767432667,1424.4971367906667,6772.565607612916,7157.3661232900295,3423.961388180845,6179.108389222642,7951.4071799973035,7955.683384656297,8108.162402224795,8083.615974186957,191.31429619315733,5879.458295028381,6334.41030598401,7785.810992754988,6462.83476763773,4838.019703154469,2510.3761815468715,D1,N8,t,appliedMASKiso_1mgml_roi3_8bit.ome
appliedMASKiso_shg_1mgml_roi3_8bit.ome,15,75.8690045,71.8339,0.929719,3.9135,54.7665,59.4095,0.946255,3.60935,20.0,62.76026693,38.83878079,0.046828071,0.884174258,15.0,3451,35.9812,2938,69,42.5797,22,1.2138,0.0251,0.0815,0.1545,131072,0.5371728539466858,728.5262451171875,0.3975240886211395,12.559882164001465,12.593208312988281,711.36279296875,0.7239111661911011,0.5208749771118164,742.1375122070312,0.41531598567962646,12.656882286071777,12.324492454528809,690.1409912109375,0.7260526418685913,0.20240618288516998,341.9661560058594,0.18765045702457428,5.832236289978027,7.8377299308776855,432.9497985839844,0.13818670809268951,1mgml,shg,roi3,3887.690750150586,59718.815002441406,31388.354194641113,366.0989483231477,65246.55318450928,60977.54236602783,5589.583252099726,3200.5936707972332,1691.3737321506703,61083.76873779297,6767.553207098398,6795.396342687692,6828.801612429919,6822.995096297898,53194.71422576904,2524.5137221269297,5360.8944043739475,6196.226937155389,61185.64993286133,4796.780584428622,811.7812303270024,1660.0,65284.0,31268.0,18.0,65534.0,64086.0,2623.0,1323.0,278.0,63962.0,3440.0,3470.0,3427.0,3432.0,53197.0,107.0,2694.0,2899.0,64167.0,3245.0,46.0,5307.948992400111,4535.983330472699,8999.689318662318,3044.8002523912173,1464.8662222533544,1479.0504293587987,7018.6176082911325,7218.049061313076,3548.4224849778825,6437.927759871471,8176.866999164566,8187.820557898652,8325.447880957983,8302.93504459412,181.11682621731683,6061.6554008959765,6505.826798131807,7933.452820808836,6711.924743068762,4661.938987160956,2608.5074682060626,D1,N8,t,appliedMASKiso_1mgml_roi3_8bit.ome
appliedMASKiso_shg_1mgml_roi3_8bit.ome,16,88.67764483,55.50496552,0.915547241,3.655558621,79.114,41.003,0.92892,3.3565,29.0,59.19875103,32.43061471,0.047637618,0.944372468,16.0,3790,32.5839,3165,69,45.8696,22,1.2283,0.0176,0.093,0.101,131072,0.4867077171802521,793.0780639648438,0.3776986598968506,13.927048683166504,14.167370796203613,727.7039184570312,0.68514484167099,0.4669541120529175,796.3302001953125,0.3830467760562897,13.8820219039917,13.487178802490234,740.887451171875,0.6887524127960205,0.21270109713077545,363.8191833496094,0.17836901545524597,6.300771236419678,8.756503105163574,414.21319580078125,0.15502311289310455,1mgml,shg,roi3,4057.4787780731153,60743.40032196045,31260.31536342898,433.9731925264013,65193.74168395996,60634.354667663574,5821.423936352053,3281.7964772974483,1920.016799943051,60715.51721191406,7200.704064101083,7237.085080318964,7240.074702415347,7238.624161177241,53193.94509887695,2385.2352150537636,5776.665641973882,6524.725336106938,60831.69048309326,4901.479124773681,952.482027168234,1812.0,65416.0,31250.0,18.0,65534.0,63915.0,2805.0,1420.0,315.0,63823.5,3744.0,3779.0,3724.0,3731.0,53196.0,100.0,2954.0,3155.0,64012.0,3500.0,56.0,5382.852589200188,4485.95108991281,8435.605744446533,3033.019995449908,1711.0309747399015,1714.7030544991633,7377.672207178607,7294.506080575605,3997.31912627095,6898.260793540766,8540.565757941638,8563.433399625756,8643.400767839968,8629.388541262766,126.47265253798018,6096.323354631531,6974.069263047063,8152.225404228689,7116.198081839098,4537.9813096127455,2999.8013406507825,D1,N8,t,appliedMASKiso_1mgml_roi3_8bit.ome
appliedMASKiso_shg_1mgml_roi3_8bit.ome,17,91.56453611,56.39502778,0.912520556,3.480119444,79.0995,43.7165,0.923875,3.39785,36.0,59.48554374,30.14054524,0.048739458,0.925412347,17.0,4161,29.5004,3499,77,45.4416,32,1.2561,0.023,0.1007,0.1039,131072,0.45256564021110535,853.8890991210938,0.35982242226600647,15.07519817352295,15.337390899658203,756.5541381835938,0.6571588516235352,0.4486596882343292,840.2264404296875,0.3549600839614868,14.773422241210938,13.306112289428711,692.0166015625,0.6747034192085266,0.21570460498332977,378.29290771484375,0.16482894122600555,6.574705123901367,9.582706451416016,441.1464538574219,0.1661219298839569,1mgml,shg,roi3,4224.468714658296,61275.77780914307,31147.92551422119,505.7320630671417,65146.46035003662,60405.60846710205,6021.161642326992,3388.8575915743104,2019.6362662296735,60498.801902770996,7516.947338457159,7556.361745178141,7541.553704002893,7542.707695740147,53192.134857177734,2572.2109542148055,6056.70080242497,6791.866965171833,60611.50135803223,5061.7539409606015,996.7226363982359,1992.0,65454.0,31224.0,17.0,65534.0,63684.0,3096.0,1558.0,358.0,63629.0,4124.0,4160.0,4102.0,4114.0,53196.0,102.0,3213.0,3471.0,63794.0,3796.0,56.0,5541.20586011421,4589.5403995152055,8063.431975901872,2980.685629119507,2182.782504379752,1991.269551077494,7570.291309747217,7415.893717063069,4094.659748813374,7089.009874578558,8710.616256462044,8733.56333812167,8801.193817231635,8788.90078612693,133.34996432018986,6211.66976115533,7150.843233518399,8335.054732774073,7304.902264721658,4549.661596076241,3076.3523554695544,D1,N8,t,appliedMASKiso_1mgml_roi3_8bit.ome
appliedMASKiso_shg_1mgml_roi3_8bit.ome,18,95.13230357,57.628,0.921962143,3.804017857,77.356,46.7315,0.93913,3.8009,28.0,67.72011645,30.10183338,0.061994585,0.974990114,18.0,4129,29.7445,3486,84,41.5,18,1.2582,0.0244,0.1036,0.1624,131072,0.4379488527774811,881.36474609375,0.3523463010787964,15.626166343688965,16.004886627197266,781.6729125976562,0.6437424421310425,0.4335286617279053,857.9125366210938,0.34490376710891724,15.182506561279297,13.77352237701416,695.5698852539062,0.6642941236495972,0.22136014699935913,385.89263916015625,0.16596589982509613,6.7964091300964355,10.102458000183105,472.0776062011719,0.17410171031951904,1mgml,shg,roi3,4384.835026161896,61331.77060699463,31185.55696105957,564.0011685545734,65100.82861328125,60209.10289001465,6272.361285965988,3535.339576363933,2072.3465705671756,60336.319244384766,7741.178562634656,7779.988234841489,7787.557132963989,7785.339489073561,53193.026474201004,2324.663137632339,6157.937927054479,7028.735257002155,60430.59838104248,5185.990412434595,1019.6629005169368,2144.5,65456.0,31253.0,15.0,65534.0,63490.0,3351.0,1688.0,402.0,63464.0,4387.0,4424.0,4392.0,4394.0,53196.0,97.0,3376.0,3723.0,63611.0,4019.0,58.5,5735.012997049194,4694.1443303593605,7973.589283634171,2934.65693185746,2719.251210669515,2288.108423351634,7757.410305642515,7604.494092317296,4134.770912298135,7234.048371893139,8864.887225003857,8886.417869450257,8974.661145935415,8959.193527665135,141.12450885971802,5988.899116741602,7216.332359767361,8547.284104838847,7463.966850863058,4571.174522078128,2991.714386833943,D1,N8,t,appliedMASKiso_1mgml_roi3_8bit.ome
appliedMASKiso_shg_1mgml_roi3_8bit.ome,19,95.75118065,57.84996774,0.901633548,3.662190323,122.62,48.768,0.91901,3.3838,31.0,64.78045656,28.13422252,0.064792147,1.044248744,19.0,4059,30.2919,3405,92,37.0109,14,1.2511,0.0163,0.0996,0.2225,131072,0.44832348823547363,874.654052734375,0.3599911332130432,15.390135765075684,15.985455513000488,800.8828125,0.6504485607147217,0.44331851601600647,841.575927734375,0.36569875478744507,14.816000938415527,13.636505126953125,697.382080078125,0.6718161702156067,0.23052339255809784,411.04583740234375,0.16907823085784912,7.1174635887146,10.561619758605957,519.9012451171875,0.17870600521564484,1mgml,shg,roi3,4435.922338153265,61360.92630004883,31389.46231842041,515.9603427995295,65120.36028564671,60209.7001953125,6252.371657505612,3553.8076333513973,2082.6111325646825,60350.06118774414,7721.158051231618,7757.086996942084,7760.955199225533,7759.392442798531,53192.142974853516,2184.47582697201,6184.719977872366,7051.987130629869,60441.11968231201,5226.607249873227,963.9803722171193,2168.0,65448.0,31276.0,16.0,65534.0,63480.0,3333.0,1705.0,411.0,63464.0,4416.0,4453.0,4403.0,4411.5,53196.0,101.0,3408.0,3749.0,63608.0,4067.5,60.0,5874.39665163208,4798.082758658755,7898.208841434162,2989.248399588928,2515.4062927187965,2144.8432661114607,7776.319670024119,7657.574887647868,4119.477271048133,7241.516353850404,8912.802123678643,8931.9211464033,9009.883386749316,8995.819330090626,132.14654257560204,5498.4658708939105,7365.5776182706795,8650.190184712153,7477.961058816752,4653.524821998234,2713.0925275015043,D1,N8,t,appliedMASKiso_1mgml_roi3_8bit.ome
appliedMASKiso_shg_1mgml_roi3_8bit.ome,20,118.6493531,59.06346875,0.899346875,3.598684375,139.52,46.5375,0.91338,3.59965,32.0,60.37140145,38.2474974,0.056059859,0.659676921,20.0,4054,30.3318,3395,75,45.2667,29,1.2527,0.0183,0.1007,0.2465,131072,0.44523510336875916,898.9404296875,0.3734848201274872,15.600194931030273,16.303064346313477,831.5277099609375,0.6478368639945984,0.42403194308280945,897.6436157226562,0.38339048624038696,15.465431213378906,14.673916816711426,764.7470703125,0.6577805876731873,0.23867830634117126,439.54852294921875,0.16081617772579193,7.42050313949585,10.568281173706055,546.379638671875,0.1807134747505188,1mgml,shg,roi3,4573.514981791362,60863.76552402896,31436.657035827637,427.19074868015446,65138.03815460205,60081.68550109863,6418.269151907647,3699.7648073783494,2180.1740737814994,60236.844078063965,7840.520997556816,7873.032145546183,7893.757187418369,7889.763971480816,53194.10472869873,2482.4502545118003,6346.510164569216,7217.483566127322,60314.29708862305,5384.288910401205,1001.5532937424392,2303.0,65413.0,31290.0,18.0,65533.0,63371.0,3534.0,1834.0,445.0,63415.0,4548.0,4575.0,4558.5,4562.5,53196.0,102.0,3506.0,3940.0,63517.0,4250.0,73.0,5946.198480168477,4991.66870224749,8160.649929924642,3089.8815198951447,1578.319831545441,1748.277005762469,7836.287324238967,7770.662366793271,4321.830880197361,7338.435395693412,8991.97785620691,9012.30961785691,9086.011486075127,9072.29605343413,139.4151824200351,6365.185970576888,7531.841067956413,8720.259124418802,7565.055868898507,4914.772987273414,2809.255854684563,D1,N8,t,appliedMASKiso_1mgml_roi3_8bit.ome
appliedMASKiso_shg_1mgml_roi3_8bit.ome,21,102.74383,64.7615,0.906678667,3.537826667,130.595,47.9345,0.920515,3.34115,30.0,61.92590951,39.8041472,0.039854194,0.709280023,21.0,3851,32.0361,3267,81,40.3333,15,1.2506,0.0184,0.0969,0.2493,131072,0.44532647728919983,913.7493896484375,0.3776528537273407,15.67023754119873,16.29214096069336,823.4343872070312,0.648748517036438,0.4098467230796814,977.4842529296875,0.39451202750205994,16.384136199951172,15.930255889892578,828.1395263671875,0.6469169855117798,0.23728197813034058,431.8811340332031,0.15366137027740479,7.271148204803467,10.234402656555176,480.355712890625,0.1776484251022339,1mgml,shg,roi3,4637.793029461752,60340.21726989746,31530.370529174805,416.94930728241565,65139.45955657959,60094.2758102417,6559.245447618455,3847.296725084361,2162.7238984483392,60295.121742248535,7799.252197519091,7822.896441672498,7885.032230280006,7875.06809040782,53194.38116455078,2376.8524280999527,6238.631301285059,7259.6229418686025,60342.55874633789,5527.592095852591,1062.1028230536347,2284.0,65423.0,31310.0,21.0,65533.0,63459.0,3515.0,1843.0,433.0,63510.0,4444.0,4469.0,4452.0,4455.0,53197.0,101.0,3408.0,3864.0,63612.0,4265.0,84.0,5892.760685963124,5066.202864507455,8591.828440125772,2986.358459642573,1533.1481744152013,1764.749240012295,7826.812338927984,7853.478483346092,4381.448310313755,7327.560088338294,8967.647850961095,8983.921726400209,9089.982036106972,9071.393553294618,134.26424796989392,5786.193417717485,7435.025782613032,8699.079761079985,7566.133909435361,5194.752227133584,3290.5936156852104,D1,N8,t,appliedMASKiso_1mgml_roi3_8bit.ome
appliedMASKiso_shg_1mgml_roi3_8bit.ome,22,122.4201556,56.63003704,0.9206,3.787651852,151.93,45.602,0.93597,3.5237,27.0,58.99474291,29.09614615,0.04273026,0.949143854,22.0,3776,32.7121,3225,76,42.4342,19,1.2495,0.0146,0.0944,0.2495,131072,0.46001601219177246,906.1282958984375,0.3805553913116455,15.357338905334473,15.82377815246582,816.6443481445312,0.6611749529838562,0.43743354082107544,955.513671875,0.391859233379364,15.98414421081543,15.569448471069336,848.3668823242188,0.6674598455429077,0.2298116683959961,411.9635009765625,0.15090911090373993,6.9536871910095215,9.990433692932129,460.4984436035156,0.17201855778694153,1mgml,shg,roi3,4693.143879615189,59920.5680847168,31391.771743774414,456.0752603834157,65136.62631225586,60149.29180908203,6522.7048309178745,3855.0951846657317,2174.6603429667825,60356.4423828125,7798.164448184808,7819.892092218842,7869.155499621675,7861.206295650026,53194.10270690918,2217.7094374709436,6325.605962105653,7290.737302923146,60401.46788787842,5678.003458978675,1048.4658559714396,2281.0,65422.0,31292.0,25.0,65534.0,63524.0,3424.0,1810.0,408.0,63585.0,4387.0,4405.0,4398.0,4400.0,53197.0,87.0,3376.0,3848.0,63689.0,4305.5,77.0,5877.50578526766,5006.912661326846,9109.713368794526,2766.98146116408,2102.5615812683486,2080.541525374826,7752.579389626776,7692.280272615934,4643.51990021442,7319.53802605066,8943.249094897648,8962.59293655255,9019.463972774023,9008.270046636786,143.46031377497692,5649.967394178119,7673.107036457351,8652.771880764034,7530.984718221564,5427.2074961366225,3753.578285176587,D1,N8,t,appliedMASKiso_1mgml_roi3_8bit.ome
appliedMASKiso_shg_1mgml_roi3_8bit.ome,23,117.1866103,56.864,0.912007241,3.916555172,144.78,45.867,0.9196,3.9519,29.0,59.65872579,32.00140179,0.045161928,0.974999491,23.0,3756,32.897,3206,86,37.2791,19,1.2412,0.0153,0.1012,0.2023,131072,0.45370224118232727,926.4922485351562,0.3713568449020386,15.650716781616211,16.158281326293945,822.0673828125,0.6555493474006653,0.4340338408946991,938.5668334960938,0.38390520215034485,15.422869682312012,15.528342247009277,853.8511962890625,0.6648115515708923,0.22726066410541534,417.0596923828125,0.1553783118724823,7.050937652587891,10.470022201538086,446.0580749511719,0.17458461225032806,1mgml,shg,roi3,4818.258020041439,60234.03991699219,31356.737045288086,566.0853938266476,65067.565773010254,59899.45244598389,6737.208777527041,3943.8456306902185,2305.701588161701,60108.86112976074,8087.696828954564,8113.269696759634,8158.460999299089,8151.001833152329,53192.31751251221,2297.945157526254,6572.546764640186,7533.191756976377,60151.516593933105,5708.112014850074,1148.9639527385207,2364.0,65449.0,31293.0,28.0,65533.0,63411.0,3606.0,1907.0,438.0,63468.0,4523.0,4548.0,4547.0,4545.0,53197.0,101.0,3538.0,3992.0,63586.0,4413.0,79.0,5986.718583971336,5064.828433301415,8814.21838715449,2753.790988455344,2637.053790822215,2480.5164298089876,7978.9203882093625,7874.529888017663,4846.3569850106815,7516.524917849647,9147.416628421752,9164.004985218799,9232.371349528197,9219.763163110341,154.92796583999214,5840.840516753546,7839.161443709088,8863.232064175347,7744.683874649234,5220.6783322889605,3995.968075134666,D1,N8,t,appliedMASKiso_1mgml_roi3_8bit.ome
appliedMASKiso_shg_1mgml_roi3_8bit.ome,24,101.6734029,53.04161765,0.906325882,3.921729412,132.085,46.23,0.910815,4.08615,34.0,63.54948828,22.94217884,0.041805253,0.854924801,24.0,4188,29.2973,3551,98,36.2347,24,1.2695,0.0111,0.1153,0.2017,131072,0.41779184341430664,959.6485595703125,0.37683433294296265,16.528043746948242,17.667753219604492,851.8972778320312,0.6261376738548279,0.38558441400527954,976.982666015625,0.3726353049278259,16.78145980834961,16.193578720092773,868.264404296875,0.6278848648071289,0.22630950808525085,401.044189453125,0.14871996641159058,6.999894618988037,11.163185119628906,442.34295654296875,0.1814756840467453,1mgml,shg,roi3,5117.133376978472,60730.06812286377,31394.0786819458,737.0011569938578,64935.0163192749,59376.33455150262,7192.706188211155,4148.729053970031,2543.1698799302976,59610.21815657163,8704.457788731852,8736.860299611044,8778.160881118343,8771.057372819349,53194.75366973877,1990.9758961681089,6994.1914275811605,8057.878807717488,59646.19388728247,5848.479470096661,1343.8128375898054,2625.0,65489.0,31300.0,30.0,65532.0,62988.0,3989.0,2086.0,564.0,63063.0,5182.0,5214.0,5184.0,5193.0,53196.0,101.0,4025.0,4477.0,63160.0,4766.0,87.0,6252.432915816931,5186.308078121452,8601.105634036765,2689.115599277978,3305.6220383951677,3061.876400666306,8494.844774406969,8243.398286368367,5127.149694116313,7981.676932420853,9579.015394962615,9596.835399346563,9687.174746043578,9671.274569470113,121.69215719533877,5080.173909118173,8031.235033019485,9282.149204655188,8214.934534411814,5034.145917920711,4631.3605037184125,D1,N8,t,appliedMASKiso_1mgml_roi3_8bit.ome
appliedMASKiso_shg_1mgml_roi3_8bit.ome,25,103.5962927,57.20243902,0.905092439,3.680485366,130.24,48.064,0.91064,3.4546,41.0,62.28475284,28.75770275,0.037480654,0.8605546,25.0,4245,28.877,3587,85,42.2,22,1.272,0.0127,0.1148,0.2401,131072,0.41819122433662415,984.1558837890625,0.38377469778060913,16.72365951538086,17.954877853393555,880.887939453125,0.6251819729804993,0.3866983950138092,1010.453369140625,0.3839569091796875,17.115459442138672,16.30040168762207,850.3922119140625,0.6285516619682312,0.2308143824338913,430.92193603515625,0.14113160967826843,7.361499309539795,11.272806167602539,478.0019836425781,0.1859218031167984,1mgml,shg,roi3,5145.028222295845,60452.750343322754,31452.91535949707,629.9620347352578,64983.523498535156,59372.13137054443,7257.080000311801,4207.8829499481635,2544.99609650529,59613.55375671387,8730.771471057315,8761.328551286299,8807.622577836675,8799.838840905764,53195.16603088379,2656.0837138508373,7041.970282993428,8091.076476797312,59640.62243652344,5894.63844180259,1243.44320911899,2687.0,65492.0,31317.0,26.0,65532.0,62846.0,4135.0,2151.0,611.0,62924.0,5382.0,5419.0,5378.0,5385.0,53197.0,107.0,4187.0,4614.0,63009.0,4846.0,88.0,6284.742750801258,5289.54697671101,8727.98682035675,2657.102886760614,2627.90552723923,2599.3406227410446,8393.591149356764,8268.872436020376,5025.56095698051,7860.578251055907,9496.828462144627,9509.008338650312,9614.753740844362,9596.572725483345,139.2236754934336,6570.167818863538,8036.000424517715,9258.730772998077,8112.709616477252,5067.563348541903,3977.720338534599,D1,N8,t,appliedMASKiso_1mgml_roi3_8bit.ome
appliedMASKiso_shg_1mgml_roi3_8bit.ome,26,106.5068795,53.96,0.910002045,3.700290909,122.85,41.894,0.915105,3.45485,44.0,58.54517411,33.38290001,0.030781865,0.906064911,26.0,4229,28.9938,3571,76,46.9868,22,1.2677,0.0193,0.1185,0.2093,131072,0.41101589798927307,1003.8278198242188,0.4051850140094757,16.951993942260742,18.92841148376465,927.0921630859375,0.6180424094200134,0.3754408359527588,1023.4254150390625,0.4157608151435852,17.276439666748047,17.944644927978516,944.2665405273438,0.6201201677322388,0.23598907887935638,445.160888671875,0.14168956875801086,7.569329261779785,11.663217544555664,481.1914978027344,0.19151665270328522,1mgml,shg,roi3,5226.450429954112,60317.91191101074,31395.54665374756,634.9535169901718,64948.0912399292,59234.08406829834,7334.696174113686,4226.442354463534,2653.482763592093,59470.680351257324,8884.233802491035,8917.17087880307,8953.541364284887,8947.15828481086,53195.5920791626,2970.8271844660194,7195.684625766398,8224.408768750242,59503.935943603516,5906.0075425134,1352.440004949321,2839.0,65488.0,31303.0,22.0,65531.0,62624.0,4353.0,2248.0,660.0,62743.0,5670.0,5709.0,5671.0,5675.0,53197.0,132.0,4350.0,4874.0,62796.0,5020.0,85.0,6344.602964293051,5251.161833066644,8867.237408582756,2664.7180027853283,2221.481078805858,2423.480471271422,8574.608707220323,8330.650629498343,5086.889024026717,8051.769757619189,9633.291140475823,9649.200310759232,9749.705318139395,9732.23642748371,171.83286736556644,6755.114921439162,8147.923375908164,9379.666495570393,8290.831108214465,4989.126283975807,4053.2906741969377,D1,N8,t,appliedMASKiso_1mgml_roi3_8bit.ome
appliedMASKiso_shg_1mgml_roi3_8bit.ome,27,114.9671318,58.11847727,0.908822273,3.719395455,135.835,52.119,0.91364,3.5995,44.0,57.63531178,27.16155302,0.044857684,0.982900421,27.0,3865,31.9128,3231,87,37.1379,21,1.2351,0.0231,0.1181,0.2161,131072,0.4212225675582886,1007.06201171875,0.4553345739841461,16.63444709777832,19.548370361328125,1018.6870727539062,0.6269410252571106,0.3776240944862366,1043.2469482421875,0.46084022521972656,17.071636199951172,18.84336280822754,1043.9161376953125,0.6221883893013,0.23899929225444794,465.7056579589844,0.1377895027399063,7.687697410583496,11.828876495361328,536.9056396484375,0.1893981546163559,1mgml,shg,roi3,5290.7839611497575,59957.41213989258,31458.575386047363,665.0476742128043,64926.05702209473,59214.51313781738,7414.779116371733,4313.460932067659,2629.9472588926296,59480.71251678467,8910.921998409549,8939.095172286003,8986.388571913869,8978.515530060298,53196.855964660645,2733.2524613220817,7192.782007828725,8288.23172718359,59496.48335266113,5970.964531395968,1325.5117233294256,2940.0,65471.0,31318.0,22.0,65531.0,62534.0,4444.0,2321.0,690.0,62690.0,5778.0,5808.0,5783.0,5791.0,53197.0,123.0,4414.0,5011.0,62730.0,5133.0,85.0,6388.631508107209,5425.02302489317,9038.194222979675,2692.324977864151,2308.650213822285,2450.1094516514654,8472.194166998397,8389.413691342277,4944.06722581807,7908.634530814133,9563.933372695976,9573.322577227415,9691.328924696782,9671.12013499309,103.61833906705819,6125.052553657624,8053.144959210338,9372.853749059379,8176.810602293276,5089.024625413472,3798.3439378735106,D1,N8,t,appliedMASKiso_1mgml_roi3_8bit.ome
appliedMASKiso_shg_1mgml_roi3_8bit.ome,28,110.5929332,62.82447368,0.907168947,3.653773684,130.98,44.7395,0.92116,3.59925,38.0,58.19705187,41.22851363,0.039658657,0.719307214,28.0,4063,30.2601,3446,76,45.3421,23,1.2557,0.0137,0.1179,0.1778,131072,0.4259584844112396,1040.33837890625,0.47637197375297546,16.775230407714844,19.9814453125,1129.1123046875,0.6314290761947632,0.3810122311115265,1076.2313232421875,0.4949498772621155,17.26654815673828,20.06891632080078,1153.052001953125,0.6258034706115723,0.2421594262123108,502.2668762207031,0.15487425029277802,7.973252773284912,11.7579345703125,666.5506591796875,0.18819738924503326,1mgml,shg,roi3,5353.868702855863,59877.191345214844,31444.701850891113,627.6821189920296,64957.55297088623,59220.123222351074,7505.388607446267,4391.940844849861,2551.276487891365,59519.2922668457,8903.907251993855,8929.280683739567,8999.972931448468,8988.651258849779,53196.404609680176,2513.7458521870285,7075.008909614508,8326.521544436124,59519.614570617676,6082.221142190962,1211.997168853283,2903.0,65447.0,31332.0,26.0,65531.0,62588.0,4444.0,2330.0,679.0,62731.0,5680.0,5705.0,5691.0,5697.0,53197.0,123.0,4285.0,4935.0,62798.0,5096.0,89.0,6476.357536037677,5484.266026332344,8980.295958494036,2694.8824214214783,2343.152740268592,2287.2131481384877,8239.817959760132,8326.439923072661,4583.497904518353,7650.392276535716,9383.432666385681,9391.260022314344,9526.523261193888,9503.673447810188,120.58465342055366,5806.695913416166,7789.842528840622,9264.530343375034,7929.3669349254715,5453.350028357649,3204.516625971886,D1,N8,t,appliedMASKiso_1mgml_roi3_8bit.ome
appliedMASKiso_shg_1mgml_roi3_8bit.ome,29,90.2225619,66.82014286,0.904500952,3.661821429,98.293,56.3055,0.92499,3.66395,42.0,62.40542255,39.77976058,0.059347221,0.729690576,29.0,4100,29.969,3422,89,38.4494,20,1.2596,0.0172,0.1163,0.1406,131072,0.4430704712867737,997.2151489257812,0.46775346994400024,16.162620544433594,18.49617576599121,1078.5091552734375,0.6478991508483887,0.3934890031814575,1015.7826538085938,0.48898786306381226,16.577835083007812,17.91492462158203,1046.7823486328125,0.6347715854644775,0.23523768782615662,494.71722412109375,0.16475744545459747,7.712034225463867,10.868575096130371,652.61474609375,0.1765061914920807,1mgml,shg,roi3,5292.111990200761,60402.63173675537,31480.17156982422,507.63935419090575,65041.03342437744,59286.8607711792,7489.914759341602,4390.093041578906,2401.159981764814,59591.535789489746,8881.210005700816,8908.599186478283,8983.100765758132,8971.182302821133,53196.357597351074,2280.3863494051348,6947.956488914226,8265.004005978151,59592.737213134766,6169.677688242454,1039.3856990394877,3004.0,65498.0,31321.0,25.0,65530.0,62426.0,4608.0,2394.0,712.0,62556.0,5927.0,5966.0,5933.0,5938.0,53197.0,126.0,4447.0,5136.0,62627.0,5247.0,93.0,6227.334403303953,5484.672335455721,8816.18836372723,2601.7425206720823,1903.6578289379431,1956.462880513507,7813.3937500113925,8116.011407409712,4079.125665557693,7209.104037423843,8968.486702306694,8974.823491052584,9137.75662814029,9110.704793967747,115.16808408569179,5359.5124009880465,7248.93340909742,8873.397115119858,7490.150375027361,5436.781993091529,2677.7500753401973,D1,N8,t,appliedMASKiso_1mgml_roi3_8bit.ome
appliedMASKiso_shg_1mgml_roi3_8bit.ome,30,107.7952362,57.74634043,0.91554617,3.389482979,119.05,47.966,0.93113,3.292,47.0,60.05703007,30.2885031,0.049419219,0.67820301,30.0,4479,27.2639,3738,91,41.0769,29,1.2862,0.018,0.1199,0.1045,131072,0.45229586958885193,944.9556274414062,0.4189240634441376,15.756051063537598,16.40053939819336,919.7366943359375,0.6577988266944885,0.4208619296550751,958.3109130859375,0.4111858010292053,16.146026611328125,15.543254852294922,876.232666015625,0.6547691822052002,0.21991589665412903,441.3858947753906,0.15937840938568115,7.135759353637695,9.45788288116455,540.2344360351562,0.16316483914852142,1mgml,shg,roi3,5207.094866148499,61261.533866882324,31465.547927856445,430.1283687728744,65102.47720336914,59243.512771606445,7438.860581768564,4277.806537143566,2317.785689431563,59524.017822265625,9028.520075806984,9065.891437954133,9099.661822590175,9093.561132808005,53195.469398498535,2446.252296819788,7037.819712884885,8261.199875701099,59541.582748413086,6214.211576677843,892.5926085260072,3321.0,65518.0,31320.0,20.0,65529.0,61952.0,5064.0,2622.0,833.0,62105.0,6635.0,6681.0,6617.0,6625.0,53196.0,109.0,4999.0,5683.0,62161.0,5694.0,110.0,5768.357877077272,5080.759115081135,8104.1209790169105,2537.9072229983667,2022.9999703823657,1987.58889625421,7331.197981392003,7652.496644999234,3610.6948973759513,6744.547479115749,8510.25214686,8521.868405565878,8663.062323450513,8638.917456716501,123.87336741451955,5715.080515954039,6774.283215618588,8326.296879205938,7011.815415868589,5062.459999247109,2231.2732797129784,D1,N8,t,appliedMASKiso_1mgml_roi3_8bit.ome
appliedMASKiso_shg_1mgml_roi3_8bit.ome,31,83.62565581,58.69986047,0.91685186,3.46397907,83.48,52.182,0.92707,3.3577,43.0,61.15195713,24.55085448,0.030758213,0.751488403,31.0,4332,28.2569,3672,76,48.3158,35,1.2714,0.0156,0.1181,0.1098,131072,0.45431599020957947,900.4638061523438,0.35884740948677063,15.487648010253906,14.599602699279785,756.2582397460938,0.6622827053070068,0.42174792289733887,931.1882934570312,0.36095502972602844,15.980239868164062,14.467926025390625,755.18212890625,0.6549952030181885,0.20256929099559784,378.32122802734375,0.13937388360500336,6.392829418182373,7.658992290496826,378.9305725097656,0.14873190224170685,1mgml,shg,roi3,5060.686446567538,62117.787353515625,31298.11392211914,226.23408080926208,65241.07002258301,59164.75597381592,7355.860160819274,4122.757383658984,2272.013563654673,59396.63381195068,9165.483729313202,9214.347477108011,9215.376810930113,9213.871201533515,53193.63983917236,2518.553050397878,7060.954704790707,8215.58207895159,59439.822677612305,6130.355282149976,767.5505270292838,3509.0,65520.0,31303.0,20.0,65527.0,61538.5,5391.0,2768.0,901.0,61740.0,7121.0,7174.0,7124.0,7133.0,53196.0,102.0,5258.0,6073.0,61770.0,5831.0,134.0,5136.264527998365,4472.117709979765,6932.755216269424,2614.177813404804,917.562954406479,1132.7832017740516,6961.496954583637,7082.843597600573,3272.0996877931157,6489.022389843492,8179.244195115908,8204.411010456193,8291.333897800401,8275.510461315176,160.3551445742138,5820.662798197095,6400.340729269629,7740.512156040367,6703.3203083279195,4610.31920210371,1665.7780785878963,D1,N8,t,appliedMASKiso_1mgml_roi3_8bit.ome
appliedMASKiso_shg_1mgml_roi3_8bit.ome,32,96.51971333,53.40562222,0.907530889,3.267451111,103.24,46.428,0.90298,3.103,45.0,60.79489366,23.57256689,0.033808078,0.705473763,32.0,4561,26.7378,3764,84,44.8095,18,1.2889,0.0181,0.1103,0.1027,131072,0.4715457260608673,857.5604248046875,0.3013995885848999,14.936412811279297,12.903390884399414,646.8114013671875,0.6778188347816467,0.4409722089767456,897.6530151367188,0.29209083318710327,15.579054832458496,12.779446601867676,660.1542358398438,0.6688045263290405,0.1875637322664261,333.01739501953125,0.128572478890419,5.764530181884766,6.330800533294678,289.94573974609375,0.1340290755033493,1mgml,shg,roi3,5004.112976074219,63336.64490509033,31076.02914428711,146.0395371815617,65305.181549072266,59045.71223449707,7351.818034775576,4023.940123141246,2239.214191973142,59249.03437805176,9440.566513061523,9504.195365905762,9451.161567687988,9457.384330749512,53192.494400024414,2247.7602505694763,7141.319938659668,8279.750938415527,59325.388580322266,6160.313186645508,682.1100275816932,3663.0,65524.0,31287.0,16.0,65526.0,61212.0,5610.0,2841.0,957.0,61411.0,7568.0,7634.0,7531.0,7545.0,53196.0,101.0,5551.0,6374.0,61461.0,6018.0,114.0,4712.350485194666,4024.5629503338087,5067.407150828508,1949.6531340782253,423.25097230883887,705.5158244837186,6753.608718338193,6605.073069242854,3193.0065796177264,6390.423895450593,7897.557365667594,7934.95459635112,7967.247321127817,7959.68082504545,127.79661011027015,5478.85274683027,6041.732345341454,7292.677722959112,6532.388497719977,4235.425551160579,1507.1787364428867,D1,N8,t,appliedMASKiso_1mgml_roi3_8bit.ome
appliedMASKiso_shg_1mgml_roi3_8bit.ome,33,80.1003725,55.349425,0.911606,3.39812,74.201,49.94,0.918665,3.26125,40.0,55.12439345,24.36211594,0.042417682,0.694379807,33.0,4405,27.7555,3637,78,46.6282,23,1.2885,0.0197,0.1122,0.1059,131072,0.44208887219429016,892.805419921875,0.2622581422328949,15.822439193725586,13.224051475524902,628.419921875,0.6558260321617126,0.41795921325683594,929.5816650390625,0.2500775456428528,16.429994583129883,12.915793418884277,640.0303955078125,0.6513153910636902,0.18076005578041077,313.4778747558594,0.11836353689432144,5.575803279876709,6.107269287109375,247.897705078125,0.13389353454113007,1mgml,shg,roi3,5206.106254577637,64024.00312805176,31206.048225402832,127.05195035219423,65309.28047943115,58466.284759521484,7777.515907287598,4169.406440734863,2460.2388916015625,58641.52356719971,10237.796775817871,10319.344467163086,10206.712814331055,10221.43238067627,53194.25399017334,2536.9190093708166,7543.163444519043,8777.847129821777,58750.03921508789,6293.120895385742,684.8086764223148,3882.0,65528.0,31294.0,16.0,65523.0,60658.0,6029.0,3028.0,1122.0,60829.5,8331.0,8412.0,8255.0,8278.0,53196.0,120.5,5940.0,6858.0,60919.0,6178.0,104.0,4593.749059343674,3892.823275510592,3951.8955260482317,1548.3415923352413,304.3161726138345,606.5331647803313,6948.914886737074,6524.785095209813,3395.531458560876,6672.672379859773,7983.480057421894,8030.312376704711,8028.265946688719,8025.849229033227,64.38790162294016,5672.1623337396295,5927.498958579206,7238.862123317993,6759.109830855667,3869.2489463224433,1501.0703928730413,D1,N8,t,appliedMASKiso_1mgml_roi3_8bit.ome
appliedMASKiso_shg_1mgml_roi3_8bit.ome,34,90.86977447,49.82774468,0.901193404,3.415493617,93.945,42.213,0.91096,3.2921,47.0,59.42485641,20.21434208,0.054258207,0.731880098,34.0,4631,26.3034,3783,84,45.0357,29,1.3093,0.0201,0.1166,0.08321,131072,0.4062352478504181,929.3890991210938,0.24024143815040588,16.821996688842773,13.919082641601562,633.2100830078125,0.6279531121253967,0.37871116399765015,975.3162841796875,0.22841450572013855,17.565982818603516,13.678655624389648,647.243896484375,0.6202116012573242,0.17250853776931763,293.00335693359375,0.11703398823738098,5.346190452575684,6.116718769073486,229.1945037841797,0.1333341747522354,1mgml,shg,roi3,5637.122001647949,64567.29741668701,31253.999282836914,143.96434811703037,65263.38649749756,57397.34181213379,8585.405883789062,4524.269302368164,2924.4747009277344,57511.41464996338,11612.711753845215,11717.708778381348,11517.796356201172,11545.028617858887,53195.9289932251,2377.498795180723,8401.010833740234,9705.753051757812,57670.43017578125,6513.669876098633,764.2881676431383,4327.0,65530.0,31320.0,16.0,65517.0,59595.0,6830.0,3368.0,1496.0,59711.0,9699.0,9803.0,9565.5,9599.0,53197.0,101.5,6849.0,7801.0,59839.0,6453.0,109.0,4567.8504085866425,3908.6827611515937,3234.950222235928,1642.8435746556788,380.3556139728372,740.1509874877202,7288.86579834495,6588.869989452461,3795.429926493227,7091.8311116995765,8126.865660465139,8178.550220744032,8159.764168676014,8159.635006555021,68.78072744944568,5828.970205346553,5822.440354918989,7283.327575200683,7125.028350044986,3384.4557400899707,1774.4966217493748,D1,N8,t,appliedMASKiso_1mgml_roi3_8bit.ome
appliedMASKiso_shg_1mgml_roi3_8bit.ome,35,90.2447525,46.710275,0.89964225,3.2875825,90.9545,42.117,0.91172,3.17675,40.0,59.3850217,15.43872692,0.056883576,0.666900152,35.0,4262,28.7539,3505,95,36.8947,19,1.292,0.0258,0.1099,0.09732,131072,0.4091475009918213,913.914794921875,0.225887268781662,16.684656143188477,13.564144134521484,613.07421875,0.6309435963630676,0.38956737518310547,945.0176391601562,0.21016612648963928,17.180795669555664,12.979454040527344,608.532958984375,0.6287508606910706,0.16567794978618622,282.0937194824219,0.11963164806365967,5.159358024597168,6.137763977050781,228.16270446777344,0.12957441806793213,1mgml,shg,roi3,5843.895477294922,64701.580253601074,31292.270027160645,167.83107503877022,65223.692558288574,56679.17095184326,9034.124816894531,4681.193206787109,3237.323760986328,56708.37186431885,12512.449645996094,12637.124458312988,12356.816841125488,12395.632766723633,53195.82717895508,2608.4834663625998,8970.00405883789,10238.018394470215,56928.99333190918,6538.408821105957,843.8085931239746,4555.0,65531.0,31328.0,13.0,65510.0,58872.0,7268.0,3547.0,1806.0,58916.0,10533.0,10655.0,10344.0,10391.0,53197.0,101.0,7433.0,8327.0,59108.0,6462.0,144.0,4449.478964379865,3811.86978460711,2899.6118058039597,1621.3998124902525,759.3653233157642,1127.3482887732575,7308.25077391359,6459.387322155362,3960.8066737737267,7140.701582892009,7986.873908293409,8038.61786862917,8016.050363331948,8016.478177978337,76.03509881805374,6218.769921578218,5525.687366088571,7128.356498339666,7147.792418211616,2958.4309096945162,2215.200477388474,D1,N8,t,appliedMASKiso_1mgml_roi3_8bit.ome
appliedMASKiso_shg_1mgml_roi3_8bit.ome,36,91.83052286,49.25431429,0.893021714,3.288585714,93.945,43.478,0.91099,3.0249,35.0,54.48767267,18.80207026,0.075750907,0.791477767,36.0,4239,28.9207,3439,68,50.5735,24,1.2691,0.0187,0.109,0.1207,131072,0.3948376774787903,933.246826171875,0.20907869935035706,17.146804809570312,13.898290634155273,612.7650756835938,0.6187541484832764,0.37517881393432617,957.09326171875,0.18373355269432068,17.549152374267578,13.196846961975098,601.862060546875,0.6173257231712341,0.1630188673734665,282.7977600097656,0.12443650513887405,5.195038318634033,6.4783453941345215,230.23561096191406,0.13269972801208496,1mgml,shg,roi3,6006.117607116699,64778.86936187744,31208.310737609863,202.700731925649,65168.63939666748,56008.07413482666,9430.358413696289,4795.830711364746,3616.4007110595703,55924.482093811035,13287.036560058594,13432.024848937988,13090.094512939453,13137.633239746094,53196.667068481445,2296.128048780488,9523.636894226074,10689.822898864746,56213.91246032715,6462.348106384277,980.8774691193188,4700.0,65531.0,31327.0,11.0,65505.0,58330.0,7632.0,3669.0,2089.0,58268.5,11157.0,11291.0,10944.5,10992.0,53198.0,90.0,8017.0,8686.0,58523.5,6393.0,180.0,4442.251396054108,3745.3300319494897,2784.80431763343,1513.3098861689227,1178.0055593117804,1574.0076316810462,7528.687361202202,6460.423751154621,4345.870970650695,7405.821859946703,8061.767646638362,8118.772794785222,8089.477704806968,8090.995245227683,59.803734373425826,5729.31526700403,5424.123813990917,7159.233019695439,7375.042367919038,2582.650632653177,2783.1025159488245,D1,N8,t,appliedMASKiso_1mgml_roi3_8bit.ome
appliedMASKiso_shg_1mgml_roi3_8bit.ome,37,78.350075,50.4469,0.90755625,3.3517025,77.7325,43.144,0.91896,3.09015,40.0,53.91245229,18.07509774,0.042344062,0.798122533,37.0,4229,28.9938,3480,79,44.0506,29,1.263,0.0125,0.1096,0.09949,131072,0.3922293782234192,916.3876953125,0.23700445890426636,16.917049407958984,14.283053398132324,635.9329833984375,0.6179695129394531,0.3846760392189026,925.1451416015625,0.2256060093641281,17.025638580322266,13.127779006958008,602.5050659179688,0.6253650188446045,0.15678952634334564,263.4509582519531,0.13095031678676605,4.849165916442871,6.880660057067871,276.1188049316406,0.12901565432548523,1mgml,shg,roi3,6086.431945800781,64945.70575714111,31127.682876586914,225.42455534098994,65134.69355773926,55653.474182128906,9568.972274780273,4823.78059387207,3861.4420318603516,55474.21865081787,13716.325294494629,13872.565322875977,13466.405364990234,13523.336395263672,53195.64419555664,2559.9278846153848,9977.463821411133,10914.262596130371,55815.08228302002,6375.323028564453,1048.0550384521484,4696.5,65531.0,31315.0,10.0,65503.0,58109.5,7632.0,3644.0,2256.0,57938.0,11437.0,11583.0,11155.0,11216.0,53198.0,91.0,8472.0,8777.0,58257.0,6211.0,201.0,4607.375761598068,3940.4479651124257,2431.418740009843,1311.8753552206304,1507.2740887949547,1824.5058346970302,7731.220936856551,6628.432349780236,4547.861495580096,7637.206205281091,8197.066504082402,8253.961710597134,8227.990555584034,8228.793469321721,105.4401571739766,5968.9142133344085,5508.541922555569,7309.30707170903,7590.842644062486,2478.0491727655694,2716.869405886921,D1,N8,t,appliedMASKiso_1mgml_roi3_8bit.ome
appliedMASKiso_shg_1mgml_roi3_8bit.ome,38,84.904304,58.14496,0.8993864,3.577548,90.0,45.484,0.90531,3.5521,25.0,50.97723555,33.91376522,0.044750936,0.78545293,38.0,4333,28.2499,3472,83,41.8313,22,1.2731,0.0213,0.0988,0.08822,131072,0.4534912705421448,826.2802124023438,0.27022606134414673,15.026844024658203,12.701886177062988,613.5543823242188,0.6665505766868591,0.4555564522743225,813.5178833007812,0.2556722164154053,14.769878387451172,11.438146591186523,560.065185546875,0.6792237758636475,0.15730927884578705,267.3442077636719,0.14284224808216095,4.784069061279297,6.478020191192627,303.76544189453125,0.12229709327220917,1mgml,shg,roi3,5704.072975158691,64810.11193847656,31167.028968811035,171.03162672859708,65215.87654876709,56381.04985809326,8985.113540649414,4527.423583984375,3487.3593368530273,56194.627365112305,12876.959007263184,13023.42333984375,12643.101371765137,12696.403327941895,53195.107765197754,2501.8467065868263,9476.621185302734,10241.159217834473,56521.40580749512,6183.433120727539,864.5417556762695,4275.0,65528.0,31289.5,8.0,65510.0,58747.0,7012.0,3336.0,2052.0,58509.0,10605.0,10746.0,10335.0,10394.0,53197.0,110.5,7952.0,8063.0,58842.0,5807.0,168.0,4470.390700496239,3889.4394478661548,2628.1267065796287,1537.1368802311101,988.4727116682199,1334.5774063049944,7273.17955123857,6410.240311564552,4139.029542153124,7115.910630521998,7800.58635370929,7848.050702800207,7846.669597779603,7844.015191305697,95.51298973125016,5774.511695806333,5302.085411558799,7038.97621552141,7115.583145378015,2592.7338994598003,2207.713485143618,D1,N8,t,appliedMASKiso_1mgml_roi3_8bit.ome
appliedMASKiso_shg_1mgml_roi3_8bit.ome,39,91.45008462,63.36815385,0.909813846,3.589611538,103.5515,54.526,0.918915,3.53265,26.0,59.675548,30.93971403,0.045937533,0.849266867,39.0,4313,28.3902,3457,78,44.3205,22,1.2669,0.0178,0.103,0.07153,131072,0.4316788911819458,870.35498046875,0.2649924159049988,15.814099311828613,13.136687278747559,650.273681640625,0.6518882513046265,0.42980456352233887,849.95849609375,0.2358541637659073,15.582448959350586,11.99354076385498,573.83935546875,0.6597987413406372,0.13903886079788208,248.6300506591797,0.15781354904174805,4.318905353546143,6.098324298858643,315.15411376953125,0.11016739159822464,1mgml,shg,roi3,5582.6498947143555,65141.04458618164,31051.736198425293,136.61920125566795,65261.00163269043,56655.93705749512,8802.761260986328,4439.589393615723,3321.679656982422,56469.50476837158,12630.01840209961,12773.863723754883,12396.282569885254,12449.234428405762,53195.5146484375,1883.7157765500308,9357.690353393555,10026.949394226074,56789.44672393799,6229.184921264648,791.0680541992188,4113.0,65529.0,31262.0,7.0,65514.0,59007.0,6794.0,3190.0,1947.0,58719.0,10377.0,10518.0,10087.0,10147.0,53197.0,89.0,7920.0,7814.0,59064.0,5754.0,148.0,4419.8173312946055,3884.689897124532,1893.504496235267,1234.7309930238919,553.2336396743311,972.6677354667111,7091.064808668234,6345.617136979793,4014.659601324098,6923.190747606129,7606.981414922467,7651.121066614193,7667.840843331668,7662.171289518179,74.42644632617235,4828.454383466136,5138.662522418414,6913.465010392079,6928.623012056614,2879.7130091485674,2144.09937437361,D1,N8,t,appliedMASKiso_1mgml_roi3_8bit.ome
appliedMASKiso_shg_1mgml_roi3_8bit.ome,40,93.19514301,55.79305479,0.902627123,3.377116438,103.3,49.469,0.91325,3.0112,73.0,53.733498,25.55173671,0.059320335,1.052470597,40.0,4805,25.2785,3894,78,49.9231,30,1.2963,0.0198,0.2093,0.07481,131072,0.09596749395132065,1389.0587158203125,0.16273650527000427,27.199377059936523,27.165645599365234,846.2835083007812,0.30753472447395325,0.07798480987548828,1425.7406005859375,0.12385778874158859,28.02671241760254,26.787221908569336,797.2982788085938,0.2922888994216919,0.07383042573928833,155.04237365722656,0.12477262318134308,3.003941059112549,5.992125034332275,174.9196319580078,0.09420370310544968,1mgml,shg,roi3,7781.020980834961,65532.95626068115,31393.358688354492,414.4622057001239,64656.85021209717,51326.357009887695,12692.48405456543,6232.089408874512,6654.4322509765625,50704.128089904785,18508.856071472168,18742.235328674316,18140.679161071777,18224.89549255371,53198.66827392578,5151.333333333333,13680.620147705078,14355.11580657959,51282.81164550781,6759.785781860352,2508.820976257324,6401.0,65534.0,31403.0,25.0,65405.0,53591.0,10819.0,5032.0,4778.0,52889.0,16548.0,16782.0,16108.0,16199.0,53199.0,5057.0,12627.0,12337.0,53463.0,6450.0,773.0,4678.647665524858,4162.722389943122,80.9722005089894,70.19922530492357,1486.5848002557882,2400.8874371165653,8442.657189516438,6876.822765179724,6043.0745812411305,8478.916126952814,8306.163065613207,8363.89413933931,8376.25974119287,8370.716796349992,0.8834368915609742,4017.308745361197,5238.153850598707,7460.152486727235,8337.920982928848,1796.8865680911235,5029.524913066054,D1,N8,t,appliedMASKiso_1mgml_roi3_8bit.ome
appliedMASKiso_shg_1mgml_roi3_8bit.ome,41,92.76479217,63.76352174,0.922823261,3.430597826,102.155,55.021,0.93492,3.5106,46.0,56.19281444,35.73365304,0.035498794,0.924082137,41.0,3990,30.8504,3262,89,36.6517,13,1.2506,0.0118,0.1753,0.06868,131072,0.1478036493062973,1326.4100341796875,0.15996967256069183,25.571157455444336,22.9698543548584,808.0757446289062,0.3828788995742798,0.12939848005771637,1358.0689697265625,0.11968909949064255,26.269962310791016,22.660484313964844,764.8413696289062,0.3694726824760437,0.08148755878210068,160.06619262695312,0.12245400995016098,3.1138429641723633,5.407042980194092,174.16610717773438,0.090837262570858,1mgml,shg,roi3,6666.442909240723,65532.64043426514,31374.72393798828,234.35736923368637,65056.008056640625,53936.21839904785,10837.116050720215,5300.162902832031,4757.714889526367,53498.622413635254,15899.922233581543,16099.92741394043,15562.638488769531,15638.082817077637,53198.46714782715,3864.25,11907.673149108887,12308.213928222656,53955.333984375,6742.276298522949,1376.4060974121094,5342.0,65534.0,31386.0,10.0,65489.0,56143.0,9053.0,4205.0,3181.0,55630.0,13916.0,14114.0,13529.0,13614.0,53199.0,2668.0,10841.0,10333.0,56085.0,6531.0,317.0,4289.24113474093,3635.9188152810616,80.99567510227222,79.76969302858124,999.3413050995164,1586.4394860170296,7554.678553277501,6279.890381774642,4737.440511843058,7494.580284831266,7664.6433486709275,7716.461273374709,7724.668268697423,7720.188843765523,0.9286633446980699,4132.048848634295,4860.846398329004,6876.614638404017,7419.042050149785,1813.3251761009055,3195.490740735933,D1,N8,t,appliedMASKiso_1mgml_roi3_8bit.ome
appliedMASKiso_shg_1mgml_roi3_8bit.ome,42,93.96241739,51.29951087,0.892824674,3.489725,99.767,43.213,0.91126,3.1084,92.0,55.10220004,23.33703639,0.070751368,1.08339664,42.0,2812,44.612,2349,43,54.6279,8,1.1554,0.0103,0.2552,0.08768,131072,0.03284791484475136,1331.0435791015625,0.11472635716199875,27.83837890625,34.752479553222656,743.802490234375,0.1752689778804779,0.016052015125751495,1372.442626953125,0.06323673576116562,28.77101707458496,35.24319076538086,719.7868041992188,0.14696423709392548,0.05541125684976578,141.1067657470703,0.12314590066671371,2.927424192428589,5.047298431396484,67.46049499511719,0.09313581138849258,1mgml,shg,roi3,9329.289207458496,65532.94147491455,31400.615158081055,831.2931772570147,63675.96335601807,45883.01927947998,15508.015800476074,7360.838569641113,12627.930435180664,44328.37599182129,23569.543342590332,23897.214920043945,22933.434410095215,23069.6616897583,53199.002685546875,3863.75,18322.70352935791,17714.64764404297,45438.94155883789,5598.906684875488,6580.293617248535,8247.0,65534.0,31407.0,302.0,64573.0,47537.0,14080.0,6485.0,11440.0,45843.0,22114.0,22444.0,21400.0,21545.0,53199.0,2668.0,17917.0,16142.0,46979.0,5223.0,4676.0,3860.3968676667446,3267.487529309146,80.96389861055441,60.5586902410713,1795.4199872448812,2784.3657560794013,7216.445567732892,5730.284801982955,5718.555343003713,7263.685260496608,6922.466670259655,6973.006750783112,7000.121340117479,6992.531507242994,0.7847142659874562,4132.516144856545,4053.3381007386106,6225.645241182489,7121.974106986795,1568.6718486919603,6057.966462493748,D1,N8,t,appliedMASKiso_1mgml_roi3_8bit.ome
appliedMASKiso_shg_1mgml_roi3_8bit.ome,43,85.89686897,48.96910345,0.89466,3.107101149,84.806,41.689,0.9113,2.6962,87.0,54.81089647,23.58944771,0.068125973,0.867488642,43.0,2365,53.422,1950,37,52.7027,6,1.1049,0.0154,0.2266,0.07262,131072,0.042804691940546036,1387.8651123046875,0.09342402219772339,28.432693481445312,31.7374324798584,741.705810546875,0.20240981876850128,0.025178685784339905,1433.0009765625,0.04836069792509079,29.412534713745117,32.229591369628906,732.318115234375,0.17536082863807678,0.05887695401906967,152.1220703125,0.11151332408189774,3.097179651260376,4.365116119384766,38.841365814208984,0.09150487929582596,1mgml,shg,roi3,8189.464889526367,65532.82138824463,31392.487518310547,379.76941395576046,64538.949935913086,48595.92315673828,13667.790153503418,6427.034561157227,10010.028511047363,47184.39083862305,21121.596977233887,21424.522659301758,20486.108741760254,20619.223457336426,53198.9740524292,5151.333333333333,16892.546112060547,15696.910209655762,48185.22699737549,5688.878944396973,4066.69246673584,7217.0,65534.0,31397.0,132.0,65035.0,50239.0,12386.0,5682.0,8792.0,48754.0,19611.0,19908.0,18942.0,19082.0,53199.0,5057.0,16392.0,14210.0,49748.0,5411.0,2723.0,3352.940534529593,2764.465867842343,80.96508561789345,61.23361333008534,964.3216230657672,1656.9552401492224,6500.357933467904,5018.477662403571,4956.43438536772,6623.88365012883,6398.823360590172,6456.25693630482,6405.361744196306,6409.8965152785095,0.7568693405517195,4017.308745361197,3963.326230522754,5556.685160735861,6454.836250638837,1299.5948675098634,4208.651699117675,D1,N8,t,appliedMASKiso_1mgml_roi3_8bit.ome
appliedMASKiso_shg_1mgml_roi3_8bit.ome,44,80.19441754,44.58447368,0.890760175,2.583364912,80.838,39.858,0.90166,2.4245,57.0,54.45882745,16.73150418,0.064757007,0.421758755,44.0,2044,62.1257,1673,38,44.0263,2,1.0654,0.0189,0.1805,0.08044,131072,0.07887542992830276,1440.7420654296875,0.07045197486877441,28.472942352294922,26.034345626831055,741.578857421875,0.2795819640159607,0.06064581871032715,1489.547119140625,0.02968943864107132,29.455371856689453,26.50082778930664,744.9599609375,0.2575902044773102,0.06474944204092026,160.42971801757812,0.0906023234128952,3.1708734035491943,3.427788496017456,41.66877746582031,0.08370132744312286,1mgml,shg,roi3,6431.853988647461,65532.63675689697,31377.406898498535,72.41586697678717,65271.17876434326,53238.12008666992,10749.044784545898,5050.614311218262,5690.4133377075195,52296.14321899414,16738.400993347168,16979.793312072754,16206.424377441406,16316.372253417969,53198.81468963623,5151.333333333333,13662.920883178711,12372.91202545166,53000.38415527344,6240.223968505859,1296.6728057861328,5605.0,65533.0,31381.0,20.0,65422.0,54677.0,9563.0,4383.0,4779.5,53679.0,15366.0,15603.0,14796.0,14912.0,53199.0,5057.0,13146.0,11068.0,54393.0,6012.0,762.0,2775.7231499118066,2323.1588920631707,80.96913145740879,63.53767682293505,240.71228070937516,562.6956479030036,5278.688236429579,4220.944237230331,3431.788322089257,5381.928012680807,5451.6347042195775,5504.785911956498,5439.814368612498,5446.686862399108,0.7502949278434267,4017.308745361197,3566.6265355212004,4656.2541701285645,5255.04497599062,1263.4674737279272,1824.1949183232125,D1,N8,t,appliedMASKiso_1mgml_roi3_8bit.ome
appliedMASKiso_shg_1mgml_roi3_8bit.ome,45,78.45906,41.39362857,0.901114286,2.296422857,71.114,37.486,0.90417,2.2777,35.0,53.6275365,11.75733246,0.042371017,0.1659919,45.0,623,208.39,521,13,40.0769,1,0.8673,0.0188,0.1677,0.2794,131072,0.08197129517793655,1445.486083984375,0.10509847849607468,28.592552185058594,25.152511596679688,723.7721557617188,0.2851129472255707,0.0634608045220375,1495.231201171875,0.06294398009777069,29.58028793334961,25.82570457458496,732.3609619140625,0.2625764012336731,0.06391177326440811,164.2591094970703,0.10523238778114319,3.2128162384033203,3.0342540740966797,39.43394470214844,0.08129966259002686,1mgml,shg,roi3,5995.298767089844,65532.504623413086,31370.55973815918,34.56929927782008,65373.48009490967,54156.64741516113,10075.546714782715,4715.498809814453,5057.384300231934,53240.73246002197,15832.0219039917,16063.238098144531,15301.02922821045,15409.58642578125,53198.79415893555,5151.333333333333,13314.91128540039,11608.634483337402,53916.80173492432,6212.180702209473,917.7810211181641,5318.0,65533.0,31373.0,16.0,65440.0,55288.0,9107.0,4156.0,4469.0,54298.0,14720.0,14948.0,14138.0,14253.0,53199.0,5057.0,12951.0,10537.0,54995.5,5949.0,662.0,2279.902336465424,1964.8346427702204,80.96668656603435,62.23676500992935,70.97560783493395,236.56591807415091,4170.834805641364,3524.26910348016,2394.538648112891,4204.406554038617,4433.387708588334,4474.314447650546,4444.403170224049,4446.263784948815,0.7328275339164423,4017.308745361197,3018.273062478211,3804.8643856443423,4136.381922959681,1324.685637270423,899.2360042381915,D1,N8,t,appliedMASKiso_1mgml_roi3_8bit.ome
appliedMASKiso_shg_2mgml_roi1_8bit.ome,1,72.97883023,54.20109302,0.934928837,3.774734884,52.883,48.111,0.94476,3.7231,43.0,60.68032078,20.58143357,0.031715964,0.662276259,1.0,4247,28.8625,3513,93,37.7742,33,1.2713,0.0227,0.068,0.1988,131072,0.6342284679412842,427.9416198730469,0.5481814742088318,8.063434600830078,8.970781326293945,530.0820922851562,0.7946770787239075,0.6416081190109253,404.49078369140625,0.5810495615005493,7.755650043487549,8.572023391723633,511.9436950683594,0.8052347302436829,0.15439236164093018,198.89474487304688,0.12660087645053864,3.5961477756500244,4.843761920928955,298.1399841308594,0.09720487892627716,2mgml,shg,roi1,2450.010813297094,54413.01817321777,32007.613235473633,138.19742869155363,65404.06270599365,62135.60284423828,4538.040066159559,2755.5382183437714,1449.7263555454529,61906.72277069092,5746.057779636211,5734.626067321765,5805.085302111645,5794.711034915325,16813.2515335083,2508.6510263929617,4916.9091616140495,4739.2293288730925,62262.00703430176,3216.537787999164,546.1579184839826,1358.0,63643.0,31772.0,12.0,65535.0,64319.0,2655.0,1458.0,347.0,63935.0,3557.0,3549.0,3564.0,3565.0,16813.0,92.0,3171.0,2815.0,64360.0,2325.0,47.0,2940.761261043731,3445.3069112437815,14317.658970002463,2816.94274104958,466.6318677558763,567.1375041160453,5018.618113560498,5121.503692374588,2747.654462452054,4533.525478615245,6383.840426622551,6383.475672177405,6446.017143425715,6433.6939663922185,6.62158702057576,6422.655239382324,5173.5713096581585,5337.186296345004,4799.3270149150185,3305.3585801062172,1643.0342741515883,D1,N8,t,appliedMASKiso_2mgml_roi1_8bit.ome
appliedMASKiso_shg_2mgml_roi1_8bit.ome,2,68.24614898,52.16489796,0.928299184,3.696446939,51.34,44.514,0.93651,3.8298,49.0,54.48942309,23.6724057,0.04080792,0.779071205,2.0,4276,28.6532,3538,101,35.0297,22,1.2702,0.0166,0.071,0.2012,131072,0.6156370043754578,446.25811767578125,0.5351526737213135,8.49508285522461,9.479900360107422,531.4055786132812,0.7812745571136475,0.6259768009185791,426.0296630859375,0.5662846565246582,8.198257446289062,8.563631057739258,490.37994384765625,0.795397937297821,0.17244917154312134,217.62991333007812,0.12601253390312195,4.016354560852051,5.549466609954834,304.6029357910156,0.11136378347873688,2mgml,shg,roi1,2671.5259181726865,54770.43815612793,31991.93544769287,205.15976203353165,65355.81392669678,61792.16056060791,4940.990381540854,3000.111601780236,1682.1184415721725,61602.29122924805,6263.790392423334,6251.103444783023,6336.394837468029,6323.78048265791,16813.29165649414,2880.435800920117,5282.900986756029,5173.39206881125,61930.22344970703,3421.0409136567373,726.6973588712158,1456.0,64563.0,31792.0,14.0,65534.0,64208.5,2859.0,1568.0,399.0,63839.0,3867.0,3854.0,3888.0,3889.0,16813.0,115.0,3415.0,3054.0,64261.0,2508.0,48.0,3214.1241942376505,3772.474987714046,14377.876917604923,2728.5997994364793,778.0416668623058,841.9470873213795,5669.123247336723,5664.919247967236,3360.3032665724886,5173.155508491209,7037.715268350431,7036.031432541095,7117.571462271519,7102.243250661204,4.981541363927369,6840.882292290233,5654.75418159688,5877.5583096988885,5457.022464247807,3454.032636468132,2343.420268554661,D1,N8,t,appliedMASKiso_2mgml_roi1_8bit.ome
appliedMASKiso_shg_2mgml_roi1_8bit.ome,3,55.44780476,57.05652381,0.930885,3.765130952,38.4845,48.9045,0.93417,3.65925,42.0,48.95266396,23.66766049,0.033369946,0.735250058,3.0,4462,27.3754,3642,108,33.7222,19,1.2853,0.0228,0.0723,0.2048,131072,0.602904736995697,460.06982421875,0.5274324417114258,8.843182563781738,9.811063766479492,540.4588623046875,0.7720820307731628,0.6057927012443542,433.23248291015625,0.5608465075492859,8.44594955444336,8.869867324829102,494.29681396484375,0.7829846143722534,0.17908918857574463,231.45608520507812,0.13207915425300598,4.300200462341309,5.9418044090271,312.3821716308594,0.11742579936981201,2mgml,shg,roi1,2825.5790500921426,55415.15547943115,31982.323984710576,276.7299842022117,65306.32523345947,61511.173973083496,5211.1019412062415,3157.486845604193,1830.8409856579074,61359.810485839844,6608.196465069526,6593.887418328028,6684.138255989278,6670.8072541464235,16813.272003173828,2738.089974293059,5553.237384821578,5466.887485340928,61665.5412979126,3558.5945384486513,883.7452144253062,1526.0,65021.0,31801.0,14.0,65534.0,64093.0,2989.0,1645.0,430.0,63759.5,4081.0,4068.0,4095.0,4096.0,16813.0,108.5,3618.0,3206.0,64151.0,2631.0,54.0,3414.269635687127,3927.20418596212,14106.769372257915,2712.484892031567,1111.438735042025,1122.253020048585,6170.476475803568,6010.121570318002,3797.644073566315,5639.005979208707,7511.902406194801,7508.629596262055,7596.95232316517,7580.7048399067,4.908804680828234,6646.991099351071,5977.352122644947,6284.584464102283,5940.168664072836,3544.6946388857737,2942.918219332631,D1,N8,t,appliedMASKiso_2mgml_roi1_8bit.ome
appliedMASKiso_shg_2mgml_roi1_8bit.ome,4,73.17208684,61.17665789,0.922363684,3.660252632,60.257,47.703,0.93199,3.44515,38.0,55.87805079,34.71850258,0.039400919,0.645049616,4.0,4179,29.3647,3337,95,35.1263,23,1.2731,0.0205,0.0694,0.2153,131072,0.6274347305297852,439.4828796386719,0.542091965675354,8.32341480255127,9.381277084350586,539.6535034179688,0.7879120111465454,0.6337525248527527,420.63482666015625,0.5708422660827637,8.044032096862793,8.499299049377441,496.5547790527344,0.8002921342849731,0.17998215556144714,237.9484100341797,0.13477155566215515,4.335687637329102,5.95698356628418,330.9678039550781,0.11542393267154694,2mgml,shg,roi1,2910.1176293823037,55402.801261901855,31982.63207244873,249.84018245374713,65320.6396484375,61481.71968078613,5300.281039988357,3229.753400850962,1763.87126574894,61372.95977783203,6646.9330968280465,6629.051043405676,6735.217220367279,6719.563923205343,16813.26847076416,2842.2923076923075,5608.363881469115,5566.211585976628,61660.53694152832,3685.50316360601,788.3327454222549,1530.0,64985.0,31816.0,15.0,65534.0,64155.0,2970.0,1653.0,399.0,63808.0,3972.0,3960.0,3994.0,3994.0,16813.0,127.0,3537.0,3152.0,64214.0,2666.0,53.0,3551.6633376033615,4032.6607925718304,13968.756300662966,2632.4921538228887,865.1904197555973,960.7963942538526,6188.886323566567,6172.291260082679,3537.685374314702,5561.558870648175,7569.214724100446,7558.309707379136,7685.6016610807355,7663.56436271703,4.8724403761165505,6973.172952426056,6056.452306279066,6450.8679658989895,5906.6971876135285,3700.536107364696,2432.880216618677,D1,N8,t,appliedMASKiso_2mgml_roi1_8bit.ome
appliedMASKiso_shg_2mgml_roi1_8bit.ome,5,68.70186857,52.14802857,0.919686,3.763948571,48.504,40.251,0.93102,3.6183,35.0,56.26759271,29.49627967,0.042528239,0.709322231,5.0,4073,30.1809,3318,110,30.1636,21,1.2655,0.0184,0.0635,0.2221,131072,0.657296895980835,420.097412109375,0.5416647791862488,7.726535320281982,8.72537899017334,525.5441284179688,0.806938886642456,0.6686772108078003,385.30426025390625,0.5500079989433289,7.231540679931641,7.609007835388184,442.5106201171875,0.8212393522262573,0.17466647922992706,241.12452697753906,0.13594095408916473,4.220841407775879,5.951067924499512,368.2980041503906,0.11038698256015778,2mgml,shg,roi1,2929.399794313771,55490.65071105957,31974.353370666504,245.66699201419698,65328.088691711426,61565.2933883667,5264.107782398371,3262.72719171688,1659.5717884567105,61495.89067840576,6511.823673821451,6490.281317387122,6615.353954483628,6596.966932621172,16813.257530212402,2862.9482300884956,5489.123030222606,5522.166688783465,61766.17705535889,3769.6893308562517,707.0613751842961,1481.0,64810.5,31815.0,14.0,65534.0,64205.0,2878.0,1619.0,356.0,63877.0,3775.0,3763.0,3818.0,3811.0,16813.0,108.5,3374.0,3046.0,64272.0,2639.0,41.0,3692.1050085181646,4254.642091548905,13776.120848487515,2680.9703277971066,723.7317352432041,865.0208541471283,6109.686156968395,6252.214332106426,3389.670540940769,5422.427540783499,7490.980667896281,7475.448532483542,7627.0670199126325,7601.255091456364,5.7079629974986075,7046.159271425343,5995.716217800377,6508.653672780742,5788.7872720044925,3922.5759642836383,2212.619238476708,D1,N8,t,appliedMASKiso_2mgml_roi1_8bit.ome
appliedMASKiso_shg_2mgml_roi1_8bit.ome,6,57.07767059,56.55805882,0.937051176,3.751855882,40.0075,48.0135,0.940025,3.5672,34.0,49.17428772,26.25063769,0.023507505,0.676212084,6.0,3819,32.3213,3110,103,30.1942,25,1.2355,0.0194,0.0594,0.2442,131072,0.6898807287216187,366.05743408203125,0.5306804180145264,6.822838306427002,7.702386856079102,452.3961181640625,0.8277180790901184,0.7073184251785278,330.8013610839844,0.563562273979187,6.25432014465332,6.304110527038574,368.9655456542969,0.8441393971443176,0.16505448520183563,204.11997985839844,0.14427663385868073,3.7425811290740967,5.493038654327393,317.3508605957031,0.1031453013420105,2mgml,shg,roi1,2962.6949830793174,55738.874755859375,31932.77212524414,228.50506379060897,65339.86395263672,61541.571212768555,5294.196574519736,3297.3814227754956,1636.058284071758,61492.07579040527,6528.589465536975,6504.770035158791,6639.032112244646,6619.29397524887,16813.222785949707,2591.1372549019607,5526.230705893008,5561.1785193785045,61751.37279510498,3846.010448830373,649.1468236819361,1502.0,64862.0,31803.0,15.0,65534.0,64176.0,2878.0,1628.0,356.0,63838.0,3783.0,3770.0,3808.0,3802.0,16813.0,103.5,3415.0,3057.0,64245.0,2681.0,41.0,3727.7839956567727,4299.023927523191,13488.465756347501,2589.2206381132137,819.184853858588,895.9639260915174,6018.209574374177,6233.514970525611,3388.4802462032835,5331.619259137047,7407.629320518428,7388.910828577385,7539.135765234863,7513.309547125196,7.967381463502837,6643.923933443944,6045.888690261009,6480.136869178002,5697.336859180835,4002.0470638861602,2205.6195156563235,D1,N8,t,appliedMASKiso_2mgml_roi1_8bit.ome
appliedMASKiso_shg_2mgml_roi1_8bit.ome,7,63.65692813,56.96378125,0.9273875,3.68179375,44.478,51.893,0.929855,3.67435,32.0,48.15204025,22.23159272,0.029110274,0.673746927,7.0,3702,33.406,2994,103,29.068,10,1.227,0.0148,0.061,0.2675,131072,0.6822864413261414,378.8731994628906,0.5188789367675781,7.06272554397583,7.571345329284668,442.0484619140625,0.8235324621200562,0.6946001648902893,363.4541931152344,0.544776439666748,6.7922821044921875,6.572513580322266,394.61187744140625,0.8365005850791931,0.15716807544231415,187.21063232421875,0.134882852435112,3.5563271045684814,4.835511207580566,273.6241455078125,0.0984983816742897,2mgml,shg,roi1,3097.7772467634495,56589.80861663818,31860.645050048828,216.0457134511465,65338.585357666016,61342.85159301758,5552.630666700031,3467.047018492105,1664.355643745707,61351.65885925293,6803.6657146598145,6776.650910816871,6929.714938051359,6907.2025155894535,16813.239219665527,2614.2940117064386,5656.206451824089,5811.921103455048,61579.53385925293,4014.170739291969,614.112825458052,1649.0,65236.5,31793.0,15.0,65534.0,64008.0,3175.0,1806.0,381.0,63723.0,4016.0,4009.0,4082.0,4073.0,16813.0,104.0,3578.0,3311.0,64108.0,2922.0,43.0,3811.2078243731553,4394.280396531123,13172.671392984392,2557.2050788049496,864.7445112188403,913.4555437977432,6121.610320723341,6360.130032885333,3269.5571991552247,5398.195630294351,7499.622114598833,7477.706319662957,7645.909140290771,7617.411226382905,5.097161035712749,6529.328315852678,5973.4529116308795,6600.565194109271,5776.896481788614,4010.1072508626007,1903.2658057949045,D1,N8,t,appliedMASKiso_2mgml_roi1_8bit.ome
appliedMASKiso_shg_2mgml_roi1_8bit.ome,8,60.15291667,55.58156667,0.936782667,3.829986667,39.345,47.449,0.934095,3.8973,30.0,60.81523635,24.51037177,0.030449396,0.597995672,8.0,3788,32.6022,3095,102,30.3431,11,1.2284,0.0208,0.0638,0.3262,131072,0.6657492518424988,418.3678894042969,0.5573373436927795,7.6276655197143555,8.54227066040039,533.3346557617188,0.8122435212135315,0.6775317192077637,383.68829345703125,0.5846279263496399,7.029547214508057,7.525783061981201,459.9573669433594,0.8266012668609619,0.17108778655529022,244.93699645996094,0.13618145883083344,4.26744270324707,5.647369861602783,358.28753662109375,0.10824396461248398,2mgml,shg,roi1,3318.138240618227,56865.76304626465,31915.679718017578,290.2931361247338,65287.53691864014,61077.34558868408,5904.772897373834,3740.676119982487,1725.1535879707324,61175.90010070801,7116.14318416118,7081.758115446745,7271.069988879058,7243.2553270937,16813.200729370117,2499.498671390611,5869.537531150814,6152.913029360911,61355.395416259766,4272.908654041285,638.8217498597869,1809.0,65310.0,31810.0,16.0,65534.0,63747.0,3435.0,1984.0,444.0,63550.0,4399.0,4381.0,4461.0,4453.0,16813.0,97.0,3822.0,3637.0,63878.0,3127.0,49.0,4051.74638059106,4715.413398241902,12749.753472350078,2526.53200939165,1382.5739331073678,1317.4772386335774,6263.807437983633,6651.9052382015025,3252.6718007401623,5443.336010121186,7605.765097623388,7572.136703769525,7793.321593464067,7756.840842966583,6.215537807351894,6022.85959924458,6046.206027602411,6850.00004324434,5867.5786048037535,4212.705693587284,2176.0971602379323,D1,N8,t,appliedMASKiso_2mgml_roi1_8bit.ome
appliedMASKiso_shg_2mgml_roi1_8bit.ome,9,60.24017647,53.39526471,0.935345,3.810029412,38.7705,46.7765,0.943265,3.6949,34.0,60.86812162,19.04092958,0.027806829,0.704862894,9.0,3433,36.1803,2804,104,26.9615,15,1.1987,0.0163,0.0626,0.305,131072,0.6992075443267822,418.1104736328125,0.6002508997917175,7.078952312469482,8.71339225769043,608.9362182617188,0.8326799869537354,0.7131653428077698,370.4461975097656,0.6353957653045654,6.510927200317383,7.439391136169434,492.1343688964844,0.8476715087890625,0.1706499457359314,276.0131530761719,0.13030022382736206,4.425219535827637,6.540881633758545,454.2500915527344,0.10619831085205078,2mgml,shg,roi1,3440.3641237646148,56161.357261657715,31919.53192138672,319.28419411420776,65265.057525634766,61089.04433441162,6024.535990476972,3886.0228142188653,1643.9249061639837,61263.98329925537,7037.023415800013,6992.649861120082,7236.905190233189,7201.010197984627,16813.255981445312,2758.438009049774,5727.947839286868,6245.131136554486,61401.27806854248,4451.173559524578,608.78482310151,1807.0,64662.5,31811.0,16.0,65534.0,63720.0,3435.0,1975.0,432.0,63540.0,4356.0,4337.0,4437.0,4424.5,16813.0,111.5,3740.0,3631.0,63861.0,3149.0,45.0,4267.1151972547705,4930.796940145713,12481.467213646796,2352.793454464509,1411.2058646961282,1352.4620517343003,6228.355982615357,6841.926596739077,3092.38766369372,5298.674840385666,7505.716982706505,7457.341905316056,7759.814280176725,7711.318979211763,6.531206376098889,6393.052025016957,5904.516223132473,7013.3823873161555,5788.266485619042,4473.118211100123,1918.4397923807737,D1,N8,t,appliedMASKiso_2mgml_roi1_8bit.ome
appliedMASKiso_shg_2mgml_roi1_8bit.ome,10,67.83841765,51.83526471,0.929208824,3.930085294,44.4975,43.373,0.940965,3.99125,34.0,59.01301596,20.71140077,0.049516612,0.761631792,10.0,3500,35.4494,2914,112,26.0179,18,1.2146,0.0123,0.0638,0.2873,131072,0.696956217288971,443.242919921875,0.6056842803955078,7.286418437957764,9.146127700805664,663.2267456054688,0.8317307829856873,0.7030034065246582,401.7862548828125,0.6381192207336426,6.91155481338501,8.094776153564453,562.4249877929688,0.8417448997497559,0.16652505099773407,286.56207275390625,0.1306057721376419,4.399960994720459,6.821057319641113,506.7611999511719,0.1024370938539505,2mgml,shg,roi1,3522.8063575222377,56219.15552520752,31927.103660583496,374.76841071954453,65230.16763305664,61035.965492248535,6146.135749225501,4012.3853497472687,1606.6428955933382,61260.56837463379,7051.507838426369,7001.5110043310215,7281.815911483234,7240.599529131948,16813.311515808105,2683.470340962167,5642.755196824453,6336.592128628939,61369.91466522217,4535.572490377739,633.5754772811958,1828.0,64489.0,31813.0,17.0,65534.0,63651.0,3472.0,1975.0,432.0,63503.0,4423.0,4406.0,4507.0,4495.0,16813.0,100.0,3781.0,3672.0,63803.0,3169.0,41.0,4468.02747612407,5295.656291882377,12255.700679724749,2466.25598475827,1534.711195489839,1468.6761619954996,6330.804378297474,7169.864699839977,3043.6409123628896,5314.212781858602,7548.8662719806325,7487.767348531051,7867.642048032903,7807.370111659938,4.864504347044381,6359.224563845612,5797.442260085759,7224.400489365426,5855.393823707145,4677.057485795137,1980.3331016899417,D1,N8,t,appliedMASKiso_2mgml_roi1_8bit.ome
appliedMASKiso_shg_2mgml_roi1_8bit.ome,11,60.48300645,68.79406452,0.92462,3.743216129,35.287,56.035,0.93903,3.7175,31.0,56.72275586,34.46183593,0.052447194,0.615977592,11.0,3735,33.0932,3093,108,28.6389,26,1.2329,0.0177,0.0668,0.2455,131072,0.6865836381912231,442.7049560546875,0.6010225415229797,7.4089508056640625,9.188868522644043,658.2160034179688,0.8263270854949951,0.691438615322113,397.5849609375,0.6205137968063354,7.0014262199401855,7.9735331535339355,546.8072509765625,0.8348448276519775,0.16138194501399994,264.6455078125,0.1296743005514145,4.132732391357422,6.429187774658203,501.3838806152344,0.09834376722574234,2mgml,shg,roi1,3594.28058305477,56549.92002105713,31895.366569519043,380.51081607842383,65220.7802734375,60950.30372619629,6245.407567444174,4084.8339760470253,1632.44074647759,61190.23184967041,7167.534118668038,7115.843002699923,7398.712924273592,7357.148672537927,16813.273612976074,2632.4940747493165,5744.045697801492,6443.823661288249,61293.299224853516,4613.194024813577,640.8112098307033,1853.0,64973.0,31819.0,15.0,65534.0,63614.0,3527.0,2009.0,450.0,63474.0,4510.0,4491.0,4587.0,4572.0,16813.0,88.5,3862.0,3737.0,63760.0,3205.0,47.0,4627.372847588031,5465.901294934886,12223.107534569734,2411.1085532877955,1470.4590776294315,1459.5805102124011,6420.741931854907,7327.106945645782,2980.3116989400564,5362.895901700774,7661.899142022923,7597.386867140017,7987.93584677032,7925.829625256644,5.199365795663619,6258.707205665213,5872.037500398837,7370.858356300611,5919.749887576639,4909.279587915931,1867.5538606035175,D1,N8,t,appliedMASKiso_2mgml_roi1_8bit.ome
appliedMASKiso_shg_2mgml_roi1_8bit.ome,12,68.99612941,61.09223529,0.928709118,3.826708824,48.5975,51.556,0.93548,3.60975,34.0,59.95323051,35.1329578,0.044596963,0.686781635,12.0,3612,34.2882,2950,96,30.7292,23,1.2185,0.0195,0.0672,0.2405,131072,0.6870058178901672,436.5848083496094,0.5885453820228577,7.332132816314697,8.89382553100586,635.3768310546875,0.8271145820617676,0.7024400234222412,369.67401123046875,0.6173101663589478,6.617025852203369,7.334282398223877,490.2196350097656,0.8417724370956421,0.15675777196884155,258.57513427734375,0.13216173648834229,3.952922821044922,6.058924198150635,486.2065734863281,0.09557618945837021,2mgml,shg,roi1,3622.7329645501836,56517.98870840995,31876.42765045166,380.4173029947491,65214.05268859863,60923.30687713623,6256.977301099045,4122.680387725296,1717.1168487036593,61152.35001373291,7191.537753370909,7139.515369091362,7414.7404822590115,7374.407829673643,16813.307762145996,3056.403126285479,5804.74314360834,6467.634430302397,61261.633728027344,4638.912392561087,704.5695019122811,1853.0,64969.0,31808.0,16.0,65534.0,63676.0,3527.0,2035.0,441.0,63518.0,4447.0,4428.0,4536.0,4521.0,16813.0,82.0,3781.0,3721.0,63819.0,3234.0,49.0,4742.649496500345,5598.156525436483,12354.583249623816,2406.8438530366498,1390.073443409742,1433.022099113919,6548.041017217154,7379.986968181718,3303.301598072569,5530.761594956615,7822.818752345716,7761.086937198415,8111.249409164805,8055.197437290408,4.885561868762241,7057.672953537994,6137.191765722684,7481.047527687316,6056.107953797558,5124.49331106543,2048.0571992117693,D1,N8,t,appliedMASKiso_2mgml_roi1_8bit.ome
appliedMASKiso_shg_2mgml_roi1_8bit.ome,13,74.82001071,57.12814286,0.928623214,3.951039286,53.3495,52.4865,0.94742,3.7636,28.0,60.12967284,22.16779749,0.052836624,0.75388297,13.0,3429,36.2248,2806,108,25.9815,14,1.2141,0.0201,0.0637,0.2308,131072,0.6966234445571899,424.7130126953125,0.5688310861587524,7.1394829750061035,8.388957977294922,605.5449829101562,0.833145022392273,0.719858705997467,374.6056823730469,0.5790508985519409,6.476868152618408,6.874797344207764,471.22906494140625,0.8514224886894226,0.15177281200885773,238.83328247070312,0.14570628106594086,3.7339560985565186,5.6160478591918945,482.0690002441406,0.09197027236223221,2mgml,shg,roi1,3585.769104891497,56345.373291015625,31904.151626586914,414.70127624856735,65206.04377746582,61074.508308410645,6184.952672181277,4129.377351839251,1620.9910383985502,61301.555923461914,6989.728605745978,6934.971487763196,7225.600933479509,7183.047592944894,16813.312454223633,2511.073726541555,5587.5853029374775,6342.655741140812,61412.376205444336,4636.31766517267,679.6329460168189,1847.0,64951.5,31801.0,17.0,65534.0,63730.0,3490.0,2026.0,411.0,63609.0,4311.5,4285.0,4430.0,4413.0,16813.0,103.0,3618.0,3665.0,63883.0,3221.0,46.0,4821.7217000756045,5723.432813539631,12537.775639898879,2531.200443128309,1648.2369757388003,1595.1607880648583,6364.605472622444,7365.558073808237,3093.28299253105,5323.5786287533865,7620.073313132895,7554.621793183517,7931.978535619615,7871.799092456312,5.895616920374482,5946.44603643051,5852.358133545823,7404.253255491152,5859.979736560841,5317.945608467743,2141.1011649662373,D1,N8,t,appliedMASKiso_2mgml_roi1_8bit.ome
appliedMASKiso_shg_2mgml_roi1_8bit.ome,14,66.76336389,50.65113889,0.911906111,3.946680556,56.752,39.5355,0.92524,3.83975,36.0,50.39415329,22.81790611,0.051779651,0.719205168,14.0,3383,36.7446,2792,93,30.0215,20,1.2134,0.0227,0.0662,0.2373,131072,0.674325704574585,416.51129150390625,0.5806687474250793,7.3924336433410645,8.910611152648926,585.1856079101562,0.8185694217681885,0.6820753812789917,407.29400634765625,0.6037234663963318,7.266178607940674,8.13802433013916,532.7186279296875,0.829986572265625,0.16774271428585052,224.3690948486328,0.13567346334457397,3.902233600616455,5.825695991516113,413.9079895019531,0.10377734899520874,2mgml,shg,roi1,3588.001758419036,56284.79951477051,31988.338905334473,381.0675713669847,65213.380043029785,60960.0126953125,6253.801625909549,4110.922806211598,1713.804938271605,61184.60344696045,7117.351078846542,7063.757402702157,7354.775180479935,7312.051929824562,16813.24156188965,2824.9697251979505,5709.7972494454525,6415.915507158701,61294.272857666016,4570.9885057471265,713.6325030078873,1888.0,64926.0,31806.0,20.0,65534.0,63702.0,3583.0,2094.0,423.0,63572.0,4371.0,4345.0,4506.0,4485.0,16813.0,118.0,3659.0,3737.0,63851.0,3247.0,53.0,4701.413512097522,5422.76636472748,12599.220416120652,2553.7414886743354,1677.738534826866,1577.9201140686496,6421.896936391448,7239.339238161667,3166.7673837582606,5408.240213873933,7677.005063750244,7616.286459768608,7973.999235631228,7917.078230840341,8.04742473255424,6507.791553734779,5921.816357261355,7350.05812304001,5932.459640649549,5008.7614369504245,2105.663441620511,D1,N8,t,appliedMASKiso_2mgml_roi1_8bit.ome
appliedMASKiso_shg_2mgml_roi1_8bit.ome,15,59.81086514,56.21794595,0.924177568,3.995613514,49.185,48.317,0.93408,4.0497,37.0,41.91709746,27.69214108,0.037226334,0.791738725,15.0,3687,33.55,3094,104,29.75,20,1.2319,0.0225,0.0687,0.2674,131072,0.6504991054534912,433.1778869628906,0.5719707608222961,7.899675369262695,9.259281158447266,579.7208251953125,0.8032252192497253,0.6479967832565308,424.1320495605469,0.5973398685455322,7.808966636657715,8.927472114562988,547.6146240234375,0.8096160292625427,0.17512865364551544,231.18698120117188,0.12981145083904266,4.11915922164917,5.7921271324157715,382.7450256347656,0.10974350571632385,2mgml,shg,roi1,3621.790639996122,56614.30724334717,31942.350288391113,360.1239655681986,65223.638442993164,60856.49681854248,6312.806121194739,4112.637472856148,1731.7869590594514,61095.19104766846,7293.955324683719,7244.155038697064,7520.377639721446,7479.797894685818,16813.21201324463,3079.561435803037,5827.6510882034545,6524.855714077976,61202.56594848633,4592.658528703689,697.5656251728143,1934.0,65232.0,31810.0,19.0,65533.0,63594.0,3657.0,2120.0,471.0,63479.0,4607.0,4580.0,4693.0,4678.0,16813.0,115.0,3903.0,3855.0,63755.0,3302.0,57.0,4691.740650302841,5370.19783812059,12644.628260205634,2435.620592691091,1857.780340925247,1643.8244622897128,6520.054942528314,7277.110369275006,3143.9077246948336,5468.699424256212,7784.150617599839,7723.932834520012,8087.96352008746,8030.4721672961305,6.7392319098098685,6679.782225447591,5928.7758022724565,7426.490607979546,6017.520424101062,4888.531279094707,1994.486016283853,D1,N8,t,appliedMASKiso_2mgml_roi1_8bit.ome
appliedMASKiso_shg_2mgml_roi1_8bit.ome,16,51.40696071,55.55275,0.932225,4.072685714,40.004,48.1825,0.93877,3.9179,28.0,41.70578116,21.64790334,0.038316471,0.67716036,16.0,3114,40.0915,2568,85,30.2118,11,1.1872,0.0192,0.0632,0.2702,131072,0.6988769769668579,404.89300537109375,0.5591674447059631,7.072717189788818,7.991507053375244,553.2440795898438,0.8332321643829346,0.7084548473358154,368.8574523925781,0.5847952365875244,6.681664943695068,7.025546550750732,444.15692138671875,0.8448254466056824,0.16336821019649506,246.22010803222656,0.15466202795505524,4.088837146759033,5.477217197418213,448.2176208496094,0.0990092009305954,2mgml,shg,roi1,3552.1905719825495,56171.536865234375,31886.98040008545,421.53779166912386,65220.33798980713,61195.090560913086,6136.84512041181,4106.961114116625,1525.985036678893,61436.606506347656,6848.1130231055095,6789.212659557279,7104.6247778316365,7058.36661819357,16813.254371643066,3040.8936758893283,5513.711972855065,6275.19604136371,61534.07262420654,4616.4693003716275,597.4173732420744,1766.0,64654.5,31800.0,17.0,65534.0,63837.0,3342.0,1941.0,392.0,63677.0,4183.0,4153.0,4280.0,4265.0,16813.0,135.0,3578.0,3521.0,63975.0,3096.0,45.0,4809.39093728469,5675.386566405708,12558.194521565527,2463.2459609452762,2426.1182825573055,1932.6301889676708,6299.633626123622,7430.47081472999,2886.229551137342,5151.001722775925,7532.904674608127,7454.648003804947,7904.727216441951,7834.42614837233,6.661289077875249,6658.282159979161,5796.45733983518,7465.510799986083,5769.2978577894555,5045.989804201631,1874.1192540126567,D1,N8,t,appliedMASKiso_2mgml_roi1_8bit.ome
appliedMASKiso_shg_2mgml_roi1_8bit.ome,17,65.97104,55.17156667,0.918321,3.659546667,55.209,47.0405,0.923795,3.5083,30.0,48.30580229,23.783434,0.04123408,0.926070385,17.0,3260,38.2064,2628,102,25.7647,14,1.2032,0.0314,0.0631,0.2687,131072,0.6821005940437317,423.2117614746094,0.5502639412879944,7.462499618530273,8.55676555633545,579.904296875,0.8218399882316589,0.7039123177528381,364.33447265625,0.5862566232681274,6.680044174194336,6.904445171356201,431.0721130371094,0.8419742584228516,0.17484642565250397,267.5242919921875,0.17162346839904785,4.5019097328186035,6.369251251220703,485.4849853515625,0.10971643030643463,2mgml,shg,roi1,3595.490522053367,56489.09783935547,31917.163330078125,531.7474110671936,65161.346282958984,61115.073738098145,6262.890294737875,4241.7061121736715,1550.6909219210493,61392.09085083008,6937.838584519085,6874.653937985997,7204.683622108218,7156.358105055981,16813.178855895996,3122.9027500996413,5518.839584744943,6353.240247797889,61471.03553009033,4623.897710773401,661.3875928903079,1765.0,65055.0,31796.0,16.0,65534.0,63817.0,3342.0,1950.0,393.0,63660.0,4228.0,4201.0,4317.0,4302.0,16813.0,129.0,3578.0,3527.0,63957.0,3104.0,42.0,4886.648904546861,6038.283980756242,12530.180523478832,2471.1618591974784,2746.1157042484174,2224.4621655140472,6520.941443607765,7753.104332782052,3111.3044334006863,5306.6590776343955,7702.806596489253,7615.725657965878,8105.80217231271,8029.463782801011,10.307883999326199,7025.123203022485,5898.967750276416,7651.570351096141,5957.526228631144,4969.777800467703,2238.7572283778586,D1,N8,t,appliedMASKiso_2mgml_roi1_8bit.ome
appliedMASKiso_shg_2mgml_roi1_8bit.ome,18,66.94406207,51.16917241,0.931841724,4.026396552,60.945,45.313,0.92919,4.2182,29.0,47.23983837,24.98982729,0.021456897,0.875362836,18.0,3454,35.9482,2782,93,29.914,17,1.2196,0.0173,0.0645,0.2645,131072,0.6773154139518738,412.69537353515625,0.5536719560623169,7.449331283569336,8.774017333984375,562.2600708007812,0.8181577324867249,0.7119637727737427,352.7013244628906,0.5949633121490479,6.412131309509277,6.753267288208008,417.76708984375,0.8468178510665894,0.18010079860687256,252.97122192382812,0.16371677815914154,4.48331880569458,6.788348197937012,439.16400146484375,0.11555164307355881,2mgml,shg,roi1,3577.122959572845,56698.45630645752,31938.16156768799,531.3747982204023,65150.41923079857,61006.54177856445,6257.431929321249,4149.660934341788,1636.0773478379474,61269.771743774414,7028.885166004256,6971.714793849613,7286.224376731302,7240.040202336505,16813.262481689453,3045.0118006993007,5580.893885744109,6381.922293147055,61358.64848327637,4546.225524910675,758.3208360505345,1813.0,65121.0,31789.0,16.0,65534.0,63743.0,3435.0,2001.0,400.0,63597.0,4293.0,4269.0,4396.0,4381.0,16813.0,111.0,3618.0,3607.0,63894.0,3181.0,39.0,4781.114834391773,5705.324103669413,12297.630431052488,2567.7011968056127,2660.56870642949,2171.347569302448,6753.4979683909605,7654.282108779464,3391.6457417142087,5614.28887478703,7885.955796782404,7811.938344927688,8260.113528907963,8189.869632379064,6.9443850771689295,6976.855382308527,6012.335778328597,7671.1005688160485,6217.351763088972,4774.166717383128,2646.2085538308665,D1,N8,t,appliedMASKiso_2mgml_roi1_8bit.ome
appliedMASKiso_shg_2mgml_roi1_8bit.ome,19,67.67425946,56.89837838,0.920222973,3.803732432,65.283,44.067,0.93225,3.9508,37.0,43.04963481,31.62369864,0.047344843,0.764699609,19.0,3787,32.6113,3046,111,27.4414,11,1.2406,0.0158,0.0703,0.2203,131072,0.6518779993057251,442.47076416015625,0.5599907636642456,7.994236946105957,9.715600967407227,595.5245361328125,0.8012842535972595,0.6798458695411682,396.9175109863281,0.5920071601867676,7.109424591064453,7.6838178634643555,487.9935302734375,0.8279633522033691,0.1941114366054535,261.56756591796875,0.1467101126909256,4.686096668243408,7.498244762420654,431.7283020019531,0.12707997858524323,2mgml,shg,roi1,3624.368416011494,57029.21058654785,31937.16286468506,533.894221277242,65121.15254974365,60791.14075577359,6362.265697070096,4176.136588059508,1822.987943268256,61039.61727613278,7274.452616035439,7222.063726703117,7509.126766971305,7466.985497066688,16813.272773742676,2988.1790985241323,5849.561719280042,6527.9672666320785,61133.81058357684,4553.239813225845,911.3661961206897,1906.0,65067.0,31807.0,15.0,65533.0,63585.0,3602.0,2103.0,444.0,63469.0,4498.0,4468.0,4596.0,4582.0,16813.0,99.0,3822.0,3790.0,63746.0,3303.0,42.0,4714.7041626212995,5565.632463348974,11988.085865574762,2514.630425743029,2169.8561152380753,2068.4250471396153,7052.004618899791,7621.8056657584675,3944.314400908994,6009.225942937185,8150.917441405487,8087.307229610985,8484.00071873875,8421.873375849997,5.807505125832966,6734.494421433536,6332.420179011997,7737.654095578817,6567.058401345288,4653.6324606863855,3395.6520673225696,D1,N8,t,appliedMASKiso_2mgml_roi1_8bit.ome
appliedMASKiso_shg_2mgml_roi1_8bit.ome,20,72.07403487,58.14235897,0.930875385,3.773687179,65.433,46.369,0.93558,3.7984,39.0,47.67244652,28.35119497,0.028172788,0.691855856,20.0,3658,33.8319,2995,101,29.6535,16,1.2299,0.0154,0.07,0.1899,131072,0.6609610319137573,449.26214599609375,0.5801907181739807,7.891437530517578,9.7530517578125,626.96533203125,0.807060718536377,0.6970902681350708,384.33648681640625,0.6029521226882935,6.773501873016357,7.677755355834961,519.7754516601562,0.8380002379417419,0.1930055022239685,279.2400207519531,0.13416297733783722,4.7843546867370605,7.5066142082214355,461.5296630859375,0.12508000433444977,2mgml,shg,roi1,3597.068130626149,56853.834228515625,31948.437942504883,392.71182622392354,65193.44234466553,60856.603591918945,6326.919019010115,4167.769396220618,1722.7691462314442,61112.64694213867,7198.1725392188855,7145.1879561608075,7441.186523507454,7397.714511982554,16813.260932922363,2944.039434204886,5752.642576865832,6475.5854776705055,61203.71891784668,4602.352942112845,781.60483742132,1997.0,64980.5,31814.0,13.0,65533.0,63449.0,3732.0,2170.0,474.0,63369.0,4682.0,4652.0,4782.0,4765.0,16813.0,102.0,3903.0,3944.0,63621.0,3421.0,45.0,4543.411996756601,5425.0675778369705,11838.858956096246,2497.84732073044,1628.071426107058,1689.94921995155,6777.760419842807,7394.334014492579,3564.3281171990775,5745.547689363206,7899.42926379824,7838.413652732225,8223.016829936501,8162.733601477301,4.497847006525343,6532.4329779485415,6046.030599052703,7476.096435276494,6292.561999754534,4632.053126457443,2986.4510629481006,D1,N8,t,appliedMASKiso_2mgml_roi1_8bit.ome
appliedMASKiso_shg_2mgml_roi1_8bit.ome,21,79.68392813,54.8860625,0.932102812,3.709240625,79.1925,42.3865,0.94275,3.6422,32.0,46.4653173,30.60063297,0.028453433,0.682153221,21.0,3707,33.3582,3017,97,31.1031,19,1.2289,0.0205,0.0658,0.1753,131072,0.6883003115653992,454.399169921875,0.5816510319709778,7.57100248336792,9.216285705566406,652.4243774414062,0.8245469331741333,0.7309812903404236,391.5650939941406,0.6009828448295593,6.415273666381836,6.74776554107666,487.8470458984375,0.8575923442840576,0.185328409075737,286.6632385253906,0.1324111819267273,4.741497039794922,7.219306468963623,521.5573120117188,0.11705215275287628,2mgml,shg,roi1,3488.267513996066,56532.9407119751,31896.08371734619,316.1473787960501,65259.72188568115,61184.3427734375,6162.4623025671335,4136.257547177449,1491.9638631328464,61444.82120513916,6810.162728655501,6750.108010607545,7078.653120545348,7030.439727325576,16813.280166625977,3216.4091875797535,5431.6255186308945,6218.990172890238,61523.81755065918,4601.645499358929,570.5708783740048,1940.0,64625.0,31801.0,12.0,65533.0,63570.0,3694.0,2170.0,440.0,63467.0,4477.0,4443.0,4597.0,4577.0,16813.0,109.0,3740.0,3819.0,63730.0,3361.0,42.0,4408.007911442934,5489.107336675306,11901.933968298265,2448.252428974842,1664.3674973782852,1565.6056890370144,6212.407554084088,7201.803324495001,3027.3060541521572,5143.986493210793,7361.427243840106,7289.69566577064,7713.166747482594,7647.059148753574,7.591297005849845,6783.034321002553,5632.594290698444,7130.762903727177,5715.844634145531,4642.989753332918,2198.5055717415576,D1,N8,t,appliedMASKiso_2mgml_roi1_8bit.ome
appliedMASKiso_shg_2mgml_roi1_8bit.ome,22,86.62346,56.56117143,0.927593429,3.657894286,87.51,49.737,0.9403,3.5379,35.0,48.73736609,27.73073396,0.036922856,0.756175316,22.0,3777,32.7029,3064,102,30.0392,19,1.2359,0.0173,0.0637,0.139,131072,0.6864326596260071,438.6613464355469,0.5840751528739929,7.4772725105285645,9.120635032653809,630.8779296875,0.8240484595298767,0.714152991771698,379.12847900390625,0.59689861536026,6.488855838775635,7.135849952697754,497.07330322265625,0.8483775854110718,0.18196935951709747,276.8629455566406,0.13519690930843353,4.630107879638672,7.040180683135986,508.2566833496094,0.11420708894729614,2mgml,shg,roi1,3433.060138142258,56418.68586730957,31924.90687561035,315.134082567935,65262.6116104126,61228.301361083984,6075.575600706427,4065.43847923654,1474.4365356634964,61471.74720001221,6766.31160969229,6708.921509355709,7022.621065896728,6976.592552122382,16813.254203796387,2493.3923278116827,5412.526272551803,6146.959490500726,61564.03606414795,4520.50076568457,575.7155550715958,1871.0,64418.0,31801.0,12.0,65533.0,63599.0,3602.0,2111.0,441.0,63482.0,4444.0,4415.5,4557.0,4540.0,16813.0,104.0,3740.0,3719.0,63748.0,3257.0,42.0,4393.5703252329195,5525.164502187266,12032.602300923996,2491.90210148169,1543.7201762292502,1492.2877663191791,6185.407766155265,7220.12348134076,2978.852203474774,5095.000411205985,7330.114135675234,7255.789744260946,7688.537829372938,7620.996406827912,12.364176996489011,5789.338763353917,5570.512150050062,7117.227169250955,5674.5403995207025,4605.36463695492,2189.7251922395417,D1,N8,t,appliedMASKiso_2mgml_roi1_8bit.ome
appliedMASKiso_shg_2mgml_roi1_8bit.ome,23,85.3455697,60.20109091,0.932830909,3.833084848,84.094,46.297,0.94312,3.5359,33.0,50.97542871,29.48460528,0.034248704,0.878471198,23.0,3783,32.6479,3043,98,31.051,22,1.2333,0.0209,0.0633,0.1215,131072,0.6774995923042297,438.851806640625,0.5835416913032532,7.624533176422119,9.383657455444336,636.9520263671875,0.8182035684585571,0.7035367488861084,386.92529296875,0.6088602542877197,6.694579601287842,7.417695045471191,502.7796936035156,0.8419257998466492,0.18601398169994354,271.3736572265625,0.14369231462478638,4.6752848625183105,7.08445930480957,492.123779296875,0.11667729169130325,2mgml,shg,roi1,3395.9861646541563,56703.21405792236,31893.733390808105,310.1067933162843,65266.11548614502,61228.940742492676,5973.470752359463,3935.9401056198494,1464.4149885480203,61456.06553649902,6742.818539522732,6690.418397744289,6985.441193806353,6942.07219549495,16813.278732299805,2907.53425229741,5365.068762545003,6097.2550418963265,61563.724517822266,4433.7777105170935,566.3915432051098,1787.0,64777.0,31795.0,13.0,65534.0,63714.0,3435.0,1992.0,417.0,63548.0,4265.0,4244.0,4372.0,4351.0,16813.0,115.0,3618.0,3564.0,63856.0,3117.0,43.0,4418.668341928388,5299.284103431637,12002.430572119916,2518.3324390754105,1461.8685890934998,1412.91019275486,6172.927689928125,7131.324688085649,2792.517125376222,5048.575618088073,7354.09755937667,7284.094838830497,7706.637254945257,7640.661735057693,5.013268827353968,6591.312063682021,5461.137709069018,7137.925014751373,5631.972984985351,4610.166559382314,1917.9912239931816,D1,N8,t,appliedMASKiso_2mgml_roi1_8bit.ome
appliedMASKiso_shg_2mgml_roi1_8bit.ome,24,86.73333611,59.88361111,0.934459722,3.821133333,75.653,51.717,0.94103,3.94995,36.0,53.18198213,29.7483891,0.03604709,0.65864291,24.0,3949,31.1914,3208,96,33.4167,16,1.2459,0.0138,0.0678,0.1233,131072,0.6451685428619385,470.1712951660156,0.5867123603820801,8.32604694366455,10.240762710571289,721.6729125976562,0.7981821298599243,0.6678953170776367,420.6885986328125,0.614883542060852,7.495558738708496,8.054119110107422,555.8052978515625,0.8206819295883179,0.18916131556034088,281.6534118652344,0.14487460255622864,4.786285877227783,7.457583904266357,632.725830078125,0.11948861181735992,2mgml,shg,roi1,3474.1967554837734,57136.85120391846,31900.249534606934,332.9163538467372,65249.94197845459,61066.07321929932,6107.38216586249,4033.197358743706,1573.2419159123704,61293.63414001465,6959.986371122373,6907.7963306255915,7188.722227084311,7147.513155486956,16813.252380371094,3068.77623519804,5605.333123821496,6245.671371400838,61400.920837402344,4486.130106851037,586.1924851535422,1786.0,65192.0,31796.0,15.0,65534.0,63715.0,3453.0,1992.0,417.0,63546.0,4279.0,4253.0,4372.0,4354.0,16813.0,117.0,3700.0,3568.0,63859.0,3093.0,49.0,4634.753951421522,5573.538460566221,11996.17622718495,2556.688919075526,1514.4658431626706,1452.3833687939402,6284.2083300728345,7321.136298001978,2905.693266425983,5180.788180039735,7537.6473125076955,7468.300005249938,7870.044608798387,7806.435223127799,6.515772101745144,7252.130102179433,5798.099141694278,7307.990885493976,5750.33567888832,4851.845211135139,1626.699555432272,D1,N8,t,appliedMASKiso_2mgml_roi1_8bit.ome
appliedMASKiso_shg_2mgml_roi1_8bit.ome,25,89.70375833,58.242,0.939008056,3.877,80.193,42.7665,0.94373,3.92835,36.0,50.41058288,32.79257426,0.030944735,0.633952411,25.0,3804,32.4566,3131,83,37.7229,24,1.2379,0.0191,0.066,0.1099,131072,0.6764033436775208,436.73486328125,0.5702018737792969,7.609234809875488,9.104620933532715,661.2457885742188,0.8191164135932922,0.6867014169692993,397.93658447265625,0.5927949547767639,7.181550979614258,7.677662372589111,504.09332275390625,0.8322134613990784,0.17462049424648285,270.34234619140625,0.14977644383907318,4.407459735870361,6.906915664672852,654.2633666992188,0.10720191150903702,2mgml,shg,roi1,3366.8097361634595,57026.885498046875,31978.58798980713,246.0480677504137,65316.01153564453,61264.43583679199,5898.812402763335,3889.8224952238156,1436.018782372837,61466.00328826904,6727.898170997818,6677.842507439,6948.717325927395,6908.98601071216,16813.18438720703,2803.5327219674864,5373.59299345368,6042.302836738742,61587.42761993408,4471.913786947034,468.5034213974533,1703.0,65047.0,31806.0,15.0,65534.0,63783.0,3305.0,1891.0,393.0,63595.0,4149.0,4134.0,4227.0,4211.0,16813.0,107.0,3537.0,3432.0,63908.0,2986.0,47.0,4478.379911263009,5345.090074239186,11811.517912408133,2600.3300529199664,1192.543743078412,1151.4957471515008,5861.554839347409,6952.930151849838,2540.317196296852,4815.598159941071,7191.89082250024,7128.017086454093,7494.746316151847,7436.452101212976,7.122122055518533,6574.898847131646,5479.584953695691,6975.053638182477,5355.538878081924,4999.59368783724,1224.682785068358,D1,N8,t,appliedMASKiso_2mgml_roi1_8bit.ome
appliedMASKiso_shg_2mgml_roi1_8bit.ome,26,81.64834571,62.81954286,0.940130571,3.735197143,71.565,52.097,0.94562,3.6793,35.0,50.05050857,35.14377598,0.027760024,0.725908437,26.0,3482,35.643,2896,66,43.8788,17,1.2088,0.0208,0.0638,0.1243,131072,0.6984419226646423,413.8674011230469,0.561730146408081,7.116119861602783,8.544958114624023,627.5325317382812,0.8325409889221191,0.6990137696266174,392.0534362792969,0.5900914072990417,6.960512161254883,7.480307102203369,481.2947692871094,0.8393840193748474,0.16938911378383636,256.4616394042969,0.16350507736206055,4.204211711883545,6.838339805603027,607.2426147460938,0.10343047231435776,2mgml,shg,roi1,3312.232547053636,56647.07889556885,31962.660110473633,275.25225548186654,65310.5578918457,61398.41703033447,5806.836961878064,3863.8791876368277,1386.8889588512363,61584.368255615234,6558.5635869608395,6507.516632636037,6784.245012592657,6743.6966798287085,16813.191856384277,2756.0083682008367,5226.086829748862,5917.901165515981,61713.73026275635,4462.129072751396,475.79275864396106,1657.0,64719.0,31796.0,15.0,65534.0,63869.0,3212.0,1840.0,369.0,63671.0,4010.0,3987.0,4094.0,4081.0,16813.0,118.0,3415.0,3339.0,63991.0,2935.0,42.0,4395.354889327983,5350.231405806903,11882.128375880275,2522.324919747176,1458.3664683024203,1334.1423730346264,5725.154039095832,6830.979481887967,2572.135073970828,4729.931940245595,7049.770490657986,6990.736160531631,7333.962991867393,7278.768423685442,8.523716942450578,6621.797888748031,5372.010344495234,6823.7779983981745,5238.2595096785935,5051.625963669819,1593.1357559293763,D1,N8,t,appliedMASKiso_2mgml_roi1_8bit.ome
appliedMASKiso_shg_2mgml_roi1_8bit.ome,27,79.85936,61.03982857,0.944578857,3.676514286,71.862,47.796,0.95055,3.6579,35.0,52.15229036,34.44549223,0.024259864,0.669568927,27.0,3554,34.8804,2916,78,37.3846,14,1.2105,0.0137,0.0609,0.1608,131072,0.7144830822944641,410.0406188964844,0.554810643196106,6.855580806732178,8.290166854858398,617.544921875,0.8418954014778137,0.7217086553573608,389.8370361328125,0.5779486894607544,6.681901931762695,6.97814416885376,445.67413330078125,0.8524778485298157,0.169197216629982,267.77423095703125,0.1744886040687561,4.267522811889648,6.963057518005371,575.7683715820312,0.1035350039601326,2mgml,shg,roi1,3218.5135785411408,56379.09257507324,31989.204315185547,289.09585663973485,65311.65207672119,61556.647048950195,5640.138419469069,3774.231360560131,1315.8153313243147,61725.92281341553,6336.891141391523,6285.5658201915285,6561.157979576604,6520.7554512681245,16813.248222351074,2677.9435294117648,5059.627654168056,5740.091158860991,61861.47507476807,4367.098281639589,480.6288265159937,1578.0,64205.0,31806.0,14.0,65534.0,63987.0,3026.0,1746.0,334.0,63767.0,3797.0,3776.0,3877.0,3863.0,16813.0,109.0,3252.0,3158.0,64099.0,2831.5,38.0,4296.4465208674455,5317.417313518979,11928.289949709857,2579.5725131067097,1625.278938609677,1402.4132883738603,5600.351380524326,6741.909772851109,2504.351769965797,4605.192766667635,6906.320827754005,6847.290812417482,7195.775486360864,7139.776867800452,7.985858379993104,6112.060475263776,5309.443259921857,6707.404446170626,5119.342329926794,5003.577589891915,1863.608463427568,D1,N8,t,appliedMASKiso_2mgml_roi1_8bit.ome
appliedMASKiso_shg_2mgml_roi1_8bit.ome,28,68.10841071,67.76992857,0.94861,3.922289286,60.692,49.507,0.951015,3.9508,28.0,41.61369778,38.70032166,0.022347971,0.70349626,28.0,3705,33.3773,3018,76,39.7105,12,1.2234,0.0134,0.063,0.122,131072,0.6987000703811646,415.01116943359375,0.563477635383606,7.114192485809326,8.688109397888184,615.3692626953125,0.8319228291511536,0.7113271951675415,374.7428894042969,0.5864690542221069,6.593719005584717,6.555655002593994,408.6642761230469,0.8465361595153809,0.17507925629615784,265.5138244628906,0.16007930040359497,4.389019012451172,7.158367156982422,540.8146362304688,0.10912935435771942,2mgml,shg,roi1,3191.689212763258,56715.484855651855,31880.461936950684,352.9064067084209,65282.42070007324,61521.03754425049,5637.203097177572,3765.126376769557,1364.3896746239373,61677.80220031738,6369.778546054301,6319.651119639685,6586.0613898756665,6547.037094011672,16813.243949890137,2645.6254389387436,5125.488296117736,5730.680403133722,61819.547370910645,4280.428048084243,517.9569823034917,1555.0,64783.0,31784.0,15.0,65534.0,63967.0,3026.0,1738.0,339.0,63733.0,3816.0,3798.0,3877.0,3869.0,16813.0,85.0,3293.0,3141.0,64071.0,2783.5,36.0,4272.581127608838,5325.454361950182,11830.598191997939,2575.7201644591314,2195.2373593960756,1717.5699818925398,5696.713255379684,6797.123048830436,2583.6380684189703,4691.150322292265,6972.057444431072,6912.472026562959,7256.404674660537,7200.882010254906,6.791766164498833,6377.93053056248,5395.021845417415,6749.117613263251,5208.563315678309,4803.260269507136,1973.0753587383076,D1,N8,t,appliedMASKiso_2mgml_roi1_8bit.ome
appliedMASKiso_shg_2mgml_roi1_8bit.ome,29,72.2964,58.64409091,0.933819697,3.913715152,69.677,49.165,0.94349,3.892,33.0,43.59996857,27.15818989,0.031397967,0.802057785,29.0,3953,31.1578,3246,74,43.8649,19,1.241,0.0164,0.0625,0.1203,131072,0.682629406452179,406.98931884765625,0.5651636123657227,7.2616143226623535,8.697569847106934,573.7013549804688,0.8225951194763184,0.6901118755340576,396.3760070800781,0.5778840780258179,7.105162143707275,7.533779144287109,445.58868408203125,0.8341050148010254,0.17291796207427979,242.49884033203125,0.14800624549388885,4.216189861297607,6.599832057952881,452.5608825683594,0.10838228464126587,2mgml,shg,roi1,3094.994241310478,56727.37071990967,31891.460205078125,254.90627506632936,65323.14503479004,61504.17401885986,5528.232372348719,3647.6318869001216,1424.9873238057949,61603.25668334961,6400.908011469852,6356.394703906721,6586.21420423941,6552.598507651849,16813.214126586914,2524.362394535958,5261.985187414847,5651.138295681379,61772.29390716553,4133.22972972973,493.4315740099618,1548.0,64853.5,31780.0,13.0,65534.0,63905.0,2970.0,1696.0,367.0,63646.0,3886.0,3866.0,3925.0,3919.5,16813.0,100.0,3374.0,3147.0,63998.0,2748.0,37.0,4071.40868184221,5097.898633054889,11835.625877490436,2620.937255970605,1245.041898727888,1181.7443923861977,5677.874430264477,6663.282543371561,2665.858407229355,4740.720839893811,6972.387690212909,6916.586973472656,7231.331152397522,7180.309924307297,7.543675889308911,6297.325968791819,5549.001574423954,6610.257294656274,5235.947675480533,4458.965359118679,1600.6872258110004,D1,N8,t,appliedMASKiso_2mgml_roi1_8bit.ome
appliedMASKiso_shg_2mgml_roi1_8bit.ome,30,78.8254,57.3704,0.930485,3.59138,80.314,50.023,0.9408,3.57675,30.0,43.49432913,28.95766486,0.044823523,0.703513893,30.0,3508,35.364,2896,77,37.6104,13,1.207,0.0114,0.0517,0.1204,131072,0.7299214005470276,360.6849060058594,0.554722785949707,6.238691329956055,7.127200603485107,491.7935791015625,0.852226197719574,0.7449795603752136,331.0340576171875,0.5656675100326538,5.798591136932373,6.063401222229004,395.4322509765625,0.8656796813011169,0.15565386414527893,223.19161987304688,0.14645983278751373,3.7402501106262207,5.229376316070557,382.45709228515625,0.09303633123636246,2mgml,shg,roi1,2883.4274066428225,55554.29242706299,31910.58140563965,146.2133887626966,65396.766120910645,61978.25503540039,5201.571549617077,3494.13683395796,1159.6032467209445,62049.19259643555,5835.026948958608,5786.684029861494,6037.096465749698,6000.465597669971,16813.272918701172,2516.680029973773,4707.334597565952,5217.228738087808,62233.973320007324,4017.8795058290725,342.2288060776433,1478.0,63025.5,31774.0,10.0,65534.0,64103.0,2878.0,1653.0,318.0,63837.0,3590.0,3568.0,3683.0,3667.0,16813.0,104.0,3090.0,2996.0,64200.0,2639.0,33.0,3740.369384051385,4893.684160709411,12297.371753147072,2566.974919417534,529.6483585225706,633.1499622206477,5016.081098836851,6206.639321158543,2138.46149715714,4118.456368640813,6329.776289951799,6273.469279112451,6592.624420917897,6541.127420845344,5.777466002064537,6231.3367268229,4883.91807937248,6030.016946161659,4600.356067401943,4424.19408106798,983.8637576752567,D1,N8,t,appliedMASKiso_2mgml_roi1_8bit.ome
appliedMASKiso_shg_2mgml_roi1_8bit.ome,31,81.82150323,55.78654839,0.938945806,3.798135484,77.196,50.436,0.94386,3.7557,31.0,39.45970302,22.70870951,0.0336399,0.513002937,31.0,3358,37.033,2777,69,40.2464,15,1.2013,0.0162,0.0484,0.1556,131072,0.7393515706062317,332.8206481933594,0.5582078695297241,5.857387065887451,6.681164264678955,454.043701171875,0.858579158782959,0.7449468374252319,307.7086486816406,0.583315908908844,5.487687587738037,5.923916816711426,372.94342041015625,0.8659968376159668,0.14425751566886902,201.3044891357422,0.14799845218658447,3.3860034942626953,4.507628440856934,345.472900390625,0.08440323919057846,2mgml,shg,roi1,2791.3602020805256,55039.14193725586,31952.514877319336,142.2410958319098,65401.480949401855,62021.36672973633,5048.485384590078,3326.916436373207,1189.9449417257247,62036.97815704346,5812.432415201233,5771.880559433787,5983.515014809016,5952.5378134306075,16813.343826534117,2909.77373823781,4752.624117310005,5115.420697113251,62255.67491912842,3865.929078128657,357.7730090268449,1476.0,61474.5,31801.0,10.0,65534.0,64127.0,2878.0,1653.0,325.0,63857.0,3625.0,3599.0,3711.0,3698.0,16813.0,105.5,3090.0,3000.0,64221.0,2620.0,36.0,3537.016294788241,4478.749146721372,12586.67391374861,2625.2737360978977,560.7591629992875,660.4822590366731,4990.838419580031,5896.6214329168915,2174.472591315208,4162.199845925513,6316.780720219112,6275.644285662638,6527.77642419656,6486.429524827599,5.042967805822789,6792.551685426512,4961.671302705418,5843.195419551071,4599.14275482911,4141.28136154139,1122.361103446958,D1,N8,t,appliedMASKiso_2mgml_roi1_8bit.ome
appliedMASKiso_shg_2mgml_roi1_8bit.ome,32,74.23866667,50.49378788,0.93656,3.921354545,81.87,49.136,0.93707,3.6666,33.0,38.28105615,14.01719748,0.023675344,0.857158328,32.0,3510,35.3427,2888,78,37.0256,12,1.2114,0.0176,0.049,0.2328,131072,0.711340606212616,327.6339111328125,0.539893627166748,6.206629753112793,6.885127544403076,414.19537353515625,0.842231035232544,0.7062151432037354,329.3534851074219,0.5738359689712524,6.1905670166015625,6.446081638336182,371.2191162109375,0.8437327146530151,0.14755123853683472,176.38133239746094,0.14606326818466187,3.2902088165283203,4.351140975952148,276.90289306640625,0.08707807958126068,2mgml,shg,roi1,2723.3208851893537,55258.350914001465,32044.378143310547,146.16295621597575,65396.08908843994,61877.053131103516,4998.176749123054,3190.235941918417,1361.1214662416203,61821.7912979126,6030.054745382554,6001.919359670928,6145.244746921027,6124.305791949732,16813.647659301758,2793.772128915116,5043.683511607382,5131.078834646434,62082.778732299805,3689.427363784322,452.7162127015652,1506.0,63122.0,31805.0,9.0,65534.0,64068.0,2989.0,1696.0,356.0,63802.0,3773.0,3754.0,3848.0,3840.0,16813.0,89.0,3252.0,3085.0,64163.0,2653.0,40.0,3349.214285277101,4078.6516020292956,12783.548994655723,2708.6814384845297,574.7971636594298,693.7311562597457,5300.662904843992,5689.869737859016,2631.353083551322,4604.848256064434,6654.8076015972065,6632.4501299132635,6776.644344032887,6752.057721454113,128.83459875980424,6618.351319799153,5381.639221469633,5827.512704766667,4972.886564901198,3771.3019144762143,1474.2158482712932,D1,N8,t,appliedMASKiso_2mgml_roi1_8bit.ome
appliedMASKiso_shg_2mgml_roi1_8bit.ome,33,89.52524516,50.92770968,0.92958129,3.7433,86.055,48.515,0.93353,3.8121,31.0,39.83152595,18.32975293,0.036599908,0.697333948,33.0,3484,35.6214,2845,81,35.1235,11,1.2112,0.0136,0.0492,0.2491,131072,0.7013646364212036,325.6151123046875,0.5306985974311829,6.314479827880859,6.985954761505127,401.3877868652344,0.835936963558197,0.6957880854606628,330.0869140625,0.5684603452682495,6.338173866271973,6.744464874267578,403.3146057128906,0.8375407457351685,0.15353743731975555,171.40914916992188,0.1487155556678772,3.307213306427002,4.319441318511963,251.09732055664062,0.09160136431455612,2mgml,shg,roi1,2689.629351586075,55105.52526092529,32031.737838745117,137.79416187527642,65404.490547180176,61901.95867919922,4980.3329368503055,3157.0963202466014,1386.9163145699877,61820.80307006836,6038.698633497706,6012.687225534211,6150.752753857854,6130.5499865067095,16813.271438598633,2993.9345109866435,4990.873956314451,5102.541048224201,62094.45609283447,3640.267821365194,483.4782948626965,1471.0,63597.0,31802.0,11.0,65534.0,64136.0,2933.0,1653.0,346.0,63840.0,3751.0,3736.0,3805.0,3795.0,16813.0,127.0,3252.0,3022.0,64221.0,2601.0,38.0,3282.889284974052,4020.468822898022,13191.543238907807,2705.719736475946,561.2956320871818,666.4150030925184,5368.891776759386,5693.481419874227,2753.4030241478554,4727.191191474244,6723.092816393064,6705.4135196011175,6847.014374264928,6822.857934254595,5.160193772882535,6433.838220414404,5310.560230002138,5803.595462913709,5077.755580384471,3751.8598865366357,1649.180390720626,D1,N8,t,appliedMASKiso_2mgml_roi1_8bit.ome
appliedMASKiso_shg_2mgml_roi1_8bit.ome,34,79.18798485,55.07936364,0.945492121,3.646693939,86.634,48.56,0.94344,3.6391,33.0,35.83702159,21.31788287,0.018093571,0.671781459,34.0,2823,44.4304,2318,65,35.6615,6,1.1475,0.0163,0.044,0.2606,131072,0.7447458505630493,297.25823974609375,0.5333938002586365,5.49507474899292,6.170914649963379,379.205078125,0.8615556359291077,0.7594603896141052,289.9095458984375,0.5781634449958801,5.1870527267456055,5.847508907318115,366.1712341308594,0.8739914894104004,0.14783740043640137,173.043212890625,0.1588549017906189,3.1676547527313232,4.274325847625732,262.52349853515625,0.08665353059768677,2mgml,shg,roi1,2591.6065702935152,53876.862617492676,32024.067527770996,100.97889795254363,65436.657302856445,62279.322982788086,4796.379100209372,3123.8721977292457,1176.5075619036063,62193.073150634766,5574.569986647093,5540.2516483789905,5721.456088842444,5694.915047315734,16813.351890563965,2819.5082977714555,4581.199621805877,4825.691489802858,62464.64421081543,3644.833080374545,366.9046588435459,1400.0,58392.0,31824.0,9.0,65535.0,64331.0,2822.0,1594.0,296.0,64008.0,3438.0,3413.0,3522.0,3509.0,16813.0,98.0,2927.0,2847.0,64405.0,2500.0,33.0,3238.843710048659,4152.79555886039,13608.778317608623,2629.446610274221,418.32583273317033,515.9652399193241,4891.45628995986,5580.899130091983,2384.2453636321798,4248.503436816492,6259.347300263796,6236.1092382106735,6411.946955962233,6381.838226513209,6.130280846587968,6939.910368017995,4959.6210451839825,5549.236913142292,4597.320961472845,3962.6481565197114,1324.8090472459369,D1,N8,t,appliedMASKiso_2mgml_roi1_8bit.ome
appliedMASKiso_shg_2mgml_roi1_8bit.ome,35,76.20057308,57.38619231,0.932485769,3.818015385,78.628,50.7005,0.9394,3.77435,26.0,39.6200755,23.84236285,0.027931308,0.69978598,35.0,3083,40.5148,2507,71,35.3099,14,1.1739,0.0148,0.0444,0.2875,131072,0.7414478063583374,298.67132568359375,0.5243323445320129,5.569319725036621,6.20128059387207,380.9518127441406,0.8590201735496521,0.7638261318206787,286.59759521484375,0.5644919276237488,5.139167785644531,5.349542617797852,336.0596923828125,0.8764312267303467,0.15559442341327667,177.3190460205078,0.16142278909683228,3.3105103969573975,4.509291648864746,280.4554443359375,0.0925150141119957,2mgml,shg,roi1,2564.7938934477443,53568.856605529785,32028.710250854492,115.8481407891002,65430.60646057129,62355.59851074219,4746.248325248325,3144.8628457517348,1151.2404547591275,62259.53288269043,5487.893889282293,5452.637530720207,5629.903611446662,5604.083400674803,16813.354194641113,3388.4676734308637,4547.540733952597,4757.197392427209,62536.47334289551,3613.4288999041946,363.9078088903557,1387.0,56393.5,31811.0,8.0,65535.0,64369.0,2766.0,1577.0,296.0,64034.0,3411.0,3381.0,3491.0,3480.0,16813.0,137.0,2927.0,2836.0,64434.0,2493.0,33.0,3318.680429716648,4473.23692681365,13775.374646924525,2739.339380592467,536.762010957404,597.8731867340568,4814.850363391453,5678.6729167162675,2372.208135103932,4159.100721794073,6187.954174915828,6160.120155822604,6341.319736260789,6309.988183618998,5.244539973873237,7845.078603988232,4986.485352763937,5564.17623992834,4511.5337627059125,4066.2686675514337,1441.9718782749287,D1,N8,t,appliedMASKiso_2mgml_roi1_8bit.ome
appliedMASKiso_shg_2mgml_roi1_8bit.ome,36,82.808692,55.84268,0.9406776,3.639652,88.493,50.484,0.94677,3.5939,25.0,40.18390779,21.68750169,0.023333428,0.571939838,36.0,3408,36.4604,2824,70,40.3429,14,1.2064,0.0188,0.0463,0.2279,131072,0.7382696866989136,312.72509765625,0.5447571277618408,5.74314022064209,6.533529281616211,416.9995422363281,0.8563552498817444,0.7656877636909485,274.1021728515625,0.575682520866394,5.013113975524902,5.167595386505127,335.3727111816406,0.8777486681938171,0.1663672924041748,206.6965789794922,0.15936198830604553,3.7295119762420654,5.122395992279053,346.91046142578125,0.10023284703493118,2mgml,shg,roi1,2564.7124350166323,53305.548164367676,32045.132690429688,155.64951136865884,65414.73711395264,62425.2844543457,4718.217954455479,3126.953637881474,1107.1783433904013,62326.23108673096,5397.939145479164,5360.219204988048,5547.121132340404,5519.835314176822,16813.412803649902,2917.7839805825242,4485.988842084148,4715.596818949233,62601.94384765625,3601.6886983267304,344.88351024184635,1349.0,53142.5,31812.0,9.0,65535.0,64427.0,2711.0,1551.0,293.0,64072.0,3356.0,3327.0,3422.0,3409.0,16813.0,128.0,2886.0,2752.0,64488.0,2446.0,32.0,3510.1149716670116,4579.262449419157,13921.143997496583,2629.6424536122363,704.4775984474368,704.7746089644802,4691.192414998474,5787.222775675869,2200.1032231136696,3960.6520244426965,6049.719039441285,6008.007538347974,6253.659426227336,6212.85501531654,5.60255084722561,7037.91221155183,4874.758744501581,5634.359910030336,4364.6009344785425,4270.9671692797665,1251.3534347586674,D1,N8,t,appliedMASKiso_2mgml_roi1_8bit.ome
appliedMASKiso_shg_2mgml_roi1_8bit.ome,37,83.38511786,54.44828571,0.940697857,3.740357143,89.0455,47.1885,0.950625,3.6843,28.0,36.14651711,24.3187286,0.031972702,0.686274641,37.0,3290,37.8398,2751,69,39.8696,14,1.1997,0.0141,0.0461,0.2363,131072,0.7117851972579956,334.4559326171875,0.5355628728866577,6.283791542053223,7.163502216339111,453.3556823730469,0.8396881818771362,0.7296713590621948,310.3558044433594,0.552092432975769,5.765501022338867,6.105195045471191,344.28912353515625,0.8574383854866028,0.18097692728042603,221.4724578857422,0.17074155807495117,4.073301792144775,5.609106540679932,398.043701171875,0.11053141206502914,2mgml,shg,roi1,2521.6301101158406,53218.892250061035,32059.343994140625,174.97421330830412,65405.23501586914,62414.799812316895,4680.328471781864,3076.4715212689257,1169.7594327498339,62286.95657348633,5426.785871834591,5392.630707839439,5559.438434469289,5535.124637998384,16813.37131500244,2962.593220338983,4512.709135910561,4677.447972790948,62581.06205749512,3482.3678273168102,373.4571041074658,1304.0,56765.0,31815.0,9.0,65535.0,64470.0,2655.0,1509.0,293.0,64073.0,3302.0,3286.0,3355.0,3346.0,16813.0,114.0,2886.0,2677.0,64510.0,2351.0,32.0,3500.6114813980266,4551.002125818605,14203.868581121254,2662.9417620603235,791.1229429238532,734.3738848820238,4725.014096358551,5757.811381427293,2322.972990253182,4026.725784166246,6117.757049991909,6077.500206828223,6296.991341340801,6260.256250201645,5.760458992410177,6573.151765785331,4983.127871294595,5619.498870389086,4408.441613184583,4153.1149693639345,1113.550375050464,D1,N8,t,appliedMASKiso_2mgml_roi1_8bit.ome
appliedMASKiso_shg_2mgml_roi1_8bit.ome,38,87.60116,55.69716667,0.931041333,3.728673333,87.8195,48.803,0.93876,3.56505,30.0,35.41575556,23.68213192,0.042112508,0.792494354,38.0,2948,42.4617,2447,66,37.0758,11,1.1625,0.0107,0.0449,0.2107,131072,0.6985088586807251,335.8504943847656,0.5395062565803528,6.45619535446167,7.4662909507751465,444.01031494140625,0.8309312462806702,0.7210763692855835,303.84222412109375,0.5548412799835205,5.81980562210083,6.1324028968811035,360.8412170410156,0.8522381782531738,0.19149520993232727,225.61074829101562,0.162944033741951,4.246865749359131,5.767711162567139,365.09381103515625,0.11781655997037888,2mgml,shg,roi1,2376.195509701422,51939.84404754639,32154.736938476562,147.22475415036482,65423.12244415283,62516.895111083984,4481.224406319493,2872.2961213171266,1225.1808929111764,62317.52293395996,5329.404083812017,5305.181299895795,5432.651980330184,5414.020651584178,16813.40560913086,3057.2547547547547,4430.03464608972,4499.361239095051,62659.66480255127,3247.594305743345,415.3251955759374,1182.0,51287.0,31850.0,12.0,65535.0,64640.0,2451.0,1365.0,277.0,64188.0,3069.0,3055.0,3104.0,3099.0,16814.0,106.0,2683.0,2450.0,64664.0,2154.0,31.0,3223.1792101974306,4122.064802955313,14760.363321029174,2693.259350707433,570.509457975529,577.6252611124194,4766.949155034984,5498.2483042868125,2463.661921071342,4137.258784340699,6223.833497106118,6200.21773372658,6351.105687495173,6325.147791769112,4.857159327826625,6691.453970319292,5005.790374869846,5466.090073459965,4472.097350335436,3782.974190224399,1187.7216954929413,D1,N8,t,appliedMASKiso_2mgml_roi1_8bit.ome
appliedMASKiso_shg_2mgml_roi1_8bit.ome,39,74.65737879,54.35709091,0.916358485,3.51939697,73.686,47.859,0.91993,3.3966,33.0,36.32172383,27.69234322,0.04426498,0.610082374,39.0,3221,38.6933,2585,75,34.4667,6,1.1863,0.0213,0.0432,0.1902,131072,0.6725264191627502,360.6351013183594,0.523236095905304,7.063735485076904,8.06702995300293,445.6725769042969,0.8123916387557983,0.7078909277915955,316.790771484375,0.5392419099807739,6.111238479614258,6.413570880889893,375.3658142089844,0.8445726633071899,0.21349750459194183,245.82809448242188,0.1529874950647354,4.82261323928833,6.4508209228515625,350.5297546386719,0.13625243306159973,2mgml,shg,roi1,2238.902707647918,51334.98229980469,32185.513122558594,164.7799233162925,65417.35966491699,62586.18517303467,4295.07794584603,2684.9740302522855,1331.9859775753987,62307.74189758301,5303.235463326238,5286.484790372808,5362.3181266384,5351.323219972202,16813.412033081055,3165.4648780487805,4570.504662291736,4355.4307605693275,62693.40473175049,2995.819578106582,527.3399296580363,1078.0,51285.0,31858.0,11.0,65535.0,64808.0,2246.0,1246.0,254.0,64273.0,2854.0,2844.0,2872.0,2871.0,16814.0,104.0,2602.0,2249.0,64797.0,1979.0,32.0,2987.9342775856644,3800.1600678963423,15292.225845030449,2711.5233155790625,572.0196238225888,608.981717633442,4895.818613239554,5353.113032220894,2779.4889800918363,4314.116845943001,6398.647204771488,6382.196819228539,6478.202080820288,6461.013715451921,6.066023750809918,6909.0715772452495,5351.811564152907,5396.348772064588,4625.088024381732,3343.0587983887704,1612.3414807397924,D1,N8,t,appliedMASKiso_2mgml_roi1_8bit.ome
appliedMASKiso_shg_2mgml_roi1_8bit.ome,40,79.41629615,48.36753846,0.942112692,3.793319231,68.0915,37.061,0.949295,3.8802,26.0,39.50792712,23.66450684,0.024004935,0.649557583,40.0,3008,41.5748,2472,54,45.7778,13,1.1549,0.0173,0.0387,0.1968,131072,0.691748857498169,345.92974853515625,0.5273679494857788,6.724769115447998,7.865696430206299,474.75567626953125,0.8242064714431763,0.7318900227546692,275.3232421875,0.5309394598007202,5.4338459968566895,5.665644645690918,334.8604736328125,0.8586459159851074,0.2141937017440796,254.06320190429688,0.18204213678836823,4.9449591636657715,6.639474868774414,433.0293273925781,0.1343546211719513,2mgml,shg,roi1,2093.140180355311,49968.32124328613,32121.951301574707,217.62794781736076,65415.57920837402,62917.056983947754,4003.092225316717,2505.630751774646,1111.8958391618512,62606.66040802002,4877.736405853448,4861.2712619471895,4946.813965836888,4934.321435642673,16813.442611694336,3352.1206225680935,4141.338517198553,4038.954344187051,63014.03881072998,2836.269542991882,440.4534327009937,917.0,51273.0,31855.0,10.0,65535.0,64964.0,1931.0,1060.0,208.0,64380.0,2485.0,2481.0,2494.0,2491.0,16814.0,122.0,2317.0,1936.0,64935.0,1723.0,24.0,3000.4236340146012,3773.999475794326,15628.724481775344,2707.1083779909113,975.4544915072456,806.2367856841383,4596.252227297459,5275.773282848348,2353.994504470341,3946.929706135443,6101.190095197518,6077.702876789496,6222.706472936943,6198.487916244154,5.96107465564276,7215.153139598816,4906.091581227304,5276.0815710372735,4294.614238070619,3269.4796447956123,1431.0410112239929,D1,N8,t,appliedMASKiso_2mgml_roi1_8bit.ome
appliedMASKiso_shg_2mgml_roi1_8bit.ome,41,78.05372273,52.96909091,0.940989091,3.851777273,81.3735,50.473,0.94668,4.0243,22.0,33.27711961,15.41326284,0.026034568,0.828268761,41.0,2718,46.2241,2196,51,43.0588,6,1.1241,0.0182,0.0362,0.2085,131072,0.7096940279006958,324.73858642578125,0.5279807448387146,6.280089855194092,7.297911643981934,440.5179443359375,0.8364980220794678,0.740208089351654,277.45343017578125,0.5454145073890686,5.3173065185546875,5.66811466217041,351.9608154296875,0.863195538520813,0.20048677921295166,235.44622802734375,0.1834571212530136,4.579512119293213,5.985169887542725,376.1934814453125,0.1236637532711029,2mgml,shg,roi1,1971.6358719606258,48920.450119018555,32153.971214294434,191.0929976990968,65434.84605407715,63148.755950927734,3775.6284954801067,2359.096635510431,1022.8302394617059,62805.98134613037,4562.087912289723,4546.047381179755,4633.862842503489,4620.999568427239,16813.488571166992,2908.1886884446612,3820.7716704620584,3797.167174759421,63232.878105163574,2710.437780063175,424.6021403942489,812.0,51258.0,31881.0,9.0,65535.0,65101.0,1745.0,950.0,166.0,64474.0,2194.0,2192.0,2209.0,2206.0,16814.0,98.0,2033.0,1716.0,65056.0,1555.5,22.0,2901.8197963670164,3589.6548982022814,15824.092209332255,2787.201491344646,800.8643978785392,677.081656776966,4414.1375001884635,5088.180950905867,2306.4838078648827,3799.522253007619,5970.488826864012,5950.644468934248,6074.328412361907,6053.505768973193,5.022886827995849,6702.245601684822,4734.295744285304,5145.131389852557,4127.521112647481,3210.4190115425463,1368.3698833007588,D1,N8,t,appliedMASKiso_2mgml_roi1_8bit.ome
appliedMASKiso_shg_2mgml_roi1_8bit.ome,42,80.72834783,52.186,0.933314783,3.68583913,73.009,43.092,0.93493,3.5732,23.0,37.55785156,16.3944395,0.024484759,0.801607359,42.0,2616,48.1044,2079,61,34.082,14,1.1192,0.0257,0.0339,0.1898,131072,0.7297466397285461,306.5538330078125,0.5392708778381348,5.826905727386475,6.767285346984863,414.23968505859375,0.8502177596092224,0.753205418586731,275.50372314453125,0.5737900733947754,5.209000110626221,5.719692230224609,353.920166015625,0.8706378936767578,0.17917320132255554,206.6675567626953,0.17073459923267365,3.978043556213379,5.46713399887085,328.54888916015625,0.10828486829996109,2mgml,shg,roi1,1844.71924017303,47851.10941314697,32259.11711883545,157.55682338574263,65455.56573486328,63407.42697906494,3578.4400274637796,2277.9641776787134,944.9184193492042,63017.25938415527,4220.123895053602,4202.318469061501,4291.219794997179,4278.250752303931,16813.90239715576,2881.2629757785467,3610.1511566672934,3535.538311077675,63466.55294036865,2603.1693530186194,386.90980824410383,724.0,51221.0,31912.0,9.0,65535.0,65210.0,1578.0,865.0,143.0,64538.0,1962.0,1952.0,1974.0,1971.0,16814.0,100.0,1829.0,1533.0,65149.0,1408.0,20.0,2765.5588672115377,3547.058736819207,16004.984310371008,2821.577500925314,595.1638074776234,525.8144035826589,4122.867553884745,4935.485451192854,2211.0976466281795,3555.5000377032825,5703.901537013149,5682.96811416994,5806.360094647003,5785.509359820769,134.65360885772395,6638.464859260805,4657.912195827547,4927.572455000044,3866.2420876399733,3206.522339243283,1296.614117396578,D1,N8,t,appliedMASKiso_2mgml_roi1_8bit.ome
appliedMASKiso_shg_2mgml_roi1_8bit.ome,43,87.80814286,50.64295238,0.939242381,3.577704762,86.906,45.295,0.93928,3.6281,21.0,36.59225343,16.97846497,0.020358665,0.619757637,43.0,2502,50.3873,1984,67,29.6119,7,1.1096,0.0147,0.0332,0.1764,131072,0.7477578520774841,286.74139404296875,0.5486060976982117,5.4263105392456055,6.271246433258057,386.55548095703125,0.8619928359985352,0.7668537497520447,256.86962890625,0.5814745426177979,4.884978294372559,5.154672145843506,325.2248229980469,0.8779494166374207,0.16162700951099396,184.8826141357422,0.16850179433822632,3.534579038619995,5.03425407409668,295.6642150878906,0.09613607823848724,2mgml,shg,roi1,1751.7400330380517,47036.23085784912,32145.781173706055,168.04658957600134,65459.59216308594,63598.069244384766,3386.589937106918,2139.7809377716417,887.7871038112485,63173.29151916504,3978.667185100032,3961.890800544838,4052.3010423408714,4039.054165016374,16813.503631591797,2330.45538603791,3420.871721552982,3349.5414279780134,63641.650215148926,2508.721379097153,413.56802822131453,672.0,51143.0,31905.0,8.0,65535.0,65280.0,1485.0,814.0,128.0,64568.0,1805.0,1796.0,1829.0,1826.0,16814.0,81.0,1707.0,1420.0,65206.0,1312.0,18.0,2636.716941361215,3281.8981308402213,16277.950802931162,2803.167135984033,624.3367943707235,525.9847936910323,3937.365758315809,4686.158532159246,2250.8050866373064,3421.8354278121874,5494.887756172891,5478.891794560123,5590.635905590227,5571.592355406176,5.657620441715544,5944.247747806856,4532.695895485261,4731.480021272799,3707.07327168706,3139.677721478874,1601.5099058836963,D1,N8,t,appliedMASKiso_2mgml_roi1_8bit.ome
appliedMASKiso_shg_2mgml_roi1_8bit.ome,44,86.98819231,48.56303846,0.928318846,3.5452,81.7935,43.569,0.925615,3.30275,26.0,35.50092357,14.45467697,0.028692429,0.884634409,44.0,2750,45.6629,2116,53,39.9245,10,1.1294,0.0155,0.0349,0.1682,131072,0.749434769153595,284.47906494140625,0.535506010055542,5.39315128326416,6.087096691131592,372.0716552734375,0.8632364273071289,0.7721490263938904,240.88116455078125,0.5701146125793457,4.723391532897949,4.801858425140381,320.5797424316406,0.8807445764541626,0.1580185443162918,185.8718719482422,0.16759228706359863,3.4985384941101074,4.786825656890869,281.7181091308594,0.09341598302125931,2mgml,shg,roi1,1679.7754290293578,46696.95044708252,32175.78498840332,153.49752242106555,65464.59903717041,63667.368659973145,3259.098664147611,2034.5165569713834,866.3327026680349,63219.094551086426,3878.480972205934,3864.10778507486,3950.1170595363747,3937.4446073257495,16813.496215820312,3020.4902520209225,3317.1260603572964,3242.5824537742856,63701.468185424805,2408.9535495094015,419.56599051141245,656.0,51002.0,31928.0,7.0,65535.0,65299.0,1448.0,788.0,131.0,64568.0,1798.0,1794.0,1817.0,1815.0,16814.0,98.0,1707.0,1403.0,65221.0,1273.0,20.0,2461.539051066938,3006.076226014104,16402.92373983019,2839.0946731886415,620.7741849871595,513.4133394684575,3767.0289342562264,4421.271762450556,2226.1080429901976,3310.155146250512,5296.0437494136495,5286.035803003534,5378.9130054687175,5362.770391634962,6.228373302509555,6864.841363848727,4303.808372159503,4497.807190098831,3561.535934392634,2966.962438207136,1757.3534619762931,D1,N8,t,appliedMASKiso_2mgml_roi1_8bit.ome
appliedMASKiso_shg_2mgml_roi1_8bit.ome,45,82.54032353,49.04241176,0.936408529,3.571538235,78.4685,43.104,0.937035,3.6189,34.0,40.51624638,18.47857267,0.028121497,0.689394086,45.0,2832,44.2828,2234,49,45.5918,10,1.1461,0.0239,0.0356,0.1484,131072,0.7534220814704895,258.0039367675781,0.5441445708274841,5.069527626037598,5.681381702423096,339.2722473144531,0.8662331104278564,0.784385085105896,231.4527587890625,0.5922605395317078,4.432232856750488,4.791809558868408,297.48345947265625,0.8879637718200684,0.14927637577056885,162.9861297607422,0.16631236672401428,3.1716508865356445,4.132316589355469,244.37771606445312,0.08783775568008423,2mgml,shg,roi1,1600.149376096705,46298.355125427246,32281.698486328125,128.04151504480183,65471.3436126709,63681.3745803833,3129.1583977310097,1923.3659158171654,916.1347661486653,63202.71585083008,3813.457477091051,3802.6384967829986,3862.2668746344316,3853.5188828231626,16813.444061279297,2636.7560733763016,3321.0579157730554,3128.3951355039967,63702.671295166016,2261.2744492103725,396.73103912158234,665.0,50792.0,31956.0,9.0,65535.0,65281.0,1485.0,797.0,155.0,64554.0,1870.0,1867.0,1870.0,1873.0,16814.0,110.0,1789.0,1423.0,65200.0,1263.0,23.0,2240.3912990679255,2716.651590531643,16265.253157322259,2871.648282181071,612.4833734960603,481.08040982835246,3519.151744691962,4036.301379502289,2215.531315453336,3123.2627932429464,4997.857151221076,4992.915256993159,5032.385857973655,5024.188379752791,13.698261328111572,6685.03297983573,4255.558761263737,4139.626846282993,3339.01430840419,2713.905220665961,1442.6991035498625,D1,N8,t,appliedMASKiso_2mgml_roi1_8bit.ome
appliedMASKiso_shg_2mgml_roi2_8bit.ome,1,53.80891724,50.21831034,0.916528621,3.751055172,28.369,39.511,0.9291,3.5139,29.0,53.42918306,22.30821038,0.041844371,0.689395312,1.0,2850,43.9905,2392,66,36.2424,9,1.1493,0.0194,0.0725,0.2575,131072,0.597052812576294,647.9166259765625,0.4647299647331238,10.849084854125977,12.533720970153809,774.5471801757812,0.7589642405509949,0.6165440678596497,586.8121337890625,0.4725748300552368,9.917014122009277,9.507344245910645,611.19482421875,0.7884132266044617,0.24021244049072266,418.12774658203125,0.1910315304994583,6.921895980834961,10.344176292419434,638.0162963867188,0.16258613765239716,2mgml,shg,roi2,2287.860222250747,51034.642013549805,30915.169465404248,488.38881040770065,65358.669021606445,63059.96741485596,3119.8530280297023,1967.0148797293552,1549.300172009697,62345.42401885986,4745.292675994352,4760.4024443914695,4426.67945097464,4487.080960152568,15261.83837890625,2343.7133631395927,4383.847266792584,3353.7052885408834,62943.35326385498,3328.87408541617,873.7178238059549,778.0,52670.0,30476.0,13.0,65535.0,65235.0,1237.0,682.0,182.0,64401.0,1958.0,1969.0,1811.0,1841.0,15262.0,51.0,1876.0,1268.0,65154.0,1744.5,39.0,3624.243011258334,3155.8721354771874,14504.784383217693,3294.791694158059,2052.1421634871917,1197.261080077449,4840.236328234809,4575.565505544804,3528.3227866048874,4595.02941217924,6626.881861072896,6628.441246524823,6239.056757781533,6311.751497896764,5.520360691303976,5945.939170541245,6066.180592207727,4967.592417878341,4913.516555922694,3978.5714416850587,2995.1224072376767,D1,N8,t,appliedMASKiso_2mgml_roi2_8bit.ome
appliedMASKiso_shg_2mgml_roi2_8bit.ome,2,59.5234,54.77676667,0.908356667,3.59441,38.7355,41.606,0.925295,3.4629,30.0,50.66894259,27.33620282,0.050958713,0.628554369,2.0,3020,41.4016,2506,68,36.8529,9,1.1692,0.0144,0.077,0.2489,131072,0.5818650722503662,681.1931762695312,0.468082070350647,11.345486640930176,12.742880821228027,765.9439697265625,0.7491786479949951,0.5780497193336487,662.796630859375,0.5031435489654541,11.042724609375,10.723426818847656,656.6543579101562,0.7641781568527222,0.237294539809227,425.724853515625,0.16768592596054077,6.977464199066162,9.852889060974121,558.1890869140625,0.16165652871131897,2mgml,shg,roi2,2501.4114932924003,51872.77446746826,30790.39291381836,451.7843609208171,65351.663398742676,62776.423431396484,3425.3343316549053,2159.806281938491,1620.26953929433,62111.23989868164,5186.6013951080395,5201.849353763431,4860.961189474927,4923.776773631005,15261.754997253418,2857.5175973721257,4695.703693948174,3673.337641577126,62672.8556060791,3601.0498097167097,877.0793220230165,887.0,52681.0,30438.0,16.0,65535.0,65131.0,1359.0,743.0,209.0,64328.0,2261.0,2278.0,2081.0,2116.0,15262.0,74.0,2132.0,1450.0,65054.0,1974.0,41.0,3959.3055517528855,3542.2373950878014,14405.301090999605,3194.4003890659214,1849.684892115623,1168.9296081223997,5269.395421780435,5038.6531103496145,3547.92277687785,4917.194612530904,7044.399275107759,7036.941170568499,6697.3370616083475,6764.877607022911,5.947880540100312,6688.363802235282,6192.2854811803345,5362.993849624761,5299.535304379192,4205.720125725986,2842.72092750452,D1,N8,t,appliedMASKiso_2mgml_roi2_8bit.ome
appliedMASKiso_shg_2mgml_roi2_8bit.ome,3,72.60673077,61.75288462,0.928725,3.763203846,30.6255,49.829,0.931015,3.58315,26.0,66.15259195,31.8210224,0.02852362,0.646039446,3.0,3058,40.8623,2465,64,38.5156,9,1.165,0.0112,0.0751,0.2504,131072,0.6001598238945007,667.0875244140625,0.49405816197395325,10.85085391998291,12.246416091918945,771.0501098632812,0.7631148099899292,0.5893692374229431,642.1396484375,0.5428960919380188,10.585380554199219,10.64134693145752,690.78759765625,0.7718191146850586,0.22891341149806976,430.4452819824219,0.16085229814052582,6.797163009643555,9.1808443069458,548.3748779296875,0.1532610058784485,2mgml,shg,roi2,2630.911959126464,52333.034606933594,30747.80093383789,477.1007955106068,65343.60679626465,62701.04415893555,3570.8222559640803,2290.219150264087,1620.5304126564822,62072.33671569824,5334.582556404575,5345.232373287517,5008.727413301985,5071.574074241534,15261.663681030273,2838.4692307692308,4869.060921463128,3820.149875661256,62605.373962402344,3819.1167066057783,820.6378850802703,985.0,52685.0,30431.0,17.0,65535.0,65055.0,1522.0,854.0,227.0,64291.0,2457.0,2476.0,2275.0,2311.0,15262.0,81.0,2302.0,1594.0,64986.0,2181.0,33.0,4226.845786500917,3849.748507139481,14318.383889501309,3153.9214603632727,2055.7212701325634,1275.5065993256535,5385.01218334184,5273.706644388154,3500.9623561609183,4970.401909922303,7147.593754726277,7127.29778874192,6826.641181545833,6889.576497528726,9.961316011181731,6528.845929575163,6302.476742781359,5566.176711206421,5398.33177291792,4449.951597034465,2625.6051971273855,D1,N8,t,appliedMASKiso_2mgml_roi2_8bit.ome
appliedMASKiso_shg_2mgml_roi2_8bit.ome,4,67.769635,59.82085,0.9293535,3.900615,37.697,54.0375,0.935025,3.8719,20.0,60.78230231,17.73576161,0.034168547,0.634437841,4.0,2781,45.1316,2222,71,31.2958,9,1.1481,0.0206,0.0665,0.2449,131072,0.6506354212760925,623.2620239257812,0.5087769627571106,9.7164945602417,10.5415620803833,729.7966918945312,0.798673689365387,0.6397534608840942,614.4697265625,0.5361905097961426,9.71208381652832,9.91580867767334,700.46484375,0.8025790452957153,0.20580606162548065,411.4371337890625,0.15297633409500122,6.229398250579834,7.695901870727539,524.9590454101562,0.13195091485977173,2mgml,shg,roi2,2650.488015401023,52010.0446472168,30634.36700439453,482.4582831864164,65360.41508483887,62850.67286682129,3533.6143153160688,2318.406006374339,1413.214641516791,62275.96666717529,5174.5471159234285,5177.23936660581,4874.2119177166,4932.202075161331,15261.700004577637,2723.128999492128,4706.95816236149,3777.574763652139,62781.6710357666,4028.4557401348493,617.4933359796033,1060.0,52681.0,30411.0,13.0,65535.0,65020.0,1563.0,872.0,241.0,64276.0,2567.0,2581.0,2371.0,2408.0,15262.0,74.0,2430.0,1695.0,64959.0,2338.0,24.0,4343.951321345186,4014.5416408366436,14113.355422817132,2984.6244083109455,2467.8753128967983,1443.0891245771645,5137.699879379551,5295.67428453807,3133.4174870651896,4604.474119514332,6861.088493644939,6822.622719971902,6599.580500443828,6651.308189786971,9.78401272010649,6693.391211958257,5975.993590200468,5530.104694115292,5089.687361906764,4735.942093906546,2419.6487814850775,D1,N8,t,appliedMASKiso_2mgml_roi2_8bit.ome
appliedMASKiso_shg_2mgml_roi2_8bit.ome,5,72.32065217,61.4726087,0.922893478,3.884234783,40.314,54.571,0.93175,3.7527,23.0,60.65824906,23.43055908,0.047462049,0.763660521,5.0,2970,42.1323,2345,60,39.0833,14,1.1623,0.0084,0.0681,0.2174,131072,0.6476218700408936,615.4155883789062,0.49849429726600647,9.745185852050781,10.381614685058594,708.5250854492188,0.7975567579269409,0.6353219151496887,618.0899658203125,0.5233619213104248,9.850763320922852,9.743173599243164,679.34912109375,0.7994405031204224,0.19966496527194977,379.6614990234375,0.17012034356594086,5.93709659576416,7.258458614349365,477.9546203613281,0.1270407736301422,2mgml,shg,roi2,2770.221579840382,52765.1928649358,30696.645622253418,539.9857943359079,65335.480697631836,62693.462562561035,3699.7065819094364,2408.712827988338,1455.9891817240189,62146.98764038086,5413.659739117164,5416.921241392931,5105.527834385183,5165.396001472292,15261.735717773438,3010.6890756302523,4837.0518354265605,3956.2145056602417,62630.527503967285,4207.127092853103,677.6066399708773,1192.0,52685.0,30422.0,11.0,65535.0,64918.0,1767.0,1013.0,271.0,64214.0,2819.0,2832.0,2618.0,2656.0,15262.0,104.0,2644.0,1888.0,64866.0,2605.0,27.0,4399.926962018665,3918.0417837924506,14146.218135636424,3009.5264275748937,3137.8817009626623,1791.1145086336783,5377.6831533771365,5349.763411698257,3302.6289002661706,4838.52105159737,7040.4914611164395,7007.554084673599,6770.959409250482,6824.862487488704,9.038635935399318,7102.074265291274,5981.050274761938,5657.975595852306,5327.79782989546,4651.390677298795,3068.056080569077,D1,N8,t,appliedMASKiso_2mgml_roi2_8bit.ome
appliedMASKiso_shg_2mgml_roi2_8bit.ome,6,88.85898571,58.40338095,0.921484286,3.780204762,64.592,56.216,0.92687,3.9496,21.0,60.204739,20.81239457,0.03869769,0.642134885,6.0,3144,39.6899,2543,87,29.2299,10,1.1778,0.0136,0.0712,0.212,131072,0.628021240234375,617.9431762695312,0.4706776738166809,10.06832218170166,10.499180793762207,660.587646484375,0.7858620882034302,0.6343280673027039,599.0343017578125,0.5006237030029297,9.704327583312988,9.393113136291504,620.1193237304688,0.7995990514755249,0.19422116875648499,344.126220703125,0.16383501887321472,5.578754425048828,7.095618724822998,416.54888916015625,0.12514491379261017,2mgml,shg,roi2,2836.907525221604,53658.337226867676,30707.62250518799,386.34805683011774,65364.48342132568,62497.50783926269,3798.4428930897598,2431.3423144354715,1622.4191690584857,61921.861808776855,5734.049360697775,5746.261594839442,5378.2914259855725,5446.66065074844,15261.655220031738,2817.355270197967,5182.349970275331,4114.365329500182,62412.79154205322,4340.5837215286465,684.0846258653198,1377.0,61342.5,30414.0,9.0,65535.0,64758.0,1998.0,1161.0,323.0,64107.0,3171.0,3184.0,2948.0,2993.0,15262.0,80.0,2942.0,2141.0,64720.0,2967.0,31.0,4172.875054711808,3680.8834076380153,14060.427712269617,2935.5301106486213,2633.504279003591,1620.443018790924,5506.780511837654,5137.340971060236,3765.0381718510794,5186.71759460092,7210.446702764336,7203.144311665104,6836.232749429129,6907.762949023943,7.958959235224044,6606.3168086616015,6358.745823624257,5549.516104630051,5563.192133864058,4497.449182153457,3173.317111421213,D1,N8,t,appliedMASKiso_2mgml_roi2_8bit.ome
appliedMASKiso_shg_2mgml_roi2_8bit.ome,7,79.47023077,50.18676923,0.916647308,3.760423077,70.3555,43.541,0.928445,3.814,26.0,61.59356148,18.82342409,0.046470604,0.723581513,7.0,3185,39.1532,2554,73,34.9863,13,1.1882,0.0153,0.07,0.2107,131072,0.6229844689369202,634.5851440429688,0.4575088322162628,10.32530689239502,10.52613353729248,668.6124267578125,0.7824656963348389,0.630972683429718,608.9310913085938,0.48341307044029236,9.891276359558105,9.063043594360352,583.8960571289062,0.7970319390296936,0.18994520604610443,344.3857727050781,0.16506174206733704,5.542698860168457,7.142923355102539,431.2704772949219,0.12388995289802551,2mgml,shg,roi2,2909.4336084481592,54358.79837799072,30659.373992919922,276.19553768322737,65388.77560424805,62418.84284210205,3963.0088565954525,2570.2871705888733,1599.0866782039116,61882.31962585449,5831.359774762527,5838.484611403963,5491.026725022585,5557.100900774473,15261.602066040039,2786.9695481335953,5223.448290984362,4205.669590309877,62343.3620300293,4520.441247927868,615.2781502423263,1519.0,62891.5,30397.0,8.0,65535.0,64660.0,2229.0,1302.0,351.0,64067.0,3405.0,3411.0,3184.0,3225.0,15262.0,89.0,3070.0,2345.0,64635.0,3235.0,34.0,4071.5000072914604,3748.02524533629,13845.064294480684,2992.186618654594,1706.0621244338897,1219.2621902130882,5425.41087114239,5120.829469144603,3685.5589681292417,5130.058487439092,7103.049159486721,7094.634697174973,6746.883672315808,6815.450794100246,7.662079533161619,6418.866259245671,6275.0754385900245,5430.686730019447,5497.598583343981,4638.088651734074,2687.0675641825983,D1,N8,t,appliedMASKiso_2mgml_roi2_8bit.ome
appliedMASKiso_shg_2mgml_roi2_8bit.ome,8,58.85333846,54.09519231,0.922401923,3.799334615,49.791,47.9465,0.936585,3.82325,26.0,47.97860358,19.6907224,0.051287407,0.714238158,8.0,3542,35.0054,2795,80,34.9375,14,1.2199,0.0156,0.0769,0.2315,131072,0.5869864821434021,668.2706298828125,0.4321254789829254,11.217084884643555,10.999073028564453,665.1416015625,0.7586548924446106,0.5909423828125,664.534912109375,0.45479851961135864,10.975749969482422,9.842008590698242,624.4878540039062,0.7718361020088196,0.19182828068733215,334.72882080078125,0.15620556473731995,5.584837436676025,7.036342620849609,402.38336181640625,0.1288478970527649,2mgml,shg,roi2,3053.5521571263594,55779.9725189209,30641.881607055664,290.28151896222437,65373.83680725098,62149.29776763916,4122.034683253926,2680.999161814011,1811.1260334910348,61609.49301147461,6208.40470034645,6219.8435975662305,5816.979480152369,5891.7093093403655,15261.531837463379,2567.960840496657,5666.784554527121,4431.058095041109,62061.211181640625,4689.362169708878,682.9765432731747,1664.0,64641.0,30371.0,10.0,65535.0,64449.0,2392.0,1388.0,406.0,63907.0,3779.0,3795.0,3527.5,3579.0,15262.0,76.5,3454.0,2590.0,64443.0,3510.0,35.0,4153.849837583946,3810.29125139997,13542.490966225148,2997.1121500658705,1790.1603080549382,1286.931425688741,5681.448660248476,5184.269643554443,4106.257231556963,5462.14247963344,7366.206158515331,7366.401996838312,6948.93899227523,7027.471693487631,8.567217182544091,6413.994761963051,6747.711020456562,5551.271976647354,5793.625476026853,4673.36543796664,2817.345454316088,D1,N8,t,appliedMASKiso_2mgml_roi2_8bit.ome
appliedMASKiso_shg_2mgml_roi2_8bit.ome,9,54.98767667,53.9559,0.919365333,3.426073333,42.5895,45.8595,0.9265,3.5242,30.0,49.40757295,23.49565749,0.039981415,0.667891896,9.0,3869,31.8777,3048,83,36.7229,15,1.2389,0.013,0.0802,0.2783,131072,0.5728088021278381,684.7307739257812,0.42299947142601013,11.611239433288574,11.117304801940918,656.8779907226562,0.7493652701377869,0.5645990371704102,693.7186279296875,0.43482840061187744,11.65304946899414,10.504243850708008,635.8644409179688,0.7549614906311035,0.1875150352716446,325.43487548828125,0.14551903307437897,5.503838539123535,6.796454429626465,373.18280029296875,0.12770572304725647,2mgml,shg,roi2,3159.2615047977456,56377.19081115723,30652.289573669434,325.9568746355685,65353.63542175293,61920.40845489502,4293.30526535366,2767.0524101726146,1890.034134335705,61394.17707824707,6504.150931026556,6519.124894636912,6096.219325505956,6174.525972533226,15261.942657470703,2812.676609848485,5863.076551072362,4613.695038782131,61834.51739501953,4806.8261743195035,712.4849253100689,1777.0,65090.5,30366.0,9.0,65535.0,64318.0,2569.0,1505.0,430.0,63801.0,3955.0,3970.0,3703.0,3752.0,15262.0,88.0,3539.0,2739.0,64313.0,3725.0,40.0,4265.026839313126,3942.6675498965997,13251.518762600283,2974.555872628854,2227.035468915536,1565.8922261883313,5888.236303364832,5375.916415765998,4124.992068197922,5629.027350110744,7535.760857201098,7532.136052760025,7135.2866355899805,7211.636125494562,139.01113965010032,6672.864693081988,6764.890991518123,5695.209560220153,5985.148960901919,4581.896901600028,3136.557616774668,D1,N8,t,appliedMASKiso_2mgml_roi2_8bit.ome
appliedMASKiso_shg_2mgml_roi2_8bit.ome,10,56.11335862,53.34034483,0.939031379,3.655134483,45.0,49.67,0.94484,3.5351,29.0,43.51168509,18.39223044,0.024751616,0.686543181,10.0,3931,31.3434,3062,69,44.3768,18,1.2547,0.0157,0.0794,0.3257,131072,0.5869383215904236,678.66162109375,0.42791813611984253,11.318544387817383,10.790260314941406,650.1356201171875,0.7594049572944641,0.5815841555595398,679.9625244140625,0.436847984790802,11.249811172485352,9.937409400939941,607.9212646484375,0.7659995555877686,0.18267156183719635,332.5236511230469,0.14148402214050293,5.476458549499512,6.537441730499268,371.4615173339844,0.12313485890626907,2mgml,shg,roi2,3193.5635594293967,56443.590393066406,30539.435623168945,334.3907396053319,65350.671491023946,61898.87335205078,4295.501026694045,2773.742810993788,1817.3777534013907,61399.66806793213,6502.3991435883145,6516.258409979646,6100.6711683178355,6178.008006689132,15261.565887451172,2865.754034229829,5815.768363442877,4637.649783363317,61827.08867645264,4883.486381027187,655.0755899705015,1811.0,65046.0,30358.0,9.0,65535.0,64253.0,2582.0,1517.0,436.0,63777.0,4003.0,4010.0,3760.0,3808.0,15262.0,83.0,3582.0,2796.0,64267.5,3799.0,42.0,4402.816617689339,4013.7543719772693,12988.448982825248,2957.33316139922,2501.5955650063797,1703.896886154051,5813.948383743631,5407.423361732188,3810.888166555545,5467.50253506102,7433.433019408479,7424.158451056485,7065.837609156528,7136.6401213318595,6.637574549812977,6994.959569966549,6516.320823439175,5729.490134283976,5854.011621748655,4660.770754519542,2842.97006725498,D1,N8,t,appliedMASKiso_2mgml_roi2_8bit.ome
appliedMASKiso_shg_2mgml_roi2_8bit.ome,11,54.95758966,57.93082759,0.908836552,3.634741379,45.0,51.451,0.92427,3.4542,29.0,43.85852441,40.26396956,0.048626265,0.745084506,11.0,3732,33.1214,2854,62,46.0323,16,1.2351,0.0174,0.0773,0.3631,131072,0.6127752661705017,648.6564331054688,0.43453365564346313,10.63138484954834,10.24936580657959,640.6412353515625,0.7767913341522217,0.6177042126655579,630.0908203125,0.4593396782875061,10.294447898864746,9.106748580932617,576.218505859375,0.7885286808013916,0.17969128489494324,331.3791198730469,0.15432879328727722,5.347411632537842,6.404043674468994,391.4748229980469,0.11834482848644257,2mgml,shg,roi2,3192.328317190066,56603.6015625,30577.559730529785,335.3014476818765,65350.46159362793,61937.512062072754,4303.438518176454,2807.270444769406,1774.5845086462148,61464.21061706543,6381.137848979455,6388.550373697088,6007.912926902839,6080.263263732949,15261.52156829834,2635.527805362463,5711.514855716057,4599.8193518115095,61871.56714630127,4899.026510708181,636.1293220297213,1755.0,64884.0,30356.0,9.0,65535.0,64305.0,2541.0,1505.0,400.0,63817.0,3850.0,3852.0,3627.0,3673.0,15262.0,73.0,3411.0,2696.0,64310.0,3703.0,40.0,4532.071599539558,4199.680377228001,12665.104441466714,2997.6138607723387,2512.41270745544,1703.034021887044,5798.460404552507,5519.180882491273,3758.1352008958925,5416.272496891876,7410.4744210705285,7391.492091205351,7064.638425115223,7131.098754879254,6.018790402488913,6177.636477877428,6516.655027372111,5789.790963671884,5834.489362756862,4822.71205275506,2510.6142172551804,D1,N8,t,appliedMASKiso_2mgml_roi2_8bit.ome
appliedMASKiso_shg_2mgml_roi2_8bit.ome,12,42.71896,62.228,0.937393462,3.715211538,43.9685,50.768,0.94228,3.6343,26.0,23.41282787,38.55664269,0.022954799,0.679600384,12.0,3442,36.0805,2639,75,35.1867,11,1.2116,0.0156,0.0723,0.4427,131072,0.6643863320350647,573.56201171875,0.46590423583984375,9.137970924377441,9.244051933288574,617.0574951171875,0.8100804686546326,0.6885073184967041,524.824462890625,0.5083269476890564,8.331745147705078,7.644604206085205,524.3179931640625,0.8319823741912842,0.17608626186847687,325.2694091796875,0.16113297641277313,5.081837177276611,6.28931188583374,420.4283447265625,0.11202194541692734,2mgml,shg,roi2,3198.1139851381813,56068.4860534668,30501.000396728516,304.2806423371118,65362.15914916992,62004.08059692383,4260.582931806827,2814.0322632546086,1715.471456145232,61545.30583190918,6237.686590966018,6237.786490773983,5894.832428821908,5961.80285547299,15261.511512756348,2795.977835723598,5556.17691408533,4561.569683560157,61937.80976867676,4942.300217082742,612.8593438016121,1704.0,63987.0,30342.0,9.0,65535.0,64348.0,2433.0,1449.0,377.0,63846.0,3706.0,3704.0,3496.0,3534.5,15262.0,99.0,3283.0,2614.0,64350.0,3602.0,37.0,4530.6146727493915,4264.604943142457,12564.573817361175,2943.4809219107283,2221.231609432696,1531.7118976204115,5742.535537267372,5497.897495253812,3747.9207174216585,5403.94483869794,7360.915269054607,7341.083604791954,7014.560817421708,7080.9626923879205,7.862488815348505,6499.376124236023,6527.167525815775,5769.46487017731,5809.621873071051,4990.2357565470265,2317.3551673060883,D1,N8,t,appliedMASKiso_2mgml_roi2_8bit.ome
appliedMASKiso_shg_2mgml_roi2_8bit.ome,13,55.51232381,65.25161905,0.930597143,3.765309524,47.353,56.709,0.93027,3.7051,21.0,40.38366948,27.07554818,0.030508385,0.832952209,13.0,3387,36.6988,2644,76,34.7895,12,1.212,0.0182,0.0654,0.395,131072,0.7128466367721558,516.2163696289062,0.47885820269584656,7.938125133514404,8.173688888549805,588.53564453125,0.839606761932373,0.7489492893218994,432.5659484863281,0.512907862663269,6.675778865814209,6.432248592376709,470.170654296875,0.8671652674674988,0.17310409247875214,341.9583435058594,0.1656705141067505,5.097954273223877,6.37880277633667,479.5942077636719,0.10818752646446228,2mgml,shg,roi2,3177.636034593477,55579.219551086426,30504.827659606934,269.73389923460263,65377.314880371094,62126.39123535156,4211.867494894198,2813.9411201410135,1594.0194510089075,61701.122009277344,6034.942180189647,6028.758813080137,5726.718231629513,5787.631898054326,15261.583381652832,3167.816046966732,5364.017647009766,4477.754684880782,62077.349769592285,4960.333600206827,547.1317735960519,1593.0,63109.0,30339.0,10.0,65535.0,64388.0,2283.0,1370.0,342.0,63870.0,3521.0,3521.0,3314.0,3355.0,15262.0,98.5,3113.0,2445.0,64381.0,3396.0,30.0,4441.530670884532,4082.6069065366023,12421.046004591048,2867.520567254673,1692.857968943133,1227.8609085657151,5586.127147765023,5378.678770841396,3446.683936563151,5195.852856327666,7190.844723202219,7168.700104814332,6867.662220619662,6930.138220268803,8.88008024794438,7082.1278701182255,6414.1453612563655,5663.770227620647,5624.551251504965,5098.809211344033,1989.328674878484,D1,N8,t,appliedMASKiso_2mgml_roi2_8bit.ome
appliedMASKiso_shg_2mgml_roi2_8bit.ome,14,50.64167778,56.22,0.933774815,3.891048148,38.367,53.892,0.93185,3.7978,27.0,40.09639583,21.1786392,0.023425234,0.852868564,14.0,3524,35.1944,2824,101,27.9604,20,1.2233,0.0158,0.0765,0.3461,131072,0.6580528020858765,587.1471557617188,0.4626080095767975,9.345690727233887,9.915972709655762,658.7225341796875,0.8040834665298462,0.6942533254623413,498.5342712402344,0.47306764125823975,7.945099830627441,7.679386138916016,531.9544677734375,0.8357767462730408,0.1946452260017395,359.9795227050781,0.16322164237499237,5.609602928161621,8.132919311523438,549.2599487304688,0.1274159848690033,2mgml,shg,roi2,3331.323676480296,56448.36360168457,30597.812980651855,395.07870768951926,65313.66743469238,61775.65002441406,4413.983923774345,2924.9686702484887,1872.629976661175,61334.96823883057,6446.303015050498,6446.677561225163,6088.895380883227,6158.569897352961,15261.537315368652,2562.8822232024704,5741.391370717539,4729.088776486897,61717.612632751465,4987.118233876824,753.9996289868949,1645.0,64405.0,30342.0,13.0,65535.0,64285.0,2392.0,1419.0,384.0,63776.0,3676.0,3681.0,3453.0,3495.0,15262.0,73.0,3326.0,2545.0,64274.0,3455.5,36.0,4532.014649278383,4104.4003521338755,12150.884388424733,2847.5096901915053,2014.3204883491526,1437.7426728160974,6173.5945958383145,5566.7727226315765,4110.596158345362,5890.782317250002,7778.089096196889,7771.868354739827,7373.399307588927,7450.785833838911,7.989596034513111,6114.987286903501,6956.123095359159,5959.293462485024,6263.285244151048,4983.546107161545,2657.4181614481204,D1,N8,t,appliedMASKiso_2mgml_roi2_8bit.ome
appliedMASKiso_shg_2mgml_roi2_8bit.ome,15,69.11185,61.131,0.922713,3.8761,52.989,47.5685,0.9282,3.8664,20.0,47.37065497,32.66806665,0.039955241,0.736664886,15.0,3087,40.4597,2485,93,26.7204,14,1.1853,0.0154,0.0635,0.3303,131072,0.7184560894966125,501.7794189453125,0.48334091901779175,7.720482349395752,8.339177131652832,601.69677734375,0.8425282835960388,0.7617919445037842,427.57373046875,0.5038949251174927,6.570396423339844,5.630769729614258,407.5500793457031,0.8742184042930603,0.17663362622261047,321.8536682128906,0.16603265702724457,4.9522552490234375,7.255825519561768,508.8410949707031,0.11104229092597961,2mgml,shg,roi2,3205.36596419108,55665.81127166748,30545.76986694336,331.50599300614977,65351.34767150879,62086.74108123779,4227.232769131162,2852.642450537716,1603.4322185367866,61680.22212982178,5988.7958198162505,5979.124291127016,5689.958726463766,5749.076702739737,15261.559219360352,2803.7571942446043,5292.782315115194,4478.298407666972,62051.82597351074,4957.481274196611,629.5948792760271,1558.0,62312.0,30338.0,12.0,65535.0,64411.0,2215.0,1327.0,334.0,63890.0,3418.0,3424.0,3208.0,3250.0,15262.0,96.5,3070.0,2383.0,64399.0,3324.0,29.0,4444.398704176506,4073.0255677681753,12098.441471631748,2931.3079144829007,1587.0456918418408,1169.6368816542652,5739.43099426058,5449.31013144048,3475.0406257581703,5306.14043366751,7302.958568055249,7280.0775474418,6989.051071092237,7050.759466870736,9.972846105761159,6331.319005706203,6333.971544928321,5736.742031591149,5752.850454965475,5265.10820863359,2359.5706138964597,D1,N8,t,appliedMASKiso_2mgml_roi2_8bit.ome
appliedMASKiso_shg_2mgml_roi2_8bit.ome,16,67.04581481,49.97862963,0.935017407,3.83812963,51.789,46.382,0.93748,3.6462,27.0,43.58013298,19.80904773,0.025891397,0.770386004,16.0,3227,38.6176,2601,87,29.8966,9,1.1966,0.0152,0.0673,0.3906,131072,0.7203733921051025,508.2940368652344,0.49900031089782715,7.735690116882324,8.323236465454102,607.2858276367188,0.8441081643104553,0.7592053413391113,446.81134033203125,0.5339102149009705,6.746248722076416,6.214604377746582,470.1682434082031,0.8732281923294067,0.1737765520811081,320.11273193359375,0.15545262396335602,4.90266227722168,6.904906749725342,479.1368408203125,0.10822231322526932,2mgml,shg,roi2,3305.412677707511,55839.80059814453,30578.620635986328,298.1640894689554,65354.141662597656,61990.836753845215,4337.6414772918,2944.8200211473263,1655.5762007759124,61599.808738708496,6118.144584977626,6106.434654822251,5820.068763106187,5879.3172233872165,15261.755073547363,2480.2105263157896,5363.429082112842,4598.321764113402,61957.78015899658,5095.078249095983,662.8803106100202,1591.0,62753.5,30360.0,12.0,65535.0,64435.0,2256.0,1357.0,326.0,63916.0,3391.0,3395.5,3203.0,3241.0,15262.0,73.0,3027.0,2415.0,64428.0,3405.0,31.0,4615.349826796443,4312.945717099103,12078.417617086881,2984.640060477558,1191.8908745124652,1019.7844559841741,5903.9757265377775,5615.462185336848,3639.7521958263083,5511.011363568075,7503.149311935862,7482.967551957745,7173.799580028263,7238.4773767854995,81.98422452911724,5998.2902995005325,6508.520545799711,5905.3931964640815,5942.255964436933,5484.2502605808,2410.8714948392894,D1,N8,t,appliedMASKiso_2mgml_roi2_8bit.ome
appliedMASKiso_shg_2mgml_roi2_8bit.ome,17,56.38589259,54.73792593,0.93060037,3.804166667,51.71,51.642,0.93426,3.8175,27.0,32.71232055,20.52361789,0.025588279,0.815069042,17.0,3256,38.2558,2600,74,35.1351,11,1.1966,0.0181,0.0688,0.4179,131072,0.7240656018257141,520.3908081054688,0.5061038732528687,7.734379291534424,8.303323745727539,624.277099609375,0.8468682169914246,0.7530892491340637,453.6563720703125,0.5513285398483276,6.795538425445557,6.800034523010254,529.4073486328125,0.8697675466537476,0.1686539649963379,332.31512451171875,0.15218153595924377,4.8903584480285645,6.588876724243164,480.0176696777344,0.10388123244047165,2mgml,shg,roi2,3361.6035472220847,56001.69023132324,30577.609855651855,255.3277592746785,65368.635261535645,61951.08832550049,4404.696740234555,2999.8084520521497,1688.2525412768894,61572.487533569336,6183.24221210772,6169.965146193044,5884.497204769208,5943.868492224476,15261.47721862793,2685.4530360531307,5405.814747934498,4663.271912465575,61922.09593963623,5210.7006217121,623.4981873335306,1623.0,63506.0,30358.0,12.0,65535.0,64408.5,2310.0,1406.0,329.0,63918.0,3426.0,3420.0,3243.0,3279.5,15262.0,96.0,3027.0,2452.0,64415.0,3475.5,32.0,4646.908651055711,4308.61647014515,12087.638239058733,2944.229077225153,1083.4989486584627,950.5833731760385,5894.104035500676,5632.441427313246,3695.1103298318185,5515.569905411604,7529.763060258304,7509.009940368314,7190.174749957815,7255.887744751974,12.953844730958222,6074.246572873053,6629.687855811439,5931.324394850475,5936.999484768832,5546.972975777148,2163.1083473556732,D1,N8,t,appliedMASKiso_2mgml_roi2_8bit.ome
appliedMASKiso_shg_2mgml_roi2_8bit.ome,18,60.14931563,55.3461875,0.923609375,3.70011875,48.2235,48.2955,0.930065,3.64635,32.0,36.88172607,18.20526337,0.039439268,0.628278481,18.0,3698,33.4443,2946,86,34.2558,11,1.2293,0.0141,0.0776,0.3885,131072,0.6911793351173401,558.3363037109375,0.5066545009613037,8.55929946899414,9.079832077026367,658.0060424804688,0.8267964124679565,0.7107741832733154,515.7713012695312,0.5407541990280151,7.941656589508057,8.013727188110352,588.9344482421875,0.8456614017486572,0.17366407811641693,323.88018798828125,0.14785440266132355,4.980463027954102,6.543173313140869,463.13348388671875,0.10867730528116226,2mgml,shg,roi2,3485.782481824027,56617.142265319824,30597.724227905273,253.3892267400568,65362.65467071533,61766.08800506592,4581.696863028429,3105.928036158344,1819.1663423789516,61395.23288726807,6472.481774568475,6460.676533623489,6149.96815701403,6213.656651334553,15261.797424316406,2476.0659395141297,5718.433519626754,4856.315313978601,61728.47048187256,5359.516659247902,656.4385934840898,1720.5,64481.5,30365.0,13.0,65535.0,64328.0,2460.0,1499.0,357.0,63858.0,3627.0,3626.0,3426.0,3465.0,15262.0,102.0,3198.0,2592.0,64338.0,3650.0,38.0,4681.673271590442,4296.581636700705,12107.884979197048,2964.260524641236,1123.482581884166,978.2430840526764,6073.869179468274,5704.992723644562,3890.6198263799633,5706.885263931702,7756.411798855429,7738.563906811857,7383.8550886841995,7455.209336528318,93.22811351395947,5843.040633899029,6922.558751545437,6045.828285003779,6131.372230104874,5523.026591439652,2117.7152165308153,D1,N8,t,appliedMASKiso_2mgml_roi2_8bit.ome
appliedMASKiso_shg_2mgml_roi2_8bit.ome,19,63.79811471,57.03117647,0.92671,3.808841176,58.1625,49.2825,0.93684,3.72545,34.0,39.10674612,22.33259046,0.029841149,0.741403039,19.0,3741,33.0369,3041,80,38.0125,14,1.2303,0.0129,0.088,0.3657,131072,0.6443000435829163,622.1307983398438,0.49283045530319214,9.806730270385742,10.227718353271484,703.258544921875,0.7973873615264893,0.6549246907234192,608.7042846679688,0.528210461139679,9.422080993652344,9.335563659667969,646.6857299804688,0.8123574256896973,0.1787870079278946,331.43218994140625,0.14787697792053223,5.199260234832764,6.76619291305542,461.3350830078125,0.11467206478118896,2mgml,shg,roi2,3610.273406300843,57170.960876464844,30619.0945892334,259.76871052127865,65348.91091156006,61521.61770629883,4753.447145771327,3195.5052085075076,1963.2542842915036,61152.68458557129,6806.50870186856,6798.605252345971,6452.448396851222,6521.929111406926,15261.51390838623,2821.9525782688766,5995.101127380894,5064.948363982974,61479.95602416992,5452.7637266019165,717.32795861021,1823.0,65052.5,30374.0,13.0,65535.0,64221.0,2582.0,1566.0,404.0,63766.0,3872.0,3871.0,3649.0,3693.0,15262.0,108.0,3411.0,2759.0,64229.0,3817.0,45.0,4704.548421697081,4241.150153705114,12075.136835735686,2989.9597053074485,1076.284737535507,971.2377730915531,6305.108009560383,5784.568683594513,4016.979589643149,5951.376927039557,8003.54578876236,7993.34072625049,7604.721780827312,7681.252840898833,7.357598232250939,6235.659272053233,7106.312178836014,6170.059776535512,6362.468902669293,5435.988722781434,2140.707864873444,D1,N8,t,appliedMASKiso_2mgml_roi2_8bit.ome
appliedMASKiso_shg_2mgml_roi2_8bit.ome,20,54.00623171,53.21090244,0.923159512,3.9983,49.574,46.759,0.92669,3.9577,41.0,33.2392755,22.30433519,0.030454156,0.705282066,20.0,4517,27.0177,3672,103,35.6505,22,1.2844,0.0133,0.1012,0.3658,131072,0.5873557925224304,683.9199829101562,0.46850040555000305,11.25287914276123,11.524741172790527,731.9586791992188,0.7604064345359802,0.5931843519210815,667.5491943359375,0.4956069588661194,10.877484321594238,10.205534934997559,680.2230224609375,0.7736559510231018,0.18013352155685425,320.02557373046875,0.14615842700004578,5.2402520179748535,7.1061787605285645,455.44354248046875,0.11992976069450378,2mgml,shg,roi2,3748.4294895381067,57903.2903213501,30540.673683166504,307.50591353190146,65309.15198516846,61182.46376800537,5009.9777150634145,3324.0946838444647,2184.3651374113474,60798.12910461426,7238.698939501721,7235.844285819413,6848.573274135126,6924.89327151863,15261.510353088379,2654.4733131923463,6352.345630861563,5320.217618825684,61118.209953308105,5499.726527174757,867.9095644607497,1985.0,65356.0,30360.0,14.0,65534.0,64022.0,2840.0,1720.0,483.0,63615.0,4276.0,4271.0,4026.0,4078.0,15262.0,110.0,3752.0,3021.0,64040.0,4050.0,61.0,4715.561929518845,4253.500084561878,11875.195155505191,2982.379637148854,1155.020473681343,1073.5492498040971,6616.213516256378,5944.518167851008,4293.068002852612,6304.266301267729,8282.298807741407,8273.955009866253,7876.310131657567,7954.99907109109,8.32544220485221,5878.613267701934,7260.493101408968,6311.250085964207,6721.319952855652,5267.1810709837755,2547.1596100015868,D1,N8,t,appliedMASKiso_2mgml_roi2_8bit.ome
appliedMASKiso_shg_2mgml_roi2_8bit.ome,21,59.74542424,49.37190909,0.927367273,3.610721212,58.496,41.511,0.93211,3.5487,33.0,38.9947194,19.55059575,0.033752867,0.725056753,21.0,3972,30.9992,3262,98,33.2857,14,1.241,0.0169,0.0853,0.3555,131072,0.6553534269332886,589.8931884765625,0.4626685678958893,9.433197975158691,9.478285789489746,630.8092041015625,0.804929256439209,0.6679502725601196,550.3819580078125,0.4857599139213562,8.866655349731445,8.132307052612305,550.079345703125,0.8197187185287476,0.1722543090581894,316.9605407714844,0.14300967752933502,4.969376087188721,6.489245891571045,440.2571716308594,0.10862018167972565,2mgml,shg,roi2,3523.1210125455414,56973.309967041016,30637.128494262695,247.81520931910288,65359.5809173584,61655.28087615967,4640.727560416684,3117.74136035121,1871.3917951375395,61274.58157348633,6637.806912412008,6629.569560988477,6292.960451046011,6360.604469246114,15261.504348754883,2605.1268838113756,5867.396536375476,4943.1869384592555,61610.795822143555,5377.344408908818,678.51356794961,1843.0,65075.0,30372.0,12.0,65535.0,64259.0,2623.0,1591.0,408.0,63824.0,3872.0,3867.0,3665.5,3708.0,15262.0,89.0,3411.0,2774.0,64276.0,3865.0,47.0,4501.393548933337,4029.821099511887,12249.098311077974,3019.2507068290492,995.6590055785324,899.3148650160473,6058.310506480852,5585.436985740416,3801.3193533005265,5706.74697526684,7757.849415182028,7746.8562463820845,7377.531522009959,7450.970333657923,9.905455749136259,6021.555952525388,6846.201798303727,5968.216579432947,6127.94814316431,5325.597315689248,2123.677405211157,D1,N8,t,appliedMASKiso_2mgml_roi2_8bit.ome
appliedMASKiso_shg_2mgml_roi2_8bit.ome,22,76.55754857,52.54934286,0.926451143,3.936557143,74.291,46.948,0.93629,3.8156,35.0,43.89832385,20.41141307,0.032997067,0.86112978,22.0,3937,31.2926,3282,73,44.9589,19,1.2466,0.0159,0.0939,0.3118,131072,0.6249475479125977,626.8742065429688,0.48509061336517334,10.130945205688477,10.875032424926758,730.6300048828125,0.7848357558250427,0.6241189241409302,606.799072265625,0.5167269706726074,9.977659225463867,9.184797286987305,583.3912963867188,0.7925807237625122,0.18389496207237244,332.0614929199219,0.15783974528312683,5.211928844451904,7.42185640335083,515.3077392578125,0.11814532428979874,2mgml,shg,roi2,3712.7910381616744,57228.82859039307,30644.347618103027,317.741070314774,65312.372329711914,61404.181701660156,4882.275224041054,3316.249212601732,2053.429902116926,61040.96004486084,6908.490086171522,6897.545539597866,6551.8566187935985,6621.708666393106,15261.52084350586,2351.9857928505958,6070.992482560525,5169.219524004924,61361.07245635986,5492.932974969224,823.1377321603128,1816.0,65098.0,30381.0,16.0,65534.0,64231.0,2596.0,1566.0,423.0,63791.0,3922.0,3913.0,3696.0,3740.0,15262.0,100.0,3411.0,2766.5,64245.0,3807.0,55.0,4823.903135779636,4357.748134054665,12163.237752329333,3079.5268986581846,1121.1263062784228,1023.002279670858,6415.732596323868,5922.411616808846,4117.880816865986,6045.748451766675,8126.329558910894,8111.969332340262,7734.847552689068,7810.238333691226,11.436753897771226,5627.108187259884,7145.471487651324,6306.002442420695,6479.62478643222,5634.882442581388,2429.6657367666703,D1,N8,t,appliedMASKiso_2mgml_roi2_8bit.ome
appliedMASKiso_shg_2mgml_roi2_8bit.ome,23,77.6615037,64.36648148,0.922083333,3.847303704,76.931,55.526,0.93404,3.9528,27.0,47.63520777,29.51122912,0.032938094,0.86426084,23.0,3292,37.8156,2751,60,45.85,17,1.1853,0.0207,0.0761,0.3253,131072,0.7073881030082703,541.61962890625,0.5162734389305115,8.065948486328125,9.384323120117188,733.8941650390625,0.8368571996688843,0.7139413356781006,490.84332275390625,0.5842182636260986,7.639308452606201,7.365480422973633,569.6016845703125,0.8473043441772461,0.17746789753437042,357.75274658203125,0.18740126490592957,5.059893608093262,7.372491359710693,608.86865234375,0.10683781653642654,2mgml,shg,roi2,3630.864276364369,55153.420082092285,30612.742301940918,281.03071261291404,65344.312072753906,61832.83094787598,4695.478649045018,3287.909330268699,1802.5840117383964,61503.935707092285,6381.074251527153,6356.733167751896,6101.307922736121,6157.5958917902935,15261.606231689453,2508.0105157736607,5534.529292810633,4925.670982412566,61817.32202911377,5560.824612338055,724.7799137320543,1672.0,62751.0,30386.0,14.0,65535.0,64500.5,2365.0,1449.0,347.0,64003.0,3474.0,3468.0,3286.0,3323.5,15262.0,108.0,3027.0,2510.0,64507.0,3554.0,46.0,4837.9783558829195,4443.529226763695,12787.360637154878,2987.7982823569923,1056.1408232498268,930.1060015943251,6017.597315665744,5835.331990199816,3894.431119428329,5595.39728489104,7735.762754238262,7710.1939576441455,7403.653825090727,7468.230012460459,9.897613064227736,5686.8372190280925,6815.946094737956,6162.1234055892055,6055.974368945998,6079.654671717363,2364.231409826514,D1,N8,t,appliedMASKiso_2mgml_roi2_8bit.ome
appliedMASKiso_shg_2mgml_roi2_8bit.ome,24,77.92206471,65.25597059,0.921423235,3.756826471,74.9435,57.6295,0.93193,3.79385,34.0,47.70749211,31.15683171,0.050740942,0.723151901,24.0,3141,39.7297,2641,68,38.8382,16,1.1786,0.0131,0.0838,0.2847,131072,0.6778420805931091,566.8160400390625,0.4989677965641022,8.793960571289062,9.618535995483398,674.147705078125,0.8178420066833496,0.681576132774353,535.1571044921875,0.5450807809829712,8.383443832397461,8.505670547485352,633.234130859375,0.8283805251121521,0.1890612691640854,346.1610412597656,0.16877882182598114,5.335250377655029,6.93784761428833,470.80096435546875,0.11619269847869873,2mgml,shg,roi2,3706.053702737721,55385.633865356445,30700.76658630371,288.4776985218288,65337.20934295654,61651.73554229736,4817.910444297368,3307.8674843778203,1949.1289090812666,61302.240814208984,6671.478857123627,6653.548486429185,6361.503651415976,6423.510651365495,15261.584327697754,3476.9307479224376,5794.93063992327,5085.767302158879,61623.29995727539,5623.517626074812,782.2178687139922,1807.0,63583.0,30400.0,17.0,65535.0,64364.0,2582.0,1566.0,399.0,63904.0,3773.0,3759.0,3582.0,3621.0,15262.0,137.0,3241.0,2719.0,64386.0,3764.0,49.0,4839.73969420843,4396.91219944086,12863.59220697232,2946.402872383585,1175.9484665381024,1016.911009297457,6166.019521027251,5850.265305082054,4139.597196836519,5825.105556745738,7896.909926960842,7880.518044572708,7534.137247399591,7604.306809754795,7.162940976590417,7551.063974574228,7001.215249058962,6215.631546217421,6245.847911021848,6117.8664479640875,2648.1427615946,D1,N8,t,appliedMASKiso_2mgml_roi2_8bit.ome
appliedMASKiso_shg_2mgml_roi2_8bit.ome,25,80.69826857,51.53302857,0.925388,3.82344,71.565,46.162,0.93385,3.875,35.0,43.57670823,22.02976067,0.05904078,0.741664349,25.0,3601,34.399,2928,88,33.2727,15,1.2142,0.0134,0.0838,0.2543,131072,0.6666424870491028,580.3810424804688,0.47190558910369873,9.166010856628418,9.354469299316406,637.31787109375,0.8106151223182678,0.6707903742790222,569.840087890625,0.5087794065475464,8.913703918457031,8.511289596557617,602.64404296875,0.821619987487793,0.18944957852363586,347.0506591796875,0.16234993934631348,5.453287601470947,6.501724720001221,435.554931640625,0.11793720722198486,2mgml,shg,roi2,3672.2602105827914,55614.93932342529,30642.441276550293,291.51787751162584,65341.100006103516,61674.28861236572,4777.740736631906,3277.2719359628613,1895.2171352902228,61327.79039001465,6657.035066393937,6640.11097511904,6343.683019247535,6406.198351887868,15261.574211120605,3084.8730343622597,5777.63870632419,5051.165414794447,61646.00511932373,5614.787631614245,732.8184197145018,1795.0,63804.0,30387.0,15.0,65535.0,64333.0,2528.0,1548.0,408.0,63868.0,3773.0,3766.0,3572.5,3615.0,15262.0,98.0,3326.0,2704.0,64346.0,3752.0,46.0,4858.94559791818,4435.281756064077,12740.341230626198,2838.3726161524005,1233.3761440084836,1045.5030871933427,6102.799423038953,5848.147084041849,4001.4052159334815,5747.070728242587,7804.467405133262,7785.399494651474,7461.134789449993,7527.97759644142,8.378510219930325,6838.9054832400225,6846.552069183575,6171.798720428007,6168.919893079236,6205.857606488314,2603.0605720974772,D1,N8,t,appliedMASKiso_2mgml_roi2_8bit.ome
appliedMASKiso_shg_2mgml_roi2_8bit.ome,26,73.28351714,54.19797143,0.931565143,3.764745714,64.44,47.428,0.93735,3.8178,35.0,38.70088036,22.66509093,0.033541526,0.59681526,26.0,3660,33.8123,2995,78,38.3974,23,1.2255,0.0174,0.0876,0.2797,131072,0.6368849277496338,624.3596801757812,0.44832292199134827,10.014461517333984,10.06839656829834,688.7462158203125,0.7909573316574097,0.6347229480743408,613.8687744140625,0.4815762937068939,9.902565002441406,8.93852424621582,608.6732177734375,0.7996243238449097,0.19527137279510498,365.91497802734375,0.1806102842092514,5.735287189483643,7.059180736541748,508.20892333984375,0.12578889727592468,2mgml,shg,roi2,3697.863828439503,56462.29909515381,30657.67709350586,318.05850035829843,65323.5627746582,61559.437019348145,4848.624901980839,3333.368969690771,2011.8616876443773,61197.49029915084,6790.83817437761,6777.33992048741,6452.296613630491,6519.075061884799,15261.578704833984,3011.705946535734,5924.414565639559,5103.953275935356,61523.88638981926,5587.943499387403,811.2863931257771,1770.0,64809.0,30396.0,16.0,65535.0,64291.0,2555.0,1535.0,420.0,63821.0,3814.0,3816.0,3588.0,3632.0,15262.0,107.0,3411.0,2701.0,64302.0,3671.0,50.0,4949.66044289465,4587.067669088466,12563.012722767011,2921.9412702462696,1268.7015749114175,1099.9481711141418,6279.719716976716,5976.130338796319,4345.07181596798,5950.751832707525,7970.231779083565,7951.80280242634,7606.844864534388,7676.923401136043,8.133637086396778,6547.029707883658,7038.214216966676,6267.551631262951,6357.673182490647,6249.320213846964,2976.7137691307094,D1,N8,t,appliedMASKiso_2mgml_roi2_8bit.ome
appliedMASKiso_shg_2mgml_roi2_8bit.ome,27,77.1248,55.5042,0.923719,3.6999,69.968,50.0305,0.92609,3.5608,30.0,42.55349914,19.43674852,0.036500843,0.865933472,27.0,3400,36.5509,2791,81,34.4568,16,1.2067,0.0156,0.0794,0.2302,131072,0.6678799986839294,590.455322265625,0.46766528487205505,9.225622177124023,9.657332420349121,712.2489013671875,0.8109434247016907,0.6766051054000854,546.3875122070312,0.5097100734710693,8.622340202331543,8.334383010864258,579.9750366210938,0.825207531452179,0.1919759064912796,374.0628967285156,0.19463184475898743,5.667548656463623,7.2427568435668945,576.03173828125,0.1211676150560379,2mgml,shg,roi2,3609.529806983446,55906.95497894287,30615.76459503174,273.95710523302415,65353.69164276123,61819.016105651855,4673.426902134425,3250.7728465556,1786.367217325522,61479.797218322754,6446.29006098787,6427.0590778097985,6146.51807016956,6206.31068628108,15261.532196044922,2641.3968105065665,5559.201017022988,4917.771647342672,61804.08925628662,5569.31595570002,691.1276287803466,1619.0,63825.0,30389.0,16.0,65535.0,64422.0,2324.0,1394.0,372.0,63898.0,3592.0,3593.0,3369.0,3416.5,15262.0,113.0,3198.0,2492.0,64417.0,3442.0,41.0,4921.117474688504,4551.502712224086,12651.163867831845,2912.557381877328,1049.7454254503498,935.5645637522593,5986.5567188837,5835.381949236114,4023.9756505529112,5605.575329751734,7675.453020934837,7652.001661529436,7343.871309342343,7408.2743723358635,10.2319654146563,5984.364217082005,6723.991965305828,6124.973791411345,6030.148281046091,6429.139020197194,2618.754150067835,D1,N8,t,appliedMASKiso_2mgml_roi2_8bit.ome
appliedMASKiso_shg_2mgml_roi2_8bit.ome,28,69.85942727,51.38739394,0.933800606,3.858484848,60.461,47.496,0.93956,3.8594,33.0,41.35217724,16.1271069,0.026449532,0.731100295,28.0,3326,37.4086,2759,76,36.3026,22,1.1976,0.0141,0.0729,0.2106,131072,0.6843299865722656,573.4873046875,0.4964093565940857,8.727880477905273,9.817448616027832,756.9932861328125,0.8213009238243103,0.7080814838409424,503.71673583984375,0.5572738647460938,7.816303253173828,7.917701721191406,592.0487060546875,0.8440266847610474,0.19115208089351654,381.0926208496094,0.20194949209690094,5.589113712310791,7.732845306396484,623.7271728515625,0.1203315332531929,2mgml,shg,roi2,3503.3781266919327,55483.44967651367,30696.347129821777,282.07086724999414,65352.56879425049,61967.89352416992,4535.159371091656,3191.3736015042073,1742.8647394057905,61631.648429870605,6121.6829286576985,6095.912881595935,5861.791662154846,5914.356969722211,15261.554145812988,2982.165343915344,5265.616150930823,4733.289325725709,61955.6286315918,5398.942118195827,725.5981945443841,1459.0,63094.0,30398.0,18.0,65535.0,64595.0,2134.0,1284.0,307.0,64044.0,3163.0,3163.0,2982.0,3016.0,15262.0,134.0,2814.0,2227.0,64583.0,3159.0,41.0,4873.349920664475,4558.88463341235,12521.983918303838,3065.704993763601,1013.4582309316976,902.7383093157275,5926.057334259503,5830.08828692804,4123.759350850075,5545.259288117283,7604.5680394307055,7574.856870932721,7285.141444964099,7347.000933223537,7.767009024898188,6511.284347368883,6739.616381327448,6083.653040108171,5978.848154569244,6364.231932117485,2565.4790875989574,D1,N8,t,appliedMASKiso_2mgml_roi2_8bit.ome
appliedMASKiso_shg_2mgml_roi2_8bit.ome,29,75.33922692,49.89976923,0.930039231,3.904996154,76.415,41.477,0.93982,3.8653,26.0,40.01083308,22.83427033,0.038192262,0.776835554,29.0,2812,44.612,2305,65,35.4615,12,1.1573,0.0172,0.0609,0.1862,131072,0.7398243546485901,519.3179321289062,0.5255933403968811,7.372334957122803,8.626242637634277,730.953369140625,0.8563355207443237,0.7621629238128662,432.1314697265625,0.5691587924957275,6.402563095092773,6.646362781524658,522.4929809570312,0.8748081922531128,0.1715131402015686,375.97308349609375,0.1902673989534378,5.120476245880127,7.299967288970947,653.3424682617188,0.10354150831699371,2mgml,shg,roi2,3350.076904900546,53780.13137817383,30643.6053314209,229.7306346215032,65387.2180557251,62352.33804321289,4267.661019722676,3060.9491172164326,1456.1523635390654,62023.982414245605,5613.133227001527,5578.962733233753,5401.762095242918,5445.17524494291,15261.607414245605,3058.242540904716,4792.940369798392,4443.567710574951,62358.347900390625,5333.669805986649,561.7123019405376,1370.0,52684.0,30396.0,16.0,65535.0,64764.5,1957.0,1210.0,251.0,64174.0,2831.0,2824.0,2681.0,2710.0,15262.0,113.0,2516.0,2045.0,64739.0,2992.0,37.0,4717.420256557305,4415.75772832531,12693.582487652247,3062.158425428998,801.8789766100414,747.7500790883214,5368.380486719064,5554.152084051756,3316.0311856130097,4871.875434168192,7032.9754428826045,6992.1529015448805,6774.883278761968,6825.360702668223,9.582109961822919,6491.453428020677,6114.383888970493,5784.537305291398,5347.462871845817,6393.220974625107,1943.6333175658663,D1,N8,t,appliedMASKiso_2mgml_roi2_8bit.ome
appliedMASKiso_shg_2mgml_roi2_8bit.ome,30,71.87083478,54.08630435,0.927993478,3.815491304,66.93,50.353,0.93089,3.7307,23.0,41.46846989,24.31595713,0.033870092,0.618288535,30.0,2834,44.2502,2318,73,31.7534,13,1.1627,0.0131,0.0607,0.2206,131072,0.7248490452766418,507.43145751953125,0.5111721158027649,7.589372158050537,8.53500747680664,698.4595947265625,0.8479263186454773,0.7430322170257568,452.84490966796875,0.5389373898506165,7.015394687652588,6.712182998657227,513.1777954101562,0.8639782667160034,0.16551373898983002,332.5020446777344,0.20066803693771362,4.755948543548584,6.872192859649658,612.063720703125,0.10016149282455444,2mgml,shg,roi2,3288.7002511697456,54235.27541351318,30697.13262939453,282.067341658789,65371.81475067139,62413.57295227051,4212.748819106893,3054.994513454895,1412.531411651386,62088.7272567749,5492.473551573801,5457.332342094874,5293.025999008762,5334.389506312845,15261.64134979248,2461.6479305058765,4674.05336727065,4352.005729022286,62424.57765960693,5262.406743781658,587.9699563076497,1365.0,56461.0,30390.0,14.0,65535.0,64794.0,1916.0,1191.0,246.0,64196.0,2776.0,2770.0,2625.0,2657.0,15262.0,113.0,2473.0,2020.0,64772.0,3006.0,35.0,4706.739231733039,4551.8361189964835,12715.077283380875,3158.1441104039636,1079.8878655890771,891.1741573339967,5363.535257634458,5609.618858816775,3256.2832266693654,4838.839688453571,6969.543209389382,6925.4814361425715,6743.881022753066,6789.603577425192,8.19231393825478,5839.921956504244,5956.683277998438,5746.447391064602,5330.48842460042,6366.667889412362,2094.6498504367937,D1,N8,t,appliedMASKiso_2mgml_roi2_8bit.ome
appliedMASKiso_shg_2mgml_roi2_8bit.ome,31,62.18468,64.81746667,0.929098667,3.895726667,62.676,69.214,0.93346,3.891,15.0,41.31306766,21.90065108,0.030578896,0.645982595,31.0,2887,43.4011,2327,81,28.7284,9,1.1679,0.0165,0.0615,0.1725,131072,0.7131152153015137,517.9102172851562,0.4828201234340668,7.897512912750244,8.229387283325195,624.23583984375,0.8416765332221985,0.7168115377426147,505.7576904296875,0.5262630581855774,7.787025451660156,7.543309211730957,540.697021484375,0.8489336371421814,0.15902778506278992,304.85986328125,0.18354856967926025,4.476292610168457,5.844701290130615,501.26751708984375,0.0944962128996849,2mgml,shg,roi2,3277.9953406115023,54093.76956939697,30695.045372009277,211.55417138542848,65402.26296234131,62507.99656677246,4156.680636240303,3008.2130483180854,1402.3807721081996,62157.926902770996,5441.948177056763,5409.571149202462,5236.3377716559535,5278.665561337279,15261.611503601074,3224.120160884867,4659.072195014114,4316.522361663776,62511.31647491455,5353.1701186953715,535.1292850283232,1403.5,57897.0,30392.0,13.0,65535.0,64818.0,1984.0,1234.0,251.0,64217.0,2800.0,2792.0,2665.0,2692.0,15262.0,171.0,2473.0,2073.0,64800.0,3075.5,33.0,4648.642684833504,4323.080054345933,13046.956994437714,3129.4807541430177,704.7199224507086,656.5251875211243,5216.446766248125,5379.318575720125,3276.559534486058,4794.742986362495,6879.7133909233735,6849.183920221441,6609.352231753841,6662.211587068585,10.351063657965028,6717.563437144985,5994.323529528479,5614.975746352871,5219.413961405973,6565.685406659179,1802.0821533146539,D1,N8,t,appliedMASKiso_2mgml_roi2_8bit.ome
appliedMASKiso_shg_2mgml_roi2_8bit.ome,32,78.04005238,54.76933333,0.921848571,3.594233333,72.646,42.732,0.93538,3.5547,21.0,41.7048944,31.53794947,0.044669424,0.674999074,32.0,3124,39.9568,2496,80,31.2,9,1.1879,0.0095,0.0613,0.1966,131072,0.702767014503479,536.7792358398438,0.4710676670074463,8.258793830871582,8.574591636657715,648.0072631835938,0.8342322111129761,0.7191287875175476,454.00518798828125,0.48861485719680786,7.365998268127441,6.694432258605957,465.32305908203125,0.850236713886261,0.17125925421714783,347.9512634277344,0.1744460016489029,5.06540584564209,6.709171772003174,602.9801635742188,0.10341225564479828,2mgml,shg,roi2,3266.123082174247,54081.36130523682,30648.678184509277,205.6730061810265,65409.471755981445,62577.49998474121,4145.542382039706,2992.9324920255876,1298.9329888074171,62252.41136932373,5388.402210086185,5351.8014933014765,5197.191210854168,5236.857325710384,15261.473175048828,3004.8737322515212,4545.608080894274,4296.863426913559,62590.488914489746,5373.8587422135,446.4889642995089,1420.0,57848.5,30374.0,12.0,65535.0,64780.0,2011.0,1241.0,255.0,64189.0,2890.0,2876.0,2756.0,2785.0,15262.0,145.5,2558.0,2115.0,64763.0,3080.0,33.0,4610.350017937588,4253.713184488914,13081.218014861019,3088.8235698248504,854.5113475292613,677.9740478783555,4917.602759204821,5308.171418415586,2816.0698280063884,4384.385168148006,6577.317659887533,6532.1598440278685,6362.089065052126,6404.619829049884,41.7292909424623,6393.829353049906,5609.854137961772,5500.4610604420795,4863.342547993064,6452.348781884451,1339.1823946854024,D1,N8,t,appliedMASKiso_2mgml_roi2_8bit.ome
appliedMASKiso_shg_2mgml_roi2_8bit.ome,33,71.46695652,52.40004348,0.915542174,3.912821739,65.095,45.401,0.92054,3.7102,23.0,36.05574546,21.18243552,0.053417979,0.905964703,33.0,3039,41.1303,2427,80,30.3375,10,1.1808,0.0159,0.0643,0.1767,131072,0.705692708492279,552.0330200195312,0.47771400213241577,8.32063102722168,9.037970542907715,700.4564819335938,0.8347169160842896,0.7248485088348389,471.7786865234375,0.49624717235565186,7.422026634216309,6.707060813903809,462.8154296875,0.8533494472503662,0.18401628732681274,384.4679870605469,0.17787693440914154,5.545424461364746,7.806338787078857,694.8912353515625,0.11319082230329514,2mgml,shg,roi2,3293.754012896145,53907.762771606445,30622.672256469727,297.40467657018564,65378.49564361572,62549.42915344238,4212.73184342813,3040.2666713537456,1315.6246083426422,62233.513023376465,5422.626183289889,5384.927913636987,5240.805434558924,5279.197009191933,15261.565444946289,2548.8,4537.685253464124,4336.06104232405,62566.29963684082,5356.242591576348,509.585618635793,1381.0,57472.5,30388.0,12.0,65535.0,64814.0,1998.0,1234.0,247.0,64208.0,2844.5,2838.0,2692.0,2722.0,15262.0,63.0,2516.0,2061.0,64790.0,3008.0,34.0,4667.176493467445,4336.866369971925,13214.292196750086,3052.6281309471956,1700.1393202176882,1061.311115982675,5030.751513488537,5433.241268580774,2860.536199692191,4455.737438463741,6674.553743170524,6625.8483512107305,6478.391909957933,6518.442931386193,8.936567186133972,6203.5657365391235,5584.950776962261,5602.146478105404,4959.1965587775585,6286.815257878506,1618.1966749862981,D1,N8,t,appliedMASKiso_2mgml_roi2_8bit.ome
appliedMASKiso_shg_2mgml_roi2_8bit.ome,34,78.3052,56.49725926,0.915197037,3.88892963,72.897,51.889,0.92728,3.8658,27.0,35.23018482,22.93947737,0.052916866,0.593272544,34.0,3084,40.501,2459,73,33.6849,9,1.1826,0.0186,0.0678,0.2004,131072,0.7046580910682678,553.5391235351562,0.5058820247650146,8.279621124267578,9.386098861694336,726.1296997070312,0.833882749080658,0.7349972724914551,452.3423767089844,0.5379073619842529,7.079801559448242,6.829259872436523,494.0038146972656,0.8590540289878845,0.18907389044761658,396.6921691894531,0.17346704006195068,5.664596080780029,8.034456253051758,681.9860229492188,0.1165127381682396,2mgml,shg,roi2,3328.1653204738373,53691.06645202637,30660.64998626709,363.69897742330676,65352.6780090332,62481.67369842529,4280.985848100597,3094.0720284095414,1416.2706589886564,62158.56283569336,5475.092146399541,5435.825360388526,5294.134896230375,5332.395215376577,15261.583050407795,2564.77572815534,4646.565469511516,4384.907519550488,62488.1753616333,5328.645230365999,607.5332310118562,1351.0,52685.0,30400.0,14.0,65535.0,64818.5,1971.0,1222.0,251.0,64211.0,2811.0,2802.0,2658.0,2687.0,15262.0,104.0,2473.0,2021.0,64797.0,2970.0,33.0,4744.125838038496,4464.7812954113115,13161.675052070463,3100.3705004797744,1972.8218576567824,1202.1032337875201,5253.033107503938,5620.731914555305,3151.423553981761,4714.199847773335,6898.869155767871,6847.260679925443,6700.019711615771,6740.796936828811,13.749837080335213,6059.943448436283,5909.22438890576,5766.397729257417,5224.394720806794,6242.86683551484,1903.2300184605285,D1,N8,t,appliedMASKiso_2mgml_roi2_8bit.ome
appliedMASKiso_shg_2mgml_roi2_8bit.ome,35,70.98731935,58.5326129,0.926811613,3.673403226,68.537,49.333,0.93501,3.4777,31.0,38.40605164,29.3909567,0.034544984,0.772583099,35.0,2990,41.8371,2378,72,33.0278,5,1.1806,0.0142,0.07,0.183,131072,0.7102821469306946,537.4393920898438,0.5234957337379456,8.065505981445312,9.309037208557129,720.6493530273438,0.837259829044342,0.7485263347625732,432.37554931640625,0.5691848397254944,6.659651279449463,6.906023025512695,530.88232421875,0.8673602342605591,0.18872356414794922,382.62713623046875,0.17757271230220795,5.562238693237305,7.716877460479736,618.4717407226562,0.11610208451747894,2mgml,shg,roi2,3309.0717745109782,53655.434158325195,30736.960609436035,339.91646538876614,65357.981506347656,62494.16226196289,4296.095765443547,3112.9967236278535,1415.5278507040703,62177.645500183105,5409.972327280817,5368.132082898363,5248.934232368696,5284.005433573495,15261.640678405762,2397.9379652605458,4550.220029777694,4358.308635531293,62500.888038635254,5274.52952954666,639.792971668295,1310.0,52685.0,30404.0,16.0,65535.0,64877.0,1916.0,1191.0,239.0,64258.0,2678.0,2670.0,2542.5,2573.0,15262.0,144.0,2345.0,1943.0,64853.0,2896.0,33.0,4767.484719709836,4543.475857134031,13124.318109110678,3216.2600474380447,1545.280217184905,1040.9290502343817,5338.94987202684,5733.046492810919,3204.2349092090117,4774.352640190887,6990.327780429952,6935.139363375028,6807.647935317122,6846.484732558566,6.2458800085552015,5788.182047672254,5914.90288731751,5847.951524610995,5311.993537733708,6272.3115216255555,1957.2511570093145,D1,N8,t,appliedMASKiso_2mgml_roi2_8bit.ome
appliedMASKiso_shg_2mgml_roi2_8bit.ome,36,82.9115,59.78776923,0.926188077,3.831296154,78.646,54.384,0.93493,3.79635,26.0,38.8480329,32.60528988,0.034838351,0.696499938,36.0,3035,41.1871,2348,61,38.4918,9,1.1794,0.0163,0.0669,0.1761,131072,0.733796238899231,527.3351440429688,0.5458579063415527,7.563337802886963,8.817995071411133,745.26806640625,0.852229118347168,0.7707445621490479,425.19927978515625,0.5970293283462524,6.141922950744629,6.764734745025635,569.812255859375,0.8798794746398926,0.17857626080513,396.0917053222656,0.1750170886516571,5.4202094078063965,7.153748989105225,628.8143310546875,0.1070990115404129,2mgml,shg,roi2,3317.4552125396203,52915.43671417236,30633.96605682373,246.0852723640879,65391.847106933594,62661.66156768799,4204.676858539888,3102.2038315268214,1273.8994481062741,62361.438705444336,5230.925127002735,5184.449828492033,5090.613355911598,5121.820824106639,15261.607414245605,2491.124613800206,4299.934418826799,4291.866189049542,62689.449295043945,5381.055160435934,532.4813496477568,1246.0,52682.0,30408.0,15.0,65535.0,64971.0,1780.0,1099.0,210.0,64310.0,2522.0,2514.0,2394.0,2419.0,15262.0,94.0,2260.0,1848.0,64935.0,2773.0,30.0,4934.207318839826,4758.849771071299,13405.413464029338,3090.467916073066,780.5060883973872,695.9769313980607,5175.106644578863,5791.196147896491,2924.5663680484695,4517.900381937515,6866.491373674489,6802.216590151546,6714.388329704021,6747.58783479013,7.810395085009629,5924.099026425339,5609.567795023886,5900.417218145892,5081.4206847622445,6750.137937481748,1580.8671817392794,D1,N8,t,appliedMASKiso_2mgml_roi2_8bit.ome
appliedMASKiso_shg_2mgml_roi2_8bit.ome,37,84.83365217,61.35986957,0.927147826,3.846365217,80.628,52.381,0.9433,3.7909,23.0,39.04816357,28.13095651,0.039372488,0.759866714,37.0,2849,44.0067,2215,63,35.1587,12,1.1619,0.0104,0.0642,0.1702,131072,0.7577345371246338,484.8373107910156,0.5551586151123047,6.843069076538086,8.26403522491455,735.517578125,0.8672236800193787,0.7819145917892456,399.439208984375,0.6187748908996582,5.786458492279053,6.518341064453125,543.511474609375,0.8862861394882202,0.16685928404331207,372.3292541503906,0.18597856163978577,4.982482433319092,7.268012046813965,705.7625732421875,0.09854564070701599,2mgml,shg,roi2,3289.2579733619727,52264.2685546875,30686.80712890625,357.2286361855728,65365.70400238037,62816.20046234131,4128.885079824522,3098.631025281534,1201.2867148666967,62510.10852050781,5042.60283282129,4991.137512434308,4919.033134677852,4946.844987103533,15261.635597229004,2227.3720152817573,4132.252401031717,4195.943299558967,62844.882736206055,5368.228588783155,529.0074053799249,1200.0,52679.0,30410.0,13.0,65535.0,65027.0,1726.0,1069.0,200.0,64345.0,2424.0,2415.0,2305.0,2327.0,15262.0,54.5,2132.0,1778.0,64989.0,2675.0,28.0,5138.286035561893,5015.737298010687,13686.65204954647,3085.3055679120935,1473.7700358441493,1011.6928609787135,5045.9909969767,5889.371362998281,2806.1945762092755,4331.190497888645,6726.5799383240665,6648.46776965468,6604.974834491736,6631.569741033073,8.313250758383264,5414.926578330555,5483.641428129521,5950.461396232077,4924.874474544932,7028.303918595185,1704.0120509199521,D1,N8,t,appliedMASKiso_2mgml_roi2_8bit.ome
appliedMASKiso_shg_2mgml_roi2_8bit.ome,38,89.63241667,59.028625,0.927857083,3.671275,89.835,48.458,0.934965,3.5781,24.0,40.12854756,25.4280791,0.053809457,0.693728728,38.0,2412,52.342,1918,55,34.8727,6,1.1217,0.0203,0.0562,0.1479,131072,0.8050691485404968,444.3144226074219,0.5699271559715271,5.721582889556885,7.216176986694336,714.5133666992188,0.8952573537826538,0.8387558460235596,352.9150390625,0.6226768493652344,4.783774375915527,5.174091815948486,458.6514892578125,0.9170821309089661,0.14863072335720062,373.1729431152344,0.18064935505390167,4.527185440063477,7.090732097625732,787.4298095703125,0.08476747572422028,2mgml,shg,roi2,3193.3723465756148,51065.42714691162,30714.409210205078,472.08264074476523,65356.974617004395,63132.93965148926,3956.888200262817,3038.8076216926534,1021.3048111200692,62811.726501464844,4644.879907141438,4586.692473759326,4564.158672520008,4584.157191118819,15261.671173095703,2553.9253812636166,3783.4266525752896,3971.4422343865735,63162.838943481445,5362.695138474879,432.7870918826707,1155.0,52665.0,30428.0,10.0,65535.0,65114.0,1672.0,1050.0,189.0,64385.0,2297.5,2285.0,2186.0,2211.5,15262.0,83.5,2047.0,1699.0,65059.0,2572.0,24.0,5240.421422276737,5106.954540563411,13992.85886675124,3011.727440430577,2573.617140541113,1388.7631554381026,4550.5720884542925,5760.706432141009,2379.193219813484,3754.640282151985,6188.700608271262,6092.030823622817,6144.752133782062,6157.281816612025,8.159876487594147,6178.837584870269,4964.160333483534,5753.309063092783,4383.433709102149,7360.229925418631,1538.2976045147382,D1,N8,t,appliedMASKiso_2mgml_roi2_8bit.ome
appliedMASKiso_shg_2mgml_roi2_8bit.ome,39,93.06174074,54.29396296,0.93609,4.014911111,91.364,48.315,0.93857,3.9534,27.0,40.54807939,19.1732814,0.024422074,0.72806788,39.0,2695,46.6356,2195,60,36.5833,7,1.1472,0.0165,0.06,0.1282,131072,0.7939956784248352,418.4617004394531,0.5445958971977234,5.811466217041016,7.028542995452881,641.0750732421875,0.8885250687599182,0.8264912366867065,356.16326904296875,0.5910279154777527,4.859251022338867,5.052830219268799,437.1440734863281,0.9106370210647583,0.15542761981487274,341.7745056152344,0.18860869109630585,4.556831359863281,6.769390106201172,670.4078979492188,0.0897594541311264,2mgml,shg,roi2,3152.1021915920055,50794.6296005249,30715.833656311035,484.0905202277314,65348.56667327881,63094.38804626465,3948.527862613577,2969.572865230008,1102.522797047164,62737.366035461426,4746.899306225591,4696.139554330347,4640.152547668275,4664.768426372617,15261.618858337402,2460.8614270941057,3886.776090052837,3982.546345049391,63114.29795837402,5167.725458304618,516.9510494005721,1143.0,52666.0,30441.0,11.0,65535.0,65147.0,1658.0,1019.0,196.0,64395.0,2321.0,2314.0,2199.0,2225.0,15262.0,113.0,2089.0,1692.0,65089.0,2555.0,25.0,5207.583031588579,5022.13249520491,14346.587737352556,3088.361942226394,2241.2697440732804,1322.0941732205138,4691.148312417659,5810.159042719486,2497.265102192843,3893.407362473785,6361.153651234665,6268.374784554434,6304.817346856721,6320.164090531863,12.553940716173557,5379.767660225245,5029.135469266391,5829.49812013268,4519.8490875163325,7036.517214557906,1844.3151677254368,D1,N8,t,appliedMASKiso_2mgml_roi2_8bit.ome
appliedMASKiso_shg_2mgml_roi2_8bit.ome,40,87.17128846,55.20196154,0.920930385,3.718611538,88.658,50.1275,0.925445,3.67815,26.0,39.97471729,18.88050149,0.025932881,0.750981803,40.0,2855,43.91,2341,63,37.1587,8,1.16,0.0179,0.0588,0.08596,131072,0.7754256725311279,426.3842468261719,0.5099949836730957,6.258392333984375,7.0627360343933105,602.3944702148438,0.8773064017295837,0.8095226883888245,346.04974365234375,0.5544297695159912,5.143767356872559,5.200410842895508,423.52252197265625,0.9013055562973022,0.16142180562019348,334.3664855957031,0.20356757938861847,4.719930648803711,6.59208869934082,614.0711669921875,0.09430333226919174,2mgml,shg,roi2,2977.652665803427,50367.78137969971,30756.28832244873,363.07039330761,65393.98009490967,63209.70810699463,3785.440351566336,2768.674025336345,1076.261354303548,62801.95357513428,4686.326843284217,4646.5277355084445,4554.133096415036,4583.12209483663,15261.700187683105,2313.861154446178,3866.0665954651568,3840.984433333648,63220.58045959473,4893.86941769137,446.65870045926175,1022.0,52662.0,30473.0,12.0,65535.0,65229.0,1536.0,933.0,185.0,64414.0,2161.0,2160.0,2038.0,2063.0,15262.0,68.0,2004.0,1539.0,65158.0,2300.0,26.0,4881.083818292946,4651.884556621238,14853.295119128385,3096.87692085523,1785.4085011307257,1060.104924824795,4503.627679104823,5581.013532147183,2315.1127281659324,3721.611345533813,6257.149978813168,6178.109910442832,6180.49351662698,6199.437351086088,10.98383852881495,5486.583581400953,4953.674871537053,5620.401398254591,4326.167082058111,6585.684218876273,1423.9753688688484,D1,N8,t,appliedMASKiso_2mgml_roi2_8bit.ome
appliedMASKiso_shg_2mgml_roi2_8bit.ome,41,86.28761364,53.27654545,0.928655909,3.601195455,93.4425,51.883,0.93457,3.55695,22.0,37.30708831,18.96739231,0.032851213,0.57281931,41.0,3005,41.6183,2446,74,33.0541,9,1.1665,0.0213,0.0599,0.07769,131072,0.7569801211357117,433.8020935058594,0.5060322880744934,6.61285924911499,7.317941188812256,583.074462890625,0.8661760687828064,0.7857249975204468,360.937744140625,0.5388558506965637,5.547706604003906,5.465030193328857,414.54766845703125,0.8879560232162476,0.17088188230991364,330.9468994140625,0.194798544049263,4.87596321105957,6.474496364593506,561.4117431640625,0.10122600942850113,2mgml,shg,roi2,2848.3247492571472,50175.48484802246,30865.3536529541,336.3238592871169,65405.64680480957,63280.41790008545,3691.069315030228,2686.5729663401107,1126.5792425184732,62815.60726928711,4628.689396197748,4593.281312805916,4487.098970103182,4517.690511678895,15261.7466506958,2411.7986006996503,3887.169283880336,3732.4042272889,63263.92304992676,4684.809041167024,488.4535133313228,941.0,52659.0,30510.0,12.0,65535.0,65284.0,1441.0,854.0,175.0,64414.0,2051.0,2051.0,1928.0,1953.0,15262.0,92.0,1919.0,1437.0,65203.0,2132.0,29.0,4622.620043855126,4501.650631812769,15154.59480051644,3165.3364588405425,1611.5069502274941,988.9331388916561,4445.939516654408,5428.797426660409,2563.4740897511438,3789.86498701206,6253.58565212258,6186.323950246276,6136.457156655966,6162.294433024444,6.937485719768753,5497.240281683234,5126.932020199222,5461.413441976493,4332.91604557917,6257.097835725835,1724.9685819555602,D1,N8,t,appliedMASKiso_2mgml_roi2_8bit.ome
appliedMASKiso_shg_2mgml_roi2_8bit.ome,42,87.35911724,51.2182069,0.93396069,3.428024138,93.366,48.119,0.93297,3.2923,29.0,39.8337517,22.16356481,0.024364954,0.648424501,42.0,2829,44.3319,2251,61,36.9016,11,1.1606,0.0234,0.058,0.09828,131072,0.7565942406654358,427.87347412109375,0.4933094084262848,6.594775676727295,7.094559669494629,543.9205322265625,0.8656532764434814,0.7898986339569092,356.16748046875,0.5343614816665649,5.4864301681518555,5.474788665771484,398.59466552734375,0.8903929591178894,0.17156927287578583,323.73919677734375,0.18853676319122314,4.884212017059326,6.109008312225342,485.8993835449219,0.10244277864694595,2mgml,shg,roi2,2691.084713970047,49528.90258026123,30818.510276794434,220.0233516959429,65439.95388031006,63435.415588378906,3509.202365699409,2546.300068674983,1095.0920321519125,62920.24198150635,4459.545141173582,4429.409702921679,4300.128465504542,4333.172462558311,15261.647857666016,2417.4437837837836,3835.560373189295,3557.108450773386,63404.51545715332,4482.620967345937,447.42984467938317,882.0,52624.0,30508.0,11.0,65535.0,65337.0,1359.0,817.0,160.0,64414.0,1922.0,1924.0,1811.0,1833.0,15262.0,93.0,1791.0,1347.0,65247.0,2012.0,30.0,4263.968882236264,4133.50437389891,15305.460047629073,3103.8207836622087,899.880786821773,644.421122624054,4179.653181474243,5059.65409704008,2500.2200319743383,3600.727773091323,6043.165901999888,5989.629627621531,5876.705135763032,5910.328148300068,14.86974453921054,5499.106027329598,5120.661035014225,5152.3350023731355,4093.4011072986846,5919.34989131524,1474.678435379621,D1,N8,t,appliedMASKiso_2mgml_roi2_8bit.ome
appliedMASKiso_shg_2mgml_roi2_8bit.ome,43,83.51111852,48.83751852,0.924145185,3.572848148,91.273,40.887,0.9344,3.4805,27.0,45.0978955,18.61971964,0.044972377,0.581835442,43.0,2748,45.6976,2183,71,30.7465,10,1.1486,0.0169,0.0543,0.1086,131072,0.7658807039260864,400.2406311035156,0.4791981279850006,6.283564567565918,6.522968769073486,486.95343017578125,0.8714015483856201,0.7934468984603882,331.79461669921875,0.5086081624031067,5.299631118774414,5.066969871520996,378.16510009765625,0.8923553228378296,0.16403670608997345,300.90399169921875,0.19580794870853424,4.634283065795898,5.52713680267334,418.5968933105469,0.09782606363296509,2mgml,shg,roi2,2498.7219795632136,48902.660469055176,30833.979766845703,202.3784947890628,65454.54415130615,63652.27240753174,3280.857823669579,2383.371514568789,955.3123713393984,63111.76047515869,4128.355019034262,4097.965227409337,3991.711781206171,4020.511751152074,15261.72607421875,2646.5105105105104,3502.466609897816,3303.4990182328193,63620.41926574707,4231.657934281707,410.76876453170644,800.0,52541.0,30623.0,13.0,65535.0,65375.0,1250.0,755.0,132.0,64414.0,1732.0,1730.0,1635.0,1655.5,15262.0,106.0,1620.0,1218.0,65280.0,1850.0,26.0,4008.126848489731,3948.5347108426695,15417.125649397592,3110.3216525597086,778.620509845636,554.3301276314551,3865.514722260631,4850.642603484058,2164.7231975904947,3279.0238850357014,5665.013539504857,5609.726497016716,5544.25298944404,5569.987824828335,10.75920703190663,6030.35738715845,4678.637451673797,4858.928260320287,3769.396554112323,5696.356382991442,1388.9342553766578,D1,N8,t,appliedMASKiso_2mgml_roi2_8bit.ome
appliedMASKiso_shg_2mgml_roi2_8bit.ome,44,92.91571,41.84316667,0.928198,3.66849,98.5215,38.667,0.935135,3.4927,30.0,44.92148181,9.626531044,0.029252724,0.798097735,44.0,2984,41.9253,2391,72,33.2083,10,1.1897,0.0177,0.0529,0.1314,131072,0.7653836607933044,395.962158203125,0.47860416769981384,6.276509761810303,6.35744571685791,461.5089111328125,0.8711298108100891,0.7928403615951538,343.1531677246094,0.5077328681945801,5.405224800109863,5.084970474243164,363.27886962890625,0.8919968605041504,0.16210715472698212,285.8182373046875,0.17540179193019867,4.524347305297852,5.4077348709106445,387.0943298339844,0.09829452633857727,2mgml,shg,roi2,2299.8324711540404,48159.179763793945,30866.943145751953,191.9535426731079,65463.29725646973,63812.545890808105,3054.440739248452,2201.9531872932394,872.3660528007398,63232.02982330322,3838.9760240063047,3813.181168791804,3711.5277042455596,3738.6302867419727,15261.825576782227,2649.221860465116,3260.3449491785723,3054.1574858043527,63771.60447692871,3932.7632913694506,354.8140611284016,764.0,52094.0,30623.0,12.0,65535.0,65383.0,1196.0,700.0,134.0,64414.0,1673.0,1677.0,1575.0,1595.0,15262.0,87.5,1535.0,1173.0,65286.0,1748.0,22.0,3739.906222034324,3694.138723171979,15341.646821304399,3125.3925466663327,782.5258515274147,524.0889388914132,3548.5221865195067,4531.19980083085,1920.9221804712533,2979.8535824749933,5268.672819015293,5215.5497030183105,5165.693665953606,5188.446563419722,7.459191926238978,5826.142459126256,4311.928643796933,4518.423092712087,3449.2760775748197,5360.733436488783,1137.4321617104076,D1,N8,t,appliedMASKiso_2mgml_roi2_8bit.ome
appliedMASKiso_shg_2mgml_roi2_8bit.ome,45,98.27388929,50.8665,0.934728571,3.488360714,101.858,42.1235,0.944715,3.38595,28.0,44.86451475,19.9700762,0.026834628,0.588944635,45.0,2752,45.6283,2231,63,35.4127,11,1.1595,0.0129,0.0491,0.08362,131072,0.7911193370819092,352.8261413574219,0.5157489776611328,5.475454330444336,5.9066948890686035,443.2201232910156,0.8870382308959961,0.8121873736381531,310.3063049316406,0.5739577412605286,4.827847003936768,4.874355316162109,361.22235107421875,0.9027742743492126,0.1439226269721985,254.33837890625,0.16545946896076202,3.9227569103240967,5.088405609130859,370.1259460449219,0.085471972823143,2mgml,shg,roi2,2131.5857531380752,46445.95722198486,30831.12087249756,100.56168545614456,65488.96236419678,63988.53854370117,2808.391579499623,2018.3020406378769,829.5854224698236,63349.64743804932,3583.155439330544,3561.5690794979078,3455.501066945607,3482.2830543933055,15261.79792022705,2839.0532786885246,3123.9991841004185,2841.6515062761505,63931.36122131348,3697.656569037657,284.4096807708762,758.0,50372.0,30623.0,10.0,65535.0,65397.0,1155.0,688.0,136.0,64414.0,1617.5,1614.0,1539.0,1556.0,15262.0,105.0,1535.0,1159.0,65295.0,1715.0,23.0,3312.126898354801,3337.985557276449,15114.06785003486,3070.772946747878,361.1413931876053,288.40693498099307,3108.1475340357474,4016.134287376141,1811.366359490151,2659.051008398407,4795.442432640774,4758.2626816311595,4660.5768581598095,4688.098652093731,12.25669973869814,6362.687924068538,4087.9993492074664,4038.426006466226,3040.3001972720704,4980.42700167163,781.5349734264028,D1,N8,t,appliedMASKiso_2mgml_roi2_8bit.ome
appliedMASKiso_shg_2mgml_roi3_8bit.ome,1,95.13188409,48.90554545,0.904681591,3.378834091,89.8155,44.9355,0.91608,3.36995,44.0,53.77374473,15.16738073,0.069441748,0.640760836,1.0,4191,29.2749,3408,91,37.4505,16,1.2641,0.0206,0.0622,0.01622,131072,0.3918379843235016,639.3486938476562,0.35062655806541443,13.948217391967773,13.310550689697266,549.5869140625,0.6131594181060791,0.37152814865112305,635.1735229492188,0.3577357530593872,13.971363067626953,12.521090507507324,508.26531982421875,0.616487443447113,0.18842220306396484,247.6935272216797,0.14969384670257568,5.075355052947998,7.20185661315918,308.874755859375,0.1529380828142166,2mgml,shg,roi3,2913.438898503668,61425.609870910645,28324.33843231201,212.98554798070407,65325.15126037598,60539.32913970947,4281.666952537501,2066.3313163557823,2645.8049963788712,60243.83240509033,7547.6556292405,7550.607408144824,7304.469575605348,7357.7041489899375,20825.972648620605,3666.1265281173596,8309.350565910589,5518.579350006892,60590.58054351807,3258.2929410503425,1066.3542860231325,1581.0,65481.0,28152.0,14.0,65534.0,63290.0,2425.0,1066.0,701.0,62877.0,4838.0,4845.0,4567.0,4622.5,20826.0,153.0,5841.0,3259.0,63275.0,2567.0,82.0,3505.7686062806565,2620.9586591576635,8285.340958283581,3066.024185406874,715.9412018173277,882.6900113064144,6586.691157287251,4966.872752011651,4814.825958171593,6227.702263900284,7895.770929578128,7892.527992351861,7796.122068307427,7824.710101473526,6.081504965604659,8298.68742426495,8033.272690553793,6159.817278583483,6405.441463748028,3055.115258607859,3232.1330885868333,D1,N8,t,appliedMASKiso_2mgml_roi3_8bit.ome
appliedMASKiso_shg_2mgml_roi3_8bit.ome,2,85.74675,53.28865789,0.904825263,3.522323684,83.2705,41.15,0.919415,3.34705,38.0,52.94801156,32.72240435,0.052024017,0.736255543,2.0,4151,29.5762,3456,100,34.56,18,1.2606,0.0307,0.0632,0.04529,131072,0.37807244062423706,652.8936767578125,0.34355247020721436,14.310730934143066,13.573869705200195,547.704345703125,0.6019366383552551,0.3584055006504059,654.7022094726562,0.3471602201461792,14.389387130737305,12.58664321899414,507.9147033691406,0.6053993105888367,0.18437445163726807,240.16574096679688,0.1446998417377472,4.994375705718994,7.182262420654297,281.713623046875,0.15194423496723175,2mgml,shg,roi3,3096.691548865286,61850.48865509033,28383.321014404297,244.4446221979437,65299.133361816406,60209.43378448486,4531.770319641925,2186.152521865659,2824.670138375738,59948.2713470459,7981.10012225873,7982.067991136242,7727.330916176358,7782.81936272637,20825.922409057617,3989.3191210232862,8829.811966073203,5849.827829143424,60275.24890899658,3418.9648047680903,1096.2061715727143,1650.0,65495.0,28175.0,16.0,65534.0,63182.0,2533.0,1117.0,719.0,62822.5,5046.0,5051.0,4775.0,4830.0,20826.0,129.0,6107.0,3403.0,63183.5,2709.0,87.0,3751.462866951537,2727.534647312812,7778.585122232919,2984.387412734174,848.5334714032316,1015.3715867924448,6980.469754840287,5254.6805661106055,4812.2486602933395,6545.892806606601,8333.08774210871,8323.649796611573,8238.016416769751,8266.131901787925,7.58701400588815,8739.562059806582,8479.659474461138,6554.466705050149,6760.652089202398,3157.9393796716777,3005.615084161797,D1,N8,t,appliedMASKiso_2mgml_roi3_8bit.ome
appliedMASKiso_shg_2mgml_roi3_8bit.ome,3,76.3434225,52.121325,0.91002775,3.4161775,74.8235,45.103,0.92571,3.29445,40.0,60.03387293,24.51164433,0.040832495,0.721632439,3.0,4397,27.8096,3606,91,39.6264,19,1.2822,0.0256,0.0638,0.03968,131072,0.3836444616317749,641.9915771484375,0.34529909491539,14.091944694519043,13.349492073059082,538.4978637695312,0.6079686284065247,0.36853474378585815,650.6666870117188,0.35188156366348267,14.262340545654297,12.279311180114746,500.2118225097656,0.6136612892150879,0.1811695247888565,227.52162170410156,0.14572355151176453,4.8031206130981445,6.951990127563477,271.2598571777344,0.14720995724201202,2mgml,shg,roi3,3252.3834738307605,62070.671394348145,28264.441619873047,236.24019973598118,65299.5711517334,60008.67547607422,4730.890555349549,2291.7087708778768,2854.7221311029407,59795.63311004639,8257.83270351728,8257.939858941603,8015.385149090464,8069.602527423772,20825.929122924805,3410.646641916976,8968.558549944159,6102.07435399232,60105.34364318848,3607.6271437969494,1093.644523224,1746.0,65501.0,28175.0,15.0,65534.0,63075.0,2623.0,1160.0,752.0,62722.0,5250.0,5257.0,4970.0,5024.5,20826.0,128.0,6284.0,3573.0,63084.0,2876.5,90.0,3910.4596809554505,2874.6199247057607,7627.392086707599,2877.3573510563588,821.2621028671517,1004.6853624513999,7215.3841300629165,5482.211810026046,4876.561202751187,6755.887621133871,8563.762646301466,8554.664465083539,8489.830797650222,8514.900594518751,7.16370442805917,7592.713047824617,8491.762265127032,6785.741391172795,6972.363028687531,3316.279107235464,3078.5009886892035,D1,N8,t,appliedMASKiso_2mgml_roi3_8bit.ome
appliedMASKiso_shg_2mgml_roi3_8bit.ome,4,85.78,66.69623333,0.908527,3.511813333,89.5305,58.062,0.92067,3.38585,30.0,55.70213366,37.50312039,0.087825204,0.764674902,4.0,4202,29.193,3429,82,41.8171,19,1.2682,0.0176,0.0632,0.02695,131072,0.4062654376029968,638.7070922851562,0.34045547246932983,13.7449369430542,12.786164283752441,526.845703125,0.6255773901939392,0.3871348202228546,653.8720703125,0.36237668991088867,14.02912425994873,11.861157417297363,500.238037109375,0.6282602548599243,0.18927185237407684,236.4924774169922,0.13946624100208282,4.974092483520508,6.739656925201416,261.2953186035156,0.14898651838302612,2mgml,shg,roi3,3338.413519130628,62026.025466918945,28335.499046325684,183.3586294664709,65335.57682800293,60051.47659301758,4920.3202711627055,2426.8019509711094,2692.4720230338876,59917.541191101074,8225.606934421327,8218.373179541846,8039.052602517007,8083.72395757441,20825.939826965332,3378.5555919973763,8648.034411356437,6190.177747271709,60178.87377166748,3779.067242873467,994.2941412607139,1770.0,65504.0,28193.0,15.0,65534.0,63214.0,2749.0,1232.0,648.0,62945.0,5085.0,5085.0,4862.0,4906.0,20826.0,143.0,5885.0,3564.0,63257.0,3000.0,79.0,4004.510545530365,3052.918118527503,7831.479569185923,2935.0711219084133,549.7024728109471,767.9168708253613,7285.093193304408,5682.4915883318645,4696.059261341713,6782.2798022014995,8679.48761701921,8662.929957626675,8639.141202776618,8658.580292404878,6.741264294001715,7574.0235032525015,8423.036051054765,6931.481575829767,7047.457527154747,3497.0817422625314,2662.632420363925,D1,N8,t,appliedMASKiso_2mgml_roi3_8bit.ome
appliedMASKiso_shg_2mgml_roi3_8bit.ome,5,89.29539535,54.39851163,0.901247674,3.320272093,91.848,45.661,0.90343,3.2536,43.0,57.32885966,24.7473013,0.041929966,0.688773047,5.0,4241,28.9061,3542,96,36.8958,25,1.2714,0.0185,0.069,0.05525,131072,0.368313193321228,671.4951171875,0.3398531675338745,14.635321617126465,13.987042427062988,545.2615966796875,0.5926648378372192,0.3407227396965027,687.1074829101562,0.36275550723075867,14.990265846252441,13.272208213806152,549.288818359375,0.5910664796829224,0.192538321018219,233.71853637695312,0.13195794820785522,5.039130210876465,7.142690658569336,241.452880859375,0.15775179862976074,2mgml,shg,roi3,3686.777689419717,62516.81504821777,28222.04167175293,253.13860914783754,65258.00524902344,59296.35326385498,5388.306952982943,2672.184730673258,3316.5695519151077,59164.569091796875,9084.081433847425,9075.969957409716,8873.538342725626,8923.56661900429,20825.927001953125,3147.388906397731,9573.24791827559,6832.10619279559,59420.262954711914,3974.268471719898,1351.7684086857048,1978.0,65509.0,28190.0,22.0,65533.0,62797.0,2964.0,1340.0,814.0,62538.0,5682.0,5682.0,5435.0,5485.0,20826.0,128.0,6505.0,3982.0,62847.0,3241.0,92.0,4347.610787655014,3333.506680281373,7096.202775219252,2701.5946883141596,833.5316417825574,1072.224039623606,8181.07430244495,6173.8391914716685,5807.8486567824675,7738.407531538924,9474.386816596141,9458.649988792584,9417.781254406134,9441.10297900881,6.146609154456824,7229.264870463295,9254.982278637817,7535.50137003099,7971.464632234954,3589.9770994820974,3650.604315980401,D1,N8,t,appliedMASKiso_2mgml_roi3_8bit.ome
appliedMASKiso_shg_2mgml_roi3_8bit.ome,6,84.61511429,50.68628571,0.921780238,3.428266667,87.565,49.9165,0.928655,3.27735,42.0,55.88644981,16.91615119,0.030203961,0.686965196,6.0,3911,31.5139,3279,85,38.5765,27,1.2456,0.0198,0.0631,0.05997,131072,0.47074171900749207,598.6515502929688,0.4119618237018585,12.276032447814941,12.34813404083252,570.1751708984375,0.6731188893318176,0.45991888642311096,585.94140625,0.43060043454170227,12.07061767578125,11.041552543640137,535.2950439453125,0.68388432264328,0.21216267347335815,266.2154846191406,0.14569327235221863,5.393677711486816,7.539927005767822,322.965576171875,0.15755972266197205,2mgml,shg,roi3,3647.6213449730653,61369.95845794678,28399.23676300049,286.2399463546425,65263.11706542969,59903.388175964355,5339.64727943046,2725.9921815408084,2645.370574412738,59929.90357208252,8297.79423495147,8275.9040106356,8231.281044194608,8255.899061700313,20825.938453674316,3206.839068474105,8172.831651668729,6528.4105310883815,60109.26107788086,4118.466982763258,1094.2548845660538,1851.0,65495.0,28225.0,15.0,65534.0,63254.0,2874.0,1333.0,589.0,63066.5,4951.0,4947.0,4828.0,4862.0,20826.0,117.0,5310.0,3616.0,63339.0,3171.0,66.0,4620.6137534531,3582.8359687052202,8432.273394927515,2707.112297467648,1136.2983724837006,1273.249158899041,7884.5164300908355,6360.692324484939,5047.319219789392,7234.2298424499195,9133.71369303638,9100.854372563865,9193.789341713384,9196.442238997332,9.565991732622575,7437.051219817571,8375.488307558631,7616.127711065338,7563.528182328649,4023.4507757909455,3261.081499194116,D1,N8,t,appliedMASKiso_2mgml_roi3_8bit.ome
appliedMASKiso_shg_2mgml_roi3_8bit.ome,7,89.9217025,53.43765,0.911555,3.56489,86.936,50.36,0.92164,3.32445,40.0,46.9614572,19.86072476,0.045493742,0.642407513,7.0,3733,33.112,3229,108,29.8981,21,1.2403,0.02,0.0648,0.03862,131072,0.4988105893135071,588.177978515625,0.4442537724971771,11.725985527038574,12.108787536621094,602.103759765625,0.6940658092498779,0.4942171275615692,564.9935913085938,0.45306098461151123,11.310606956481934,10.322113037109375,539.1528930664062,0.7085201144218445,0.21367903053760529,279.63055419921875,0.14729461073875427,5.489513397216797,7.659744739532471,368.740234375,0.1550736129283905,2mgml,shg,roi3,3855.920872672386,60702.56301879883,28442.699592590332,377.39916937590436,65204.65852355957,59774.68511199951,5619.604350635365,2921.101052161358,2593.5856611387853,59899.49141693115,8441.40835861814,8410.511859472947,8423.775324595315,8440.078349531012,20825.96449279785,3355.098389982111,8094.916490828161,6779.215480462673,60029.453842163086,4353.450536756665,1094.668619702957,1986.0,65490.0,28247.0,12.0,65533.0,63114.0,3090.0,1448.0,641.0,62960.0,5137.0,5123.0,5031.0,5062.0,20826.0,132.0,5399.0,3835.0,63219.0,3349.0,69.0,5023.471395995815,3952.4880863391795,9022.118115577892,2537.0941353836142,1850.3505847527151,1768.2295339734487,8106.531058136325,6804.651354216031,4912.755352885032,7277.9104345923315,9280.913848842994,9231.726758970632,9431.954533103868,9418.753504092132,6.278603218807555,7472.320841750216,8098.689711674228,8003.702202062387,7692.278924712636,4292.6186611468665,3453.3778025495617,D1,N8,t,appliedMASKiso_2mgml_roi3_8bit.ome
appliedMASKiso_shg_2mgml_roi3_8bit.ome,8,89.521125,51.96328125,0.919413438,3.97436875,94.1285,48.965,0.92834,3.9162,32.0,55.54469993,17.24410173,0.043489077,0.846043447,8.0,3800,32.4929,3291,111,29.6486,21,1.2505,0.026,0.0629,0.04602,131072,0.5131528377532959,548.6182250976562,0.44586923718452454,11.150601387023926,11.309808731079102,562.114990234375,0.7060248851776123,0.5213172435760498,515.88916015625,0.46961018443107605,10.525421142578125,9.838756561279297,522.9422607421875,0.7269910573959351,0.20675328373908997,258.92718505859375,0.15359938144683838,5.183008670806885,6.86016845703125,341.01190185546875,0.1470533311367035,2mgml,shg,roi3,3992.997194595176,61281.96015167236,28399.72721862793,419.66480958559106,65176.43662261963,59546.65367126465,5749.048971356227,3002.265152714037,2733.849156705934,59696.700996398926,8724.072064316788,8692.604291885078,8694.435383456566,8713.113415215286,20825.972244262695,3704.7758562224485,8379.336940648394,7000.6988455567,59820.51963043213,4452.819116720213,1146.9433013589953,2070.0,65496.0,28238.0,14.0,65533.0,62972.0,3162.0,1477.0,671.0,62849.0,5348.0,5342.0,5246.0,5274.0,20826.0,145.0,5620.0,3991.0,63098.0,3465.0,61.0,5267.412166942287,4151.384493080614,8409.597354040241,2525.2025708316655,2048.0395989050176,1876.7270699784374,8421.03520158077,7035.917840027798,5193.226780207131,7550.346802496733,9574.791569009092,9522.200590316315,9722.525320009698,9709.862607600997,5.719749838305577,8358.533677546024,8361.23911823362,8291.443585514759,7973.0084615287105,4377.677662685604,3546.325039282949,D1,N8,t,appliedMASKiso_2mgml_roi3_8bit.ome
appliedMASKiso_shg_2mgml_roi3_8bit.ome,9,79.57316129,51.29122581,0.919127097,3.7375,83.83,44.855,0.92584,3.7206,31.0,50.396857,19.97684695,0.031075995,0.809717577,9.0,3504,35.4067,2989,92,32.4891,15,1.2207,0.0163,0.0604,0.1017,131072,0.546991765499115,527.1859741210938,0.4499858021736145,10.480703353881836,10.503812789916992,558.5506591796875,0.7312262654304504,0.5620637536048889,502.27508544921875,0.4806094765663147,9.839227676391602,9.059762001037598,521.3187866210938,0.7538812160491943,0.19784869253635406,252.9982147216797,0.16946592926979065,4.937085151672363,6.545016288757324,364.4771728515625,0.13618481159210205,2mgml,shg,roi3,4086.394701019035,60936.81896209717,28378.19024658203,436.4578409697339,65169.91168908454,59578.29806518555,5885.850326823278,3110.1882026700473,2596.83318945898,59803.174491882324,8679.134597192848,8641.095127860028,8698.702557200539,8708.925252835994,20825.985061645508,3658.577995478523,8144.699357815804,7079.030240338397,59889.66131591797,4591.752839838493,1058.902261309093,2149.0,65491.0,28237.0,13.0,65533.0,62891.0,3270.0,1527.0,664.0,62836.5,5475.0,5461.0,5380.0,5405.0,20826.0,144.0,5576.0,4116.0,63053.0,3596.0,56.0,5393.038110904514,4295.159067477053,8695.488715625137,2454.4220240398267,2342.902182752382,1977.1501600531578,8289.218946284987,7174.153230678121,4869.357757617733,7321.297774772538,9394.106204740521,9331.19821805149,9618.212989833984,9592.077870873647,5.931181587943402,8275.250171302794,8012.183798808656,8345.170063494756,7798.122094199241,4488.267597688018,3121.8859887457365,D1,N8,t,appliedMASKiso_2mgml_roi3_8bit.ome
appliedMASKiso_shg_2mgml_roi3_8bit.ome,10,67.3116,52.47776,0.9068824,3.815092,80.754,44.541,0.92834,3.7946,25.0,45.16254148,20.18698867,0.071893238,0.973484923,10.0,3338,37.2669,2718,94,28.9149,9,1.2026,0.0157,0.0577,0.09243,131072,0.594145655632019,496.1328125,0.477631539106369,9.488570213317871,9.717318534851074,566.1466064453125,0.7636891603469849,0.5977211594581604,480.1890563964844,0.513381838798523,9.182829856872559,8.299495697021484,478.36090087890625,0.7768930196762085,0.19439725577831268,267.2569885253906,0.17557720839977264,4.9086456298828125,6.468180179595947,397.7447814941406,0.12858323752880096,2mgml,shg,roi3,4070.812009138391,60378.21820831299,28429.29470062256,369.87653331807167,65209.95004272461,59858.62133026123,5812.855917286437,3117.233139341273,2328.1077821685535,60142.70829772949,8318.11298374628,8273.55172652518,8384.890070076384,8386.314343735818,20825.98622894287,3444.327598314607,7626.474711732987,6931.806278413243,60201.195487976074,4700.417835247421,899.2965491088358,2119.0,65470.0,28235.0,12.0,65533.0,62980.0,3216.0,1506.0,644.0,62926.0,5299.0,5287.0,5232.0,5249.0,20826.0,149.5,5310.0,4031.0,63144.0,3554.0,54.0,5405.860986611366,4401.139269362433,8944.940792059662,2481.9659501868587,1835.107015357787,1719.0628042834269,7902.5317306284505,7176.150868491725,4249.646587623749,6815.589961965186,9004.532663716562,8928.536112933843,9292.415433634946,9253.991670315743,5.973229860787375,7918.482836304254,7414.914730316634,8230.095393950895,7354.690718774821,4682.648518669304,2633.1714658472165,D1,N8,t,appliedMASKiso_2mgml_roi3_8bit.ome
appliedMASKiso_shg_2mgml_roi3_8bit.ome,11,83.459164,49.24948,0.913974,3.94496,83.517,46.065,0.92653,3.9541,25.0,53.45354668,17.50858438,0.049992862,0.752015763,11.0,3346,37.173,2728,82,33.2683,10,1.207,0.0164,0.063,0.07854,131072,0.5658600926399231,525.2926025390625,0.47434201836586,10.147993087768555,10.446308135986328,590.0294189453125,0.743967592716217,0.5627890825271606,517.4200439453125,0.5191834568977356,10.05793571472168,9.123750686645508,523.7501220703125,0.7542269229888916,0.200173482298851,271.025390625,0.17653489112854004,5.088886260986328,6.736468315124512,389.11492919921875,0.13575978577136993,2mgml,shg,roi3,4225.027481539089,60654.99259185791,28455.539207458496,366.44304338136976,65188.39520263672,59688.97398376465,6050.908725237687,3274.6107904861838,2441.5312782240812,60014.99829864502,8494.567579637944,8444.570536463667,8592.897096304738,8589.185748716014,20825.949348449707,3529.681818181818,7700.546612355528,7150.155063949056,60044.264068603516,4835.363473962224,1006.3871745914429,2190.0,65480.0,28234.0,14.0,65533.0,62907.0,3323.0,1563.0,669.0,62876.5,5401.0,5387.0,5337.0,5360.0,20826.0,117.0,5354.0,4133.0,63072.0,3647.0,60.0,5545.350355299525,4589.52415393934,8872.311617373134,2486.920472494465,1464.2562584279115,1583.6467287339124,8130.939266908953,7416.177850875473,4500.110855252286,7015.463717224886,9215.46273780063,9133.416894135486,9527.597751512187,9485.152375895786,7.700270414859261,8306.231446382852,7547.7238037366005,8460.62016986963,7575.234301792336,4765.036708381968,2930.6165656413827,D1,N8,t,appliedMASKiso_2mgml_roi3_8bit.ome
appliedMASKiso_shg_2mgml_roi3_8bit.ome,12,77.51970333,53.0891,0.917415333,3.75776,81.9345,44.2855,0.92598,3.7333,30.0,54.05311027,24.31070119,0.049203016,0.779370134,12.0,3256,38.2558,2677,95,28.1789,13,1.2006,0.0184,0.0638,0.08028,131072,0.5835050940513611,525.8019409179688,0.4925328195095062,9.84867000579834,10.437369346618652,614.1051025390625,0.7559096217155457,0.5841667652130127,500.93609619140625,0.5173872113227844,9.531036376953125,9.146722793579102,554.3345947265625,0.7682766914367676,0.2023276686668396,290.9767150878906,0.17270679771900177,5.217567443847656,6.932096004486084,417.3661193847656,0.13510696589946747,2mgml,shg,roi3,4264.132020908079,60096.62595367432,28467.857650756836,308.3512662914692,65225.60829162598,59888.618995666504,6029.9990516492535,3298.5726205561,2255.640654529796,60266.30477142334,8253.160359705555,8197.355901274279,8396.246072002969,8384.445240009898,20825.96807861328,3158.8512647554808,7287.118071879253,7095.732525052579,60269.902519226074,4989.755884263269,890.3821577371606,2172.0,65466.0,28255.0,14.0,65533.0,63004.0,3341.0,1585.0,644.0,62967.0,5246.0,5231.0,5216.0,5229.0,20826.0,118.0,5045.0,4081.0,63161.0,3635.0,63.0,5583.445074387872,4595.814608826252,9471.668047654266,2500.623965343362,1161.0814158473268,1351.8362051055515,7808.003654645249,7335.5829945239575,4112.6117547634485,6619.242785955202,8942.609490380475,8855.365722900868,9282.08827629851,9234.37276305634,6.473519269160705,7509.761405537265,7207.576460205344,8376.259336507132,7215.288701162173,5033.000219889826,2530.435034395751,D1,N8,t,appliedMASKiso_2mgml_roi3_8bit.ome
appliedMASKiso_shg_2mgml_roi3_8bit.ome,13,77.98005152,51.36163636,0.907587576,3.760924242,80.218,45.536,0.92735,3.7456,33.0,51.4164368,23.06350899,0.058381492,0.72571682,13.0,3435,36.1581,2804,78,35.9487,17,1.209,0.0215,0.0676,0.07222,131072,0.5647135376930237,556.2315063476562,0.5071205496788025,10.407805442810059,11.393064498901367,681.205322265625,0.7410008311271667,0.5689894556999207,514.50146484375,0.5279103517532349,9.807546615600586,9.686756134033203,565.525390625,0.7590089440345764,0.21503674983978271,330.88690185546875,0.1663198471069336,5.807215213775635,8.174429893493652,532.7977294921875,0.14769235253334045,2mgml,shg,roi3,4391.678262760232,59506.05973815918,28412.43578338623,333.1835299289325,65207.059326171875,59838.9744720459,6222.509825091773,3455.521813543191,2242.652601258104,60257.38247680664,8295.95083825779,8232.399552722105,8485.595578471644,8465.818332181489,20826.014846801758,3180.2958579881656,7202.567390645991,7233.648374346749,60231.05861663818,5114.230425768176,883.1052956648599,2153.0,65459.0,28253.0,18.0,65533.0,63095.0,3341.0,1592.0,639.0,63027.0,5155.0,5140.0,5131.0,5148.0,20826.0,110.0,5000.0,4027.0,63239.0,3616.0,73.0,5818.834075177231,4940.319645844984,10045.593307918563,2494.5216613757116,1267.4553709658198,1448.9967217014832,7807.860363785803,7649.256290712996,3916.234174997624,6546.519134245096,8959.01147538395,8859.858264927661,9368.74931008772,9308.513251536406,7.501779527311091,7691.714633035207,7065.39658156217,8554.429396855923,7189.864739771987,5308.50982296884,2343.187572741989,D1,N8,t,appliedMASKiso_2mgml_roi3_8bit.ome
appliedMASKiso_shg_2mgml_roi3_8bit.ome,14,86.54145161,56.30770968,0.903981935,3.564732258,90.0,50.422,0.92511,3.6151,31.0,47.96007492,24.7031848,0.053705197,0.580574075,14.0,3593,34.4801,2968,88,33.7273,21,1.2261,0.0224,0.0657,0.07233,131072,0.5750470161437988,592.2114868164062,0.5057273507118225,10.505355834960938,11.819064140319824,777.50146484375,0.7478713989257812,0.5851156711578369,530.5160522460938,0.5245179533958435,9.715288162231445,9.192070960998535,532.14697265625,0.7690026164054871,0.21886414289474487,396.20751953125,0.16838321089744568,6.230621337890625,9.482782363891602,742.665771484375,0.1492747813463211,2mgml,shg,roi3,4386.10986487542,58886.33890533447,28430.044174194336,438.7728280355456,65169.2395324707,60089.6177444458,6143.302560679416,3486.41330363031,2113.757051599445,60516.5393447876,7998.5312348668285,7931.251839412637,8215.981168476139,8190.954768413653,20825.971473693848,3276.691489361702,6888.026329766461,7093.457502147934,60488.11867523193,5176.968187143638,854.5553659896979,1990.0,65421.0,28243.0,19.0,65534.0,63419.0,3090.0,1484.0,547.0,63308.0,4729.0,4717.0,4715.0,4725.5,20826.0,124.0,4646.0,3703.0,63547.0,3427.0,65.0,6063.617461942387,5312.366871259376,10647.59044431727,2386.3222134537205,1850.267581391303,1809.0609740964928,7567.791618317589,7735.569550724871,3731.9383465992105,6268.958466382433,8754.170655613138,8646.472581707343,9189.423224842616,9124.09271275529,6.975348712116049,7646.351383705085,6905.03148581799,8573.412954164694,6934.612951323267,5677.653555747946,2454.5222004916213,D1,N8,t,appliedMASKiso_2mgml_roi3_8bit.ome
appliedMASKiso_shg_2mgml_roi3_8bit.ome,15,83.64176,53.69796,0.9151692,3.657516,82.476,47.816,0.92159,3.7336,25.0,41.60815148,23.34488944,0.041950572,0.659192948,15.0,3586,34.5513,2967,96,30.9062,17,1.2198,0.0232,0.0641,0.08263,131072,0.5762052536010742,593.680419921875,0.4990110397338867,10.502429962158203,11.705485343933105,762.5747680664062,0.7489417791366577,0.5692189931869507,538.9111328125,0.5261694192886353,10.100014686584473,9.4690523147583,554.6336669921875,0.7582939863204956,0.21619543433189392,383.7593994140625,0.16521112620830536,6.0815582275390625,9.309712409973145,706.327880859375,0.14642122387886047,2mgml,shg,roi3,4367.662613578755,58794.142585754395,28414.817222595215,564.1906930577451,65117.12789154053,60181.46073150635,6142.89991307987,3510.9479123072465,2023.5539871203368,60640.793785095215,7848.615364816909,7776.455453730063,8089.532886167765,8059.982193971065,20825.92568206787,3178.8812903225808,6686.628202628398,7025.943501150411,60595.63781738281,5174.513730842725,924.4695187525205,1922.0,65415.0,28241.0,19.0,65534.0,63579.0,3018.0,1462.0,488.0,63457.0,4497.0,4477.0,4486.0,4501.0,20826.0,110.0,4381.0,3550.0,63700.0,3358.0,67.0,6049.973343712916,5276.667598915873,10700.930456397778,2423.9225786268075,2851.8896587065237,2384.526243713982,7590.273208647457,7800.143930324871,3632.953888725825,6208.0853706806865,8733.770362426822,8619.63342666357,9206.338706642846,9134.573029381838,10.190463357194291,7793.859049366488,6736.90916929364,8613.303100395584,6916.48649965736,5622.91868308185,2978.6814233595737,D1,N8,t,appliedMASKiso_2mgml_roi3_8bit.ome
appliedMASKiso_shg_2mgml_roi3_8bit.ome,16,89.69409375,49.8634375,0.915524063,3.74218125,88.274,41.768,0.920855,3.74415,32.0,47.20987648,21.54663309,0.034994091,0.736630806,16.0,3528,35.1522,2965,93,31.8817,21,1.2146,0.0115,0.0677,0.1136,131072,0.557422935962677,572.2922973632812,0.4780106246471405,10.664193153381348,11.229096412658691,641.4336547851562,0.7373314499855042,0.5297631025314331,568.4935913085938,0.5069856643676758,10.926148414611816,10.519460678100586,563.6725463867188,0.7323572039604187,0.20988793671131134,313.72357177734375,0.15160605311393738,5.540135383605957,7.447501182556152,455.6999206542969,0.14137345552444458,2mgml,shg,roi3,4354.246803597756,59083.681785583496,28427.184799194336,387.68878251582885,65188.34624481201,60008.856384277344,6152.870382580448,3433.0423186401426,2181.7335949739168,60437.683364868164,8077.647931602062,8012.945620207347,8290.4297259558,8266.527400519537,20825.9373626709,3020.4057608015028,6945.210693418415,7122.42204210904,60410.32863616943,5121.554602117153,978.7044601224956,2028.0,65452.0,28253.0,19.0,65534.0,63411.0,3144.0,1527.0,534.0,63337.0,4740.0,4717.0,4754.0,4764.0,20826.0,124.0,4602.0,3757.0,63557.0,3486.0,70.0,5738.844719658307,4759.498233501409,10609.231133878857,2364.375174192674,1566.4722178475783,1635.9139358933626,7763.844296631245,7514.047232690164,4051.369537467399,6510.42939458164,8923.064413751574,8830.281923944814,9323.817155419216,9266.020543391063,11.241485000313286,7235.933494013418,7000.628474324308,8521.95425047101,7137.021844987867,5350.749384828119,3151.0592185843648,D1,N8,t,appliedMASKiso_2mgml_roi3_8bit.ome
appliedMASKiso_shg_2mgml_roi3_8bit.ome,17,88.07936286,48.61954286,0.915216571,3.492962857,83.83,43.732,0.91838,3.2958,35.0,48.81223024,18.42339338,0.028185038,0.767535641,17.0,3720,33.2347,3045,106,28.7264,20,1.2397,0.0143,0.0702,0.1718,131072,0.5434199571609497,583.9210815429688,0.48849958181381226,10.976378440856934,11.468066215515137,649.111083984375,0.7288387417793274,0.5205445289611816,613.1827392578125,0.5024384260177612,11.422365188598633,11.495979309082031,633.947509765625,0.7262226343154907,0.20269262790679932,282.8233337402344,0.14557300508022308,5.233160495758057,6.692816734313965,393.3313293457031,0.13685095310211182,2mgml,shg,roi3,4398.631794887795,59561.50336456299,28457.84666442871,287.9704855899129,65235.927795410156,59991.26498413086,6217.626422571058,3483.6015512367208,2155.238254546627,60444.183532714844,8121.169996021934,8054.8074148030855,8338.999118585369,8314.237443741566,20826.010246276855,3293.2364352834193,6926.516033166151,7176.384000374406,60404.83644866943,5221.011583192281,906.7966256219862,2112.0,65464.0,28262.0,19.0,65534.0,63339.0,3270.0,1570.0,536.0,63325.0,4861.0,4834.0,4887.0,4894.0,20826.0,117.0,4602.0,3899.0,63513.0,3598.0,68.0,5715.383420730998,4789.474222179802,10288.64393832437,2430.5624470778494,867.5360771834851,1146.8231989105584,7705.922263446923,7504.1286486593035,3956.8571532173028,6485.948014362389,8887.382184134476,8796.183931501222,9283.667615660484,9226.402721710865,6.132764753527677,7887.065178385018,6928.527965973484,8470.012463361722,7098.843613140195,5487.445111573253,2557.1982314925235,D1,N8,t,appliedMASKiso_2mgml_roi3_8bit.ome
appliedMASKiso_shg_2mgml_roi3_8bit.ome,18,103.1326793,50.94572414,0.932895172,3.907965517,116.08,42.84,0.92969,3.603,29.0,44.1567646,29.24937726,0.029608964,0.853154074,18.0,3691,33.5115,2980,107,27.8505,14,1.2335,0.0192,0.0681,0.1683,131072,0.5646104216575623,565.8507080078125,0.5103041529655457,10.461833953857422,11.088988304138184,655.8930053710938,0.7440705895423889,0.5449318885803223,608.135498046875,0.5274362564086914,11.074380874633789,11.244266510009766,640.5638427734375,0.7425339221954346,0.19778025150299072,273.0430603027344,0.14835326373577118,5.008604049682617,6.349103927612305,390.278076171875,0.13091924786567688,2mgml,shg,roi3,4355.431292166417,59142.09321594238,28437.741706848145,267.3049927161965,65258.25811767578,60176.406394958496,6119.730844020184,3444.3494359271044,2039.538964555632,60630.50897979736,7902.539183533233,7833.027064592704,8140.930972013993,8112.154813218391,20826.03949737549,3189.77440853049,6699.826867816092,7051.37616348076,60583.6342086792,5265.41609663918,816.2704316594319,2097.0,65440.0,28258.0,17.0,65534.0,63402.5,3234.0,1563.0,517.0,63390.0,4761.0,4730.0,4811.0,4812.0,20826.0,132.0,4469.0,3852.0,63576.0,3597.0,62.0,5730.8304707471525,4733.099061193606,10566.099479218938,2398.495096501032,908.4721370001968,1143.8563701503213,7513.938466150655,7408.7251492590285,3792.403850613403,6303.978953938419,8712.307658721584,8618.355423778257,9114.874907041223,9055.888023049722,5.738495652376942,7754.995407875245,6777.714505849214,8374.44119912013,6925.457789346431,5658.94264324502,2273.447603994557,D1,N8,t,appliedMASKiso_2mgml_roi3_8bit.ome
appliedMASKiso_shg_2mgml_roi3_8bit.ome,19,103.9476829,53.81197143,0.907679714,3.71544,114.68,43.788,0.91908,3.6229,35.0,40.94704309,22.03805978,0.048615613,0.891200216,19.0,3683,33.5886,2989,107,27.9346,11,1.2288,0.0199,0.0717,0.1495,131072,0.5457361936569214,571.6954956054688,0.5157359838485718,10.78028392791748,11.618999481201172,674.7526245117188,0.7304804921150208,0.534397542476654,598.2850341796875,0.5204073190689087,11.069938659667969,11.25262451171875,642.7540283203125,0.7353498339653015,0.20287936925888062,279.4374084472656,0.15224476158618927,5.176527500152588,6.769303798675537,415.58056640625,0.13731469213962555,2mgml,shg,roi3,4464.930061694212,59624.21920013428,28430.656715393066,319.164607450282,65215.97790527344,59983.71810913086,6264.586819747047,3526.2132236990315,2164.727092308437,60452.32166290283,8134.704905118826,8064.8829291881475,8362.082175754409,8335.413374618798,20825.987503051758,3265.3796238244513,6944.3986179248595,7234.371748574637,60402.281509399414,5319.088243781832,906.6572476506717,2188.0,65467.0,28264.0,17.0,65533.0,63251.0,3359.0,1621.0,558.0,63270.0,4970.0,4942.0,5003.0,5003.0,20826.0,118.0,4691.0,4019.0,63443.0,3710.0,65.0,5874.480959702143,4832.293323068331,10355.80301825807,2409.5949829291694,1106.4672764863442,1347.6818947458496,7777.700075460063,7553.354828902672,4038.3019700385476,6559.8179198113385,8939.067224945697,8846.21749086112,9333.903300205875,9276.534916809156,8.86041244218465,7742.118622365735,6980.837799719593,8572.194383269063,7172.497476202688,5647.170976196209,2630.6433563816236,D1,N8,t,appliedMASKiso_2mgml_roi3_8bit.ome
appliedMASKiso_shg_2mgml_roi3_8bit.ome,20,98.50062353,53.60985294,0.918577941,3.572379412,108.43,46.97,0.921505,3.4237,34.0,39.07437657,25.93765404,0.028906283,0.765972556,20.0,3795,32.5383,3076,101,30.4554,15,1.2306,0.0226,0.0699,0.1297,131072,0.5546536445617676,562.0902709960938,0.5021912455558777,10.581294059753418,11.348941802978516,667.6295166015625,0.7365390062332153,0.5601673126220703,566.2243041992188,0.5148225426673889,10.345457077026367,10.348790168762207,605.2669677734375,0.7522910237312317,0.2028300166130066,277.9466857910156,0.1595698744058609,5.152383327484131,7.06113338470459,460.15655517578125,0.13721182942390442,2mgml,shg,roi3,4433.8372080284835,59870.64408874512,28452.362106323242,361.3735648543505,65196.1785736084,60073.707443237305,6223.896865259452,3519.1340864678045,2142.6265371749914,60531.01070404053,8049.404280292656,7978.347314057671,8277.861426503385,8250.710137329317,20825.952346801758,3450.4842785777255,6907.3713212567,7166.729019132204,60485.76082611084,5295.078250322783,935.5578895409423,2158.0,65470.0,28254.0,18.0,65534.0,63361.0,3288.0,1595.5,527.0,63357.0,4845.0,4819.0,4872.0,4879.0,20826.0,129.0,4602.0,3934.0,63546.0,3677.0,62.0,5932.657720048438,4955.004122587867,10325.819476427881,2488.5480399584435,1275.3446984129107,1489.8184615133098,7803.86559090729,7645.519776039928,4106.106475361167,6575.784632998648,8936.058978121773,8838.059204114323,9343.050063130082,9282.902806982464,6.150565441235142,7864.825444308432,6993.103298642772,8596.231794405925,7195.157348793976,5639.079065660619,2786.0545243488186,D1,N8,t,appliedMASKiso_2mgml_roi3_8bit.ome
appliedMASKiso_shg_2mgml_roi3_8bit.ome,21,89.65363784,52.96994595,0.912353243,3.643832432,87.709,45.051,0.92416,3.6339,37.0,47.29344815,19.43262475,0.048271183,0.697901843,21.0,3855,32.0008,3106,87,35.7011,20,1.2368,0.0223,0.0703,0.1226,131072,0.5429738759994507,564.3016967773438,0.481426477432251,10.762134552001953,11.5238037109375,670.93408203125,0.7278488874435425,0.5530470609664917,534.8738403320312,0.4836577773094177,10.266111373901367,9.63005256652832,563.1732177734375,0.7476001977920532,0.2044041007757187,285.63983154296875,0.16767729818820953,5.201287746429443,7.682767391204834,528.1930541992188,0.14065954089164734,2mgml,shg,roi3,4422.853285476342,60181.50304412842,28418.775840759277,517.2951296526649,65112.56163024902,59968.936515808105,6209.377709326921,3510.430202913004,2306.2510186462696,60390.98287200928,8161.963075046332,8093.257074936855,8366.353297205997,8343.437086040929,20825.95598602295,3096.5120635821745,7111.004863896904,7195.636107005732,60362.3225479126,5178.916422298856,1104.508854354897,2090.0,65475.0,28251.0,18.0,65534.0,63407.0,3216.0,1556.0,521.0,63362.0,4803.0,4777.0,4828.0,4834.0,20826.0,118.0,4602.0,3852.0,63556.0,3584.0,61.0,6033.990780781837,5095.291665894015,10174.628207904632,2503.5738837506774,2129.5241944924965,2097.0467319077525,8134.017206827458,7822.296933999988,4516.578609949923,6913.912800256677,9208.243006544837,9109.29481881912,9600.650405713628,9543.092603783245,7.206019726698121,7511.239765152267,7355.851599594478,8786.206071433822,7529.684419927853,5450.611527333515,3373.9947509427193,D1,N8,t,appliedMASKiso_2mgml_roi3_8bit.ome
appliedMASKiso_shg_2mgml_roi3_8bit.ome,22,79.406324,55.99816,0.9057488,3.723592,71.565,48.796,0.91326,3.5213,25.0,45.35621421,20.77356713,0.041301493,0.912693381,22.0,3608,34.3284,2864,98,29.2245,8,1.2161,0.0245,0.0627,0.1001,131072,0.5643251538276672,541.7572021484375,0.44760724902153015,10.312203407287598,10.486762046813965,626.5875854492188,0.7428280711174011,0.5894441604614258,491.73309326171875,0.44476303458213806,9.556787490844727,8.053117752075195,456.98736572265625,0.7709461450576782,0.19656606018543243,293.0780944824219,0.17963358759880066,5.123936653137207,7.813794136047363,542.9144897460938,0.13565708696842194,2mgml,shg,roi3,4209.483912383159,59928.089698791504,28443.049156188965,448.04451793436783,65169.06475830078,60315.848861694336,5945.727047406834,3372.184767163986,2097.175927424576,60699.61570739746,7769.812561649626,7703.124857129437,7967.9369099250025,7945.417377757598,20825.998077392578,3351.5566183276765,6796.905869827303,6845.290696582067,60693.124588012695,5053.975582833613,955.1981934053755,1998.0,65461.0,28240.0,14.0,65534.0,63528.0,3108.0,1520.0,496.0,63464.0,4624.0,4594.0,4630.0,4640.0,20826.0,118.0,4425.0,3696.0,63666.0,3453.0,59.0,5779.329636999807,4857.691873077646,10308.21562149029,2573.1642144885504,1849.8298238680816,1880.859205774451,7762.611505211616,7508.27173227372,4198.721924636322,6553.157633542474,8844.594895116446,8748.441234122574,9225.890066256563,9170.073908188004,6.401193409458853,7849.815213303925,7147.0636773973465,8447.903614597939,7152.416677284434,5321.69850916298,3171.1928019731454,D1,N8,t,appliedMASKiso_2mgml_roi3_8bit.ome
appliedMASKiso_shg_2mgml_roi3_8bit.ome,23,92.89042353,51.96908824,0.919695294,3.570617647,98.0,43.7995,0.927315,3.3508,34.0,46.47256739,24.06004614,0.032665515,0.989356177,23.0,4055,30.3238,3384,118,28.678,17,1.2518,0.0258,0.0679,0.08527,131072,0.48729225993156433,598.7853393554688,0.42989444732666016,12.0519437789917,12.035120010375977,647.4317016601562,0.6866514086723328,0.4946768283843994,555.9453735351562,0.43444204330444336,11.475443840026855,9.710932731628418,466.5937805175781,0.7077187299728394,0.19677546620368958,287.9371032714844,0.179225891828537,5.364036560058594,8.351621627807617,497.1654357910156,0.14949077367782593,2mgml,shg,roi3,4351.123988549174,60969.41660308838,28265.27077484131,507.32099328565175,65103.03225708008,59865.02835845947,6141.5707546044,3470.1762281713673,2393.339697477923,60250.29080963135,8310.283757050094,8245.364867066462,8461.326053731991,8447.357062506304,20825.987335205078,3286.9709463198674,7510.810665715017,7165.692309482618,60243.22010040283,5101.537389739253,1143.9059286369725,2215.0,65491.0,28204.0,14.0,65533.0,63073.0,3359.0,1621.0,642.0,63041.0,5250.0,5227.0,5228.0,5238.0,20826.0,110.0,5177.0,4130.0,63236.5,3671.0,72.0,5782.780026714834,4944.6518120035225,9537.08717936024,2478.5560312606713,2050.1797046354677,2124.827628517088,8149.6033135930575,7667.930451120825,4669.91530404334,6972.094610873519,9143.871996911752,9048.593608102985,9511.98230841631,9458.558136074056,6.125979583532123,7779.597870526648,7461.803918745118,8572.379134757228,7561.56857470875,5253.5509278631425,3843.6636092540202,D1,N8,t,appliedMASKiso_2mgml_roi3_8bit.ome
appliedMASKiso_shg_2mgml_roi3_8bit.ome,24,85.81164194,57.46658065,0.900939032,3.503729032,96.809,51.179,0.91213,3.603,31.0,46.24002275,25.02416121,0.054021341,0.599204536,24.0,3794,32.5474,3203,119,26.916,14,1.2336,0.0213,0.0647,0.1121,131072,0.5000057816505432,572.7031860351562,0.44410547614097595,11.602499008178711,11.67883014678955,618.148193359375,0.6957314014434814,0.5119642019271851,525.7778930664062,0.4753573536872864,10.8873929977417,9.563447952270508,496.6540222167969,0.7195882797241211,0.19857899844646454,283.8798828125,0.17386983335018158,5.359852313995361,7.766670227050781,437.7940368652344,0.14922748506069183,2mgml,shg,roi3,4235.898688284812,60790.61326599121,28325.30197906494,370.7373930661864,65188.69676208496,59999.12035369873,6020.605211303707,3373.3028739867354,2373.863474310802,60348.26375781065,8160.2918916395665,8098.92044906406,8304.207493737065,8291.461185367296,20825.99224090576,3436.937203791469,7342.691871411455,7014.8431387804,60363.73241220407,5008.007079838798,1066.830485174062,2137.5,65482.0,28205.0,16.0,65533.0,63183.0,3270.0,1599.0,611.0,63128.0,5116.0,5095.0,5078.0,5097.0,20826.0,118.0,5089.0,3970.0,63329.0,3625.0,63.0,5518.321436819836,4673.965555635266,9586.582861943356,2524.4393438687625,1378.2937428042424,1593.598516620157,8030.007910125,7391.631256988286,4755.904183134823,6968.778679054213,9072.455710202565,8989.946503178808,9384.566781979785,9341.27719150176,5.3993695413822,8069.34289218747,7486.860110506594,8337.599931453175,7490.183303904187,5093.725236027962,3464.992454229358,D1,N8,t,appliedMASKiso_2mgml_roi3_8bit.ome
appliedMASKiso_shg_2mgml_roi3_8bit.ome,25,86.29038621,49.24696552,0.903716897,3.558272414,92.77,51.529,0.9204,3.4561,29.0,49.67925348,14.89839898,0.059185521,0.696630686,25.0,3352,37.1029,2824,114,24.7719,11,1.1983,0.0206,0.0552,0.1141,131072,0.5815808773040771,496.10748291015625,0.4620642066001892,9.692299842834473,9.598809242248535,550.1239624023438,0.7548920512199402,0.6040577292442322,436.1669616699219,0.4858250617980957,8.695453643798828,8.175508499145508,457.69720458984375,0.7808263897895813,0.19186212122440338,280.00909423828125,0.17217808961868286,5.124339580535889,6.394679546356201,397.16253662109375,0.1313437670469284,2mgml,shg,roi3,3923.1461315128686,59556.81182861328,28381.710304260254,273.3681170184234,65287.31686401367,60733.71382141113,5527.823691326634,3090.770585623764,1863.5678867257784,61063.268981933594,7298.882634965474,7238.708105775267,7479.829331450094,7459.713708411801,20827.622261047363,3598.778871978514,6375.391572504708,6414.7643047708725,61088.797103881836,4879.29142341494,752.5506459776238,1934.0,65421.0,28216.5,13.0,65534.0,63665.0,2982.0,1462.0,439.0,63584.0,4367.0,4341.0,4392.0,4397.0,20826.0,131.0,4204.0,3526.0,63806.0,3402.0,43.0,5208.870063309075,4256.575007945122,10546.037043162578,2496.3612192880964,1055.8247122320417,1211.4539305728044,7235.248215497786,6843.5373085876645,3888.369973175931,6162.387842971766,8365.932595878849,8286.322574817297,8676.88471130525,8633.184667756002,264.9288818047153,8284.058787260748,6768.901154495192,7804.659080816816,6694.5727435676745,5035.7906426710015,2582.098359858732,D1,N8,t,appliedMASKiso_2mgml_roi3_8bit.ome
appliedMASKiso_shg_2mgml_roi3_8bit.ome,26,87.2053375,50.81666667,0.924470833,3.508908333,96.6665,43.471,0.937225,3.52495,24.0,52.50946514,19.62695352,0.032680678,0.742291284,26.0,3205,38.8964,2708,99,27.3535,13,1.1897,0.0131,0.0548,0.1061,131072,0.5968800187110901,484.3320007324219,0.4690225124359131,9.368185997009277,9.2848539352417,540.6780395507812,0.7662976980209351,0.6102042198181152,447.7712707519531,0.47903454303741455,8.761122703552246,8.021151542663574,440.60968017578125,0.7844991683959961,0.1852015107870102,264.8997802734375,0.1694515496492386,4.846115589141846,6.014994144439697,382.7968444824219,0.12319070845842361,2mgml,shg,roi3,3878.2276742288745,59288.16204071045,28409.2052154541,289.7829620084795,65281.488220214844,60830.17497253418,5448.868044259048,3057.7609802058337,1811.2069791337979,61157.924980163574,7154.123654648718,7092.938647274781,7343.015140104804,7321.249599924692,20825.999519348145,3345.421888790821,6239.135774577176,6321.9225893501525,61182.32027435303,4835.394960620039,758.3383822575958,1927.0,65409.0,28223.0,12.0,65534.0,63715.0,2946.0,1441.0,415.0,63644.0,4263.0,4239.5,4305.0,4307.0,20826.0,91.0,4071.0,3488.0,63861.0,3391.0,41.0,5185.6603017027055,4284.584030638285,10613.553221971968,2574.509798254821,1211.7174582954099,1283.6650433051907,7158.547310709356,6852.08846854197,3850.6735053127713,6074.251128570839,8273.777548275753,8189.5211494905225,8603.988721588987,8556.682892279927,6.25122483708577,7678.257219174446,6663.066614568175,7763.866534374069,6622.821545953017,4970.2652335115345,2661.8992820725907,D1,N8,t,appliedMASKiso_2mgml_roi3_8bit.ome
appliedMASKiso_shg_2mgml_roi3_8bit.ome,27,93.62082609,58.8896087,0.904275217,3.536243478,105.67,47.876,0.91655,3.4151,23.0,44.96861492,24.69356178,0.059833451,0.660812445,27.0,3392,36.6418,2885,103,28.0097,10,1.2049,0.0164,0.0582,0.08935,131072,0.5757244229316711,496.5158386230469,0.4754761755466461,9.750592231750488,9.891241073608398,546.5206298828125,0.7512797713279724,0.5842925906181335,468.52130126953125,0.5052767992019653,9.269411087036133,8.342214584350586,464.43182373046875,0.7683057188987732,0.19357863068580627,255.4696807861328,0.16251350939273834,4.908984661102295,6.277664661407471,351.63092041015625,0.13186943531036377,2mgml,shg,roi3,3932.164658540397,59623.640365600586,28434.210876464844,316.5860570022555,65257.009521484375,60674.99036407471,5584.154445525526,3139.990616029141,1921.4569135204904,61024.73166656494,7299.15192217534,7236.031926863572,7494.010954836694,7471.388365369589,20825.98371887207,3591.4771919431278,6370.438255977497,6436.642522269104,61036.7280960083,4838.055969682763,866.4744709420395,1963.0,65425.0,28224.0,13.0,65534.0,63668.0,3000.0,1477.0,427.0,63614.0,4307.0,4286.0,4360.0,4356.0,20826.0,126.0,4071.0,3534.0,63816.0,3458.0,43.0,5213.370911807589,4338.972581443675,10296.413438564776,2559.478932299931,1253.5307349938823,1366.9236128982552,7433.310681432441,6993.819672090277,4158.29088681125,6342.526051266506,8519.739448444383,8436.485106976734,8848.883063226456,8802.410460267003,7.936149064606497,8198.207004157104,6933.85432345277,7924.299838489282,6894.448357813608,4871.746085592781,3094.864193841091,D1,N8,t,appliedMASKiso_2mgml_roi3_8bit.ome
appliedMASKiso_shg_2mgml_roi3_8bit.ome,28,81.66762963,52.21092593,0.925269259,3.589351852,86.028,47.018,0.92014,3.4596,27.0,49.81501462,19.81626674,0.018850839,0.742550377,28.0,3171,39.3349,2646,109,24.2752,13,1.1904,0.0132,0.0545,0.0937,131072,0.6146372556686401,457.35833740234375,0.4998437464237213,8.805891036987305,9.194531440734863,524.5186767578125,0.7768033146858215,0.6357414126396179,426.448974609375,0.5309755802154541,8.200389862060547,7.689042568206787,478.4986267089844,0.8005520701408386,0.1951683610677719,250.17874145507812,0.159377783536911,4.785329818725586,6.140041351318359,334.3577880859375,0.12920166552066803,2mgml,shg,roi3,3815.3570241455,58674.91931915283,28493.685246927238,292.82674159686144,65281.34223175049,60945.21517345561,5394.097120593752,3054.107432361725,1771.6229933517106,61282.547302246094,6941.645437441204,6876.591047350266,7154.118563813107,7127.812402006899,20825.95686340332,3536.4989174141665,5957.489981185325,6197.730362182502,61301.20536804199,4760.994277202885,807.8001368535097,1809.5,65356.0,28240.0,13.0,65534.0,63882.0,2785.0,1383.0,366.0,63789.0,3963.0,3931.0,4019.5,4017.0,20826.0,121.0,3717.0,3250.0,64015.0,3222.0,39.0,5118.744745759048,4187.688497638835,10792.15918893591,2550.151290273317,1160.483072117729,1279.9632974712447,7179.584861823558,6799.505856086813,3887.5767304327715,6081.36822442817,8299.161158002422,8217.22921619227,8624.081502004765,8578.187720658661,8.474242781705318,7999.2237735128865,6668.0437462302225,7767.753440103936,6632.174007266932,4875.716498754763,2999.0388771183757,D1,N8,t,appliedMASKiso_2mgml_roi3_8bit.ome
appliedMASKiso_shg_2mgml_roi3_8bit.ome,29,81.54296667,55.581,0.901230476,3.797619048,90.0,47.331,0.91493,3.6229,21.0,46.87014107,26.73405076,0.061339354,0.848994638,29.0,2923,42.8419,2459,100,24.59,16,1.1646,0.0192,0.0533,0.04642,131072,0.6156360507011414,464.4593505859375,0.5021311640739441,8.880812644958496,9.370988845825195,541.759521484375,0.7765348553657532,0.6511040925979614,423.4784851074219,0.5381087064743042,7.986286163330078,7.259315013885498,465.4979248046875,0.8095185160636902,0.2045692801475525,260.4878234863281,0.16073240339756012,4.992465972900391,6.5114336013793945,357.4693298339844,0.13508081436157227,2mgml,shg,roi3,3744.650650173197,57988.386238098145,28409.82869720459,291.04652370545085,65284.88871002197,61059.37766265869,5319.053845349464,3029.5324367152243,1710.5693757437887,61392.89734649658,6744.8625292245615,6679.202284793844,6971.366520967402,6942.455629491199,20825.88745880127,3286.5090751944686,5707.648398220332,6059.204247433321,61411.326972961426,4695.402192526331,830.9610775988288,1684.0,65165.0,28218.0,12.0,65534.0,63991.0,2623.0,1304.0,335.0,63871.0,3750.0,3723.0,3796.0,3796.0,20826.0,118.0,3452.0,3058.0,64108.5,3027.0,39.0,5078.226712733942,4231.566316932557,10891.715600570315,2445.1321997520004,1025.974615256138,1185.9637552985907,7105.432154542109,6812.951234742507,3875.3167077510793,6017.325685728277,8221.399282597404,8136.707546402326,8563.30430809294,8514.404232034716,9.68025375757825,7551.723248983107,6499.28991668851,7702.88163622496,6575.261895590536,4930.449530120193,3071.7597715285915,D1,N8,t,appliedMASKiso_2mgml_roi3_8bit.ome
appliedMASKiso_shg_2mgml_roi3_8bit.ome,30,81.28295652,48.45356522,0.92910913,3.695134783,93.468,46.518,0.94043,3.6855,23.0,39.24365674,13.90540512,0.03819262,0.686241058,30.0,2807,44.695,2254,85,26.5176,8,1.1543,0.0182,0.0504,0.0953,131072,0.6405307054519653,465.2185363769531,0.519075334072113,8.485312461853027,9.286369323730469,574.9025268554688,0.7928537130355835,0.672858715057373,419.3856201171875,0.5689429044723511,7.622124671936035,7.312111854553223,511.55462646484375,0.8235457539558411,0.20803122222423553,292.0903015136719,0.17126056551933289,5.2212982177734375,6.712649822235107,400.1197204589844,0.13301411271095276,2mgml,shg,roi3,3635.267564471254,57136.88018035889,28355.002243041992,255.21923094281718,65316.57926940918,61312.603187561035,5142.380077423474,2977.7103324420323,1546.842199867808,61632.237548828125,6366.082127298091,6297.757857738498,6618.588794588233,6584.61089679144,20826.51522064209,3342.288738606292,5332.646014043784,5813.814134187494,61653.25410461426,4635.008557199972,716.9737340979815,1564.0,64300.5,28196.0,15.0,65535.0,64168.0,2407.0,1203.0,278.0,64009.0,3379.0,3355.0,3437.0,3437.0,20826.0,101.0,3142.0,2803.0,64267.0,2855.0,34.0,4970.540530107463,4236.536997563113,10936.547608442528,2489.8230576199744,852.7958290924687,999.8942925864594,6746.373696450376,6674.35113592569,3528.7907523351273,5667.914295116384,7885.034118207221,7799.9007639047695,8244.909456448233,8192.407737599144,146.5662192617508,7655.938513412845,6172.505003447685,7465.725317922008,6223.354877303263,5036.497599353231,2527.8418596853726,D1,N8,t,appliedMASKiso_2mgml_roi3_8bit.ome
appliedMASKiso_shg_2mgml_roi3_8bit.ome,31,103.2873103,51.80386207,0.92455069,3.607748276,112.01,44.509,0.93291,3.6467,29.0,44.7688077,22.37002471,0.032788964,0.629109382,31.0,3088,40.4459,2478,84,29.5,8,1.1809,0.0182,0.0581,0.1099,131072,0.5987070202827454,519.1913452148438,0.5307098627090454,9.526165008544922,10.747904777526855,656.4636840820312,0.7647322416305542,0.6039182543754578,488.97216796875,0.5836910009384155,9.093153953552246,9.247133255004883,571.7469482421875,0.7811083197593689,0.21316222846508026,311.0171203613281,0.16098903119564056,5.5059814453125,7.545351028442383,452.53070068359375,0.1413499265909195,2mgml,shg,roi3,3805.2718066958514,58198.2459564209,28478.819427490234,283.61984916384307,65289.222343444824,61095.925384521484,5353.107776936262,3107.576984095348,1638.190606757474,61455.98543548584,6651.01296951191,6579.498239573759,6907.040318434622,6872.720263596567,20825.994300842285,3555.8806655192197,5576.402849397872,6075.825608749163,61454.62889099121,4797.84048668775,774.6559334170706,1650.0,65166.0,28231.0,16.0,65534.0,64099.0,2515.0,1254.0,299.0,63958.0,3513.0,3485.0,3578.0,3572.0,20826.0,136.0,3275.0,2947.0,64210.0,3005.0,37.0,5162.394276183661,4398.593343217614,10580.865285736656,2484.3565866557487,944.4884542928115,1091.720535154109,6966.743709379039,6891.519912852574,3566.49657470283,5833.262329531391,8108.300478889794,8018.148585869541,8485.990897089523,8430.616016521684,7.0185860035919045,7952.136523699394,6304.570514961687,7714.888684983736,6413.700781411181,5151.616535280184,2664.7513439912655,D1,N8,t,appliedMASKiso_2mgml_roi3_8bit.ome
appliedMASKiso_shg_2mgml_roi3_8bit.ome,32,103.9398214,49.30139286,0.917504286,3.639482143,103.035,40.308,0.92371,3.45725,28.0,45.67160173,20.17014941,0.03958983,0.704379202,32.0,3181,39.205,2616,90,29.0667,11,1.1874,0.0132,0.0573,0.1368,131072,0.6052960753440857,535.34765625,0.5455978512763977,9.54092025756836,11.100823402404785,735.3269653320312,0.7697621583938599,0.5879717469215393,528.6460571289062,0.5925653576850891,9.651325225830078,10.231884956359863,675.5146484375,0.7705788016319275,0.20767506957054138,323.3390808105469,0.1652846336364746,5.537308692932129,7.975020408630371,545.4984741210938,0.1369505077600479,2mgml,shg,roi3,3810.267357909706,57605.11910247803,28401.016304016113,278.4712653975364,65299.4342880249,61244.667419433594,5304.857189715035,3106.3249491991874,1535.584307814488,61617.07748413086,6487.121946836274,6412.770413026832,6757.911550061727,6720.6522167179755,20826.00022125244,3290.97512981689,5409.1275570002035,6005.886023034489,61610.76850891113,4873.840633839133,670.2614273878565,1655.0,64786.5,28223.0,16.0,65534.0,64135.0,2497.0,1254.0,289.0,64002.0,3449.0,3421.0,3527.0,3520.0,20826.0,101.0,3186.0,2924.0,64251.0,3017.0,34.0,5291.384653169919,4494.902767267819,10748.367482377127,2413.57964378335,885.0936577900108,1033.156442685143,6701.8333157809975,6909.262790316376,3176.0650562102055,5485.173833142418,7855.720346024412,7756.898021336742,8268.152087026443,8205.398248888207,7.169761459225802,7356.799596013921,6063.268230841026,7681.760773783085,6107.215903441461,5344.300257008508,1946.6384490304915,D1,N8,t,appliedMASKiso_2mgml_roi3_8bit.ome
appliedMASKiso_shg_2mgml_roi3_8bit.ome,33,99.36267097,45.22083871,0.921159677,3.547425806,101.69,40.418,0.92616,3.5557,31.0,44.30926139,17.51678957,0.035803001,0.570302549,33.0,3351,37.1146,2773,107,25.9159,12,1.202,0.0221,0.0574,0.0954,131072,0.5888840556144714,540.2758178710938,0.5308897495269775,9.838584899902344,11.277714729309082,728.778076171875,0.75958651304245,0.5622890591621399,536.3233032226562,0.5642743706703186,10.063777923583984,10.29854679107666,602.7488403320312,0.7542213201522827,0.20380353927612305,315.8636474609375,0.16547544300556183,5.422775745391846,7.959442138671875,565.3282470703125,0.1345275342464447,2mgml,shg,roi3,3815.208137506091,57822.16091156006,28421.105407714844,335.2773547184222,65280.57755279541,61236.840492248535,5315.021813729439,3087.758155982665,1540.5335806627452,61603.77226257324,6570.471620113488,6498.233727345604,6828.504487653059,6793.597518037064,20825.948707580566,3099.868538608807,5516.121064461875,6041.0705056665465,61602.14856719971,4892.139604520662,642.49099642615,1770.0,65015.0,28238.0,15.0,65534.0,64036.0,2659.0,1340.0,319.0,63934.0,3657.0,3627.0,3743.0,3736.5,20826.0,105.0,3363.0,3113.0,64168.5,3213.5,31.0,5315.711298122155,4450.5679360586755,11083.832020889593,2346.9399029704527,1367.5822171981392,1322.5582299309908,6626.507964573157,6850.999996376781,3067.780052689967,5382.342265122748,7770.367430421103,7672.524603318242,8178.710070602226,8116.265095330917,7.356191755047244,7162.541637947244,6011.865611693807,7638.049612899182,6005.818347051142,5276.133865394602,1878.169874628076,D1,N8,t,appliedMASKiso_2mgml_roi3_8bit.ome
appliedMASKiso_shg_2mgml_roi3_8bit.ome,34,91.05734231,47.35465385,0.912206538,3.742,92.8555,38.293,0.91872,3.66495,26.0,46.50002932,19.23707345,0.050145263,0.774073643,34.0,3550,34.922,2948,112,26.3214,19,1.2211,0.0179,0.0587,0.08969,131072,0.586425244808197,547.33984375,0.5229393243789673,9.934051513671875,11.273476600646973,726.9984130859375,0.7583823800086975,0.5781932473182678,513.7716674804688,0.5503309965133667,9.631412506103516,9.659284591674805,570.1578369140625,0.7648921608924866,0.20074562728405,324.6910400390625,0.16834120452404022,5.437793254852295,7.941202640533447,580.3701782226562,0.13304263353347778,2mgml,shg,roi3,3844.038674509804,57986.03852081299,28479.120399475098,370.6825257233313,65262.59642791748,61196.84545135498,5373.651164854313,3112.9142573650415,1567.8436621668961,61565.282791137695,6616.614956862745,6543.779576470588,6879.129741176471,6843.541631372549,20826.017890930176,3184.8615284128023,5568.300862745098,6085.610298039216,61559.47872924805,4934.843278431373,661.214849724145,1826.0,65173.0,28237.0,14.0,65534.0,63959.0,2767.0,1383.0,339.0,63871.0,3780.0,3750.0,3869.5,3862.0,20826.0,149.0,3452.0,3213.0,64106.0,3289.0,33.0,5363.782096037727,4500.221002890586,10919.668955443896,2411.0632976306106,1689.5476472030512,1504.056362027498,6622.620350168207,6882.082056998387,3132.150715731052,5410.098240669418,7732.10609418203,7634.237792123841,8147.818934562444,8083.777360787259,6.12892308355466,7445.380851459618,6037.446901903905,7646.208397403036,6022.831727576102,5329.222042349322,2005.7943464784607,D1,N8,t,appliedMASKiso_2mgml_roi3_8bit.ome
appliedMASKiso_shg_2mgml_roi3_8bit.ome,35,102.779452,51.01828,0.9176532,3.809588,105.12,43.544,0.91952,3.7476,25.0,46.8321058,24.55859722,0.04078235,0.641681959,35.0,3351,37.1146,2847,103,27.6408,18,1.208,0.0164,0.0574,0.08068,131072,0.6124420762062073,525.6146850585938,0.5282159447669983,9.320246696472168,10.811097145080566,709.5443115234375,0.7760488986968994,0.6203328371047974,473.49298095703125,0.5745155215263367,8.65644359588623,8.768278121948242,579.476318359375,0.7914493680000305,0.19556649029254913,314.21856689453125,0.17334970831871033,5.213203430175781,7.778536796569824,553.8207397460938,0.12715177237987518,2mgml,shg,roi3,3825.0476396845033,57847.53363800049,28445.433197021484,383.6872666666667,65256.88451385498,61318.08285522461,5353.564272586691,3124.5602487187584,1476.685598708141,61700.95684814453,6486.941376240042,6410.7663559502325,6769.053620253563,6729.781855000749,20826.02663421631,3049.5857868020303,5430.4158110802055,6024.597355627172,61681.35831451416,4950.672400343547,676.3538918091996,1812.0,65092.5,28229.0,13.0,65534.0,63971.0,2749.0,1383.0,338.0,63888.0,3792.0,3759.0,3879.0,3873.0,20826.0,97.0,3452.0,3205.0,64108.0,3262.0,33.0,5313.650937817983,4465.512265382354,11155.4773180779,2436.067604509716,1621.6317818646187,1500.5696693903083,6515.133929071641,6864.852677378309,2994.097164117231,5251.25959325035,7568.927292595556,7464.5490334696815,8026.6039600321055,7955.325935802378,5.881556983873979,7238.873653983942,5792.358459576503,7589.138943331943,5907.867912688891,5352.039349858236,2237.6275345681393,D1,N8,t,appliedMASKiso_2mgml_roi3_8bit.ome
appliedMASKiso_shg_2mgml_roi3_8bit.ome,36,94.14498621,51.6552069,0.918225517,3.68007931,95.711,44.46,0.92664,3.6558,29.0,45.88687103,20.71208333,0.03536863,0.756002449,36.0,3321,37.4679,2787,104,26.7981,20,1.2107,0.0219,0.0583,0.08071,131072,0.6291328072547913,510.0807800292969,0.5285288095474243,8.959854125976562,10.400605201721191,682.7796020507812,0.787555992603302,0.6441828012466431,459.6347351074219,0.583254873752594,8.334186553955078,8.385032653808594,527.544677734375,0.8055737018585205,0.18920651078224182,302.4908142089844,0.1711057871580124,4.976083755493164,7.571606636047363,517.8760375976562,0.12117994576692581,2mgml,shg,roi3,3819.407659983759,57639.53488922119,28455.50895690918,431.5514666784828,65232.869300842285,61351.37225341797,5322.238664200775,3110.4936730422933,1476.449499656627,61727.086654663086,6452.031598615589,6377.188582556114,6729.238708304098,6690.8372371709465,20825.991691589355,3248.9881448253764,5439.1398601398605,6006.084255091019,61712.389389038086,4958.948273823133,730.6490453186105,1820.0,64996.0,28230.0,11.0,65534.0,63953.0,2767.0,1376.0,347.0,63873.0,3822.0,3793.0,3917.0,3911.0,20826.0,119.0,3452.0,3224.0,64089.0,3266.0,34.0,5268.6716278555095,4412.427448605609,11140.654658269266,2337.8949439729527,1801.960807049572,1666.4394974505597,6494.627694538251,6771.787685640487,3108.305602898467,5251.08985463654,7523.712636730214,7423.395117541906,7962.917854053697,7894.9450438048125,11.16311116599645,7463.5380636107275,5828.225767505426,7560.004664536581,5893.950048380843,5350.870967568719,2722.3155368022235,D1,N8,t,appliedMASKiso_2mgml_roi3_8bit.ome
appliedMASKiso_shg_2mgml_roi3_8bit.ome,37,103.5962389,54.93655556,0.917383889,3.763072222,115.135,44.152,0.924175,3.69465,18.0,53.24142071,29.52432572,0.057255794,0.87061514,37.0,3541,35.0158,2892,107,27.028,15,1.2273,0.0191,0.057,0.1307,131072,0.6613515019416809,487.3457946777344,0.5337979793548584,8.319271087646484,9.365426063537598,648.44287109375,0.8088100552558899,0.6804882884025574,440.8171691894531,0.5707859992980957,7.730267524719238,7.438458442687988,492.9172668457031,0.8274479508399963,0.17743846774101257,287.1051940917969,0.16373872756958008,4.66846227645874,6.757838249206543,485.26416015625,0.1107853353023529,2mgml,shg,roi3,3739.818800443108,57300.90943145752,28428.266395568848,352.4497691947461,65285.29448699951,61588.17915344238,5183.756895722819,3060.292802372862,1333.7116787124899,61948.12419128418,6200.347246399747,6124.214638392151,6480.665303054281,6441.124481721791,20826.036994934082,2984.6414141414143,5219.705776230417,5826.705309384396,61938.99573516846,4999.261370470011,599.4098101820989,1774.0,64876.0,28227.0,11.0,65534.0,64050.0,2731.0,1369.0,321.5,63944.0,3696.0,3668.0,3786.0,3782.0,20826.0,110.0,3363.0,3132.0,64178.0,3200.0,34.0,5131.045090295581,4346.04834719161,11541.998218156772,2326.669650369641,1725.5338321260178,1522.1910130599915,6051.40182691784,6522.956213761626,2831.8498759556987,4851.073068459235,7134.502101486412,7034.1188329908455,7565.214579605628,7497.7425545305605,6.826929115480948,7031.272713965104,5569.837643756741,7247.258549837521,5476.055825294159,5544.150073794302,2399.9745118268374,D1,N8,t,appliedMASKiso_2mgml_roi3_8bit.ome
appliedMASKiso_shg_2mgml_roi3_8bit.ome,38,96.008025,52.83621429,0.926668929,3.545414286,110.195,46.263,0.930305,3.4708,28.0,55.78202516,25.2858036,0.027975793,0.666868588,38.0,3883,31.7556,3205,102,31.4216,19,1.246,0.0236,0.0633,0.06925,131072,0.6432647705078125,484.18475341796875,0.5263155698776245,8.594414710998535,8.954435348510742,609.8319702148438,0.7985481023788452,0.6611886024475098,461.62725830078125,0.5594026446342468,8.059675216674805,8.10097885131836,559.65478515625,0.8160830736160278,0.16479915380477905,246.6405487060547,0.16314299404621124,4.269196033477783,5.387770175933838,397.04510498046875,0.10437458008527756,2mgml,shg,roi3,3794.3077283186544,57716.628562927246,28391.55072784424,207.41684368361865,65347.340476989746,61547.67475891113,5268.659114685498,3135.6404635804893,1316.2529578252786,61907.0735244751,6324.883567404586,6248.495548678886,6599.388447195112,6561.02623184956,20826.06958770752,3271.1968264686025,5326.113584067286,5909.913084186305,61896.72276306152,5143.79218440054,476.498218301332,1904.0,65251.0,28215.0,11.0,65534.0,63901.5,2910.0,1455.0,380.0,63808.0,4002.0,3969.0,4086.5,4079.0,20826.0,94.5,3673.0,3368.0,64026.0,3369.0,44.0,5046.456365877416,4471.805162840932,11692.565693762073,2370.3257721854498,837.4827348033452,946.5467893379201,5698.757369418673,6413.700975766994,2461.573875413154,4530.643459922425,6868.740944665534,6769.286325689034,7291.243080806383,7224.404606228171,6.631230884359617,7658.80733130814,5274.383791517199,6984.121505895236,5135.672093015973,5796.872249686748,1697.1472081200873,D1,N8,t,appliedMASKiso_2mgml_roi3_8bit.ome
appliedMASKiso_shg_2mgml_roi3_8bit.ome,39,106.0364429,48.66654286,0.927006571,3.446085714,120.7,41.221,0.93315,3.4964,35.0,54.49181015,18.12759429,0.030211121,0.530114716,39.0,3799,32.502,3134,103,30.4272,21,1.2414,0.0179,0.0596,0.09187,131072,0.6624001860618591,449.5613708496094,0.5165389180183411,8.03215503692627,8.235453605651855,581.06005859375,0.8110899925231934,0.6745223999023438,431.84185791015625,0.5426178574562073,7.635380268096924,7.672461986541748,484.3810729980469,0.8244118690490723,0.15543444454669952,232.33413696289062,0.17882168292999268,3.9675731658935547,4.977566242218018,424.1097412109375,0.09670788794755936,2mgml,shg,roi3,3698.3173248407643,57640.24256896973,28545.81015777588,191.27577314002124,65363.42938995361,61777.00656890869,5098.627821219853,3079.9836118199028,1225.580430281005,62102.57265472412,6050.77548566879,5973.098941082802,6314.1253821656055,6276.745987261146,20826.05364227295,3338.5509845288325,5179.008391719745,5686.174036624204,62109.81000518799,5092.102165605095,413.1658469848683,1753.0,65257.0,28231.0,11.0,65534.0,64028.0,2713.0,1333.0,370.0,63871.0,3840.0,3812.0,3885.0,3885.5,20826.0,118.0,3629.0,3155.0,64128.0,3138.0,41.0,5084.561720728788,4576.992442579354,11862.306224950558,2505.7115030950445,662.6890717332996,793.7706171317021,5333.262283913549,6348.189427433725,2216.275565865057,4170.534055347024,6529.632607429679,6426.2047682961465,6962.545491796105,6892.070411133516,8.66965406578154,7566.72338250848,5116.978069710766,6782.38182839571,4774.297681173808,6149.738932391241,1302.9774138153164,D1,N8,t,appliedMASKiso_2mgml_roi3_8bit.ome
appliedMASKiso_shg_2mgml_roi3_8bit.ome,40,104.7947586,53.37768966,0.915808621,3.36087931,121.43,47.623,0.92636,3.2381,29.0,55.60522573,21.7914643,0.035599256,0.529654243,40.0,3669,33.7244,3000,101,29.703,13,1.236,0.0206,0.056,0.07757,131072,0.64373779296875,449.1973876953125,0.4824921190738678,8.329216957092285,8.266151428222656,551.0372314453125,0.7992767095565796,0.657623291015625,414.5494384765625,0.48110371828079224,7.88276481628418,7.073653221130371,412.25628662109375,0.8135446310043335,0.15539619326591492,233.2105712890625,0.1878671497106552,3.9876058101654053,5.239854335784912,422.4703063964844,0.09797143191099167,2mgml,shg,roi3,3482.8737956303435,57870.91262054443,28538.38796234131,234.92418797672315,65357.12587738037,61949.27128601074,4888.960927859121,2934.3154954474203,1187.60859386105,62208.67423248291,5831.8895053203805,5761.953948576309,6066.300016763389,6033.860807995338,20826.018196105957,3360.1720190779015,5039.305053762582,5407.233665674167,62255.415435791016,4810.209247004542,438.249767771585,1570.0,65309.0,28230.0,10.0,65535.0,64205.0,2479.0,1203.0,334.0,63986.5,3580.0,3557.0,3603.0,3611.0,20826.0,125.0,3452.0,2876.0,64278.0,2849.0,38.0,4937.066613769992,4516.977092394409,12032.04811921359,2676.7862870708313,1077.0937225324396,1014.0816472611701,5223.314388508453,6232.222777844521,2221.7893645945965,4124.799625309346,6418.324784888614,6323.553671172904,6825.952492548208,6759.7411375079855,7.573087284484923,7671.836496140255,5109.402017352102,6613.101670360346,4689.795512456747,6004.643685171977,1601.0866510439753,D1,N8,t,appliedMASKiso_2mgml_roi3_8bit.ome
appliedMASKiso_shg_2mgml_roi3_8bit.ome,41,89.41384444,51.38666667,0.915133611,3.505372222,88.0275,44.1065,0.92946,3.5568,36.0,58.59155863,18.50737956,0.043724222,0.59251086,41.0,3947,31.2083,3217,94,34.2234,21,1.254,0.0184,0.0564,0.04394,131072,0.6117323040962219,453.27740478515625,0.4678785800933838,8.820924758911133,8.77971076965332,529.0462646484375,0.7785542011260986,0.6213521957397461,418.27642822265625,0.4757564663887024,8.37089729309082,7.426249027252197,413.5944519042969,0.791352391242981,0.16125725209712982,223.1488800048828,0.18365229666233063,4.030086040496826,5.602444648742676,386.05645751953125,0.10446354746818542,2mgml,shg,roi3,3295.2350465166337,57801.63372039795,28519.13173675537,214.75474764133781,65371.73194885254,61977.04416656494,4652.04786549149,2722.0877727842894,1271.1065441231913,62157.29531097412,5774.960363204426,5713.676910689658,5963.4136353127815,5938.901585631263,20825.957710266113,3297.726405451448,5078.352713270992,5226.916844043719,62246.14514923096,4493.110523840273,492.82190991532644,1442.0,65300.0,28230.0,13.0,65535.0,64301.0,2299.0,1102.0,306.0,64047.0,3393.0,3378.0,3395.0,3402.0,20826.0,118.0,3319.0,2685.0,64359.0,2641.0,37.0,4685.119561308581,4136.494407156065,12093.040039115544,2716.8486627970683,843.3230637585132,864.0725428110136,5287.26975461184,5961.66819690714,2490.179504374815,4303.155053806688,6543.077953843804,6462.317898459239,6866.492544000017,6815.150513773518,13.391736716132398,7668.387550609224,5410.483680221187,6485.380696643186,4806.12315322743,5596.895947739621,1666.5115339291876,D1,N8,t,appliedMASKiso_2mgml_roi3_8bit.ome
appliedMASKiso_shg_2mgml_roi3_8bit.ome,42,87.02597241,50.40437931,0.933605517,3.7127,81.119,44.184,0.93996,3.8244,29.0,61.51529622,18.75254651,0.029466365,0.651190899,42.0,3487,35.589,2857,104,27.4712,10,1.2123,0.0218,0.0523,0.02174,131072,0.6148005723953247,449.4596252441406,0.45319536328315735,8.789450645446777,8.663786888122559,515.8080444335938,0.7797133922576904,0.6295802593231201,418.11822509765625,0.4662741720676422,8.262591361999512,7.075794219970703,390.28070068359375,0.7963255047798157,0.16780312359333038,230.80990600585938,0.181125670671463,4.2250776290893555,5.940028190612793,409.4627685546875,0.10978466272354126,2mgml,shg,roi3,3021.328057714893,57641.689392089844,28604.621437072754,179.1885203285848,65404.05179595947,62296.18910217285,4323.89763186404,2510.5873620421153,1162.2355760290761,62397.347312927246,5365.916112074269,5311.342454480814,5521.714157885065,5502.1911685987525,20825.995727539062,3339.6321326107745,4826.151693337701,4816.58469085302,62530.37194824219,4197.7333961827,423.6401031336771,1223.0,65237.0,28238.0,11.0,65535.0,64543.0,2030.0,965.0,247.0,64218.0,2975.0,2960.0,2953.0,2964.0,20826.0,124.0,3009.0,2295.0,64566.0,2288.0,33.0,4420.428471572973,3880.7282726133153,12213.11516130268,2910.077180025189,683.8397737377101,708.2504498425167,4946.930438535533,5634.67623100676,2364.409554094146,4024.038915140993,6248.622448198103,6174.445945851171,6540.5304635332595,6494.624943995131,9.28611657886087,7661.853889646615,5336.136910705439,6143.553375250863,4500.185053712832,5382.662736257836,1356.6238331165198,D1,N8,t,appliedMASKiso_2mgml_roi3_8bit.ome
appliedMASKiso_shg_2mgml_roi3_8bit.ome,43,90.97082963,51.10085185,0.912914074,3.786533333,95.528,45.174,0.93406,3.5902,27.0,61.62296649,22.40346046,0.06313721,0.634722532,43.0,3830,32.2227,3110,87,35.7471,11,1.2452,0.0177,0.0528,0.023,131072,0.5830320119857788,472.118896484375,0.4415419399738312,9.433148384094238,9.287322998046875,531.4934692382812,0.7579220533370972,0.5948836207389832,427.4521789550781,0.4468064308166504,8.779084205627441,7.56634521484375,389.6368713378906,0.7751101851463318,0.17488647997379303,244.86434936523438,0.18150688707828522,4.497023105621338,6.416833400726318,432.927490234375,0.11902789771556854,2mgml,shg,roi3,2887.2786516315928,57526.85461425781,28637.166648864746,183.29341396082555,65402.94941711426,62318.96611022949,4155.235094212651,2398.554567631225,1220.0721808829617,62358.1527633667,5303.036765703432,5254.10228478856,5429.199238669827,5414.810242045536,20826.040985420117,3381.832859399684,4878.377496867693,4667.075358918496,62525.24183654785,3962.7741626565157,458.94828877005347,1137.0,65169.0,28242.5,11.0,65535.0,64600.0,1868.0,879.0,240.0,64245.0,2838.0,2822.0,2812.0,2822.0,20826.0,106.0,2965.0,2175.0,64612.0,2120.0,36.0,4270.809764822403,3769.3895179375645,12220.198127426413,2874.338717951098,698.1654662467223,708.3312917963977,4924.222542115964,5504.581953709797,2376.219086926945,4059.6280568592615,6226.285189718608,6159.828392448556,6487.344541514231,6446.958155778579,10.096212179073119,7963.32475308466,5373.8355559681295,5999.258695897015,4499.033759277916,5151.215643484621,1344.2971082466804,D1,N8,t,appliedMASKiso_2mgml_roi3_8bit.ome
appliedMASKiso_shg_2mgml_roi3_8bit.ome,44,97.70338824,49.2885,0.915504706,3.280497059,102.515,42.9765,0.92582,3.31735,34.0,53.28951995,18.73911117,0.036668127,0.592360058,44.0,3636,34.0487,2881,86,33.5,11,1.2252,0.0219,0.0507,0.01658,131072,0.5897374153137207,462.4952697753906,0.4417441189289093,9.23779296875,9.244318008422852,525.9921875,0.7620402574539185,0.6040769815444946,416.621337890625,0.4632108509540558,8.611855506896973,7.331092357635498,385.97235107421875,0.780697226524353,0.17741167545318604,240.81689453125,0.1831243634223938,4.443697452545166,6.795109272003174,439.1851501464844,0.12142747640609741,2mgml,shg,roi3,2650.789424728105,56839.26977744886,28649.898063659668,249.1429058954014,65389.61526489258,62590.40100860596,3834.313788054472,2221.521535635997,1102.0338138925295,62567.98556518555,4912.016003625263,4868.207570120206,5009.224289257775,4999.103224575462,20826.03157043457,3229.14176626826,4548.939936716912,4296.991119697259,62773.89636230469,3661.9472826432616,452.94117164087197,1049.0,64825.0,28227.0,9.0,65535.0,64688.0,1743.0,814.0,216.0,64295.0,2584.0,2571.0,2559.0,2566.0,20826.0,110.0,2744.0,1984.0,64688.0,1959.5,30.0,4035.8833736416846,3630.177614389951,12341.975764097475,2909.5229514240295,1197.3171105671095,981.7936441657475,4626.060062766943,5222.3093487674105,2184.5716418113616,3762.2334978776726,5880.160799664805,5814.960818599708,6122.336755260701,6084.7351754944975,11.55362021829008,7769.515109196143,5054.267816927538,5687.951196670777,4194.220113152846,4842.184230359493,1530.2733122725251,D1,N8,t,appliedMASKiso_2mgml_roi3_8bit.ome
appliedMASKiso_shg_2mgml_roi3_8bit.ome,45,89.58593182,55.64140909,0.930351364,3.571186364,92.372,50.738,0.92768,3.42785,22.0,49.68217884,28.33493488,0.029889162,0.824329313,45.0,3508,35.364,2806,83,33.8072,10,1.2126,0.0152,0.047,0.04359,131072,0.6099832057952881,420.7778625488281,0.4410874843597412,8.592123985290527,8.643647193908691,477.2070007324219,0.7755231261253357,0.631515383720398,378.1629638671875,0.47274672985076904,7.820066452026367,7.005354404449463,360.35845947265625,0.7975204586982727,0.17504532635211945,220.0520477294922,0.18752221763134003,4.2337751388549805,6.428802013397217,392.0650634765625,0.1171761006116867,2mgml,shg,roi3,2389.86382505619,56026.54273223877,28775.24380493164,296.94723020360243,65388.05271911621,62888.05455780029,3495.179135654057,1987.3163669846792,973.6452037805243,62799.396324157715,4472.139614310967,4434.3040000639885,4570.233317069659,4559.777712900826,20826.073989868164,3185.710827168796,4119.842700943026,3903.250977820081,63039.92517089844,3316.5782296057528,461.86942325555214,959.0,64092.0,28232.0,9.0,65535.0,64767.0,1617.0,749.0,204.0,64346.0,2412.0,2403.0,2386.0,2395.0,20826.0,110.5,2567.0,1835.0,64755.0,1792.0,25.0,3678.327089191058,3163.755731785455,12789.484741687611,3016.143868461558,1654.9241937689276,1184.0829167642012,4301.961363894126,4781.198740380812,2031.0461335883779,3479.6153258749832,5453.362480532625,5394.249845616526,5697.5484820992315,5660.520159264893,10.082633759427779,7670.369682683841,4517.552752487579,5269.801462635449,3889.720064808262,4355.853233955912,1991.5198377693207,D1,N8,t,appliedMASKiso_2mgml_roi3_8bit.ome
appliedMASKiso_shg_3mgml_roi1_8bit.ome,1,57.35811081,60.35172973,0.918232703,3.49192973,40.03,51.866,0.92726,3.386,37.0,47.71619352,29.02940187,0.037818275,0.858096937,1.0,5149,23.456,4212,80,52.65,32,1.3187,0.0263,0.1593,0.3355,131072,0.4521567225456238,1222.8128662109375,0.3429456055164337,18.1395320892334,16.569988250732422,1010.4937744140625,0.6620301604270935,0.46045202016830444,1171.26904296875,0.3406227231025696,17.460479736328125,14.687463760375977,946.08544921875,0.6817693710327148,0.17641903460025787,449.848388671875,0.1394459754228592,6.5579915046691895,8.903258323669434,496.59344482421875,0.1360705941915512,3mgml,shg,roi1,3555.670773129384,62825.94984436035,30868.497009277344,177.58953767218784,65354.20297241211,61156.46750640869,5485.51048951049,3814.80630747808,1944.704833706968,61070.771392822266,7154.943539954051,7171.7727248441,6954.556089853679,6992.301206750475,18973.02375793457,3171.4904051172707,6782.9339073221745,6208.973040843275,61304.449867248535,4321.972643936098,484.3194113198767,2393.0,65497.0,30937.0,8.0,65533.0,63009.0,3795.0,2451.0,695.0,62837.0,5309.0,5329.0,5123.0,5157.0,18973.0,123.0,5113.0,4419.0,63100.0,3738.0,39.0,3634.625647653095,4095.7116861315662,6071.905356940058,2658.2642598143457,647.7762236845921,793.8492179898082,5058.416353959684,5368.692996643802,3286.2555017082013,4590.487383006712,6333.5096834445985,6329.432186302483,6238.822118637771,6255.699480451768,99.63597347147463,6957.958747893587,5918.440107472439,5893.5395386430855,4839.941982941897,3272.32685206142,1516.053833725272,D1,N8,t,appliedMASKiso_3mgml_roi1_8bit.ome
appliedMASKiso_shg_3mgml_roi1_8bit.ome,2,60.57371944,64.6575,0.906265833,3.442252778,51.1775,60.459,0.92737,3.36985,36.0,45.38967907,33.52853445,0.090558039,0.637459069,2.0,5330,22.5915,4309,76,56.6974,43,1.3223,0.0195,0.1527,0.3401,131072,0.4784485697746277,1174.7607421875,0.3663961589336395,17.181249618530273,15.85546588897705,1017.093017578125,0.6829489469528198,0.4810413122177124,1127.967041015625,0.38336849212646484,16.561702728271484,14.499390602111816,946.8383178710938,0.6969337463378906,0.17470566928386688,456.2995300292969,0.1442921906709671,6.480785846710205,8.45140552520752,521.1342163085938,0.13034428656101227,3mgml,shg,roi1,3757.961644212263,62838.30258178711,30858.834312438965,117.4805018590636,65388.90727996826,60972.56164550781,5776.57727610255,4064.1832441494616,1964.9766214584088,60941.32402801514,7424.798406806586,7437.424892310512,7236.6602434851675,7272.43447743867,18972.996788024902,2988.1672152732062,6981.583310420677,6508.152827421868,61138.0770111084,4614.580293587511,419.831876260928,2611.0,65501.0,30971.0,9.0,65532.0,62816.0,4128.0,2691.0,725.0,62758.0,5605.0,5618.0,5456.0,5483.0,18973.0,83.5,5229.0,4751.0,62956.0,4053.0,48.0,3777.961587992145,4364.920337996574,6149.60204566648,2639.7238294570802,376.54120603277846,553.4851762543913,5172.099138672678,5584.157738582175,3078.524322933379,4693.528974923138,6524.04602923242,6520.291612084084,6429.636910180588,6446.37150907921,99.57588643737094,6962.090787542755,6094.170208914935,6083.950906535754,4957.256282442203,3526.6488178294353,1097.6636091652401,D1,N8,t,appliedMASKiso_3mgml_roi1_8bit.ome
appliedMASKiso_shg_3mgml_roi1_8bit.ome,3,60.6292119,62.39607143,0.910329524,3.483278571,50.322,59.5235,0.918945,3.4232,42.0,48.7374637,29.55998889,0.045199416,0.632753429,3.0,5760,20.7557,4712,83,56.7711,34,1.3501,0.0201,0.1609,0.2978,131072,0.46873435378074646,1189.5570068359375,0.3547191619873047,17.493026733398438,15.832029342651367,986.3117065429688,0.6767776012420654,0.45884793996810913,1181.183349609375,0.3649633526802063,17.40691375732422,15.302659034729004,964.593017578125,0.6814192533493042,0.1675567924976349,438.0610046386719,0.13079850375652313,6.269367694854736,7.692333221435547,448.18218994140625,0.12491889297962189,3mgml,shg,roi1,3993.8526554552536,63127.513580322266,30764.71026611328,134.1192492447878,65375.39306640625,60556.2953414917,6126.460090303819,4262.359967857963,2235.953095238095,60519.314056396484,8023.144358398631,8042.208403977455,7790.011982770471,7833.586934274236,18972.936553955078,3070.752077562327,7643.0164199850315,6968.213597275047,60717.72540283203,4856.130817638883,464.3432194427887,2853.0,65512.0,30973.0,9.0,65531.0,62500.0,4460.0,2922.0,868.0,62440.5,6129.0,6150.0,5930.0,5969.0,18973.0,96.0,5849.0,5182.0,62654.0,4356.0,62.0,3911.1508947238603,4441.331214534555,5866.654822362333,2530.7089461340515,861.3314271375972,942.3502968937862,5553.098303082943,5819.405510680416,3425.31835619619,5100.468072576608,6925.346978256362,6924.826058048052,6808.0922485386645,6828.972779763851,99.56064740993463,6997.161485491593,6539.86151767866,6386.87368651269,5356.187737484861,3538.67187724005,1535.767484228919,D1,N8,t,appliedMASKiso_3mgml_roi1_8bit.ome
appliedMASKiso_shg_3mgml_roi1_8bit.ome,4,72.12780915,57.29753191,0.91115,3.553310638,62.021,53.297,0.91626,3.4599,47.0,51.74927897,23.25836578,0.03788519,0.783969736,4.0,5649,21.2029,4694,102,46.0196,33,1.3449,0.0211,0.1935,0.239,131072,0.3835528492927551,1345.779052734375,0.31965574622154236,20.43015480041504,18.326566696166992,1036.699951171875,0.6115717887878418,0.3661954998970032,1361.7059326171875,0.31427985429763794,20.669618606567383,17.87578010559082,1037.8514404296875,0.610020101070404,0.15157057344913483,406.4371643066406,0.11828108876943588,5.940075397491455,7.710783004760742,395.6024169921875,0.12242473661899567,3mgml,shg,roi1,4488.21082916778,64073.78133392334,30726.313690185547,199.07468748589739,65304.97045135498,59637.92013549805,6924.428384789933,4752.726756667966,2818.898135895298,59623.10191345215,9232.585637425116,9263.660708970885,8938.538642347465,8993.469439462739,18973.07270050049,3302.609243697479,8872.127210287328,7913.800083947037,59817.06906890869,5216.105437478536,617.7932985757884,3333.0,65524.0,30996.0,11.0,65528.0,61732.0,5230.0,3428.0,1168.0,61734.5,7287.0,7320.0,7024.0,7075.0,18973.0,119.5,6933.0,6071.0,61916.0,4907.0,80.0,4220.324154585317,4687.543064084078,4571.611123261433,2152.114884026222,1477.6391538606497,1475.5524765878495,6299.915520902697,6282.70887954156,4078.290628972489,5873.23329652263,7608.7996738233805,7613.860779374123,7463.445782601414,7489.676421129942,128.82889541717796,7305.527260790796,7225.638979620518,6958.034293726257,6103.4085729072585,3438.598075871607,2019.3171042045417,D1,N8,t,appliedMASKiso_3mgml_roi1_8bit.ome
appliedMASKiso_shg_3mgml_roi1_8bit.ome,5,69.82919302,56.36072093,0.909867674,3.459481395,59.886,47.5,0.91258,3.399,43.0,51.76159943,24.45212428,0.043904156,0.795543486,5.0,5618,21.3309,4576,81,56.4938,52,1.3377,0.0229,0.1667,0.1737,131072,0.4504269063472748,1226.139404296875,0.3380216062068939,18.14607048034668,16.265504837036133,1001.2124633789062,0.6646146178245544,0.4479665458202362,1211.9822998046875,0.3215329945087433,17.95158576965332,15.172933578491211,938.4526977539062,0.6731844544410706,0.15596015751361847,408.0579528808594,0.13806767761707306,5.83864164352417,7.821289539337158,476.3241271972656,0.11725354939699173,3mgml,shg,roi1,4432.341763165729,63836.69323730469,30788.407691955566,202.33565877922035,65315.472732543945,59963.86884307861,6809.233188413548,4769.335956661598,2488.5223153784314,60020.406089782715,8846.751692709327,8864.210491362794,8604.251223254429,8649.79382914895,18972.776008605957,3321.0583627105366,8384.857697915315,7708.400479378335,60168.88332366943,5312.661290199461,544.7450057573154,3224.0,65522.0,31000.0,8.0,65530.0,62045.0,5037.0,3348.0,1001.0,62091.0,6870.0,6892.0,6641.0,6685.0,18973.0,136.0,6430.0,5821.0,62239.0,4893.0,56.0,4344.211819716167,4897.202202261782,4903.5158227581305,2176.79667852942,1377.730563449228,1425.9627065197133,6319.347465634455,6434.14832547582,3952.9187696634413,5833.037463399636,7595.0430665168915,7589.690101510793,7484.878890957246,7504.735975190315,7.482637188084169,7206.541081415497,7057.009459111015,7060.692613631366,6097.146748067768,3611.4855051099325,2159.9955508486064,D1,N8,t,appliedMASKiso_3mgml_roi1_8bit.ome
appliedMASKiso_shg_3mgml_roi1_8bit.ome,6,78.16990652,58.87784783,0.918337826,3.490554348,69.09,50.8245,0.927485,3.5898,46.0,54.24031278,27.7136651,0.040068727,0.73194584,6.0,5738,20.843,4681,110,42.5545,35,1.3502,0.0212,0.1746,0.1335,131072,0.42715537548065186,1282.9803466796875,0.34941336512565613,18.962167739868164,17.618755340576172,1071.620361328125,0.6452442407608032,0.42130279541015625,1269.2149658203125,0.3424757719039917,18.82953643798828,16.537797927856445,1040.5501708984375,0.6532588005065918,0.16301022469997406,422.49853515625,0.13929133117198944,6.0471577644348145,8.628766059875488,497.64544677734375,0.12637868523597717,3mgml,shg,roi1,4792.533069832743,64160.4499206543,30801.934951782227,238.0780349437219,65259.607986450195,59435.839347839355,7341.005535703378,5176.695024738868,2859.4431553992044,59546.175453186035,9480.404033390307,9495.609205225248,9228.877083078989,9276.069420705653,18972.72525024414,3052.6265290519877,8955.798910389452,8296.754265352216,59664.22222137451,5573.975163288976,689.63261013551,3450.0,65524.0,31008.0,9.0,65528.0,61744.0,5422.0,3624.0,1087.0,61863.0,7305.0,7318.0,7082.5,7125.5,18973.0,127.0,6817.0,6200.0,61961.5,5151.0,61.0,4650.04126357667,5254.406818312492,4345.600272217967,1988.2555185692984,1276.978531576697,1476.4975405879834,6911.680988720825,6862.1769875037635,4751.407357278977,6476.647534687603,8153.216065284727,8151.774573139584,8019.154364589688,8043.193463071403,7.44139379909555,6918.546280661865,7644.21338228491,7556.047142929792,6710.0050354214445,3708.4064623755303,2529.442966484595,D1,N8,t,appliedMASKiso_3mgml_roi1_8bit.ome
appliedMASKiso_shg_3mgml_roi1_8bit.ome,7,86.48891875,64.12810417,0.920801042,3.69420625,81.368,55.387,0.92349,3.5504,48.0,49.1265212,36.46228169,0.03530348,0.802530588,7.0,6448,18.3277,5329,98,54.3776,41,1.3817,0.0268,0.2239,0.1048,131072,0.321486234664917,1479.7698974609375,0.34024378657341003,22.641712188720703,21.73702049255371,1186.8460693359375,0.5582520365715027,0.3012737035751343,1505.24609375,0.34890860319137573,23.175382614135742,20.99156379699707,1157.3485107421875,0.5547420978546143,0.14602282643318176,375.8802185058594,0.1243601068854332,5.593700885772705,8.856181144714355,434.6329040527344,0.12687990069389343,3mgml,shg,roi1,5600.632423400879,64707.72644805908,30800.325553894043,321.7412148854566,65110.194747924805,57944.133445739746,8605.678947247934,5996.337474341267,3943.963329363989,58079.10852896522,11299.478744506836,11327.78865814209,10968.62213897705,11030.550491333008,18972.79746246338,3071.279090909091,10707.24015045166,9780.460670471191,58190.536014831654,6029.873985290527,1056.3778327501927,4189.0,65529.0,31055.0,15.0,65520.0,60413.0,6611.0,4378.0,1692.0,60598.0,9109.0,9137.0,8811.0,8861.0,18973.0,103.5,8599.0,7630.0,60656.0,5767.0,111.0,5029.801962035321,5605.44686735355,3368.535291420116,1718.66041732828,1442.5517218968496,1797.1058904962656,7824.562894708383,7407.736369937799,5850.145454384367,7448.578611928429,8968.369433543356,8973.085548984733,8789.607920702641,8821.565943459687,6.043149437252606,7058.451826731559,8476.320000402307,8232.92832236652,7632.550855530422,3607.929866618341,3107.050129387651,D1,N8,t,appliedMASKiso_3mgml_roi1_8bit.ome
appliedMASKiso_shg_3mgml_roi1_8bit.ome,8,85.60005179,66.71978571,0.911384286,3.654801786,79.9745,56.4105,0.92744,3.5349,56.0,49.49372205,37.30800194,0.0621145,0.778123227,8.0,6351,18.6382,5279,105,50.2762,61,1.3765,0.0294,0.2321,0.1138,131072,0.31013017892837524,1515.5118408203125,0.340873658657074,23.159513473510742,22.238414764404297,1210.5513916015625,0.5486564040184021,0.2797434628009796,1564.2095947265625,0.3612455129623413,23.99842643737793,22.179752349853516,1206.635498046875,0.5351957678794861,0.1426190882921219,360.9862060546875,0.12246641516685486,5.423218250274658,8.436527252197266,407.0805969238281,0.12386990338563919,3mgml,shg,roi1,5916.1968994140625,64801.44640350342,30794.631317138672,322.0195769883653,65085.08974456787,57502.75148583592,9023.78256954936,6283.619366997817,4154.299394614897,57698.17958831787,11842.352554321289,11871.24878692627,11497.617492675781,11562.133598327637,18972.78106689453,2934.1937869822486,11155.547424316406,10290.646095275879,57788.22415161133,6291.273048400879,1101.2472759859634,4510.0,65530.0,31064.0,17.0,65515.0,59944.0,7013.0,4654.0,1906.0,60188.0,9729.0,9772.0,9377.5,9442.0,18973.0,91.5,9141.0,8157.0,60211.0,6038.0,135.0,5119.632388630208,5679.673345636799,3148.6787842677986,1576.6378993371598,1377.3391718396274,1788.1694848580673,7950.647762335386,7552.355733518469,5830.596096071624,7547.815748238952,9066.4905829141,9070.4952729327,8908.244222852045,8936.989430998525,6.417447754219921,6856.370499430756,8489.557510951894,8365.774189986216,7738.871537321258,3663.4493307349335,3115.0588390094395,D1,N8,t,appliedMASKiso_3mgml_roi1_8bit.ome
appliedMASKiso_shg_3mgml_roi1_8bit.ome,9,91.23346818,54.01465909,0.916862727,3.663631818,90.1775,46.6835,0.929875,3.42735,44.0,52.60965341,24.09297098,0.046906898,0.778186975,9.0,5436,22.112,4399,96,45.8229,37,1.3331,0.0212,0.1695,0.123,131072,0.4571393132209778,1235.783447265625,0.37502166628837585,17.94951820373535,16.698226928710938,1070.03564453125,0.6699589490890503,0.430023729801178,1263.6141357421875,0.3977116346359253,18.544963836669922,16.553319931030273,1047.9918212890625,0.6597832441329956,0.15959729254245758,410.2449035644531,0.13988734781742096,5.778439521789551,7.552882671356201,466.9881286621094,0.11540668457746506,3mgml,shg,roi1,5439.783699227007,64041.19724273682,30911.244911193848,166.95779726187783,65274.96350097656,58741.73490142822,8249.127465278043,5884.064335835197,3016.480226895703,59044.880798339844,10350.429656082839,10354.111485017054,10140.485780128043,10181.133255499852,18972.792678833008,3212.8463007159903,9456.918747949241,9265.002533403536,59064.959968566895,6271.677921998642,648.0243276853723,4101.0,65527.0,31066.0,11.0,65523.0,60915.0,6349.0,4299.0,1378.0,61212.0,8373.0,8384.0,8152.0,8200.0,18973.0,122.0,7630.0,7257.0,61220.0,5855.0,85.0,4802.075874811949,5460.3739467201785,4367.198745266649,2023.0552860519817,644.9480223185185,983.6443101013568,6910.167991787572,7077.22669202419,4363.445766959427,6367.16921762233,8150.4168428570165,8135.794575323449,8075.073641253544,8088.977227073802,6.367684901133476,7309.1962091022415,7411.767735870996,7714.089259157851,6660.6300681903,3952.801284193456,1826.5806649242581,D1,N8,t,appliedMASKiso_3mgml_roi1_8bit.ome
appliedMASKiso_shg_3mgml_roi1_8bit.ome,10,80.75859091,64.71152273,0.898654773,3.394595455,72.898,51.4335,0.912245,3.20725,44.0,46.35967294,29.39469236,0.058420349,0.803873908,10.0,5645,21.2193,4560,109,41.8349,31,1.3392,0.0242,0.1648,0.1706,131072,0.4802885353565216,1195.5284423828125,0.367520809173584,17.181726455688477,15.808267593383789,1035.3134765625,0.68831866979599,0.46164536476135254,1211.490234375,0.3663718104362488,17.646320343017578,14.976644515991211,988.21630859375,0.6832275390625,0.15102674067020416,395.6802978515625,0.14459781348705292,5.390742778778076,7.365096092224121,488.2723693847656,0.10683786869049072,3mgml,shg,roi1,5465.207096257296,63848.24898719015,30975.73664855957,152.10686739643245,65285.07173156738,58776.14992523193,8268.561408063531,5928.0961591325595,3001.2659692345314,59086.975242614746,10270.46845980695,10270.538583037656,10084.362740834002,10121.073350883216,18972.783988952637,3184.5251184834124,9324.33782762962,9258.941886994011,59096.272789001465,6312.448155354622,637.6035177309859,4088.0,65526.0,31069.0,12.0,65523.0,60962.0,6314.0,4281.0,1357.0,61250.0,8273.0,8282.0,8071.0,8110.0,18973.0,103.0,7514.0,7229.0,61266.0,5839.0,84.0,4806.66537804663,5490.966164967442,4549.872282222759,2020.3864554949348,527.5806851466253,849.9390234116283,6832.969115032861,7062.213254597089,4312.155413163137,6304.866425810574,8078.07937100686,8064.006537744708,8010.111865410624,8022.691314210919,7.363420650628389,7222.669961882449,7309.17320503805,7675.5142935894155,6598.271303469891,4048.5294422912775,1665.7380898737413,D1,N8,t,appliedMASKiso_3mgml_roi1_8bit.ome
appliedMASKiso_shg_3mgml_roi1_8bit.ome,11,95.87002381,59.72192857,0.920172143,3.502914286,86.3805,53.52,0.931225,3.34695,42.0,49.78934125,26.63708016,0.035954813,0.749449805,11.0,5363,22.4402,4288,105,40.8381,28,1.3303,0.0223,0.1595,0.2117,131072,0.5082180500030518,1165.6630859375,0.3790154755115509,16.375886917114258,15.035989761352539,1042.5709228515625,0.7093151807785034,0.5000948905944824,1177.846923828125,0.3753134608268738,16.57557487487793,13.755230903625488,933.3887329101562,0.7103599309921265,0.14241528511047363,392.1142883300781,0.14749519526958466,5.142735481262207,7.232390880584717,542.2018432617188,0.0988227054476738,3mgml,shg,roi1,5462.141873950863,63923.55149078369,30906.884643554688,162.38783936956872,65281.04104614258,58943.88426208496,8161.162386049566,5918.360862129518,2896.072282621152,59268.67907714844,10064.857317259271,10060.229505569969,9889.326499313293,9923.80123607508,18973.874153137207,2998.2433333333333,9151.057446970854,9155.956035403631,59271.79222869873,6363.0764382725465,599.874165683429,4019.0,65525.0,31049.0,12.0,65523.0,61095.0,6139.0,4148.0,1302.0,61393.0,8056.0,8061.0,7886.0,7921.0,18973.0,86.0,7359.0,7092.0,61399.0,5749.0,79.0,4955.6494646695255,5702.02960873947,4451.652014814187,2119.8480892956572,559.4917933786968,880.9820829648894,6746.865626299712,7145.87914578738,4191.024620939966,6152.532978541262,7977.093805566065,7954.379685588911,7938.844926105373,7945.772787428638,209.02141868601151,6999.3364267334955,7191.224881045238,7728.149856929558,6475.185422285705,4287.968494963209,1582.5474254767707,D1,N8,t,appliedMASKiso_3mgml_roi1_8bit.ome
appliedMASKiso_shg_3mgml_roi1_8bit.ome,12,86.50630952,64.16957143,0.918400952,3.733695238,64.607,55.542,0.92993,3.63445,42.0,53.47210782,34.23431269,0.055322005,0.748661198,12.0,5987,19.8929,4827,100,48.27,39,1.3584,0.0211,0.1769,0.1824,131072,0.4587096571922302,1275.3587646484375,0.40255892276763916,18.132863998413086,17.45810890197754,1209.0692138671875,0.6727717518806458,0.43905287981033325,1298.8016357421875,0.41748160123825073,18.674047470092773,17.081951141357422,1146.93359375,0.6664870977401733,0.14565081894397736,412.0511474609375,0.15455608069896698,5.442780017852783,8.104111671447754,646.0401611328125,0.10542519390583038,3mgml,shg,roi1,5758.480094605936,64260.97537994385,30905.938789367676,216.60036005983346,65217.59239196777,58633.85930633545,8612.45344160453,6294.853009639088,2969.246862372146,59058.30738067627,10412.367299916075,10398.257183184558,10277.5458533608,10305.342580300603,18972.74961662,3443.8772151898734,9267.808445868619,9575.800862134738,59003.325912475586,6593.188212405585,658.5843842777031,4151.0,65526.0,31053.0,14.0,65522.0,60929.0,6401.0,4352.0,1352.0,61276.5,8263.0,8259.5,8103.0,8143.0,18973.0,136.0,7437.0,7285.0,61248.0,5903.5,84.0,5333.129949475846,6136.023062769035,3881.84717185044,1924.8726756842198,754.2094532906896,1101.7963728666311,6988.047305828868,7546.712022401664,4165.483983809637,6269.305172404174,8149.245901962505,8114.765519968219,8167.424014418233,8164.742592109252,7.05645045181236,7428.731819673999,7087.977932677135,8092.751952062111,6645.416526642539,4518.961639285867,1681.2425026355031,D1,N8,t,appliedMASKiso_3mgml_roi1_8bit.ome
appliedMASKiso_shg_3mgml_roi1_8bit.ome,13,71.067315,63.0677,0.922146,3.5434,59.5185,55.9595,0.92967,3.3732,40.0,48.16025977,30.02112178,0.040865555,0.734095783,13.0,5634,21.2646,4571,93,49.1505,32,1.3444,0.02,0.1552,0.2311,131072,0.5062723159790039,1215.95556640625,0.4155653715133667,16.674266815185547,16.66582489013672,1241.47607421875,0.7060036659240723,0.48821771144866943,1220.4971923828125,0.4132957458496094,17.108619689941406,14.893816947937012,1005.2589721679688,0.7022476196289062,0.16095717251300812,480.93865966796875,0.17011584341526031,5.9859466552734375,9.431055068969727,794.3639526367188,0.11216135323047638,3mgml,shg,roi1,5567.880978721131,63796.59320831299,30904.451347351074,198.41060879885632,65250.68640899658,59187.79258728027,8237.414514811733,6156.162993947073,2557.307763979899,59646.05461883545,9711.300788134495,9683.952666152942,9626.278830234456,9644.73172145969,18972.692108154297,3394.2458123953097,8504.870198139912,9098.622176105715,59573.82957458496,6567.027146007065,528.0778075300922,4018.0,65521.0,31020.0,13.0,65523.0,61258.0,6139.0,4219.0,1199.0,61613.0,7782.0,7770.0,7649.0,7677.0,18973.0,98.5,6817.0,6977.0,61599.0,5769.0,73.0,5265.279939557071,6275.610820257476,4503.825682992804,2019.301920319281,737.7199653544648,1046.2620609494095,6417.737248742747,7381.648069545015,3456.251288551966,5600.0292446885,7583.6650253237785,7531.478287390535,7662.236784406355,7648.024434533837,8.45193296666912,7408.678871549034,6458.9353927531965,7769.870481345241,6039.5576429044295,4713.173767252184,1334.0438992891836,D1,N8,t,appliedMASKiso_3mgml_roi1_8bit.ome
appliedMASKiso_shg_3mgml_roi1_8bit.ome,14,70.93411923,55.58269231,0.912719423,3.38135,59.971,47.0825,0.92117,3.3282,52.0,50.13776362,23.39711758,0.042615757,0.732529832,14.0,5628,21.2894,4611,114,40.4474,22,1.341,0.022,0.1625,0.1977,131072,0.4847217798233032,1259.412353515625,0.3916975259780884,17.463333129882812,16.76767349243164,1158.072021484375,0.6905139088630676,0.4726645052433014,1253.1292724609375,0.38379788398742676,17.529754638671875,15.260747909545898,1011.0778198242188,0.6914272308349609,0.15897274017333984,460.4161071777344,0.1411883533000946,6.006279945373535,8.735978126525879,642.4766845703125,0.11373090744018555,3mgml,shg,roi1,5542.395034032293,63933.42518615723,30946.88471221924,170.9478585723816,65274.60747528076,59120.541007995605,8236.247014446719,6092.470808771876,2659.410741844297,59534.9807434082,9851.032597747459,9828.5626392577,9735.081753807648,9758.655075847755,18972.71826171875,3163.8336980306344,8773.265039831518,9142.671657052162,59476.89924621582,6566.665941763575,541.8776612592561,4123.0,65524.0,31045.0,11.0,65523.0,61172.0,6279.0,4325.0,1246.0,61525.0,7940.0,7930.0,7809.0,7839.0,18973.0,131.0,7011.0,7128.0,61492.0,5953.0,75.0,5056.15298039463,5917.569230320845,4398.0620714748575,1987.3711297532618,607.2444742474704,926.2474377718792,6455.78039948247,7185.106918485304,3695.108602870784,5753.012557013133,7656.407792286598,7616.839001124444,7679.352534190826,7674.6733450668435,8.068996429226045,7001.334863684049,6737.764506154618,7647.108420441989,6141.099952131221,4469.779696279365,1429.2655736050685,D1,N8,t,appliedMASKiso_3mgml_roi1_8bit.ome
appliedMASKiso_shg_3mgml_roi1_8bit.ome,15,73.51142093,62.61409302,0.918833953,3.638162791,59.534,53.29,0.92593,3.5912,43.0,47.88578885,27.56929752,0.034692718,0.804552986,15.0,5668,21.1251,4549,103,44.165,36,1.3447,0.0213,0.1709,0.1648,131072,0.4705871045589447,1280.4271240234375,0.39559206366539,17.83133316040039,17.19429588317871,1135.3504638671875,0.6796480417251587,0.466927707195282,1259.155517578125,0.4112946391105652,17.565052032470703,16.070524215698242,1056.9873046875,0.6874678730964661,0.16227203607559204,455.23419189453125,0.11901416629552841,6.087564468383789,8.320786476135254,526.9281005859375,0.11873514950275421,3mgml,shg,roi1,5605.203855193676,63962.039695739746,30914.918869018555,172.24639179410067,65266.57083129883,58930.333839416504,8306.918433109346,6079.728184178375,2882.502422362147,59306.3687210083,10079.76559018345,10065.893821922407,9936.049311681572,9964.874370440462,18972.772087097168,3058.5827505827506,9032.254845700681,9299.619433167485,59276.17303466797,6573.661403803303,629.0440035468854,4140.0,65525.0,31043.0,11.0,65523.0,61139.0,6314.0,4352.0,1264.0,61469.0,8032.0,8022.0,7877.0,7907.0,18973.0,93.0,7088.0,7189.0,61455.0,6018.0,73.0,5082.225376961104,5819.286656008466,4429.006186515174,1923.6192906705471,617.2708003874307,979.780000899059,6875.719728304075,7251.759440383448,4298.835203793565,6268.365744811484,8056.968132837242,8031.914280344163,8023.226704710299,8029.260453537837,7.7819061899041655,6900.246036881052,7167.938043904348,7869.5006538946445,6592.77743737703,4336.56161833144,1776.3942451240755,D1,N8,t,appliedMASKiso_3mgml_roi1_8bit.ome
appliedMASKiso_shg_3mgml_roi1_8bit.ome,16,85.10447381,64.46702381,0.908790238,3.564092857,81.9225,57.6125,0.92192,3.4015,42.0,48.79582968,26.12101482,0.061472652,0.788354875,16.0,5507,21.8012,4479,94,47.6489,34,1.3305,0.0193,0.1514,0.1526,131072,0.5237894058227539,1192.0472412109375,0.4215805232524872,16.133899688720703,15.858702659606934,1128.4603271484375,0.7172447443008423,0.5156574845314026,1194.077880859375,0.42208439111709595,16.15794563293457,14.683305740356445,1032.9945068359375,0.7217732667922974,0.169208362698555,485.825927734375,0.13117673993110657,6.324161052703857,8.545906066894531,594.5355834960938,0.11962756514549255,3mgml,shg,roi1,5432.672334320339,63378.00532531738,30963.928260803223,193.7426830641076,65268.66557312012,59424.490715026855,7985.891033619156,5946.023425748471,2556.904810707457,59832.79196929932,9420.90361427394,9394.230806801184,9339.44527458103,9357.144334381392,18972.731468200684,3217.9496491952127,8283.369295460789,8869.48939985958,59780.28784942627,6535.603841692359,571.3112613198145,3925.0,65523.0,31040.0,10.0,65526.0,61599.0,5947.0,4139.0,1046.0,61960.0,7356.0,7342.0,7257.0,7279.0,18973.0,116.0,6352.0,6715.0,61914.0,5833.0,58.0,5156.977991898342,5948.942897430754,5156.398550679065,2031.625213558137,875.6540937678001,1202.4448640764745,6727.815546292735,7289.278393335781,4137.341236514055,6052.845005238856,7884.625321562219,7848.597186555056,7893.075581270429,7891.550512795,13.169905940137625,7134.012744636389,6940.828926237584,7852.766421076171,6414.630275792153,4522.56369728985,1860.534840878074,D1,N8,t,appliedMASKiso_3mgml_roi1_8bit.ome
appliedMASKiso_shg_3mgml_roi1_8bit.ome,17,67.53661282,63.59874359,0.914438205,3.432210256,65.376,51.227,0.9128,3.4529,39.0,43.07669093,37.93751685,0.032386466,0.704432518,17.0,5471,21.9578,4434,80,55.425,37,1.3292,0.0191,0.1475,0.1188,131072,0.5378971695899963,1166.517333984375,0.4367527663707733,15.660541534423828,15.896920204162598,1178.7529296875,0.726226270198822,0.534064531326294,1144.9630126953125,0.4393309950828552,15.51681137084961,14.163636207580566,1043.66748046875,0.7338962554931641,0.17568108439445496,498.0993957519531,0.14899058640003204,6.452889919281006,9.441426277160645,695.8132934570312,0.1242862194776535,3mgml,shg,roi1,5466.441940902497,63050.381187438965,30991.100952148438,324.0630570667901,65179.492042541504,59610.66163635254,7981.59672993281,6067.619600528959,2429.615846467246,60062.239250183105,9108.9028785218,9067.969649538061,9089.761884401009,9096.530129037184,18972.752868652344,3109.8343434343433,7830.175628006414,8764.503871115523,59978.7809677124,6594.227723906238,643.7718037573882,3805.0,65520.0,31042.0,9.0,65527.0,61833.0,5754.0,4068.0,952.0,62196.0,7003.0,6976.0,6955.0,6968.0,18973.0,102.0,5965.0,6467.0,62141.0,5729.0,53.0,5512.7849426982775,6455.752559704547,5523.8728252992705,2135.393642309462,1737.1487809669372,1897.5519916949465,6882.519489353337,7686.782657332869,4219.474137949868,6115.78592749229,7955.425813933553,7903.285604514418,8035.96723218141,8021.951751648534,8.212348293900224,7380.394627649027,6776.402070480727,8159.928373693299,6528.151856208689,4815.994543563871,2400.0317265559124,D1,N8,t,appliedMASKiso_3mgml_roi1_8bit.ome
appliedMASKiso_shg_3mgml_roi1_8bit.ome,18,83.09279184,56.19383673,0.909770612,3.572753061,80.218,46.792,0.92429,3.4294,49.0,46.93850371,26.59478959,0.044717977,0.829812614,18.0,5449,22.0545,4369,93,46.9785,43,1.3282,0.0182,0.1403,0.1148,131072,0.5597800612449646,1113.6500244140625,0.4416828155517578,14.864228248596191,15.062125205993652,1132.7620849609375,0.7404146790504456,0.5761340260505676,1056.1328125,0.44588056206703186,14.165566444396973,12.848286628723145,994.8148803710938,0.7618436217308044,0.18115290999412537,501.930419921875,0.14026662707328796,6.554627895355225,9.371668815612793,688.5882568359375,0.1276724934577942,3mgml,shg,roi1,5429.390660801027,62724.56001281738,31037.44147491455,289.02095759638866,65207.42000579834,59798.1810836792,7883.836980883827,6069.166086577371,2311.9253286093344,60280.18563079834,8844.949752543305,8797.125912687501,8854.033521217121,8855.699042250939,18972.751487731934,3762.66451335056,7482.716646809031,8613.990957138056,60183.19783782959,6620.064835181621,601.8611949467162,3736.0,65519.0,31048.0,10.0,65528.0,62055.0,5649.0,4023.0,868.0,62393.0,6669.5,6638.0,6657.0,6665.0,18973.0,147.0,5577.0,6280.0,62346.0,5661.5,49.0,5537.151081401198,6573.688447737676,5991.3875291695385,2147.3577188185686,1344.4174999654444,1600.4081254221794,6759.345159643061,7668.040577489959,4139.092366844043,5972.712461186762,7880.641231692582,7826.068559144573,7956.1250576369175,7942.481405624018,7.696540892742378,7933.347357479404,6703.927036850992,8118.075729110592,6388.665881663767,4984.986418322623,2146.1059590746963,D1,N8,t,appliedMASKiso_3mgml_roi1_8bit.ome
appliedMASKiso_shg_3mgml_roi1_8bit.ome,19,70.01557609,59.89167391,0.909888478,3.492006522,55.8635,54.9965,0.915615,3.4578,46.0,46.96847957,23.62223577,0.049312064,0.655028086,19.0,5387,22.3313,4313,100,43.13,36,1.3233,0.0217,0.1524,0.1361,131072,0.5356172323226929,1123.4808349609375,0.41479894518852234,15.517955780029297,15.340505599975586,1067.074951171875,0.7225375771522522,0.5505619645118713,1058.010009765625,0.4211741089820862,14.660512924194336,13.148985862731934,987.6253051757812,0.7450265884399414,0.18893712759017944,497.27630615234375,0.14153221249580383,6.77960729598999,9.386579513549805,596.3734741210938,0.13577131927013397,3mgml,shg,roi1,5538.3851428745975,63105.06237792969,31055.040725708008,280.4050377833753,65200.283599853516,59547.43138885498,8046.185955060478,6140.039446403844,2506.5049558879937,60013.388427734375,9152.08574003085,9109.338103456175,9135.354712341737,9141.631068924966,18972.652084350586,3597.4692411315673,7811.815813186309,8843.489736854162,59924.999603271484,6660.265390900621,672.2261002061487,3903.0,65521.0,31066.0,13.0,65527.0,61866.0,5824.0,4148.0,931.0,62250.0,6961.0,6927.0,6927.0,6934.0,18973.0,146.0,5810.0,6532.0,62179.0,5848.0,60.0,5468.111139165432,6417.272887450175,5562.610025431287,2254.282743933218,1309.645433400533,1579.742882028174,6945.9834048130215,7653.507738084774,4475.560250464448,6243.713653884118,8112.307025420489,8070.540462189287,8146.287688741078,8140.397049282802,12.447233093475619,7538.424868635637,6997.2433927754555,8184.772622634319,6618.366301388808,4891.854927771752,2325.3977069630364,D1,N8,t,appliedMASKiso_3mgml_roi1_8bit.ome
appliedMASKiso_shg_3mgml_roi1_8bit.ome,20,85.22884524,62.43966667,0.90135119,3.615280952,73.1195,55.0525,0.91345,3.46855,42.0,49.32306545,30.01810207,0.055365323,0.719547295,20.0,4960,24.426,3872,86,45.0233,31,1.3002,0.0228,0.1402,0.198,131072,0.55506831407547,1088.456298828125,0.40368157625198364,14.966635704040527,14.587324142456055,1027.1434326171875,0.7353955507278442,0.5713261961936951,1045.873291015625,0.43509119749069214,14.14284610748291,12.653450965881348,920.7108764648438,0.7588194608688354,0.19483709335327148,509.4344482421875,0.15805424749851227,6.958158016204834,9.46636962890625,608.94921875,0.13677619397640228,3mgml,shg,roi1,5405.490886460648,62490.09973907471,31006.303047180176,233.9714557147033,65242.65608215332,59774.71907043457,7873.699514173138,6024.6263953177,2329.7426828332436,60237.09484100342,8821.192067746393,8773.881817973564,8839.274498125367,8839.63551951374,18972.70819091797,3289.18587196468,7417.54045159172,8596.393054314709,60144.42797088623,6558.047587412854,607.1535271588059,3788.0,65514.0,31056.0,13.0,65527.0,62042.0,5684.0,4077.0,866.0,62412.0,6677.0,6637.0,6665.0,6668.0,18973.0,106.0,5500.0,6312.0,62363.0,5730.0,56.0,5279.953632438424,6171.249899286659,6130.904815952323,2255.2595848429764,1045.9321697700618,1293.3171237001343,6656.620683070819,7431.218309704337,4066.5335221876862,5969.7384415676215,7835.637848021189,7793.038621801856,7890.427329142746,7881.336568718088,10.211738775163765,7470.757499019775,6685.67456331471,7921.000617519747,6352.0836531105515,4878.969039930021,2001.2108097405535,D1,N8,t,appliedMASKiso_3mgml_roi1_8bit.ome
appliedMASKiso_shg_3mgml_roi1_8bit.ome,21,78.51933158,57.58715789,0.918836053,3.673621053,65.7275,45.8685,0.92184,3.5016,38.0,51.34827439,29.60974529,0.028122397,0.98628242,21.0,4912,24.6842,3803,104,36.5673,29,1.299,0.018,0.1378,0.262,131072,0.5486894249916077,1114.407470703125,0.3895500600337982,15.301190376281738,14.56623649597168,1031.9222412109375,0.7320747971534729,0.5517334342002869,1101.88037109375,0.3931528329849243,15.166421890258789,12.510783195495605,946.119140625,0.7454107999801636,0.18875911831855774,506.1585998535156,0.1676274538040161,6.838084697723389,8.968158721923828,611.4942626953125,0.13039956986904144,3mgml,shg,roi1,5356.641043847393,62720.34613800049,31070.94292449951,214.35809244314012,65259.95297241211,59918.954093933105,7788.262355379168,6014.851911327261,2249.523602484472,60387.01567840576,8656.459699031127,8604.473816013498,8683.362941585165,8681.7439168709,18972.693977355957,3304.7025089605736,7287.166288737717,8479.016659413484,60288.04940032959,6558.501469723692,557.7990512997552,3720.0,65512.0,31037.0,12.0,65528.0,62120.0,5544.0,3997.0,844.0,62456.0,6554.0,6521.0,6544.0,6555.0,18973.0,148.0,5423.0,6198.0,62430.0,5645.0,51.0,5287.087871088659,6310.103259976723,5917.22783009197,2333.966925330328,919.2105643197515,1165.7123665331671,6465.193410238637,7405.559015487733,4018.3185748009364,5784.238832595307,7611.506485530149,7562.750541310811,7683.148495177499,7669.946134104679,9.416639350762512,7054.747762376085,6554.4939347423715,7798.194663965472,6165.676807971661,4996.043193075125,1796.1035919577796,D1,N8,t,appliedMASKiso_3mgml_roi1_8bit.ome
appliedMASKiso_shg_3mgml_roi1_8bit.ome,22,80.06800263,57.6325,0.904891053,3.706255263,55.796,48.2775,0.92747,3.3995,38.0,59.07542466,27.20205376,0.077118916,1.154861483,22.0,5749,20.7993,4498,95,47.3474,26,1.3429,0.0167,0.1636,0.2963,131072,0.4863985776901245,1288.280029296875,0.3970460593700409,17.740205764770508,16.875463485717773,1158.4853515625,0.6877411603927612,0.4839095175266266,1260.388916015625,0.3961726427078247,17.4694766998291,15.274395942687988,1071.9267578125,0.6988492608070374,0.18461820483207703,542.7769775390625,0.13716624677181244,7.219583511352539,9.04542350769043,605.9991455078125,0.13495312631130219,3mgml,shg,roi1,5673.511393912559,63477.90326690674,30966.20994567871,211.19185931634064,65244.40264129639,59525.909118652344,8192.578103730442,6316.964385677797,2460.272442308724,60027.42610168457,9225.024062721866,9176.631371620952,9223.108755563358,9226.699765632753,18972.671989440918,3018.534620226605,7864.26936965135,8981.328755410677,59909.01742553711,6887.391950592026,583.5777299623453,4006.0,65523.0,31037.0,11.0,65526.0,61766.0,5929.0,4219.0,984.0,62135.5,7125.0,7093.0,7086.0,7100.0,18973.0,122.0,6042.0,6711.0,62090.0,6003.0,59.0,5584.816233124481,6711.115218791004,5260.353402405736,2194.4308119452926,820.4466402517862,1120.8831545367743,6673.166016072554,7674.840898325911,4236.3072949554125,5971.434033703354,7833.963432657297,7785.0281817220975,7899.082600979687,7886.474258481929,11.511607023693735,6751.312781897715,6840.122385641487,8070.955154899615,6353.931366549616,5313.112026226228,1808.6135041864618,D1,N8,t,appliedMASKiso_3mgml_roi1_8bit.ome
appliedMASKiso_shg_3mgml_roi1_8bit.ome,23,79.84268167,56.9266875,0.92535375,3.596208333,65.447,50.129,0.924055,3.60545,48.0,50.35185309,22.77261679,0.029163641,0.746060038,23.0,6065,19.6114,4796,102,47.0196,38,1.3617,0.0242,0.1664,0.3048,131072,0.48742255568504333,1300.4002685546875,0.41333091259002686,17.693906784057617,17.13335418701172,1184.9385986328125,0.6892526149749756,0.4914218783378601,1269.1829833984375,0.4265466630458832,17.185134887695312,15.640073776245117,1143.5496826171875,0.7045961618423462,0.17856739461421967,522.135986328125,0.11884144693613052,6.892781734466553,9.040306091308594,584.5321655273438,0.13157512247562408,3mgml,shg,roi1,5754.374675503161,63586.483337402344,30904.262214660645,174.72788461538462,65274.09764099121,59460.40940093994,8331.277916676225,6402.585254337072,2468.823977988626,59999.360496520996,9314.2594371316,9260.640785816815,9333.50003054088,9333.424373148458,18972.713897705078,3192.695957820738,7861.479766667685,9105.082384021012,59856.08644104004,7014.791764651986,561.3834171741241,4050.0,65523.0,31033.0,12.0,65526.0,61711.0,6052.0,4307.0,971.0,62146.0,7208.0,7171.0,7185.0,7195.0,18973.0,130.5,6004.0,6790.0,62043.0,6091.5,59.0,5605.613584031868,6539.821802168071,5207.845260763088,2124.948953350116,635.7677525200487,938.3312564587532,6659.168529314815,7638.441105063072,4191.009668954088,5958.054817533484,7859.997172255831,7810.093813493484,7921.545510159674,7909.36627050358,9.219183303814955,7155.736459662404,6833.457961973363,8104.917136967527,6343.466530375861,5394.598315197393,1614.2896592269442,D1,N8,t,appliedMASKiso_3mgml_roi1_8bit.ome
appliedMASKiso_shg_3mgml_roi1_8bit.ome,24,72.0111,62.30716327,0.91833,3.693612245,53.973,60.449,0.93169,3.6233,49.0,50.33145796,25.95021803,0.05138599,0.772353845,24.0,6272,18.8981,4992,111,44.973,34,1.3704,0.0211,0.1684,0.2925,131072,0.5060372352600098,1271.941650390625,0.44623255729675293,16.97806739807129,17.14776039123535,1243.542236328125,0.7039607167243958,0.5091022253036499,1254.618896484375,0.4504995346069336,16.66429901123047,15.584306716918945,1163.7130126953125,0.7174438834190369,0.17404711246490479,498.50018310546875,0.11969149857759476,6.508989334106445,9.032347679138184,620.9888305664062,0.12541405856609344,3mgml,shg,roi1,5902.600096198627,63517.46813201904,30958.87525177002,183.78381657498173,65261.173751831055,59411.047035217285,8429.979243754015,6502.062421638482,2410.062419522963,59996.26197052002,9362.993999038013,9307.747867978836,9397.202543919255,9394.835477442948,18972.7525100708,3334.3484990619136,7742.672176455768,9249.299612915047,59833.32540130615,7217.9272555142425,554.719357262687,4169.0,65523.0,31038.0,13.0,65525.0,61606.0,6156.0,4370.0,1013.0,62063.0,7327.0,7287.0,7305.0,7317.0,18973.0,122.0,6081.0,6955.0,61954.0,6188.0,62.0,5700.860802765245,6614.336956292364,5247.76476040095,2177.774509028375,673.7042545063325,988.8512823263517,6602.90100896566,7668.484863979596,3902.7717078035416,5836.400217384013,7779.586921869769,7726.982882485524,7874.1433345984915,7857.050343905868,8.6737314463951,7545.733676814929,6487.705948393717,8134.760031854622,6251.049575254099,5561.617340771457,1548.7693316261116,D1,N8,t,appliedMASKiso_3mgml_roi1_8bit.ome
appliedMASKiso_shg_3mgml_roi1_8bit.ome,25,72.85537905,63.38416667,0.934389762,3.70072381,62.0095,56.4945,0.939175,3.6261,42.0,49.25066293,27.9468981,0.027934321,0.707673297,25.0,5822,20.5134,4665,109,42.7982,40,1.3503,0.0213,0.1487,0.2851,131072,0.5575653910636902,1170.2386474609375,0.47249099612236023,15.171926498413086,15.774595260620117,1244.6190185546875,0.7408665418624878,0.5680984258651733,1126.976318359375,0.5013671517372131,14.584907531738281,13.992992401123047,1143.420166015625,0.7569241523742676,0.17210248112678528,498.6705322265625,0.13618382811546326,6.311683654785156,8.805826187133789,704.7221069335938,0.11730886250734329,3mgml,shg,roi1,5810.722207796175,63065.35782623291,31009.659019470215,178.44886846319895,65275.65015411377,59750.01069641113,8293.87779630933,6500.183921412614,2108.2952597945578,60382.695793151855,8888.993027127757,8820.112215128001,8994.05125404778,8979.440795503147,18972.893547058105,2984.4793694946684,7084.0590288385165,8975.077419502657,60185.23787689209,7230.57481517688,483.8738025415445,4095.0,65519.0,31044.0,13.0,65525.0,61776.0,6069.0,4361.0,931.0,62249.0,7008.0,6966.0,7033.0,7030.0,18973.0,90.0,5616.0,6785.0,62123.5,6134.0,60.0,5718.5372521837635,6620.071465153576,5786.926000820769,2266.37307754082,681.7061989468928,983.1873075742135,6233.740192715414,7603.2703408662965,3265.1937138222925,5330.038106663565,7384.526119783672,7313.069756083884,7564.521338194455,7533.028599183425,101.85175192695993,7064.944643002113,5821.850156603379,7979.448334515977,5833.570628318092,5716.350604789064,1289.0174570069883,D1,N8,t,appliedMASKiso_3mgml_roi1_8bit.ome
appliedMASKiso_shg_3mgml_roi1_8bit.ome,26,87.24199767,64.58223256,0.91921907,3.547890698,79.695,55.985,0.92904,3.6043,43.0,51.80514451,28.43172912,0.044435849,0.741280197,26.0,5719,20.9189,4592,104,44.1538,37,1.3444,0.0172,0.1373,0.2295,131072,0.5939088463783264,1077.6866455078125,0.4830003082752228,13.813268661499023,14.507323265075684,1170.6441650390625,0.7656301259994507,0.5935120582580566,1046.9022216796875,0.5110623836517334,13.52651309967041,13.256429672241211,1087.2083740234375,0.7736166715621948,0.16899985074996948,488.7297058105469,0.1381765753030777,6.124334812164307,8.519031524658203,694.5028076171875,0.11145032197237015,3mgml,shg,roi1,5702.251701199813,62478.06464385986,31010.39250946045,195.0291929666366,65275.52808380127,59956.90963745117,8057.060319306003,6296.656642773541,1980.1362300378332,60580.099922180176,8602.718162169593,8533.414130459687,8715.395892681214,8699.279859779894,18972.75205230713,3145.5082444228906,6783.799667015435,8752.111290162444,60393.31996154785,7151.721178887557,446.65491699747383,4016.0,65512.0,31052.0,13.0,65526.0,61890.0,5947.0,4281.0,881.0,62363.0,6816.0,6766.0,6859.0,6857.0,18973.0,112.5,5384.0,6608.0,62239.0,6023.0,60.0,5745.869127528411,6462.236727436504,6232.29157352458,2267.1440379277374,945.3807074988498,1184.9595622462439,6023.2443089191265,7472.630830493311,2951.0262402706594,5050.711686462299,7184.632460147645,7109.0482572217825,7380.177310234922,7345.71588949701,9.109823465627679,7190.070358293202,5526.287391381756,7905.037926642723,5585.389452310394,5751.10880931669,1233.330820528163,D1,N8,t,appliedMASKiso_3mgml_roi1_8bit.ome
appliedMASKiso_shg_3mgml_roi1_8bit.ome,27,85.13622218,56.99663636,0.921106,3.654301818,80.961,48.196,0.92863,3.6711,55.0,55.09054673,26.28753808,0.045979831,0.81615886,27.0,5837,20.4555,4783,118,40.5339,40,1.3511,0.0246,0.1669,0.1815,131072,0.5156433582305908,1199.5245361328125,0.45907798409461975,16.22496795654297,16.913333892822266,1232.994873046875,0.711902379989624,0.5128517150878906,1167.326171875,0.48857417702674866,15.89620304107666,15.803189277648926,1134.759765625,0.720265805721283,0.17042726278305054,479.8246765136719,0.1360524445772171,6.232400894165039,9.198137283325195,687.0062866210938,0.11960921436548233,3mgml,shg,roi1,5966.575881576035,63384.05351257324,30992.891914367676,281.8936597546412,65176.23600769043,59397.74087524414,8509.911733465786,6597.779841821724,2372.5112298482786,60013.24861907959,9284.680151465413,9219.64812538649,9359.298556345286,9349.843854733675,18972.703491210938,3670.0065905096662,7515.683754876438,9282.412911204929,59828.992614746094,7168.706108239749,616.774167547332,4253.0,65521.0,31052.0,16.0,65523.0,61554.0,6314.0,4574.0,1015.0,62035.0,7333.0,7289.0,7339.0,7345.0,18973.0,132.0,5965.0,7031.0,61901.0,6248.0,73.0,5976.174074269304,6787.020332410221,5277.122531909476,2241.4993804817627,1265.1932801171536,1539.2005533571748,6606.684305425771,7910.850894395707,3522.212811931377,5652.716772073671,7721.92943145446,7649.212405719895,7906.359210470978,7874.148174796158,12.697272830146044,7440.71310039565,6063.716569367261,8371.330919196436,6173.786456976432,5514.335409360494,1675.2308525549097,D1,N8,t,appliedMASKiso_3mgml_roi1_8bit.ome
appliedMASKiso_shg_3mgml_roi1_8bit.ome,28,85.433178,55.47438,0.911836,3.520342,79.807,50.3085,0.92414,3.47865,50.0,49.48744624,26.9768209,0.04572462,0.609461729,28.0,5840,20.444,4903,115,42.6348,35,1.3526,0.0223,0.1696,0.188,131072,0.498890221118927,1238.2821044921875,0.429455041885376,16.91539764404297,16.955429077148438,1217.8572998046875,0.7005832195281982,0.4898851811885834,1251.5313720703125,0.4302629232406616,17.145475387573242,15.698601722717285,1112.2518310546875,0.7035983204841614,0.1635017842054367,470.4480285644531,0.14500175416469574,6.065891742706299,8.808684349060059,679.7925415039062,0.11536194384098053,3mgml,shg,roi1,5863.812689905792,63417.33596801758,30990.836143493652,287.60186081234275,65173.25511932373,59454.55235290527,8373.41667940565,6462.879326158738,2387.1146860325266,60039.086334228516,9247.305437222298,9188.96472142061,9294.716213946529,9289.957025941703,18972.684730529785,3244.234262589928,7624.520857190845,9167.748812850228,59874.39463043213,7063.337020750309,642.3774533440486,4152.0,65523.0,31050.0,13.0,65525.0,61634.0,6174.0,4441.0,1010.0,62064.0,7284.0,7249.0,7267.0,7280.0,18973.0,125.0,6081.0,6899.0,61962.0,6143.5,66.0,5923.942717934848,6708.244565511793,5302.023081385911,2201.591845649374,1153.0247374952264,1489.431854082562,6715.306980106896,7892.653281374776,3710.2885346058906,5773.895982008887,7794.35682675519,7725.949480129949,7963.932948884651,7934.478054502524,10.748634826448514,7000.966885592347,6231.514142551075,8373.453272777291,6280.465820193218,5456.830583210195,1893.1095581638338,D1,N8,t,appliedMASKiso_3mgml_roi1_8bit.ome
appliedMASKiso_shg_3mgml_roi1_8bit.ome,29,82.51377551,52.70720408,0.93659898,3.682310204,77.661,45.244,0.94027,3.5139,49.0,45.58275591,20.46310898,0.02462745,0.765799437,29.0,5495,21.8531,4508,112,40.25,34,1.3333,0.0325,0.1545,0.2117,131072,0.5371251702308655,1170.6185302734375,0.4470311105251312,15.65073299407959,15.684260368347168,1178.580322265625,0.7279913425445557,0.5289740562438965,1150.552734375,0.4658609628677368,15.613432884216309,14.934240341186523,1115.241455078125,0.7307460308074951,0.16518737375736237,493.3456726074219,0.14156854152679443,6.14675235748291,8.179360389709473,651.063232421875,0.11096706986427307,3mgml,shg,roi1,5765.205783287125,63029.679542541504,31012.42845916748,230.96329562018462,65234.127014160156,59691.53576660156,8235.053348728026,6399.839449155458,2189.5585020770422,60286.128814697266,8960.997968364534,8896.052417722582,9036.090629272354,9026.28684248715,18972.76596069336,3412.479886417416,7246.271230972512,8968.885090392503,60112.17353820801,7081.171367687831,541.8663240688425,4139.0,65520.0,31049.0,12.0,65525.0,61750.0,6139.0,4441.0,945.0,62220.0,7084.0,7039.0,7101.0,7101.0,18973.0,124.0,5732.0,6840.0,62101.0,6170.0,64.0,5721.868781363421,6518.595159861273,5785.052983945793,2244.426878442169,1124.931424330458,1380.4279369858575,6418.960609802682,7654.544047748894,3341.7373091490113,5484.29310802846,7555.690686880831,7484.905075694549,7723.720858623525,7694.4929438122745,7.865786347571518,7077.80725365048,5899.795304563498,8123.213804025423,6007.793074129372,5455.524215094911,1715.53994501818,D1,N8,t,appliedMASKiso_3mgml_roi1_8bit.ome
appliedMASKiso_shg_3mgml_roi1_8bit.ome,30,78.85684,58.73238,0.9258624,3.541556,68.451,50.217,0.92852,3.5007,50.0,43.76027261,30.70205911,0.030212313,0.670261496,30.0,5348,22.5088,4367,101,43.2376,35,1.3247,0.0221,0.1508,0.2944,131072,0.5592212677001953,1151.1944580078125,0.4380912482738495,15.08865737915039,14.86063289642334,1127.3504638671875,0.7423516511917114,0.5495983362197876,1129.581787109375,0.461678147315979,14.931436538696289,13.823551177978516,1054.933349609375,0.7448056936264038,0.16938072443008423,531.1627197265625,0.1399749517440796,6.4893646240234375,8.08674144744873,624.7891845703125,0.11372004449367523,3mgml,shg,roi1,5778.625953266105,62819.70137023926,31062.712852478027,181.99112038628365,65273.10157775879,59714.160163879395,8250.23420241999,6430.91935151001,2128.3146750250985,60331.69440460205,8957.470216875196,8892.124781483546,9035.670030611389,9025.411986534044,18972.978843688965,3096.7557932263817,7210.049054558502,8982.097796132735,60145.9045715332,7175.532928234998,482.815378300481,4263.0,65521.0,31065.0,12.0,65524.0,61655.0,6296.0,4574.0,949.0,62197.0,7177.0,7120.0,7223.0,7219.0,18973.0,127.0,5732.0,6973.0,62030.0,6320.0,66.0,5508.978045776079,6328.836762026558,5806.239866613267,2178.94475054998,822.6782747089794,1106.7202611808145,6162.7708402386625,7412.5627793094145,3070.8749085328345,5232.732053624427,7340.411053853151,7273.679114002763,7494.004121733609,7467.216024203518,100.78847957102595,6945.836710940671,5745.497394416749,7858.338609861898,5755.516622962824,5360.90744767131,1429.6343395224458,D1,N8,t,appliedMASKiso_3mgml_roi1_8bit.ome
appliedMASKiso_shg_3mgml_roi1_8bit.ome,31,78.15676364,53.56876364,0.910383455,3.488656364,71.565,46.349,0.91445,3.3334,55.0,36.99330687,25.47239112,0.037147881,0.799256696,31.0,5606,21.3808,4516,98,46.0816,35,1.3387,0.0192,0.1583,0.3203,131072,0.5509021282196045,1147.78173828125,0.4366910755634308,15.217621803283691,15.159679412841797,1130.971923828125,0.7364204525947571,0.5410168170928955,1136.1580810546875,0.4600068926811218,15.210868835449219,14.232568740844727,1038.8316650390625,0.7394338846206665,0.1718617081642151,517.1403198242188,0.140354722738266,6.4591827392578125,8.481125831604004,646.3841552734375,0.11689714342355728,3mgml,shg,roi1,5968.384012156198,62959.153633117676,30975.72075653076,162.90315853384897,65277.7682723999,59476.28465270996,8530.51967426212,6630.963534179538,2238.7035950615773,60129.32056427002,9265.38446266856,9198.220827415586,9347.538079748323,9336.739008261939,18972.704475402832,2998.515631880229,7449.8471388647085,9283.707732013867,59922.644844055176,7370.694911501046,491.75788571781897,4457.0,65522.0,31062.0,13.0,65522.0,61400.0,6559.0,4778.0,1038.5,61989.0,7527.0,7474.0,7561.5,7561.0,18973.0,128.0,6004.0,7289.0,61808.0,6532.0,73.0,5519.400527266809,6386.4778416169465,5762.06053501182,2102.3622861204285,590.9244678300507,915.6960184232878,6168.826760829815,7480.039833365536,3075.2288304344947,5256.052257381012,7340.295367266373,7273.3038799508795,7509.3904867879055,7479.813710825189,9.044612032930889,6523.333484464479,5836.304570048394,7861.5935967180785,5774.728165076233,5404.02327256626,1271.744560487794,D1,N8,t,appliedMASKiso_3mgml_roi1_8bit.ome
appliedMASKiso_shg_3mgml_roi1_8bit.ome,32,65.26773542,57.42270833,0.914310625,3.622985417,56.9525,48.4295,0.921395,3.6301,48.0,35.9841733,31.58125961,0.038774155,0.868861698,32.0,5564,21.5573,4432,119,37.2437,35,1.3414,0.0187,0.1571,0.3668,131072,0.5600925087928772,1107.4803466796875,0.44975370168685913,14.755549430847168,14.90403938293457,1136.094482421875,0.7434837222099304,0.554267168045044,1086.87939453125,0.4562053084373474,14.659449577331543,13.896804809570312,1035.0933837890625,0.7481040358543396,0.16581377387046814,489.8631591796875,0.14297734200954437,6.136842250823975,8.445096969604492,686.1181640625,0.11203565448522568,3mgml,shg,roi1,6092.22874529476,63088.98140716553,31017.070999145508,183.8363707674206,65258.451400756836,59409.95132446289,8652.685037503727,6739.545826420057,2270.190198947425,60086.76389312744,9333.600224477173,9263.533263088775,9433.454314313856,9419.843018683525,18972.671684265137,3067.5147794452023,7431.385245588718,9417.34160233945,59864.91121673584,7525.66544502218,514.2180742589923,4558.0,65522.0,31074.0,13.0,65521.0,61290.0,6716.0,4885.0,1088.0,61862.0,7680.0,7629.0,7723.0,7720.0,18973.0,119.0,6081.0,7456.0,61676.0,6653.0,77.0,5657.623294683208,6473.516549857251,5609.1549687010365,2155.816747388831,838.9103738161384,1098.879340515218,6190.399698887575,7525.273179523441,3188.2532458503583,5287.398070717971,7338.006088490313,7269.569444549223,7515.526433189895,7484.505612586632,10.488243638266777,7000.349364284734,5792.800468285133,7933.735023650373,5798.9221172282005,5605.7792822857855,1400.931814376421,D1,N8,t,appliedMASKiso_3mgml_roi1_8bit.ome
appliedMASKiso_shg_3mgml_roi1_8bit.ome,33,60.78765111,58.10562222,0.928302222,3.793193333,53.973,53.331,0.93258,3.8153,45.0,38.08075978,26.33567238,0.025043405,0.804767031,33.0,5431,22.1342,4294,97,44.268,29,1.3313,0.0243,0.1441,0.3954,131072,0.5934593677520752,1064.9205322265625,0.4525580108165741,13.822593688964844,13.770787239074707,1114.784912109375,0.766419529914856,0.5920772552490234,1036.660888671875,0.4573764503002167,13.534494400024414,12.669248580932617,972.6650390625,0.7725344300270081,0.1595579832792282,473.08587646484375,0.14772917330265045,5.852727890014648,7.955197811126709,723.0032348632812,0.10431122779846191,3mgml,shg,roi1,6101.706487456566,62722.68770599365,30973.309226989746,202.25985815981016,65257.38332366943,59609.08187866211,8576.39134523491,6748.677487671547,2097.0189886022426,60328.069175720215,9077.906433999007,8998.854037954867,9212.577647103746,9192.634732139448,18972.648429870605,3265.131415679639,7101.107839169117,9303.594661880943,60081.29096984863,7646.651846194967,462.0014835747086,4480.0,65520.0,31070.0,13.0,65523.0,61457.0,6541.0,4778.0,1013.0,62022.0,7443.0,7388.0,7481.0,7482.0,18973.0,124.0,5810.0,7265.0,61838.0,6622.0,71.0,5770.953575944656,6586.685507800752,5923.724605779957,2155.439651907575,1203.431574245529,1308.06290780212,6015.169809401226,7529.546029640466,3006.9519041583044,5049.856149726735,7155.642412518448,7077.691213669759,7365.08105403493,7328.025173419347,10.096584919921773,7273.779195956429,5574.410309998796,7902.8046236354885,5592.1302906344445,5872.063145441035,1247.994207248556,D1,N8,t,appliedMASKiso_3mgml_roi1_8bit.ome
appliedMASKiso_shg_3mgml_roi1_8bit.ome,34,55.80213415,59.92356098,0.933059024,3.710941463,50.194,49.192,0.93726,3.7744,41.0,37.00781095,30.34071195,0.02747256,0.847463354,34.0,4995,24.2408,3889,97,40.0928,26,1.3043,0.0102,0.1261,0.415,131072,0.6448682546615601,951.70849609375,0.47949475049972534,12.012260437011719,12.339766502380371,1068.6732177734375,0.7995851039886475,0.6573408246040344,901.2886962890625,0.4940425753593445,11.322641372680664,10.95700454711914,937.7542724609375,0.8132652640342712,0.15748530626296997,457.6554870605469,0.1509159803390503,5.5480170249938965,7.49729585647583,725.7833251953125,0.09956513345241547,3mgml,shg,roi1,6137.875557490225,62374.37587738037,31079.476654052734,160.86701003697834,65287.68950653076,59748.67388153076,8574.410198200678,6838.130118400636,1965.5950679686005,60513.6764831543,8871.361291849951,8781.891434506353,9046.992462426686,9019.726570136852,18972.735679626465,3050.6955645161293,6805.55254918133,9245.569816104595,60240.388244628906,7776.9478479349955,407.98168109123463,4505.0,65514.0,31077.0,13.0,65522.0,61535.0,6524.0,4787.0,972.0,62125.0,7255.0,7195.0,7343.0,7331.0,18973.0,113.0,5577.0,7243.0,61934.0,6675.0,68.0,5753.059141034886,6701.69007060696,6097.512514559426,2189.600424970477,744.3228446749475,969.8971908311836,5807.423380024741,7532.524327124946,2719.934032609444,4787.211065905953,6939.219904738769,6851.203225598091,7184.895776430107,7140.9861481191665,11.678616700972754,6826.5702099008795,5279.697374012063,7801.319221383734,5362.458873108415,6021.864669232508,1018.9577581689437,D1,N8,t,appliedMASKiso_3mgml_roi1_8bit.ome
appliedMASKiso_shg_3mgml_roi1_8bit.ome,35,55.542425,62.0169,0.93419,3.7416375,48.5495,55.0035,0.94109,3.66855,40.0,32.87711603,29.50821369,0.035069804,0.742888078,35.0,5228,23.0713,4013,100,40.13,23,1.3241,0.0186,0.1282,0.4337,131072,0.6460843086242676,954.6710815429688,0.49990350008010864,11.990351676940918,12.83123779296875,1108.869140625,0.7993156313896179,0.6607893109321594,936.281005859375,0.5225205421447754,11.573528289794922,11.781351089477539,1054.5654296875,0.8152335286140442,0.16738981008529663,470.05126953125,0.15749391913414001,5.792045593261719,7.980374813079834,690.0115966796875,0.10620740056037903,3mgml,shg,roi1,6390.788703264163,62399.926025390625,31041.854530334473,170.28906389150404,65261.79219818115,59454.455825805664,8974.523182196563,7154.005911059179,2081.2227982840495,60281.49059295654,9203.075326836044,9106.654847400194,9411.682711460822,9379.148661746636,18973.30490875244,3121.4012833168804,6931.064878767295,9637.84881972693,59962.803802490234,8007.279701440139,457.4536244934714,4789.0,65517.0,31080.0,15.0,65518.0,61285.0,6944.0,5116.0,1013.0,61991.0,7528.0,7452.0,7667.0,7642.0,18973.0,101.0,5616.0,7636.0,61734.5,6992.0,74.0,5729.204840258543,6756.260541715156,5945.719460128435,2101.9708635529078,665.9501837221413,955.5006772197193,5993.769463479069,7666.456849499309,2875.1324148039034,4990.166184527065,7117.566871492309,7027.305608033903,7363.96249146407,7320.131557268335,151.3727933266818,7044.577795108165,5391.840821679756,7930.919106224785,5574.3002788529775,5842.14186956815,1123.7495989815866,D1,N8,t,appliedMASKiso_3mgml_roi1_8bit.ome
appliedMASKiso_shg_3mgml_roi1_8bit.ome,36,61.17825122,63.83663415,0.921726341,3.835104878,54.293,58.926,0.93258,3.7696,41.0,35.06488003,24.66798652,0.050756353,0.971866906,36.0,5686,21.0519,4401,100,44.01,27,1.3473,0.0168,0.1466,0.3972,131072,0.6019936800003052,1039.17626953125,0.4727117121219635,13.445630073547363,13.912505149841309,1120.5120849609375,0.7709478735923767,0.6034862995147705,1035.81591796875,0.49703991413116455,13.288171768188477,12.84434700012207,1051.8062744140625,0.7799306511878967,0.16863574087619781,458.6534423828125,0.1577085554599762,5.871514320373535,7.960233688354492,642.5873413085938,0.11035934090614319,3mgml,shg,roi1,6684.237346216076,62915.56276702881,31018.146995544434,204.77753548196333,65207.536964416504,58929.37316894531,9393.706032356826,7415.991983325317,2417.7419500267442,59758.93704223633,9878.718998992581,9789.700590713435,10042.821740391366,10018.234079738682,18972.67568206787,2996.3876556578234,7619.530253075678,10182.999740513478,59441.96007537842,8180.419093628842,572.6467466406681,4994.0,65523.0,31079.0,15.0,65516.0,61002.5,7223.0,5338.0,1128.0,61720.0,7961.5,7886.0,8076.0,8061.5,18973.0,114.0,6081.0,8002.0,61454.0,7254.0,81.0,5898.506618513329,6905.384753149641,5599.628465507177,1984.5990821837736,826.1047379531695,1138.072485463645,6571.263324273161,7945.162608829196,3451.8947566903166,5622.461406433489,7679.172762419398,7599.862066041913,7878.118872976493,7843.318145360992,9.057880595067761,6770.447490744324,5907.198266746111,8333.570395596245,6164.123625693337,5718.059841709389,1576.5859196026033,D1,N8,t,appliedMASKiso_3mgml_roi1_8bit.ome
appliedMASKiso_shg_3mgml_roi1_8bit.ome,37,66.15763171,62.31880488,0.917761951,3.784802439,57.171,49.279,0.9251,3.6865,41.0,34.88143429,27.13057253,0.063530469,0.948059587,37.0,5654,21.1823,4348,118,36.8475,22,1.3485,0.0199,0.1586,0.3833,131072,0.5680075287818909,1119.979736328125,0.4758656620979309,14.610504150390625,15.228799819946289,1193.0797119140625,0.7486546039581299,0.5684716701507568,1121.674072265625,0.4984895884990692,14.443790435791016,14.165542602539062,1140.5126953125,0.7573708295822144,0.16839000582695007,461.43463134765625,0.13901667296886444,5.940249919891357,8.1722993850708,632.18359375,0.1116388663649559,3mgml,shg,roi1,6855.045397649214,63021.59907531738,31039.231704711914,249.76680784469588,65157.968101501465,58667.36350250244,9691.549961814571,7626.87546968077,2523.1953244449883,59538.264724731445,10171.256747061518,10078.170225919706,10349.094252785835,10322.302740039688,18972.938102722168,3212.5995694294943,7789.198786444817,10479.007785070982,59190.50949859619,8226.757090520532,629.3775790569483,5009.0,65525.0,31100.0,17.0,65516.0,60937.0,7293.0,5373.0,1171.0,61617.0,8097.0,8029.0,8185.0,8172.0,18973.0,131.0,6236.0,8063.0,61358.5,7253.5,86.0,6193.480289140387,7273.446641984192,5531.5658246488265,2025.902968432225,942.5988836494013,1333.912281559956,6958.461898020673,8464.655005842864,3537.527542176274,5885.122609364012,8033.504101668277,7940.247036074019,8292.1589820476,8247.232474225344,96.77292768791276,7079.518663589783,5973.514509331076,8810.874211298995,6494.029393171101,5697.8838496181725,1727.8110124390307,D1,N8,t,appliedMASKiso_3mgml_roi1_8bit.ome
appliedMASKiso_shg_3mgml_roi1_8bit.ome,38,65.11991017,58.26501695,0.921243559,3.768945763,51.766,50.13,0.92994,3.6432,59.0,39.99812447,26.37501294,0.044377113,0.74552811,38.0,5731,20.8709,4502,117,38.4786,36,1.3504,0.0236,0.1664,0.3625,131072,0.5570700764656067,1187.652099609375,0.4986405372619629,15.192635536193848,16.731752395629883,1336.8868408203125,0.7399121522903442,0.5611673593521118,1173.2864990234375,0.5289064645767212,14.806593894958496,15.016095161437988,1283.468505859375,0.7524542808532715,0.17820611596107483,512.1972045898438,0.1345788687467575,6.456367492675781,9.675225257873535,755.978271484375,0.12110722064971924,3mgml,shg,roi1,6899.7325383435,62927.744468688965,31001.07805633545,303.0780099861018,65114.1732711792,58727.49555206299,9704.566435116196,7654.993267459899,2436.9029995180576,59642.30759429932,10032.660393779535,9933.520021070794,10249.09167321948,10215.856138395413,18972.975830078125,3113.0292708887705,7525.870987197202,10462.143434081245,59276.51467895508,8219.814538847366,639.282212249345,4794.0,65525.0,31094.0,20.0,65519.0,61186.0,7031.0,5196.0,1091.0,61815.0,7778.0,7725.0,7867.0,7854.0,18973.0,137.0,6004.0,7724.0,61587.0,7060.0,81.0,6516.587500162061,7559.075424955684,5712.485342853525,1921.994810643977,1108.2634450489854,1480.9882276115782,7030.214743591703,8746.996719553044,3356.864913619001,5821.502320451886,8113.032888409089,8004.524259488207,8425.11821452084,8370.87113566014,96.56052020583422,6796.045762583282,5871.840633873342,9103.162459467516,6501.321934377854,5931.109146506192,1570.4867253117661,D1,N8,t,appliedMASKiso_3mgml_roi1_8bit.ome
appliedMASKiso_shg_3mgml_roi1_8bit.ome,39,69.44063148,59.73240741,0.927661852,3.825118519,57.0225,52.3685,0.933635,3.72715,54.0,43.88896384,26.7543837,0.035922033,0.704017592,39.0,5856,20.3827,4592,131,35.0534,31,1.3555,0.0241,0.1779,0.3428,131072,0.5371889472007751,1264.1331787109375,0.5130563974380493,16.028438568115234,18.048757553100586,1449.7984619140625,0.7258856296539307,0.5317264795303345,1252.488525390625,0.5351403951644897,15.916146278381348,16.810543060302734,1405.872802734375,0.7330336570739746,0.18060414493083954,540.7764282226562,0.12934869527816772,6.739461898803711,10.055587768554688,782.7240600585938,0.12546323239803314,3mgml,shg,roi1,6964.473821230074,62980.42419433594,30966.795753479004,372.93051483756284,65058.230529785156,58760.95295715332,9763.1761279819,7781.8536203193435,2429.969030273348,59686.454093933105,9952.04084468332,9845.06221370549,10194.213659683626,10156.298112746596,18972.98223876953,3147.0726287262873,7391.8307961277715,10476.736234959995,59305.49744415283,8261.6658370488,692.2135708479376,4713.0,65526.0,31091.0,21.0,65521.0,61381.0,6891.0,5151.0,1030.0,61975.0,7558.0,7500.0,7641.0,7625.0,18973.0,115.0,5810.0,7535.0,61760.0,7035.5,77.0,6792.408268527701,7926.333298067962,5778.8646806100005,1973.6783556354562,1343.8532257675822,1670.7622522268466,7160.7448849673565,9024.822112690845,3411.7681450215655,5906.909119434543,8236.122262134382,8119.620808799928,8577.63380043969,8518.080879581583,96.53117154348756,6974.9592029682835,5866.877611726135,9352.938691470365,6611.790748011164,6227.3150209831165,1678.2841541988919,D1,N8,t,appliedMASKiso_3mgml_roi1_8bit.ome
appliedMASKiso_shg_3mgml_roi1_8bit.ome,40,65.96903065,58.59122581,0.909938871,3.802379032,54.952,50.0145,0.919305,3.67815,62.0,43.10178332,26.75443082,0.043812496,0.827980647,40.0,5818,20.5289,4592,141,32.5674,39,1.3527,0.0211,0.1781,0.3265,131072,0.5414285659790039,1290.731689453125,0.5254350900650024,16.044422149658203,18.0828914642334,1499.2352294921875,0.7301427721977234,0.5239740014076233,1317.132568359375,0.540052592754364,16.504003524780273,17.79843521118164,1487.4146728515625,0.7276085615158081,0.17230595648288727,524.72705078125,0.12342044711112976,6.434889316558838,9.232893943786621,758.39990234375,0.11734430491924286,3mgml,shg,roi1,6795.298797812538,62744.68625640869,30965.312171936035,347.01143983673245,65093.68225097656,59077.77851104736,9413.711900573613,7499.603617590822,2279.6094133153506,59972.796646118164,9539.526999572285,9435.553296468288,9789.95188958817,9750.79227514359,18972.952476501465,3448.4697855750487,6976.846694366369,10136.95765611634,59616.76155090332,8156.997510081877,660.8705532187923,4471.0,65524.0,31072.0,22.0,65524.0,61781.0,6454.0,4840.0,887.0,62327.0,7041.0,6982.5,7128.0,7114.5,18973.0,127.5,5384.0,7074.0,62145.0,6796.0,67.0,6805.6667260261665,7767.993052551418,6106.757812862884,2022.584092987717,1085.8644136531227,1449.4657784018539,7062.304751550311,8913.61210593588,3282.650654576713,5789.428709348004,8164.663391979132,8049.736625541918,8510.58607135841,8451.044909064136,96.63771520162625,7553.2772164241005,5706.042599700791,9318.12417386522,6505.422900815154,6424.1962007273605,1595.695739037058,D1,N8,t,appliedMASKiso_3mgml_roi1_8bit.ome
appliedMASKiso_shg_3mgml_roi1_8bit.ome,41,67.43658923,58.67270769,0.916718769,3.741523077,54.638,48.807,0.92729,3.6809,65.0,48.26527731,27.74129844,0.048158981,0.812018084,41.0,6098,19.4944,4826,141,34.227,40,1.3674,0.019,0.1976,0.2969,131072,0.5081801414489746,1417.806884765625,0.5311065316200256,17.45942497253418,19.62908935546875,1617.0341796875,0.7085224390029907,0.49263128638267517,1413.8272705078125,0.5439064502716064,17.608932495117188,19.064613342285156,1591.7822265625,0.7065693140029907,0.16010437905788422,522.8212280273438,0.10245659947395325,6.217311859130859,8.8734130859375,729.53466796875,0.11043073236942291,3mgml,shg,roi1,6863.96071944315,63167.82064819336,30959.90724182129,425.17528719684776,65028.850578308105,59012.777099609375,9510.097215952996,7604.41894590273,2328.0069925244393,59912.98031616211,9588.698828689094,9481.002383881296,9850.376126040082,9809.221616913332,18972.95093536377,3211.606637168142,6948.174267835176,10225.554481620427,59546.2629776001,8152.692662688438,749.8174484613087,4498.0,65525.0,31068.0,24.0,65524.0,61769.0,6489.0,4840.0,890.0,62323.0,7079.0,7021.0,7169.0,7161.0,18973.0,99.0,5384.0,7130.0,62141.0,6852.0,74.0,6906.609009257902,7984.677414436201,5820.228097295817,2112.5178454273923,1632.373799744063,1853.7009407832866,7254.61660287334,9134.824460428003,3419.4600069550766,5958.146115479345,8340.770687554785,8221.08113955244,8699.76967570046,8638.022066842812,97.23131475779367,7400.92810926113,5724.265181321066,9513.9338264241,6697.111754212197,6401.0903633500675,1917.0557256109842,D1,N8,t,appliedMASKiso_3mgml_roi1_8bit.ome
appliedMASKiso_shg_3mgml_roi1_8bit.ome,42,68.99633016,62.35333333,0.923690794,3.686060317,53.82,51.048,0.93002,3.754,63.0,52.30486705,34.29653365,0.033359706,0.675091464,42.0,6466,18.2711,5112,176,29.0455,40,1.3799,0.0236,0.2172,0.2771,131072,0.4710693955421448,1576.31884765625,0.5133790373802185,19.2070369720459,21.58954429626465,1720.0465087890625,0.6815687417984009,0.4623491168022156,1562.758056640625,0.522344708442688,19.09039306640625,20.323062896728516,1634.02490234375,0.6848397254943848,0.15357987582683563,522.6964111328125,0.09641312807798386,6.155506610870361,9.704177856445312,731.4172973632812,0.11180583387613297,3mgml,shg,roi1,6890.342561108861,63503.76727294922,30890.98430633545,593.6173297601869,64905.11511230469,58930.692306518555,9567.721887919155,7611.387949777982,2412.0210424309544,59807.555030822754,9643.202066125175,9535.248187173825,9912.041223170554,9869.839516172167,18972.774032592773,3202.999578592499,6962.384128124212,10285.936258815798,59446.80962371826,8046.361953955361,875.415017627398,4522.0,65525.0,31043.0,27.0,65523.0,61736.0,6541.0,4858.0,922.0,62286.0,7125.0,7061.0,7218.0,7210.0,18973.0,110.0,5423.0,7168.0,62100.0,6894.0,80.0,6969.8538137406,8012.233259122198,5640.639874254658,2131.4031438200964,2620.1778646452212,2605.8545054094875,7419.4792774890875,9267.740434971449,3508.8645559996316,6101.244258429192,8447.538154320458,8321.887657105342,8829.397698321953,8764.03632380231,108.68509904548445,7064.926961083491,5701.129662272861,9654.162116498464,6860.858953017511,6167.505539630639,2379.748151860664,D1,N8,t,appliedMASKiso_3mgml_roi1_8bit.ome
appliedMASKiso_shg_3mgml_roi1_8bit.ome,43,75.3105587,56.79090217,0.909485543,3.617865217,63.897,51.582,0.925395,3.4999,92.0,53.814139,22.71762932,0.05367213,0.767515969,43.0,7379,15.763,5984,234,25.5726,45,1.4212,0.0242,0.2568,0.2432,131072,0.39159026741981506,1867.6734619140625,0.4940127432346344,22.743995666503906,26.365924835205078,1917.6231689453125,0.6175411939620972,0.3721064329147339,1899.83447265625,0.49015122652053833,23.356237411499023,25.506454467773438,1919.7064208984375,0.6159781813621521,0.1617504507303238,553.7591552734375,0.07479061186313629,6.716074466705322,11.789449691772461,700.9464111328125,0.1303652822971344,3mgml,shg,roi1,7336.549343589195,63695.260314941406,30876.685501098633,941.419858189949,64554.40353393555,58284.9921875,10163.348887458624,8009.606687507662,2793.1362022592793,59222.72717285156,10348.871967397372,10239.718228875958,10617.973751213805,10576.246630016745,18972.837440490723,3274.5871168024837,7360.3392768394415,10999.46781407938,58829.089210510254,8197.685733291535,1225.1968924645337,5239.0,65525.0,31035.0,31.0,65508.0,60908.0,7433.0,5498.0,1230.0,61581.0,8089.0,8023.0,8199.0,8190.0,18973.0,100.0,6004.0,8234.0,61316.0,7414.0,127.0,6995.581168944526,8081.852202388908,5517.527896961683,2115.3426477470907,4133.075505065406,4098.697973544865,7754.64901940075,9396.715098258534,3934.071864059352,6471.623197810236,8579.093536821469,8453.21657059142,8968.980198533405,8902.444456768815,108.1057281551955,7163.2602773868275,5695.077036819366,9782.702006292378,7213.788369812261,5617.17622151456,3507.2979606914873,D1,N8,t,appliedMASKiso_3mgml_roi1_8bit.ome
appliedMASKiso_shg_3mgml_roi1_8bit.ome,44,77.81273298,54.96020213,0.911256915,3.638615957,68.0595,47.92,0.92267,3.52425,94.0,56.43610052,26.04252351,0.04357989,0.785291531,44.0,7318,15.911,5969,208,28.6971,40,1.4185,0.0341,0.2467,0.2005,131072,0.39211058616638184,1753.3702392578125,0.4872065782546997,22.097864151000977,25.943134307861328,1781.2635498046875,0.6146885752677917,0.37499913573265076,1775.385986328125,0.48922815918922424,22.425756454467773,24.425216674804688,1752.57177734375,0.6182804107666016,0.17459650337696075,543.5718383789062,0.07761155068874359,6.982914447784424,12.955121040344238,676.8345947265625,0.14528296887874603,3mgml,shg,roi1,6801.363821433764,63513.4072265625,30874.758298937217,905.0652464343744,64608.027343958616,58581.42344665527,9596.915439258646,7463.418262297094,2873.369663941871,59346.260513305664,9977.86636614803,9886.20124289202,10192.49201380651,10160.29671750993,18972.926956176758,3088.3261973875183,7376.296572097686,10385.091311235774,59049.51904296875,7579.581281617597,1279.743885738364,5033.0,65522.0,31020.0,28.0,65510.0,61000.0,7188.0,5231.0,1211.0,61642.0,7868.0,7801.0,8006.0,7988.0,18973.0,94.0,5849.0,7984.0,61397.0,6894.0,131.0,6448.216143158274,7439.121796116585,5690.613996470757,2176.818083529167,4148.580720369315,4072.916822565645,7475.703604445166,8816.049635487998,4201.031893904488,6367.924517974018,8304.977375850784,8197.821460106928,8620.769396909523,8567.100340149358,96.4914083926843,6990.232825827059,5797.256272704376,9219.97255965591,7012.455978437326,5162.49777328443,3854.467174673127,D1,N8,t,appliedMASKiso_3mgml_roi1_8bit.ome
appliedMASKiso_shg_3mgml_roi1_8bit.ome,45,78.2556375,48.294,0.900249091,3.678685227,68.473,41.5705,0.920345,3.5374,88.0,55.34070188,18.90676136,0.064056785,0.892545095,45.0,7428,15.6458,6145,201,30.5721,49,1.4239,0.0289,0.2367,0.1767,131072,0.36117932200431824,1502.0909423828125,0.4107704758644104,21.496212005615234,23.338069915771484,1314.3756103515625,0.5880879759788513,0.34093672037124634,1528.0361328125,0.4122282862663269,21.925010681152344,21.96622085571289,1312.2442626953125,0.5905160307884216,0.17242856323719025,431.4784851074219,0.07782808691263199,6.39567756652832,11.479565620422363,456.9900817871094,0.1496485322713852,3mgml,shg,roi1,5728.805556829123,63271.472648620605,30875.52870941162,539.9065102386919,64931.265449523926,58869.78192138672,8343.119353060943,6134.664651041747,3457.1459395449338,59134.58799743652,9751.332378157811,9721.450116913484,9702.22932618098,9715.126396466614,18972.986602783203,2980.925861468848,8459.25816484037,9300.478298412116,59116.54362487793,6410.9729723534,1291.3637908020871,4214.0,65518.0,30998.0,20.0,65517.0,61156.0,6226.0,4325.0,1442.0,61368.0,7718.0,7706.0,7606.5,7633.0,18973.0,95.0,6817.0,7112.0,61387.0,5650.0,126.0,5372.379321254318,6096.940230990546,5921.614159791727,2247.632689751169,2542.409436864526,2710.23249671648,7133.379453405861,7646.081820860143,5251.308084855485,6481.094800875855,8091.594784163235,8040.331217203374,8180.561337195889,8166.636522428782,96.36825044993897,6710.2134571241495,6701.534512859823,8201.909325058048,6882.495654710396,4458.780293324123,3999.991299346298,D1,N8,t,appliedMASKiso_3mgml_roi1_8bit.ome
appliedMASKiso_shg_3mgml_roi2_8bit.ome,1,92.52659286,46.34088095,0.908361905,3.354933333,96.8645,39.8155,0.91321,3.2272,42.0,40.21137374,16.29124814,0.038211296,0.809751792,1.0,4740,25.6525,4001,89,44.9551,23,1.2941,0.0194,0.0934,0.1701,131072,0.5024452805519104,725.6885986328125,0.35140377283096313,13.115660667419434,12.259034156799316,606.0932006835938,0.6997796297073364,0.5071913003921509,718.642822265625,0.3560956120491028,12.860532760620117,10.834613800048828,562.9974365234375,0.7160695791244507,0.1852523237466812,282.7474670410156,0.12343086302280426,5.154118537902832,7.400160312652588,313.7516174316406,0.1380959004163742,3mgml,shg,roi2,4016.714282390352,59986.653717041016,28962.372817993164,214.01263622100666,65383.9563369751,62409.779373168945,4538.366501522586,3360.8018823269535,1300.8931387146379,62379.63293457031,5132.560483964789,5148.668011013301,5127.474394074534,5130.247721720247,42126.97682952881,2799.5244946899625,4508.223864738046,4641.092348857952,62423.984687805176,6465.142009539691,430.8504016180295,2408.0,65356.0,28617.0,9.0,65534.0,64141.5,2863.0,2022.0,334.0,64124.0,3312.0,3328.0,3297.0,3298.0,42130.0,92.0,2897.0,2898.0,64171.0,5419.0,32.0,4817.264972516835,4071.1923542005384,9401.502998333683,3373.9563685897742,1064.9847100953627,897.7799911954576,4479.233631498998,5125.166009243739,2621.9000998483166,4355.486992525687,5640.694957315954,5652.1443365542755,5654.263527779788,5652.7979757793855,115.55057592875791,6968.406301319316,4974.812895586322,5287.990325210874,4464.031659072356,5517.962286440272,1454.686596484382,D1,N8,t,appliedMASKiso_3mgml_roi2_8bit.ome
appliedMASKiso_shg_3mgml_roi2_8bit.ome,2,84.50520556,45.46705556,0.902127222,3.544913889,95.442,41.9615,0.926135,3.25105,36.0,42.2339769,16.42625942,0.088593318,0.882100978,2.0,4467,27.3425,3749,103,36.3981,29,1.2761,0.0258,0.0892,0.1738,131072,0.5391830205917358,675.8856201171875,0.3842077851295471,12.078485488891602,11.582419395446777,600.30078125,0.7255944013595581,0.5402575731277466,662.4398803710938,0.3846469819545746,11.79271411895752,10.140210151672363,542.0066528320312,0.7391542792320251,0.18876200914382935,291.3471984863281,0.12507320940494537,5.256142616271973,7.430963516235352,336.5897216796875,0.13715267181396484,3mgml,shg,roi2,4198.057726002009,59895.67399597168,28989.2915725708,220.3291337214354,65382.94608306885,62343.785064697266,4691.854095569895,3501.6261847262363,1311.5214187954334,62336.747467041016,5246.155890575235,5260.592452712647,5252.696784693615,5253.48710061752,42128.33884429932,2390.521817526145,4624.157183238979,4798.450158468116,62365.206298828125,6781.393164456419,422.68762131068473,2423.0,65370.0,28648.0,9.0,65534.0,64191.0,2904.0,2061.0,321.0,64179.0,3294.0,3305.0,3295.0,3296.0,42130.0,76.0,2897.0,2907.0,64220.0,5530.0,31.0,5166.254222114762,4359.486244163553,9606.135109165847,3320.089927043695,1207.0129298081617,950.5931843565627,4710.8881593106635,5410.342894832492,2713.595658743042,4565.7629139362825,5908.20553798582,5920.0884045377325,5929.184608585685,5926.498843087413,105.29566098873212,6059.564759087445,5245.070081033267,5593.103512479253,4685.302981164813,5997.205807989881,1442.4228860690637,D1,N8,t,appliedMASKiso_3mgml_roi2_8bit.ome
appliedMASKiso_shg_3mgml_roi2_8bit.ome,3,85.20334091,51.24684091,0.909690909,3.64605,88.6985,46.774,0.917965,3.5302,44.0,38.06999111,18.79908584,0.041932025,0.747711034,3.0,5061,23.8986,4219,121,34.8678,23,1.3107,0.0168,0.1056,0.165,131072,0.47928622364997864,739.5587158203125,0.3834145963191986,13.526877403259277,13.122172355651855,641.6533203125,0.6838950514793396,0.47911542654037476,729.6722412109375,0.3856262266635895,13.30140209197998,11.973514556884766,613.64599609375,0.6976130604743958,0.18327735364437103,277.1299133300781,0.12159687280654907,5.122939586639404,7.213542461395264,298.5186462402344,0.1366400122642517,3mgml,shg,roi2,4845.968228808251,60932.524742126465,28824.579208374023,258.15819566760683,65324.54211425781,61634.29739379883,5449.1154619420095,4049.0616184462665,1696.699628456082,61638.83223724365,6131.384323943988,6149.193611740418,6133.1894286752595,6135.12345841291,42126.46147155762,2252.8789209535757,5345.546504704982,5573.998987095128,61653.209732055664,7317.700597691195,591.1314101491472,2816.0,65469.0,28641.0,15.0,65534.0,63827.0,3388.0,2411.0,405.0,63853.0,3882.0,3896.0,3871.0,3875.0,42129.0,91.0,3353.0,3399.0,63868.0,6244.0,45.0,5669.84299290615,4688.5421023733215,8762.70315266011,3095.025734902786,1129.7994930537172,1023.8186018562599,5433.252729534014,5975.368649731348,3263.322633806934,5328.845696195182,6662.73596887107,6678.207150915508,6665.738946649705,6666.361129002355,127.11722235373249,5809.970061688035,5908.922710922927,6234.302857469151,5432.588256957775,6033.427227016756,1734.8512806026604,D1,N8,t,appliedMASKiso_3mgml_roi2_8bit.ome
appliedMASKiso_shg_3mgml_roi2_8bit.ome,4,84.85370769,54.77694872,0.913603077,3.751651282,89.363,46.672,0.92518,3.6946,39.0,38.40514232,23.2622628,0.041229275,0.671015989,4.0,5019,24.1154,4220,113,37.3451,35,1.3085,0.0199,0.103,0.1927,131072,0.4980626404285431,701.0184936523438,0.39060178399086,12.830692291259766,12.467190742492676,610.3325805664062,0.6987849473953247,0.48639845848083496,698.677490234375,0.4113751947879791,12.740130424499512,11.890591621398926,611.5335083007812,0.7031845450401306,0.1821848452091217,270.48828125,0.11348336189985275,4.986614227294922,6.518389701843262,271.8475646972656,0.13048338890075684,3mgml,shg,roi2,5004.283617826523,61228.71098327637,28793.886390686035,189.29767827529022,65354.554512023926,61455.63953399658,5604.891865087113,4136.73390705411,1769.104630051747,61453.02226257324,6394.244952498649,6414.333760716769,6384.883640997915,6388.813215416699,42126.629470825195,2562.6174207448444,5605.725063721326,5786.283895883216,61467.08436584473,7548.288978141654,568.8265430188345,2925.0,65485.0,28648.0,16.0,65534.0,63776.0,3468.0,2476.0,415.0,63812.0,3991.0,4008.0,3975.0,3981.0,42130.0,108.0,3483.0,3505.0,63823.5,6507.0,48.0,5659.135868821656,4588.275756179384,8451.957953785586,3024.2238872785324,602.0716648457791,716.354406129756,5535.3743846783045,5993.674944364987,3282.7812491125437,5467.545095331564,6828.170816570648,6846.619940036263,6808.771262082411,6813.367119026598,119.36038386572407,6217.008469222783,6093.338705118436,6320.338792996903,5562.90526525867,5996.587829510662,1550.1054355480276,D1,N8,t,appliedMASKiso_3mgml_roi2_8bit.ome
appliedMASKiso_shg_3mgml_roi2_8bit.ome,5,87.12139474,55.18705263,0.902216579,3.419523684,86.322,45.2295,0.91076,3.49815,38.0,36.55614934,24.76473606,0.050815255,0.620142759,5.0,4777,25.4383,4063,113,35.9558,27,1.2937,0.0114,0.0951,0.223,131072,0.5160045027732849,684.1773071289062,0.38027772307395935,12.4375581741333,11.778847694396973,586.1405029296875,0.7121619582176208,0.49828723073005676,682.627197265625,0.40207234025001526,12.48779582977295,11.519309997558594,588.841064453125,0.7112289667129517,0.17992280423641205,277.99267578125,0.11618661880493164,5.007009506225586,6.16134786605835,274.60858154296875,0.125207781791687,3mgml,shg,roi2,5039.941961775196,61302.982276916504,28775.24941253662,169.9481943656646,65369.92362213135,61422.69898223877,5672.151614460082,4179.698109976336,1727.1371484521146,61429.793853759766,6455.032878569613,6475.754681806627,6451.734013296254,6454.807527867438,42127.60775756836,2772.801201011378,5630.413917156481,5838.125336065511,61436.2388381958,7709.028841931731,519.7364529337457,3056.0,65489.0,28663.0,14.0,65533.0,63671.5,3609.0,2580.0,435.0,63735.0,4145.0,4162.0,4134.0,4138.0,42130.0,103.0,3614.0,3655.0,63731.0,6765.0,43.0,5627.614639782079,4595.50902845232,8281.052343616,2935.277273373152,578.1992740005522,692.6606227435026,5515.596830659317,6022.8389507976235,3205.1875885959867,5446.627353316327,6795.66737173021,6813.57769326267,6795.2754987194385,6796.920468235835,132.56719643056047,6770.263651876131,6009.705739023642,6298.955995928389,5550.367454424655,5986.530505851025,1495.4741520977454,D1,N8,t,appliedMASKiso_3mgml_roi2_8bit.ome
appliedMASKiso_shg_3mgml_roi2_8bit.ome,6,78.81656591,54.90686364,0.897428864,3.389652273,80.567,45.772,0.92166,3.2934,44.0,33.11720367,24.63234958,0.093192262,0.694695509,6.0,4946,24.5008,4195,96,43.6979,36,1.3039,0.019,0.1073,0.1959,131072,0.44059503078460693,805.4796752929688,0.3337737023830414,14.835264205932617,13.563136100769043,630.4938354492188,0.6561384797096252,0.424494206905365,796.0549926757812,0.3360022306442261,14.753817558288574,13.058025360107422,627.1990356445312,0.657783031463623,0.17330563068389893,279.9629211425781,0.10530386865139008,5.120357513427734,6.434432029724121,256.4455261230469,0.13060644268989563,3mgml,shg,roi2,5489.781165238978,62446.07530212402,28694.965827941895,236.57431434873985,65310.55140686035,60886.79387664795,6244.383357684547,4586.769614323152,1998.2835442242592,60892.04026031494,7130.297424031139,7153.848843802198,7125.320042294314,7129.004175797232,42126.945388793945,2370.2371875,6130.947024840247,6404.753857823682,60887.50176239014,8115.612256156428,645.8984460224349,3472.0,65510.0,28676.0,14.0,65533.0,63249.0,4154.0,2956.0,540.0,63334.0,4761.0,4779.0,4764.0,4766.0,42130.0,96.0,4069.0,4185.0,63306.0,7484.0,52.0,5953.636266413085,4874.075734267985,6948.096057691643,2856.017786948254,993.0680775666303,1049.055807615115,6016.043561441748,6397.567156476629,3715.298854734793,5982.775708016178,7240.500692227809,7258.775798141448,7234.707053608877,7237.18611542545,132.23254986366348,5969.341476949496,6365.865783228492,6686.438747002044,6074.638802984738,5887.530718092135,2036.735487969855,D1,N8,t,appliedMASKiso_3mgml_roi2_8bit.ome
appliedMASKiso_shg_3mgml_roi2_8bit.ome,7,95.07765476,54.73930952,0.907032143,3.436109524,91.249,47.006,0.91288,3.39045,42.0,41.54017697,28.5575167,0.05713902,0.695832591,7.0,5051,23.9499,4267,101,42.2475,34,1.3097,0.0199,0.112,0.1913,131072,0.4116629362106323,861.5951538085938,0.31518274545669556,15.888639450073242,14.393105506896973,658.1229248046875,0.6324642896652222,0.3940143883228302,866.8406372070312,0.31219831109046936,16.06378173828125,13.53632926940918,635.4869384765625,0.633621335029602,0.17356714606285095,288.6401062011719,0.11461430788040161,5.290473461151123,6.772771835327148,268.9769287109375,0.13603129982948303,3mgml,shg,roi2,5792.750181504153,62988.85807800293,28678.674072265625,277.65755549255374,65276.80458068848,60586.33808135986,6533.296417263533,4793.225354277459,2121.2526093922565,60608.14176940918,7518.454325912679,7544.560668240976,7506.167190162857,7511.291430711267,42127.661964416504,2343.1499672560576,6444.385476610802,6748.625000955285,60601.12525177002,8454.843936997042,685.2825560595729,3705.0,65517.0,28676.0,15.0,65532.0,62988.0,4376.0,3098.0,599.0,63084.0,5140.0,5163.0,5128.0,5131.0,42130.0,86.5,4330.0,4487.0,63052.0,7861.0,54.0,6185.158825194165,5052.319469984812,6200.436767733099,2792.6663703370855,1373.2122955353202,1328.3663412631024,6273.617964564596,6587.21118474977,4014.694605860587,6247.1062195075865,7458.868139131921,7478.932228428807,7447.255791098859,7450.6712890445915,90.373341468689,5848.280994150944,6583.618980324347,6906.594047265031,6323.476122044991,5951.046624269946,2348.5407247005737,D1,N8,t,appliedMASKiso_3mgml_roi2_8bit.ome
appliedMASKiso_shg_3mgml_roi2_8bit.ome,8,91.27049167,50.78202778,0.899290556,3.413283333,92.169,40.9315,0.91419,3.41265,36.0,42.45471213,27.65810448,0.052564023,0.67730662,8.0,4821,25.1879,4093,96,42.6354,25,1.3026,0.0188,0.101,0.1693,131072,0.44493937492370605,819.3690795898438,0.3275582790374756,14.960373878479004,13.52737808227539,649.292236328125,0.6580759286880493,0.4409545958042145,807.5868530273438,0.32606709003448486,14.829670906066895,12.201268196105957,602.8156127929688,0.6685798168182373,0.1768595278263092,291.5288391113281,0.12960124015808105,5.302675724029541,6.779443264007568,298.9564514160156,0.13570187985897064,3mgml,shg,roi2,5895.329848213876,63056.752754211426,28610.603256225586,286.45886757446243,65275.36386871338,60578.858627319336,6610.496573371296,4889.606547815476,2064.287480943205,60638.257095336914,7552.946072362086,7576.497332660766,7551.186171107137,7554.378769813974,42126.730865478516,2632.78650617675,6455.989193072561,6824.0038519741365,60613.11946105957,8683.275584292505,647.1339683964981,3792.0,65516.0,28660.0,13.0,65532.0,62933.0,4477.0,3189.0,597.0,63045.0,5209.0,5226.0,5197.0,5202.0,42129.0,107.0,4362.0,4573.0,63005.0,8046.0,50.0,6286.740814339253,5147.602518268995,5975.025589384249,2668.8665840310036,1668.3803855475435,1484.167542526351,6283.360724654208,6624.998568096191,3967.3202732928858,6230.253715610097,7446.702317020859,7464.554362276177,7440.486661149444,7442.708424803317,94.8504639115245,6065.4549945420995,6573.636487008132,6947.239950691491,6312.515430942207,6095.396935819061,2355.71139874157,D1,N8,t,appliedMASKiso_3mgml_roi2_8bit.ome
appliedMASKiso_shg_3mgml_roi2_8bit.ome,9,98.36410968,56.18877419,0.92026,3.558767742,98.427,54.363,0.92482,3.6549,31.0,44.14860822,27.77400057,0.030683791,0.733930213,9.0,4683,25.9891,3946,93,42.4301,26,1.2951,0.0202,0.0913,0.137,131072,0.4995642602443695,742.5343627929688,0.36514297127723694,13.340506553649902,12.478787422180176,637.6320190429688,0.6979911923408508,0.5134252309799194,709.42578125,0.3710708022117615,12.70077896118164,10.598007202148438,548.7567749023438,0.7206125855445862,0.18326064944267273,296.89154052734375,0.13840961456298828,5.322075366973877,7.093016624450684,329.52789306640625,0.13557110726833344,3mgml,shg,roi2,6003.077459837055,62717.2684957008,28624.323196411133,297.1410227456041,65264.18737030029,60569.40822601318,6649.90093384856,4943.134027969454,2040.548665110455,60661.31350708008,7551.122139679919,7571.455809296709,7558.2577383409,7559.681218568961,42126.77158355713,2561.8809135399674,6458.733082649303,6886.700142156188,60620.927673339844,8831.804879167239,627.7094265997732,3889.0,65509.0,28659.0,13.0,65531.0,62848.0,4537.0,3241.0,622.0,62980.0,5276.0,5292.0,5276.0,5282.0,42130.0,103.0,4395.0,4662.0,62932.0,8141.0,50.0,6412.3702415728085,5221.55572878585,6342.278130572332,2578.36234334343,1806.9220547673951,1568.5158785048761,6265.588108437199,6686.787988518114,3891.3087691612245,6163.055358563424,7400.388145282536,7412.639244862212,7415.971390018053,7414.156702189368,90.33261952680562,6116.619994232478,6549.023138741175,7003.446838190706,6270.9492562332125,6208.330598243089,2287.2333813121745,D1,N8,t,appliedMASKiso_3mgml_roi2_8bit.ome
appliedMASKiso_shg_3mgml_roi2_8bit.ome,10,99.66336061,53.14227273,0.91000303,3.701439394,95.356,50.859,0.92361,3.6015,33.0,47.65390883,16.47873313,0.060581177,0.740725873,10.0,4532,26.9217,3811,113,33.7257,16,1.2899,0.0253,0.0909,0.1435,131072,0.5181238651275635,723.7685546875,0.3862089216709137,12.840438842773438,12.525741577148438,643.7177734375,0.7090778946876526,0.5435541272163391,676.7103881835938,0.39894556999206543,11.897201538085938,10.524825096130371,594.15185546875,0.7411327958106995,0.19613777101039886,313.5936279296875,0.13623978197574615,5.627548694610596,7.878357410430908,340.1300048828125,0.14576922357082367,3mgml,shg,roi2,6126.890102577047,62291.889404296875,28642.344131469727,343.6343929504938,65224.06792449951,60467.94641113281,6775.574370199693,5055.499231950845,2117.8182979316325,60573.84689331055,7634.530646900888,7653.565015183851,7652.231046959023,7651.867345924073,42126.99411010742,2947.53522032808,6558.370172338619,7002.214708064652,60526.54968261719,8842.801699673375,679.8965500810064,3957.0,65503.0,28633.0,14.0,65530.0,62774.0,4618.0,3306.0,656.0,62900.0,5360.0,5378.0,5364.0,5368.0,42130.0,107.0,4493.0,4742.0,62847.0,8210.0,55.0,6586.445882048529,5383.010823719285,6754.454769198426,2537.365948101857,2009.727288052607,1692.9522471946289,6397.430892016288,6852.737224673739,3945.6991792825556,6258.735053327791,7496.507079755868,7504.777986436256,7528.442151941756,7523.610297579326,93.24758005772934,6901.041384613606,6620.267175878213,7157.600056062591,6386.532642234473,6114.620803336002,2266.144767543019,D1,N8,t,appliedMASKiso_3mgml_roi2_8bit.ome
appliedMASKiso_shg_3mgml_roi2_8bit.ome,11,94.7168,58.23092105,0.917961316,3.335923684,95.9025,52.234,0.92564,3.1531,38.0,46.22365385,22.55329086,0.035742901,0.660906125,11.0,4563,26.7252,3960,122,32.459,32,1.289,0.0243,0.0935,0.1424,131072,0.5260880589485168,703.0679931640625,0.40199437737464905,12.454663276672363,12.481178283691406,641.730712890625,0.7155271172523499,0.5472783446311951,663.9140625,0.4135257303714752,11.686324119567871,10.399580001831055,604.6534423828125,0.7438496947288513,0.1953648328781128,298.78277587890625,0.12952205538749695,5.412895202636719,7.9197468757629395,339.27032470703125,0.14332759380340576,3mgml,shg,roi2,6204.815539035165,62309.512786865234,28627.769760131836,313.5574332145007,65223.553565979004,60388.73496246338,6823.235267894886,5113.091670701807,2210.1570164701507,60478.26135253906,7764.300192170764,7783.618613767389,7760.319034093084,7763.331146210561,42126.82173156738,2589.9996577686516,6785.202016644591,7098.906410541064,60436.55150604248,8884.668195355745,703.9600162889585,4091.0,65507.0,28648.0,13.0,65530.0,62698.0,4719.0,3397.0,690.0,62819.0,5519.0,5538.0,5500.0,5506.0,42130.0,98.0,4688.0,4880.0,62772.0,8396.0,54.0,6566.179492401415,5431.377702391637,6786.572956206858,2521.918965891194,1121.363422131804,1256.9179543883001,6396.938998703212,6815.455599250831,4040.9585071022925,6276.922435078348,7519.860598957299,7527.444613238806,7528.591731370739,7527.320345702019,112.71893107746716,6080.637716052551,6793.695035464077,7154.487325302947,6397.844129793013,5996.7704273428835,2101.5543639786233,D1,N8,t,appliedMASKiso_3mgml_roi2_8bit.ome
appliedMASKiso_shg_3mgml_roi2_8bit.ome,12,97.72582308,57.25376923,0.911915769,3.411432692,99.4035,43.4595,0.91651,3.2444,52.0,45.25461549,30.56688156,0.030050597,0.611377218,12.0,5318,22.647,4611,102,45.2059,29,1.3301,0.0318,0.1099,0.1573,131072,0.4625409245491028,778.0031127929688,0.3919100761413574,14.099847793579102,13.847996711730957,680.5780639648438,0.6728023886680603,0.4692409038543701,765.4509887695312,0.3898969292640686,13.691652297973633,12.591547012329102,664.49755859375,0.6904547810554504,0.1731148511171341,262.7529296875,0.118538498878479,4.867221832275391,7.081723213195801,291.7096252441406,0.13064467906951904,3mgml,shg,roi2,6560.258388670603,63100.214599609375,28660.098930358887,352.0455422673178,65184.6614151001,59954.742683410645,7275.23002858548,5389.1395693735785,2432.9295437836163,60037.16470336914,8325.870039750926,8350.063999754908,8319.921830840283,8323.836040838522,42126.646072387695,2751.2305850153953,7218.9560901633695,7561.177063946141,59993.61887359619,9207.538720770815,794.3145140186916,4463.0,65520.0,28683.0,15.0,65528.0,62352.0,5162.0,3721.0,797.0,62489.0,6039.0,6058.0,6011.0,6020.0,42129.0,117.0,5079.0,5323.0,62427.0,8995.0,69.0,6655.837508016583,5386.743516189713,6127.938916095977,2468.4122262349483,1606.1231701783622,1587.9845101514857,6662.588147175379,6952.527952602995,4270.687307022264,6577.258433667713,7794.183482141094,7808.006114413024,7791.762192465839,7793.017848640386,105.70031917881357,6497.811790376004,6974.315956431969,7332.229780831691,6676.834762309925,5936.476150269506,2521.37468548865,D1,N8,t,appliedMASKiso_3mgml_roi2_8bit.ome
appliedMASKiso_shg_3mgml_roi2_8bit.ome,13,98.94782326,55.59606977,0.912197674,3.401411628,95.44,45.474,0.91395,3.3258,43.0,39.24734295,27.83943484,0.033501508,0.802238423,13.0,4995,24.2408,4313,114,37.8333,37,1.3125,0.0276,0.1019,0.1822,131072,0.4834287762641907,742.9204711914062,0.39942559599876404,13.417252540588379,13.346244812011719,667.672607421875,0.6886541843414307,0.48302385210990906,732.067626953125,0.41021329164505005,13.141619682312012,12.063468933105469,639.2763671875,0.7005787491798401,0.17627941071987152,259.8740539550781,0.12324383109807968,4.784773349761963,7.031466960906982,307.1946716308594,0.12812843918800354,3mgml,shg,roi2,6319.826632569464,62760.04856109619,28578.55239868164,284.61961355736685,65236.79112243652,60198.21841430664,7009.301926240219,5191.047664068626,2276.473959302686,60278.37049865723,8017.179515646175,8040.708583766567,8011.647936174937,8015.419020420039,42127.63130187988,2398.9349816849817,6951.048864149701,7282.9888597088975,60240.326431274414,8987.425666311912,709.211494730088,4182.0,65515.0,28666.0,14.0,65530.0,62576.0,4840.0,3461.0,732.0,62695.5,5707.0,5732.0,5682.0,5691.0,42130.0,89.0,4851.0,5017.0,62648.0,8570.0,59.0,6503.011130241068,5318.975856356695,6411.732536440522,2478.4839256064356,1116.187308713522,1240.4197537371574,6461.63894671311,6844.936807638903,3951.869475517942,6345.960271676612,7607.296693083697,7619.103934737404,7620.432060328263,7619.1077861332105,77.13331558159099,6042.920423230734,6729.559206035526,7166.651346228116,6460.68966798574,5916.530242108429,2110.703388509713,D1,N8,t,appliedMASKiso_3mgml_roi2_8bit.ome
appliedMASKiso_shg_3mgml_roi2_8bit.ome,14,103.3512156,55.118125,0.919510625,3.59165625,104.23,45.394,0.920895,3.4094,32.0,48.64628915,24.14351532,0.028482214,0.819197163,14.0,4881,24.8537,4136,107,38.6542,30,1.3072,0.0246,0.0983,0.1691,131072,0.47607842087745667,767.2852172851562,0.3677748441696167,13.860244750976562,13.614418029785156,662.435546875,0.6797960996627808,0.48409831523895264,733.5269165039062,0.36138981580734253,13.26213550567627,11.497304916381836,593.9659423828125,0.7006829977035522,0.19234496355056763,292.8883361816406,0.13319876790046692,5.3553032875061035,8.132613182067871,339.76513671875,0.14416582882404327,3mgml,shg,roi2,6218.604964376005,62752.36324310303,28574.28564453125,305.4856370920158,65231.0799407959,60295.40330505371,6923.347685609004,5123.183120369872,2204.349887796951,60385.10715484619,7889.449574810388,7912.916003983759,7891.878503026124,7894.414893128017,42127.31844329834,2500.41906049341,6769.25774151536,7167.706121198192,60348.83856964111,8878.869547230523,705.1051396318925,4098.0,65513.0,28650.0,13.0,65530.0,62655.0,4779.0,3384.0,689.0,62773.0,5588.0,5615.0,5579.0,5581.0,42129.0,106.0,4721.0,4918.0,62727.0,8422.0,56.0,6489.4319808724795,5294.994179614192,6425.825114760898,2574.8868468071937,1131.672727948098,1250.4691799973084,6433.945064693452,6802.755114860209,3905.214608001297,6296.752487398409,7562.190858668917,7574.998170898907,7574.39562009104,7573.310468872979,82.62423033917848,6087.902435402724,6597.435294047375,7129.910170073431,6406.345886018603,5904.376474258648,2084.98677131129,D1,N8,t,appliedMASKiso_3mgml_roi2_8bit.ome
appliedMASKiso_shg_3mgml_roi2_8bit.ome,15,91.384098,52.69896667,0.904001333,3.702826667,92.817,44.9155,0.913065,3.5452,30.0,41.52358799,19.03965459,0.041912206,0.994128611,15.0,4784,25.3982,4035,119,33.9076,28,1.3018,0.0196,0.0949,0.1566,131072,0.48777884244918823,748.490966796875,0.35788610577583313,13.546335220336914,13.123598098754883,634.67236328125,0.6873704195022583,0.5082129836082458,712.509765625,0.35970234870910645,12.813821792602539,10.583782196044922,557.986328125,0.7168726921081543,0.1967834085226059,300.7283020019531,0.13553152978420258,5.490755558013916,8.15390396118164,331.5785217285156,0.14767782390117645,3mgml,shg,roi2,6130.314268194535,62733.596199035645,28542.116569519043,277.22263781702253,65254.55977630615,60411.96690368652,6836.381621064294,5079.654242713366,2135.655158263132,60507.430755615234,7748.3993791438315,7769.82980109608,7758.857532671598,7759.907722377649,42127.691329956055,2899.5702273435068,6665.536021155099,7056.590196604453,60466.087478637695,8855.678618786647,678.7979736575481,4057.0,65512.0,28637.0,12.0,65531.0,62720.0,4719.0,3358.0,671.0,62831.0,5527.0,5550.0,5508.0,5513.0,42129.0,106.0,4688.0,4863.0,62789.0,8392.0,54.0,6416.204076032881,5283.091703562914,6472.744060037898,2555.0919030965915,960.7474693981736,1109.3122821443012,6349.497718449809,6789.503748957139,3769.6971215244175,6198.507001216091,7480.597677752618,7492.84416801947,7509.956032446653,7506.154326645008,93.07433440405092,6731.686122786698,6512.491691600516,7062.091603857647,6317.431141664105,5966.980312978836,1966.8004408559968,D1,N8,t,appliedMASKiso_3mgml_roi2_8bit.ome
appliedMASKiso_shg_3mgml_roi2_8bit.ome,16,99.16138364,57.54041818,0.910504727,3.633134545,98.499,46.258,0.91303,3.484,55.0,42.87668726,27.47229945,0.042956894,0.854495453,16.0,5857,20.3789,4927,118,41.7542,49,1.3545,0.0195,0.1397,0.1709,131072,0.3174927830696106,984.5950317382812,0.3008872866630554,18.614349365234375,17.9345703125,734.2685546875,0.5518554449081421,0.3191192150115967,988.8521728515625,0.30186736583709717,18.42751693725586,15.89183521270752,703.6278076171875,0.5717177391052246,0.15642960369586945,237.78346252441406,0.1159096211194992,4.668331146240234,8.286130905151367,242.70025634765625,0.14348778128623962,3mgml,shg,roi2,7225.674692074941,63955.84449005127,28417.35666656494,484.0109560436656,65024.721199035645,58992.121658325195,8177.772495079381,5989.885420416165,3024.156062212796,59027.685401916504,9423.026192732052,9456.658867936061,9414.210451114031,9419.73342706073,42126.840576171875,2419.1018317292765,7922.932011980806,8440.255913994926,59003.62187194824,9456.539701702375,1169.3218651178383,5092.0,65526.0,28680.0,18.0,65523.0,61533.0,6009.0,4239.0,1086.0,61665.0,7107.0,7136.0,7089.0,7094.0,42129.0,102.0,5860.0,6181.0,61591.0,9496.5,107.0,7079.049429342679,5827.366996201662,4935.327804094548,2154.230609183117,1709.0269947580846,1850.990839808835,7458.589867416865,7593.764925745348,4900.696697172261,7413.896983919008,8474.853283195576,8494.02268514056,8493.70647571177,8492.363332420946,87.93093071816622,6139.968902961843,7205.765639837076,7893.211387488441,7483.044894475777,5656.238441881203,3111.1881896593222,D1,N8,t,appliedMASKiso_3mgml_roi2_8bit.ome
appliedMASKiso_shg_3mgml_roi2_8bit.ome,17,90.29388511,51.87810638,0.91056766,3.666031915,90.855,46.133,0.91412,3.656,47.0,38.9109712,19.44654668,0.039813299,0.847898812,17.0,5077,23.817,4268,110,38.8,28,1.3237,0.0204,0.11,0.1777,131072,0.42810365557670593,818.1444091796875,0.3317958116531372,15.164772987365723,14.15188980102539,651.4708862304688,0.6453425288200378,0.4409028887748718,795.8102416992188,0.34529250860214233,14.638742446899414,12.260540962219238,600.7874755859375,0.6688776016235352,0.17294280230998993,262.5511474609375,0.12526318430900574,4.933483123779297,7.330996513366699,280.3660583496094,0.13616645336151123,3mgml,shg,roi2,6509.93315489566,63114.65535736084,28579.377555847168,347.4838497230953,65195.37544250488,60008.11939239502,7237.176123904564,5373.342753383447,2388.0754927655353,60094.78684234619,8257.81770214202,8281.26108397052,8256.665421693215,8259.74607910055,42127.22381591797,2353.985543683218,7117.078494681381,7498.2831100306,60053.55138397217,9155.26368384321,793.5876326346067,4346.0,65520.0,28675.0,14.0,65529.0,62445.0,5061.0,3604.0,769.0,62582.0,5944.0,5967.0,5926.0,5931.0,42129.0,103.0,5046.0,5224.0,62523.0,8830.0,69.0,6719.427089235661,5545.595128880143,6266.3075143243805,2561.497669769028,1543.6097278856653,1480.7114065145445,6678.503264068967,7104.935085921197,4065.383190985525,6553.470218695605,7838.049854160597,7850.579961279244,7864.048539672788,7860.743120544658,80.33696050211908,5966.827183447332,6819.896970983523,7387.3760756329375,6667.617166853184,6093.390567765266,2250.643227261215,D1,N8,t,appliedMASKiso_3mgml_roi2_8bit.ome
appliedMASKiso_shg_3mgml_roi2_8bit.ome,18,94.2092,53.53075,0.921945625,3.682634375,92.9685,48.241,0.928135,3.59815,32.0,37.89326215,17.52895037,0.033219911,0.786932389,18.0,4560,26.7441,3819,94,40.6277,28,1.2871,0.0219,0.091,0.1693,131072,0.5227943062782288,693.1516723632812,0.36390408873558044,12.496792793273926,11.67191219329834,596.2699584960938,0.7161710262298584,0.5254246592521667,667.080078125,0.3801426291465759,12.16340446472168,10.200630187988281,536.588134765625,0.7290433645248413,0.1784120500087738,274.2145690917969,0.13488329946994781,4.9348602294921875,6.864772796630859,321.5070495605469,0.12664826214313507,3mgml,shg,roi2,6084.858296487349,62275.69490814209,28744.941635131836,328.38850705138594,65241.94358062744,60579.23299407959,6706.006608644571,5038.322246784566,2051.4681259660574,60694.876945495605,7524.650485138786,7541.7634564603295,7539.797769282732,7539.591393392287,42126.77705383301,2428.177977378576,6502.574497973471,6922.815739376075,60645.0153427124,8884.630734156228,665.3774190343731,3885.0,65510.0,28683.0,13.0,65531.0,62947.0,4456.0,3202.0,613.0,63082.0,5189.0,5208.0,5179.0,5180.5,42130.0,97.0,4428.0,4618.0,63037.0,8198.0,54.0,6545.394929835989,5453.848213336437,7039.224300624788,2583.1397138514926,1548.6039151667833,1404.7036527282394,6210.311270808769,6837.208513187854,3563.2819267337645,6010.310604963143,7398.995516184556,7405.426092876904,7444.2349089634545,7437.147271396864,108.68510668890335,6110.814527503537,6390.384183605125,7079.369067373145,6163.067152247745,6472.987855077489,2022.7084488008456,D1,N8,t,appliedMASKiso_3mgml_roi2_8bit.ome
appliedMASKiso_shg_3mgml_roi2_8bit.ome,19,88.74152,55.58075556,0.912578667,3.613313333,88.977,44.144,0.91835,3.6735,45.0,31.90638714,29.29754729,0.042906608,0.767831464,19.0,4668,26.079,3916,102,38.3922,25,1.2917,0.0173,0.1096,0.1933,131072,0.4441286325454712,786.9190673828125,0.36595743894577026,14.512892723083496,14.077568054199219,667.875732421875,0.6584054827690125,0.43558329343795776,789.7003173828125,0.3683045208454132,14.57404899597168,12.690322875976562,624.9989624023438,0.6655822992324829,0.17375686764717102,264.6994323730469,0.12810122966766357,4.88525390625,7.591334819793701,309.5734558105469,0.13350486755371094,3mgml,shg,roi2,6561.946821661381,62782.69441986084,28679.29128265381,341.26176005834446,65189.021072387695,60005.428787231445,7256.679525588202,5422.967746158882,2421.180826025152,60095.7140045166,8215.021629133684,8236.744919034712,8226.39535937224,8227.348899348131,42127.59901428223,2293.357279693487,7090.375219784861,7509.8203561090595,60052.417907714844,9142.615973464577,822.0699065782468,4209.0,65518.0,28700.0,19.0,65530.0,62599.5,4840.0,3461.0,733.0,62733.0,5689.0,5709.0,5666.0,5673.0,42130.0,101.0,4883.0,5036.0,62676.0,8573.0,73.0,6870.886654392445,5749.035064753954,6611.148982644732,2579.1446964961406,1083.1665759535235,1233.89470334587,6672.035226337432,7209.300983479781,4068.3643165905496,6532.039929368461,7858.301939578118,7869.399571443456,7896.042265257647,7890.590331009976,81.69793970657918,5945.103742842157,6848.17951718657,7465.922272569946,6654.539148703045,6474.048740296446,2152.5440711490833,D1,N8,t,appliedMASKiso_3mgml_roi2_8bit.ome
appliedMASKiso_shg_3mgml_roi2_8bit.ome,20,93.16593182,50.7255,0.912804545,3.539331818,96.116,42.158,0.910855,3.41665,44.0,37.61186211,19.37674659,0.037801399,0.840797002,20.0,4274,28.6675,3543,99,35.7879,12,1.271,0.0179,0.0917,0.2379,131072,0.5125117897987366,715.6339111328125,0.37443891167640686,12.791826248168945,12.246607780456543,619.8028564453125,0.708514392375946,0.5089120864868164,704.8487548828125,0.38917872309684753,12.650999069213867,10.997968673706055,574.5902709960938,0.7179678678512573,0.18174439668655396,278.8918151855469,0.12480403482913971,5.009128093719482,7.0752058029174805,309.711181640625,0.13039752840995789,3mgml,shg,roi2,6025.087347847791,61858.852111816406,28708.996696472168,204.80317812024606,65308.663146972656,60599.85151672363,6597.784812278776,4928.128035303028,2081.7196126021367,60678.46562957764,7504.586867872365,7523.962331528625,7499.006550704604,7502.271021003725,42128.4594039917,2583.132718014004,6610.438866490036,6875.143032676727,60647.01087188721,8758.75849940483,591.963381336803,3712.0,65504.0,28675.0,17.0,65532.0,63043.0,4295.0,3060.0,597.0,63127.0,5041.0,5059.0,5014.0,5020.0,42130.0,101.5,4362.0,4434.0,63104.0,7847.0,52.0,6413.125246930614,5235.586194003725,7449.7491519634395,2537.849290411119,589.6368524239675,765.1175526040852,6069.24689191028,6638.851551970619,3468.7018327498326,5909.7769350605595,7331.06860840104,7340.496763818151,7345.491922677889,7343.590421353288,80.20376624059512,6303.124600898722,6546.592153097092,6970.291031272533,6045.311454249829,6432.476993270886,1450.472646660165,D1,N8,t,appliedMASKiso_3mgml_roi2_8bit.ome
appliedMASKiso_shg_3mgml_roi2_8bit.ome,21,98.865875,50.61545,0.90870225,3.663735,97.5575,45.1645,0.92383,3.574,40.0,34.31435904,20.21510388,0.052605023,0.716936767,21.0,4629,26.3156,3857,88,43.8295,19,1.2917,0.0175,0.0952,0.2453,131072,0.4887281358242035,751.6996459960938,0.39388787746429443,13.435994148254395,13.162571907043457,670.0731811523438,0.691904604434967,0.47970160841941833,749.1739501953125,0.40472275018692017,13.43990707397461,12.034786224365234,633.008056640625,0.6977394223213196,0.18061302602291107,292.4562683105469,0.12245798110961914,5.136074066162109,6.969383239746094,321.97283935546875,0.13007554411888123,3mgml,shg,roi2,6124.706661134291,61975.62692260742,28688.875846862793,219.16263462595816,65296.09851074219,60515.701347351074,6732.004848746892,5051.025965502865,2109.5646441492017,60606.07398223877,7612.279308145655,7630.1326387128,7617.534204682542,7618.944783814727,42128.374351501465,2522.0012734797833,6682.986437995129,6987.207179794534,60562.64222717285,8851.658030013139,602.8639111416917,3793.0,65504.0,28683.0,19.0,65531.0,62978.0,4376.0,3124.0,621.0,63071.0,5128.0,5149.0,5102.0,5108.0,42130.0,107.0,4428.0,4525.0,63039.0,7961.0,57.0,6480.237647092188,5341.915100271437,7404.046526225582,2610.1335702102488,720.5177182136698,867.375434423616,6122.126639973467,6753.154989270368,3491.119733257264,5949.232336669376,7377.191796596509,7384.985149600732,7409.197768607692,7404.364238687882,102.74544211327562,6328.863103039287,6578.861458307517,7041.852105903437,6097.150251454924,6409.0273615134065,1508.4316576845783,D1,N8,t,appliedMASKiso_3mgml_roi2_8bit.ome
appliedMASKiso_shg_3mgml_roi2_8bit.ome,22,93.7643549,50.55566667,0.899092941,3.651639216,100.51,45.349,0.91719,3.7056,51.0,40.50873101,18.82930603,0.063059884,0.709527012,22.0,4936,24.5545,4072,85,47.9059,29,1.3078,0.0176,0.1042,0.2204,131072,0.44053104519844055,824.4239501953125,0.395190954208374,14.848021507263184,14.700721740722656,725.7581787109375,0.6562806367874146,0.4157584309577942,850.6290283203125,0.41308730840682983,15.271440505981445,14.789029121398926,764.7024536132812,0.6512102484703064,0.17962194979190826,289.5306701660156,0.11633395403623581,5.160102367401123,6.967228412628174,309.80584716796875,0.13183100521564484,3mgml,shg,roi2,6338.546597871655,62177.913177490234,28695.753273010254,268.5937275369566,65252.238136291504,60286.00225067139,6974.467089605291,5209.561053070813,2255.8006993552817,60374.58107757568,7886.492298951183,7906.475315182506,7892.330837978532,7893.9139294544,42127.84005737305,2221.3837726805887,6938.665184809815,7235.954914697256,60330.58396911621,9017.118656040295,688.429578769762,4010.5,65511.0,28692.0,18.0,65531.0,62757.0,4678.0,3332.0,693.0,62859.0,5446.0,5464.0,5433.0,5436.5,42130.0,96.0,4655.0,4802.0,62819.0,8307.0,65.0,6726.758312059265,5493.647760570205,7245.577803436911,2502.687408579257,957.1577271390701,1103.655584065759,6437.480134194743,6980.4252292961955,3855.042743607839,6279.8184591795325,7656.122951425179,7664.734610111543,7685.338250916492,7681.062669623738,127.97852034835121,5844.934214414117,6889.481674477472,7311.839305853361,6420.374939651589,6381.277184052012,1904.164658969909,D1,N8,t,appliedMASKiso_3mgml_roi2_8bit.ome
appliedMASKiso_shg_3mgml_roi2_8bit.ome,23,99.48075556,51.7726,0.916221556,3.523131111,100.08,42.538,0.91702,3.3746,45.0,30.43947569,21.04830732,0.035203213,0.734036066,23.0,4667,26.0851,3844,95,40.4632,24,1.2877,0.0193,0.1044,0.2209,131072,0.4479164481163025,824.9729614257812,0.3964613378047943,14.76588249206543,14.561140060424805,723.9927978515625,0.6609251499176025,0.4176941514015198,866.4967041015625,0.4148792028427124,15.370210647583008,14.770071029663086,758.5140380859375,0.6522735357284546,0.18579404056072235,297.80224609375,0.11138910800218582,5.329189777374268,7.072355270385742,310.3461608886719,0.13578468561172485,3mgml,shg,roi2,6356.383103779014,62273.84146118164,28760.577575683594,269.9950234146794,65250.982330322266,60299.92054748535,6958.2957219168775,5200.464660655839,2244.9017879450344,60395.942695617676,7876.200337617494,7895.600445041243,7879.948451947055,7881.784147323998,42128.246574401855,2602.5525974025973,6929.323660080568,7240.095093036639,60349.13789367676,9116.834107040093,699.1552731121259,4169.0,65514.0,28708.0,15.0,65530.0,62683.5,4779.0,3449.0,714.0,62814.0,5550.0,5567.0,5546.0,5547.0,42130.0,103.0,4818.0,4943.0,62760.5,8563.0,66.0,6776.494475457184,5516.124463411387,7134.926881959816,2590.2342610925607,1160.3335700801563,1259.6489637815168,6532.385150228052,7028.750873387706,4007.595591124269,6388.682730341652,7712.505713200794,7721.57317711144,7743.802291567982,7739.304655931366,80.76047525691662,6488.0954478752865,6857.652795915816,7365.303972531761,6521.019914267442,6438.886592322666,2157.5272082046163,D1,N8,t,appliedMASKiso_3mgml_roi2_8bit.ome
appliedMASKiso_shg_3mgml_roi2_8bit.ome,24,104.7471892,49.57543243,0.921675135,3.678864865,103.07,49.689,0.92662,3.5587,37.0,27.26132525,17.30301246,0.025880462,0.718520657,24.0,4487,27.2117,3666,92,39.8478,28,1.2843,0.0171,0.0938,0.2504,131072,0.5006718039512634,754.3977661132812,0.4118780493736267,13.243515014648438,13.11483383178711,688.3772583007812,0.700514554977417,0.48683232069015503,794.36669921875,0.4254445731639862,13.820250511169434,12.276602745056152,672.681396484375,0.7021125555038452,0.1854342222213745,290.7944030761719,0.11550718545913696,5.133283615112305,6.903341770172119,326.50250244140625,0.1298273801803589,3mgml,shg,roi2,6146.761690439921,61599.71295928955,28763.374145507812,287.6635198489528,65256.89939117432,60609.70474243164,6672.255571386536,5039.646807390314,2082.764307258412,60724.56770324707,7510.54806197972,7525.791387773315,7516.031282216991,7517.086530028158,42128.24100494385,2601.4727639542702,6658.352944344428,6951.0846297065655,60671.04473114014,9039.464532459338,669.1921359513605,3978.0,65508.0,28706.0,12.0,65531.0,62904.0,4517.0,3267.0,643.0,63030.0,5253.0,5268.0,5236.0,5241.0,42130.0,102.0,4590.0,4700.0,62987.0,8311.0,56.0,6730.372798161053,5535.64664915661,7781.746068635349,2563.186994436847,1483.6433317358526,1458.152765814051,6415.801969861996,6947.439114364638,4045.407564567828,6259.795340077435,7573.565814110058,7580.209670216993,7605.292917544467,7600.329209852565,98.5379693251984,6419.20442199261,6791.43634371377,7271.643862289903,6396.76001724837,6565.344789850137,2395.3435527381716,D1,N8,t,appliedMASKiso_3mgml_roi2_8bit.ome
appliedMASKiso_shg_3mgml_roi2_8bit.ome,25,100.3237,58.1959,0.92383,3.4939525,98.0055,49.021,0.92359,3.4978,40.0,33.01142208,29.63602076,0.028489192,0.803074832,25.0,4575,26.6498,3749,92,40.75,31,1.2962,0.0191,0.0975,0.2442,131072,0.5018159747123718,742.3886108398438,0.4241389036178589,13.109321594238281,13.1763334274292,696.5401000976562,0.7015612721443176,0.497234046459198,755.8245849609375,0.4309229850769043,13.276552200317383,12.007972717285156,670.088623046875,0.7099884748458862,0.18269988894462585,279.495849609375,0.1193908229470253,4.982673168182373,7.015207290649414,336.661865234375,0.12858279049396515,3mgml,shg,roi2,6193.620166233926,61726.629539489746,28839.425666809082,358.14963561722305,65213.14055633545,60592.809814453125,6709.165356589147,5082.170279069767,2140.837158547443,60715.59378814697,7493.050308039761,7506.484344512898,7505.809645254959,7505.523759775077,42128.945457458496,2733.901722391084,6671.2551429581035,6971.78455653029,60656.71167755127,9059.422252607968,749.7748213425406,4042.0,65509.0,28708.0,12.0,65531.0,62885.0,4598.0,3345.0,660.0,63023.0,5270.0,5284.0,5266.0,5271.0,42130.0,103.0,4623.0,4747.0,62972.0,8390.0,59.0,6859.899262497638,5616.6944621056655,7598.086118334358,2679.8681970863736,2004.6442920442846,1819.873436703492,6540.422524536299,7054.686465863788,4340.928654717958,6392.772667394935,7665.561245451859,7670.913126333618,7702.460094357013,7696.503861710198,81.98298343201114,6485.750092175648,6942.090689995184,7388.772997400649,6531.858654000235,6641.091399133976,2859.3213279642564,D1,N8,t,appliedMASKiso_3mgml_roi2_8bit.ome
appliedMASKiso_shg_3mgml_roi2_8bit.ome,26,97.69359,58.177,0.927557333,3.68335,104.8,43.3355,0.932745,3.56525,30.0,35.45098912,29.97771422,0.034444253,0.835583354,26.0,4635,26.279,3768,101,37.3069,31,1.2954,0.0174,0.0866,0.2672,131072,0.5626721382141113,652.1143798828125,0.43832769989967346,11.341846466064453,11.43699836730957,642.6734619140625,0.7447628378868103,0.5730224847793579,627.566162109375,0.45568138360977173,10.98656177520752,10.041863441467285,589.41357421875,0.7607656717300415,0.17822588980197906,271.9757385253906,0.12908324599266052,4.733994007110596,6.559494495391846,352.4532470703125,0.1193988248705864,3mgml,shg,roi2,5931.519226157785,60923.30224609375,28811.07398223877,329.9280937271174,65250.853598431386,60933.86229600751,6402.263066623964,4884.179335556996,1967.94254079532,61055.521587536525,7093.29191580869,7103.4828933220915,7113.399955135097,7111.580466749692,42128.19064331055,2666.6330023964397,6365.869280691848,6640.170308716941,60999.20958106675,8907.280939378234,663.8086780782069,3893.0,65482.0,28684.0,11.0,65531.0,63090.0,4376.0,3189.0,611.0,63223.0,5004.0,5019.0,5004.0,5003.0,42130.0,103.0,4395.0,4538.0,63177.0,8182.0,55.0,6624.796978969677,5539.777462548082,8507.613176257753,2700.2378250857614,2161.6122773241696,1848.0710608215657,6212.21550003144,6850.603029899231,4029.5950609810225,6041.153140091604,7336.779590144589,7338.051935891866,7388.168209626321,7379.448504351753,96.0499200650788,6334.904048620673,6648.562255417078,7102.613156413749,6195.358667978882,6689.591553446418,2773.573664711942,D1,N8,t,appliedMASKiso_3mgml_roi2_8bit.ome
appliedMASKiso_shg_3mgml_roi2_8bit.ome,27,105.671,53.43026471,0.916656471,3.606991176,102.925,41.502,0.92379,3.3929,34.0,29.2324507,21.91991625,0.034115721,0.89708805,27.0,4493,27.1727,3688,109,33.8349,28,1.2775,0.0162,0.0852,0.2363,131072,0.576941728591919,630.1171264648438,0.425455242395401,10.97308349609375,10.819413185119629,610.2030029296875,0.7548600435256958,0.5823906660079956,620.8591918945312,0.4369395673274994,10.757970809936523,9.7381591796875,557.2787475585938,0.7666780948638916,0.17394588887691498,267.0024108886719,0.13760149478912354,4.637912273406982,6.2190260887146,340.49725341796875,0.11487864702939987,3mgml,shg,roi2,5860.237438789482,60884.61664581299,28863.263717651367,297.6401476086116,65267.600761413574,60990.47367858887,6297.556682437813,4795.9331365843755,1943.3275855215563,61100.11932373047,7028.9267871924,7039.98560344094,7037.912181763327,7037.910982694732,42127.7564163208,2502.6317780580075,6355.897746524635,6566.423936503516,61052.20658111572,8809.827210347576,622.2871365827313,3902.0,65473.0,28687.0,12.0,65531.0,63096.0,4356.0,3163.0,616.0,63223.0,4981.0,4993.0,4967.0,4970.0,42130.0,102.0,4428.0,4531.0,63180.0,8148.0,56.0,6441.890282461143,5312.793669683189,8509.445949160478,2748.521341375744,1883.0731751173994,1668.2557635025396,6037.072969427037,6605.060855961539,3867.57751659205,5874.4095039379745,7187.724505608822,7191.818848898699,7213.963005972121,7209.547009804827,110.01096782118422,6184.890546727993,6596.879501562332,6924.96967365532,6017.223136484276,6486.096268683456,2481.851517979143,D1,N8,t,appliedMASKiso_3mgml_roi2_8bit.ome
appliedMASKiso_shg_3mgml_roi2_8bit.ome,28,98.1903,55.1331,0.912802333,3.73827,94.1035,46.413,0.920205,3.5767,30.0,25.41321946,21.62208087,0.045687395,0.885699676,28.0,4817,25.2105,3964,100,39.64,20,1.3012,0.0197,0.0922,0.205,131072,0.5435792207717896,666.2481079101562,0.40014001727104187,11.83832836151123,11.427529335021973,606.4596557617188,0.7321770787239075,0.545353889465332,663.0867309570312,0.3984289765357971,11.720483779907227,10.351631164550781,567.61376953125,0.7424970865249634,0.172228142619133,257.07696533203125,0.1287294179201126,4.602584362030029,6.333413600921631,308.7165222167969,0.1175476685166359,3mgml,shg,roi2,5970.305139591458,61258.19149017334,28719.454078674316,332.92577188432745,65239.96122741699,60827.272201538086,6437.739450227514,4879.6059963847165,2063.725090937846,60924.451583862305,7212.773973819361,7225.464092365911,7218.944248368537,7219.578321813337,42127.5611038208,2512.64724116553,6544.79519635479,6717.187071861606,60878.754875183105,8770.305139591459,688.3380556463475,3865.0,65484.0,28667.0,15.0,65531.0,63119.0,4356.0,3176.0,591.0,63253.0,4946.0,4958.0,4944.0,4946.0,42130.0,99.0,4395.0,4500.0,63204.0,8133.0,57.0,6566.855993839412,5387.180447177203,8238.949923599983,2722.0632272332355,1884.8947692445258,1684.6335619986512,6237.770550521355,6760.751753603416,4006.6378471649446,6085.130443414704,7409.204292426805,7413.741167932393,7427.791825211814,7424.659875075936,102.06254577147931,6191.36231981712,6860.284382028758,7111.182827422729,6229.4278936228575,6325.163086058137,2440.5790065975248,D1,N8,t,appliedMASKiso_3mgml_roi2_8bit.ome
appliedMASKiso_shg_3mgml_roi2_8bit.ome,29,91.03707353,56.61511765,0.922847941,3.716341176,92.641,50.2025,0.928265,3.71465,34.0,41.92130877,22.89180509,0.028767826,0.651423274,29.0,4597,26.5127,3882,106,36.6226,26,1.2891,0.0192,0.0977,0.1662,131072,0.516568124294281,712.1168212890625,0.3874642252922058,12.68594741821289,12.005167007446289,620.6831665039062,0.7134377956390381,0.5035491585731506,736.5833740234375,0.39920294284820557,13.009252548217773,11.323027610778809,603.032470703125,0.7141087055206299,0.17059095203876495,260.9078369140625,0.12100999057292938,4.675279140472412,6.19207239151001,284.46978759765625,0.11830995231866837,3mgml,shg,roi2,6116.19729608697,61471.28959655762,28737.800811767578,299.64007678533983,65255.8512878418,60718.16757965088,6611.061176195851,5022.962114194528,2067.595893820975,60834.86829376221,7380.018839371198,7391.95071651379,7392.625420797431,7392.17166990951,42127.56101989746,2859.829051383399,6653.060780135273,6879.943535933784,60775.27583312988,9028.384632014577,660.5374532407832,3977.0,65502.0,28694.0,16.0,65531.0,63048.0,4456.0,3267.0,613.0,63199.0,5082.5,5096.0,5089.0,5088.0,42129.0,94.0,4493.0,4625.0,63142.0,8329.0,62.0,6628.755035773746,5447.930582403757,8204.359121498099,2639.556301055695,1685.50638807725,1534.0771048744984,6227.323005265246,6831.553481231522,3802.224722878073,6041.650742787544,7439.027737894688,7441.67925312141,7469.4219968180805,7464.275006873204,106.87835173990801,6835.583593423008,6829.087569403929,7162.685404485924,6203.157008300315,6530.368534465609,2182.052575766951,D1,N8,t,appliedMASKiso_3mgml_roi2_8bit.ome
appliedMASKiso_shg_3mgml_roi2_8bit.ome,30,85.89293171,55.29780488,0.92206878,3.648773171,101.11,45.705,0.93313,3.4748,41.0,47.82456912,28.36643039,0.0345257,0.799857044,30.0,4968,24.3834,4143,110,37.6636,21,1.3094,0.0183,0.0984,0.2155,131072,0.5074306726455688,727.2922973632812,0.3896391987800598,12.957255363464355,12.226591110229492,631.968994140625,0.7068040370941162,0.4928883910179138,759.312255859375,0.3914606273174286,13.376180648803711,11.862031936645508,643.3706665039062,0.7065033912658691,0.17236237227916718,267.6311340332031,0.12049191445112228,4.816098690032959,5.9356369972229,274.9654541015625,0.12007163465023041,3mgml,shg,roi2,6172.028508299202,61700.73466491699,28785.99111175537,263.63498839455275,65282.01266479492,60732.75048828125,6635.177357730193,5074.419435338247,2013.3097922567715,60873.73824310303,7375.563060080683,7385.192752440489,7394.044621685708,7392.40060973732,42126.64106750488,2692.8392727272726,6656.996373910633,6910.0285929849415,60798.670097351074,9250.206017306686,602.8803823377045,4003.0,65509.0,28708.0,16.0,65531.0,63027.0,4477.0,3267.0,612.0,63181.0,5122.0,5136.0,5120.0,5123.0,42129.0,103.0,4525.0,4654.0,63117.0,8459.0,60.0,6615.510689706939,5515.740830072968,7825.708093624967,2677.9335705516287,1614.9090187340191,1439.8512267798799,6101.468679248753,6835.28837212559,3588.984513135705,5881.644784313175,7337.488361952425,7336.958029274896,7384.648007709972,7376.414294973587,117.4393003661521,6652.577056065868,6695.422551352377,7108.970550706293,6065.206659277611,6769.487217506143,1988.7938473444108,D1,N8,t,appliedMASKiso_3mgml_roi2_8bit.ome
appliedMASKiso_shg_3mgml_roi2_8bit.ome,31,96.96570851,54.42244681,0.919121064,3.465689362,102.99,46.465,0.92665,3.3405,47.0,44.06298793,27.72570366,0.035887248,0.707106716,31.0,5014,24.1414,4122,119,34.6387,27,1.3146,0.0217,0.1027,0.2325,131072,0.4901077449321747,753.9439086914062,0.4146488308906555,13.423524856567383,13.180137634277344,675.8482055664062,0.6929362416267395,0.4749639928340912,779.4733276367188,0.42561036348342896,13.785514831542969,12.669633865356445,693.7234497070312,0.6947388648986816,0.18088309466838837,276.7495422363281,0.10906627774238586,5.054531097412109,6.442737579345703,276.68341064453125,0.13027222454547882,3mgml,shg,roi2,6346.556201072552,61808.98034667969,28793.58843231201,288.0840947438795,65260.61510467529,60602.77173614502,6820.92276955783,5215.906840876116,2087.5125120232105,60760.85568237305,7539.825903038895,7548.724596252235,7568.600135609937,7565.284657584911,42127.30899810791,2843.364864864865,6785.161660913518,7088.621548110707,60674.32247924805,9470.38017012883,643.4885557221389,4120.0,65512.0,28715.0,16.0,65531.0,62945.0,4598.0,3345.0,631.0,63106.0,5226.0,5238.0,5232.0,5233.0,42129.0,122.0,4623.0,4774.0,63037.0,8669.0,60.0,6738.718539706803,5568.115694421764,7823.9901855019925,2606.259568750732,1680.9542858580724,1514.4146385415766,6250.003980838316,6923.44477057985,3813.00972051529,6055.520355360541,7475.7893770698265,7476.4994617033835,7513.901896396753,7507.143927789643,111.04698926433666,6872.785813714694,6868.3244655477465,7236.354310774372,6225.563550805,6874.7722087564025,2127.60221144576,D1,N8,t,appliedMASKiso_3mgml_roi2_8bit.ome
appliedMASKiso_shg_3mgml_roi2_8bit.ome,32,96.33771875,53.72766667,0.909842917,3.444533333,109.595,46.03,0.91689,3.30655,48.0,47.45635895,28.90922727,0.040648594,0.740812512,32.0,4885,24.8317,3963,96,41.2812,25,1.3073,0.0242,0.1006,0.2536,131072,0.5081642866134644,735.8131103515625,0.4360960125923157,12.971879005432129,12.93822956085205,683.5127563476562,0.7049372792243958,0.505120575428009,733.7553100585938,0.4453226923942566,12.843341827392578,12.043657302856445,681.55859375,0.7155981063842773,0.1847972571849823,287.9029846191406,0.10915199667215347,5.246737003326416,6.6704301834106445,289.5299987792969,0.1345948427915573,3mgml,shg,roi2,6347.518898621349,61661.05895996094,28796.81957244873,265.98249376479373,65274.73120880127,60685.23686218262,6772.111267419538,5218.374342274003,2034.7804525872273,60853.82647705078,7458.339797366068,7464.790873762453,7485.947876507417,7482.508597292046,42127.53502655029,3110.4904255319148,6784.131904820652,7047.756075933751,60762.82748413086,9592.178453566912,601.5230268381769,4154.0,65509.0,28722.0,14.0,65531.0,62939.0,4557.0,3332.0,641.5,63103.0,5229.0,5241.0,5218.0,5223.5,42129.0,103.5,4688.0,4790.0,63032.0,8715.0,54.0,6715.48947717338,5572.442320618212,7898.265466743373,2581.5887798979115,1459.3948099936395,1355.850013430844,6128.791250888165,6849.812263543215,3700.765947445118,5926.499081871778,7352.130775098829,7351.867346182635,7392.34102013444,7384.999916754709,98.92599577319362,7401.57728979835,6831.176046837274,7157.507370487679,6096.166815047938,7008.8878970359765,1945.138143040625,D1,N8,t,appliedMASKiso_3mgml_roi2_8bit.ome
appliedMASKiso_shg_3mgml_roi2_8bit.ome,33,97.27919787,52.25431915,0.914288723,3.508974468,104.42,43.912,0.91683,3.3226,47.0,43.39122965,26.68830024,0.038508162,0.705965151,33.0,4764,25.5132,3919,108,36.287,28,1.3002,0.0194,0.0958,0.2232,131072,0.5304566025733948,714.7453002929688,0.4501146376132965,12.367568969726562,12.951554298400879,688.2880859375,0.7185181379318237,0.5471592545509338,697.4841918945312,0.4661601781845093,11.904662132263184,11.232560157775879,665.5704956054688,0.7441530227661133,0.19598114490509033,298.3039245605469,0.10699578374624252,5.402239799499512,7.835073471069336,321.4920959472656,0.14446872472763062,3mgml,shg,roi2,6311.159226878835,61203.31694793701,28735.498374938965,288.2588939095017,65258.60339355469,60759.61651611328,6714.643329812352,5213.464575307568,2009.5542887267977,60935.338287353516,7338.653182533074,7341.706826101706,7375.2504702871065,7370.015018348907,42128.04455566406,2742.4955148905633,6739.516837820335,6977.046835970025,60835.37496948242,9547.938924353162,633.9267593535886,4099.0,65498.0,28718.0,12.0,65531.0,62994.5,4497.0,3319.0,623.0,63150.0,5114.0,5122.0,5113.0,5117.0,42130.0,97.0,4590.0,4700.0,63078.0,8626.0,53.0,6764.764834082178,5700.102767795295,8087.543390250705,2536.6451166837282,1333.6486567901363,1327.9486952454372,6162.022083333634,6943.811744576859,3773.151024929029,5957.325072559343,7356.7048744474505,7352.578057292003,7413.673283909735,7403.242668987584,103.09886830797221,6648.145405622529,6899.885220123974,7198.769494866476,6143.102775292125,7006.3783487011,2055.638110234912,D1,N8,t,appliedMASKiso_3mgml_roi2_8bit.ome
appliedMASKiso_shg_3mgml_roi2_8bit.ome,34,95.46436216,59.56424324,0.919995676,3.567256757,99.462,49.213,0.92722,3.4551,37.0,39.70669526,29.30194942,0.039729904,0.799605989,34.0,4446,27.4811,3611,93,38.828,24,1.2783,0.0216,0.0905,0.2355,131072,0.5579724907875061,663.5575561523438,0.48565810918807983,11.400250434875488,12.66067123413086,698.8194580078125,0.7386614084243774,0.5752394199371338,633.7364501953125,0.5114027261734009,10.740528106689453,10.627110481262207,630.8321533203125,0.7628334164619446,0.195811927318573,294.17681884765625,0.11736921966075897,5.2344489097595215,8.168131828308105,366.2061767578125,0.13893942534923553,3mgml,shg,roi2,6308.8305327521675,60784.326080322266,28819.917877197266,328.76443166195224,65233.01242828369,60805.54000854492,6585.888096510178,5105.116309321936,2005.2475092960133,60981.89998626709,7249.595191522787,7253.145655890462,7276.892425339227,7273.145686694287,42127.167709350586,2834.167151632719,6702.254177768879,6928.608475672679,60887.450340270996,9501.533044804164,658.6957376652449,4067.0,65479.0,28731.0,13.0,65531.0,63034.0,4416.0,3267.0,608.0,63190.0,5010.0,5021.0,5008.0,5008.0,42130.0,109.0,4493.0,4639.0,63120.0,8519.0,56.0,6833.347616248062,5577.582735966371,8206.960317344163,2643.617672501346,1480.804867271731,1451.7057139797594,6116.888265602456,6846.831530001507,3808.848046240627,5888.2225844821905,7320.030194158603,7315.8896650854085,7365.293772224286,7356.821413860092,122.87441427882675,6697.51330473102,6940.560552224514,7215.767595420791,6079.887049408066,6996.845028382974,2185.7926894168786,D1,N8,t,appliedMASKiso_3mgml_roi2_8bit.ome
appliedMASKiso_shg_3mgml_roi2_8bit.ome,35,104.3962717,55.49019565,0.922789565,3.638608696,107.31,46.3575,0.92322,3.37785,46.0,41.50244639,22.73574019,0.033906714,0.910808349,35.0,4761,25.5306,3918,97,40.3918,33,1.2985,0.0211,0.098,0.2841,131072,0.5358923673629761,690.3505859375,0.4808458685874939,12.001606941223145,12.89297866821289,709.8619384765625,0.7254896759986877,0.5419071316719055,665.3411254882812,0.4972681999206543,11.623401641845703,11.600703239440918,664.9725341796875,0.7411654591560364,0.1841120719909668,297.9471435546875,0.11755795776844025,5.183738708496094,7.336346626281738,360.27392578125,0.12963078916072845,3mgml,shg,roi2,6621.622893733473,61370.131019592285,28693.16985321045,333.34195997761407,65222.1572265625,60542.04305267334,6921.821219561156,5365.747726254999,2067.8987268744104,60742.87787628174,7614.288420146362,7617.672913719944,7646.26926388291,7641.7844228522235,42127.74918937065,2956.7032854209447,6999.6301349855485,7275.736086341553,60632.16788482666,9887.643302994897,628.4651970908664,4411.0,65507.0,28703.0,14.0,65530.0,62743.0,4779.0,3526.0,695.0,62920.0,5471.5,5478.0,5469.0,5473.0,42130.0,109.0,4948.0,5042.0,62830.0,9123.0,62.0,6960.478813650214,5755.340774798413,7804.535239338126,2452.549110584367,1862.34816635007,1637.294405516601,6133.609672535509,6976.039120223681,3581.1744146476326,5853.491496372581,7327.794170577118,7319.615341893205,7395.841611772503,7383.22909274005,121.81382414751539,6670.089033116554,6826.934742851811,7287.010751737576,6065.961181482896,6983.442475146163,1955.2915520801516,D1,N8,t,appliedMASKiso_3mgml_roi2_8bit.ome
appliedMASKiso_shg_3mgml_roi2_8bit.ome,36,103.1377981,53.91663462,0.929325,3.678338462,109.14,47.944,0.93352,3.6335,52.0,41.8065275,25.76118611,0.026856591,0.753654112,36.0,5192,23.2452,4300,101,42.5743,31,1.3242,0.0242,0.1084,0.3011,131072,0.5121374726295471,729.63037109375,0.45769524574279785,12.713045120239258,13.138788223266602,715.2053833007812,0.7106131911277771,0.506661593914032,717.6641235351562,0.45479580760002136,12.613768577575684,12.177994728088379,685.4398193359375,0.7170327305793762,0.17265765368938446,283.8677062988281,0.11553846299648285,4.919428825378418,6.494075775146484,342.7373962402344,0.12098275870084763,3mgml,shg,roi2,7027.493615844383,61834.65147399902,28670.744400024414,303.5745512449334,65217.502349853516,60210.232162475586,7318.4692655986055,5696.760704395918,2248.763200062228,60423.787017822266,8071.406043052717,8075.09789806862,8098.111426947129,8094.479480048553,42127.82921600342,3324.962594371997,7482.927607823855,7709.888112103007,60300.17832946777,10394.191716730944,652.1891238035132,4839.0,65518.0,28705.0,19.0,65528.0,62446.0,5223.0,3889.0,789.0,62653.0,5935.0,5948.0,5942.0,5943.0,42129.0,115.0,5404.0,5511.0,62550.0,9824.0,75.0,7100.751664898099,5899.5055203973525,7502.46848518067,2301.8283339106806,1426.6129651237352,1454.8044483539395,6238.025566432289,7027.80664346889,3842.4712957646007,5993.171158713152,7452.035941260623,7445.7122376536945,7496.61207664024,7487.823051120162,143.13309990897488,7400.934589300225,7075.942314525953,7390.399087294755,6185.288111301188,7177.330884062843,2023.7865582441243,D1,N8,t,appliedMASKiso_3mgml_roi2_8bit.ome
appliedMASKiso_shg_3mgml_roi2_8bit.ome,37,96.91935333,60.21557778,0.911671778,3.651871111,106.39,51.981,0.92192,3.6325,45.0,43.26975622,31.92519218,0.037165486,0.764621803,37.0,5039,24.0117,4187,93,45.0215,37,1.3112,0.0169,0.1078,0.2625,131072,0.5306015610694885,714.279296875,0.44783705472946167,12.29721450805664,12.405564308166504,698.6336669921875,0.7254223227500916,0.5124881267547607,719.30712890625,0.4540795087814331,12.43145751953125,12.014863967895508,665.7740478515625,0.7212576866149902,0.15871062874794006,260.2515563964844,0.12906193733215332,4.445977687835693,5.804047584533691,326.5111389160156,0.1068984791636467,3mgml,shg,roi2,7011.305991364076,62121.38147735596,28552.810997009277,244.2132109192586,65255.98494720459,60305.559631347656,7318.067569444444,5734.20662808642,2158.8535935424225,60547.58027648926,7968.199771040459,7967.316901516665,8013.6651428308005,8006.574972724618,42126.85704803467,2889.0395625603087,7397.737925841695,7661.563209736159,60402.226303100586,10548.222444181509,595.1434452518406,4927.0,65515.0,28689.0,18.0,65527.0,62426.0,5323.0,3980.0,789.0,62669.0,5960.0,5967.0,5965.0,5966.0,42129.0,103.0,5404.0,5576.0,62534.0,9967.0,79.0,6946.5225438853,5803.790831559546,7240.337688834955,2332.8882274134407,1044.1118177152741,1196.459351079237,6044.0965852107465,6948.172546842011,3617.971861049454,5774.0839093326795,7256.28920371072,7244.553897520469,7320.801778547568,7308.07938085831,105.25746967363624,6955.368270348942,6932.979488335475,7235.127190886862,5990.802080801054,7274.226520107221,1791.0162313859082,D1,N8,t,appliedMASKiso_3mgml_roi2_8bit.ome
appliedMASKiso_shg_3mgml_roi2_8bit.ome,38,97.31908462,57.4,0.92112,3.4897,104.04,53.132,0.93562,3.4923,39.0,41.41185812,22.44026901,0.045918585,0.569914714,38.0,4941,24.5276,4089,106,38.5755,29,1.3072,0.0207,0.1056,0.237,131072,0.5641775727272034,669.840576171875,0.4546583592891693,11.41372013092041,11.382549285888672,661.009765625,0.7491389513015747,0.5491926670074463,680.0040893554688,0.4638127088546753,11.638703346252441,11.028290748596191,643.9993896484375,0.7455739378929138,0.14972656965255737,245.06024169921875,0.12845024466514587,4.145717620849609,5.227062702178955,295.70697021484375,0.09752456098794937,3mgml,shg,roi2,6686.2732444608455,61873.22066497803,28641.652862548828,188.32673178331734,65313.25940704346,60667.094581604004,6922.529678849139,5412.721767063311,1953.294800346072,60902.383529663086,7543.072343435275,7542.637652413242,7585.962267632271,7579.326775527777,42126.58980560303,3100.7466666666664,7046.875578516844,7281.067792179836,60766.149559020996,10389.887079662347,490.16772335408047,4622.0,65513.0,28687.0,16.0,65529.0,62727.0,4960.0,3721.0,690.0,62963.0,5536.0,5538.5,5548.0,5546.0,42129.0,102.0,5046.0,5209.0,62836.5,9569.0,63.0,6681.675127388316,5462.7331684313785,7520.862808459704,2431.5448995327956,847.8658514217493,993.6985104097798,5721.803143233675,6611.839033019461,3315.249552435647,5447.073912366789,6955.92248520936,6947.751299727648,7014.91846915682,7003.655440829508,112.61022530190779,7196.464168818406,6688.134260353532,6955.390388206797,5656.963803338668,7315.004563691032,1505.5089030333309,D1,N8,t,appliedMASKiso_3mgml_roi2_8bit.ome
appliedMASKiso_shg_3mgml_roi2_8bit.ome,39,101.3342185,54.16235185,0.922040556,3.493857407,112.325,47.0345,0.93659,3.4596,54.0,42.94313934,25.12804341,0.048170329,0.658625682,39.0,5356,22.4722,4346,111,39.1532,28,1.3269,0.0222,0.1131,0.2605,131072,0.5379523634910583,713.714111328125,0.43856537342071533,12.222782135009766,11.966307640075684,670.6614379882812,0.7309844493865967,0.518203854560852,727.92431640625,0.4569024443626404,12.532615661621094,11.704082489013672,659.487060546875,0.7246532440185547,0.15218810737133026,258.44024658203125,0.12672366201877594,4.376031398773193,5.321496486663818,274.7738952636719,0.10196760296821594,3mgml,shg,roi2,6589.41686598731,62077.797927856445,28635.725631713867,188.10643454930715,65319.23129272461,60743.58158874512,6863.1545529782115,5369.938447973145,1905.765730170381,60969.997299194336,7470.552116900596,7469.711940011536,7511.789386656412,7505.357769659681,42126.84243774414,3164.462824010914,6965.15273985772,7195.2412151509325,60834.41889190674,10338.518784849068,486.248130074991,4505.0,65517.0,28694.0,14.0,65530.0,62829.0,4819.0,3604.0,660.0,63049.5,5426.0,5432.0,5424.0,5426.0,42129.0,100.5,4981.0,5085.0,62930.0,9409.0,57.0,6572.138496888592,5446.012322973996,7442.002791993893,2448.1773748855967,801.1143062205188,940.0185221861279,5643.936277078117,6589.638175540932,3186.9762139715317,5371.880253231225,6886.059448835606,6876.128401143161,6955.664901768205,6942.57845533892,112.26496546241889,7349.727340743332,6544.702865401135,6872.956547752293,5596.495176881695,7291.060098336671,1469.9277532414592,D1,N8,t,appliedMASKiso_3mgml_roi2_8bit.ome
appliedMASKiso_shg_3mgml_roi2_8bit.ome,40,104.6624375,53.8473125,0.92147125,3.595272917,115.295,50.454,0.929995,3.57855,48.0,40.2564015,21.49698533,0.039214738,0.783620473,40.0,5303,22.7168,4343,100,43.43,31,1.3274,0.0186,0.114,0.2405,131072,0.5338329672813416,729.5035400390625,0.4312712252140045,12.429325103759766,12.207716941833496,677.2529907226562,0.7273542881011963,0.5228995680809021,739.4093017578125,0.4406045973300934,12.616656303405762,11.691190719604492,664.5694580078125,0.7275986671447754,0.15695612132549286,267.6822814941406,0.12947723269462585,4.538805961608887,5.734134674072266,280.81524658203125,0.10720773041248322,3mgml,shg,roi2,6304.875677298196,62045.443046569824,28616.186935424805,212.29496367401953,65319.6509475708,60988.387367248535,6525.372398032304,5083.522252779177,1857.005224161158,61184.2053527832,7157.977710732098,7158.824826057509,7184.74546672003,7180.744204482483,42126.0339050293,3003.3723926380367,6758.277261252386,6885.560572009113,61068.264099121094,9989.4781263469,501.99447,4138.0,65514.0,28682.0,14.0,65532.0,63146.0,4436.0,3319.0,565.0,63334.0,4984.0,4984.0,5001.0,4999.0,42129.0,103.0,4623.0,4679.0,63242.0,8911.0,47.0,6460.9265490065945,5190.0090794953385,7586.942660770995,2419.2920727052397,887.3737192535226,962.9763246499951,5568.321000613948,6367.453130610312,3339.5500623142234,5341.897348537164,6849.9857849216405,6846.1648227879305,6876.1849204861255,6870.543834668791,129.01600989201611,7165.480540440686,6673.005665147425,6782.533236320294,5532.716867604227,7262.2515479372,1600.1325173620526,D1,N8,t,appliedMASKiso_3mgml_roi2_8bit.ome
appliedMASKiso_shg_3mgml_roi2_8bit.ome,41,108.5702509,54.06913208,0.910812264,3.487283019,109.75,47.922,0.92319,3.3432,53.0,41.0268955,22.51885097,0.054280193,0.708844645,41.0,5402,22.2638,4426,109,40.6055,29,1.3321,0.0152,0.1189,0.2579,131072,0.5164145827293396,770.1251220703125,0.4446013569831848,13.000107765197754,13.29757308959961,732.8892822265625,0.7134580016136169,0.5136241912841797,759.4247436523438,0.44224032759666443,12.833036422729492,12.094356536865234,692.9650268554688,0.7216643691062927,0.16978977620601654,297.3663024902344,0.11989735066890717,5.012733459472656,6.722677230834961,318.1019592285156,0.12032235413789749,3mgml,shg,roi2,6208.961656832118,61836.50981903076,28579.653073525034,253.76904482121873,65293.90316772461,61089.61157989502,6390.557791986095,4989.680483565598,1853.9427691437372,61278.6244430542,6998.481028963709,6998.627552161673,7027.090632110764,7022.722395773073,42124.51207733154,2842.7171186934966,6631.9069458907015,6757.13071078715,61170.293045043945,9772.680141926028,560.2147339615653,3994.0,65510.0,28672.0,14.0,65532.0,63299.0,4235.0,3163.0,533.0,63468.0,4778.0,4779.0,4789.0,4788.0,42129.0,107.0,4460.0,4508.0,63385.0,8648.0,47.0,6533.608408877896,5253.492650386205,7817.696341305699,2486.8726075740033,930.0223187760057,1008.8781141380473,5613.196755674789,6437.788556712275,3411.8378743623653,5366.977726545725,6890.107139284964,6885.802159221674,6925.037451234986,6918.000764478338,211.65459776171696,6902.597967924576,6660.655892238885,6845.637096353633,5564.808041585008,7297.869882276366,1723.283678954597,D1,N8,t,appliedMASKiso_3mgml_roi2_8bit.ome
appliedMASKiso_shg_3mgml_roi2_8bit.ome,42,110.7304883,50.7512,0.9114935,3.478498333,113.675,45.6785,0.92028,3.4149,60.0,43.402238,18.8226247,0.04895221,0.844433107,42.0,5347,22.5134,4377,120,36.475,29,1.3277,0.0204,0.1217,0.2728,131072,0.5070490837097168,809.7039794921875,0.4587523937225342,13.430228233337402,14.26274299621582,795.4882202148438,0.7049054503440857,0.5168066024780273,775.176025390625,0.4669575095176697,12.913161277770996,12.480867385864258,736.654541015625,0.72377610206604,0.18210436403751373,324.2655029296875,0.10511095076799393,5.388350009918213,7.778895378112793,372.10003662109375,0.13178251683712006,3mgml,shg,roi2,6091.267679065857,61568.058937072754,28579.081604003906,252.16608421266923,65294.053398132324,61261.373054504395,6270.871495925992,4950.404029733655,1751.33652076813,61463.1862487793,6746.393709653784,6742.124110165897,6795.099746257491,6787.103402000633,42125.993087768555,2864.5473619253316,6379.130025682753,6578.90270632968,61346.82445526123,9631.943228005768,541.9810140508597,3822.0,65508.0,28664.0,13.0,65532.0,63407.0,4093.0,3060.0,499.0,63564.0,4580.0,4581.0,4591.0,4591.0,42129.0,104.0,4265.0,4318.0,63485.0,8361.0,46.0,6507.933608300143,5341.967733695478,8126.359323123965,2672.595748772214,757.4542836749667,875.435278343928,5438.302364519539,6418.197736140902,3162.2971293190903,5139.514180124451,6711.171512302304,6701.36967693363,6771.279242429526,6759.599206429357,129.37851427216503,7151.715553567704,6447.4689556459625,6750.18845986068,5362.816934972377,7374.574562557618,1460.2991565950244,D1,N8,t,appliedMASKiso_3mgml_roi2_8bit.ome
appliedMASKiso_shg_3mgml_roi2_8bit.ome,43,111.9093636,53.55961039,0.907534935,3.730998701,114.3,44.155,0.91033,3.7328,77.0,40.35960786,22.26263924,0.035572932,0.793502117,43.0,6074,19.5793,4936,137,36.0292,35,1.3654,0.024,0.1479,0.2683,131072,0.43571606278419495,909.5792846679688,0.4701607823371887,15.39721393585205,17.10735511779785,893.2702026367188,0.6505091190338135,0.41753149032592773,900.6644287109375,0.4777582287788391,15.408493041992188,16.006866455078125,868.97607421875,0.652921736240387,0.18814708292484283,342.6188049316406,0.09087023884057999,5.776518821716309,8.636844635009766,372.52215576171875,0.14429932832717896,3mgml,shg,roi2,6555.836227772781,61987.611328125,28544.95595550537,404.05233716475095,65160.28293609619,60769.52822113037,6650.598068006182,5222.573485316847,2124.1693542080484,60966.16156768799,7286.585499358072,7284.535436702876,7311.896046188027,7307.760887781852,42125.148445129395,2861.734776334776,6940.818807321817,7080.395189003437,60851.33917236328,9714.285869139048,751.6037923250565,4221.0,65509.0,28648.0,24.0,65530.0,63017.5,4477.0,3345.0,647.0,63174.0,5073.0,5077.0,5071.0,5070.0,42129.0,99.0,4786.0,4755.0,63089.0,8792.0,72.0,6783.3517385478835,5431.774600558907,7672.270959350105,2572.6596670037543,1329.841075563915,1348.7804945172131,5714.269802983024,6560.631702502815,3508.8197439585074,5418.051294491264,6945.46474016467,6935.261863763131,6988.694849881635,6979.615935301753,175.75545016183696,6961.30914026918,6718.094889430982,6997.979932092108,5636.797129655104,7091.100147047384,1872.7485375178335,D1,N8,t,appliedMASKiso_3mgml_roi2_8bit.ome
appliedMASKiso_shg_3mgml_roi2_8bit.ome,44,118.9582069,60.72682759,0.902131034,3.699308621,126.0,56.6145,0.90609,3.5464,58.0,40.25223879,27.83384533,0.043677233,0.826254725,44.0,5917,20.1519,4836,121,39.9669,36,1.3604,0.0182,0.1542,0.298,131072,0.4257589280605316,960.8644409179688,0.4798423647880554,15.960307121276855,18.111730575561523,970.2443237304688,0.6430360078811646,0.389624685049057,989.7811279296875,0.4819251000881195,16.535167694091797,18.258512496948242,1010.2877197265625,0.6319152116775513,0.19138270616531372,360.97772216796875,0.09905215352773666,5.954436302185059,8.762462615966797,411.72064208984375,0.14418238401412964,3mgml,shg,roi2,6484.007196071791,61586.00218963623,28578.664749145508,428.97305708967747,65140.36238861084,60897.10771942139,6498.8278323960985,5124.630989859299,2089.377304531102,61086.45167541504,7084.684588861866,7080.60847212388,7115.212287966013,7110.021226487701,42125.92227935791,2827.290272614622,6818.839823907891,6945.81715820583,60974.793632507324,9533.718198750115,752.6597050857658,4133.0,65497.0,28647.0,29.0,65530.0,63061.0,4315.0,3202.0,658.0,63196.0,4986.0,4989.0,4965.0,4972.0,42129.0,106.0,4818.0,4658.0,63120.0,8518.0,72.0,6694.427723099827,5356.748977828484,7964.10493482415,2725.7635611774776,1343.2846851451634,1368.860730662705,5491.602570896539,6412.472527735802,3342.6530239858234,5186.2154751569105,6705.233213698104,6692.227401040085,6757.588604240002,6746.583804271362,174.6249366330844,6911.984709087096,6540.5130409680305,6834.136072840995,5413.635566335906,7094.260052451879,1819.6317209749575,D1,N8,t,appliedMASKiso_3mgml_roi2_8bit.ome
appliedMASKiso_shg_3mgml_roi2_8bit.ome,45,121.1244556,57.05042857,0.910923968,3.671404762,129.29,50.426,0.91832,3.5164,63.0,42.35459458,23.43736416,0.051121905,0.829048797,45.0,6167,19.2539,4995,130,38.4231,40,1.368,0.0211,0.154,0.3204,131072,0.432371586561203,981.7403564453125,0.5258731842041016,15.81881332397461,19.285444259643555,1117.5250244140625,0.64903324842453,0.40285906195640564,1036.57470703125,0.5360928773880005,16.55824089050293,19.51767921447754,1178.5802001953125,0.642022430896759,0.19074687361717224,355.4693298339844,0.09710381925106049,5.733402252197266,9.467198371887207,520.9130249023438,0.14154000580310822,3mgml,shg,roi2,6441.8919419431,60951.29635620117,28665.523445129395,547.6967000090659,65068.883613586426,61144.639472961426,6388.9910758706465,5151.981389925373,1904.5012154348424,61383.79783630371,6727.317515065935,6714.6554935685235,6796.656072285624,6784.446576695448,42124.39342498779,2629.0604938271604,6371.950778181594,6752.256927243686,61249.06922912598,9536.261286912506,740.0088153127807,4062.0,65479.0,28626.0,23.0,65530.0,63164.0,4255.0,3215.0,620.0,63304.0,4735.0,4733.0,4745.0,4744.0,42129.0,103.0,4460.0,4516.0,63229.0,8228.0,63.0,6714.246836494567,5483.311655939762,8559.375748148965,2803.6747903097407,1715.0988845659604,1667.559524319074,5206.252138610103,6311.681937837152,3117.6438968561865,4828.0901081657485,6302.445340702416,6281.879823381098,6400.944351608891,6381.59567757177,187.34804872451429,6620.773902027813,6022.163986593336,6629.131938750714,5083.248587242771,7277.079096270051,1935.6058012113986,D1,N8,t,appliedMASKiso_3mgml_roi2_8bit.ome
appliedMASKiso_shg_3mgml_roi3_8bit.ome,1,48.68339211,52.31739474,0.913106842,3.482321053,28.8265,46.571,0.911875,3.3032,38.0,50.45684483,22.52698732,0.037064744,0.719519804,1.0,4824,25.171,4020,85,47.2941,27,1.2988,0.02,0.1175,0.2818,131072,0.48084330558776855,842.1580200195312,0.3296230435371399,14.551634788513184,12.72092342376709,674.80517578125,0.68869948387146,0.48046278953552246,828.736328125,0.344577431678772,14.400479316711426,11.762697219848633,631.5953979492188,0.6967328786849976,0.15008293092250824,266.3075256347656,0.14069019258022308,4.535912990570068,5.799201011657715,295.0881042480469,0.109186090528965,3mgml,shg,roi3,2501.598950845747,61309.92488861084,31005.55039215088,148.01498924909032,65401.02673339844,61032.744140625,4221.253187754096,2690.909072009363,2296.8071887830197,60431.74211883545,6946.133484232098,6965.532499311779,6780.6916312360445,6817.861507050439,13858.668449401855,2215.843910806175,6153.715336616401,4397.806977028722,60973.078926086426,3789.989217875386,926.0115918558689,1434.0,65378.0,30847.0,12.0,65534.0,63514.0,2574.0,1494.0,520.0,62958.0,4432.0,4453.0,4311.5,4340.0,13859.0,97.0,3769.0,2683.0,63532.0,2946.0,65.0,2863.6245409027765,3253.6963668316066,7578.694072278081,3235.223185892956,501.4386072643489,563.3838028361685,5829.046184073136,4556.944618291797,4286.806939380995,5736.607566204945,7164.555688658329,7176.12853362104,6997.999868083226,7032.722819631624,7.175624320833769,5582.977365602514,6573.80027953052,4715.318929157862,5935.67559815542,3567.374732103766,2715.0115110912348,D1,N8,t,appliedMASKiso_3mgml_roi3_8bit.ome
appliedMASKiso_shg_3mgml_roi3_8bit.ome,2,62.18472491,56.9876,0.906013636,3.581856364,31.059,46.148,0.91303,3.3677,55.0,61.60900945,28.76681833,0.049456666,0.8652075,2.0,5387,22.3313,4517,88,51.3295,33,1.3307,0.0155,0.1737,0.2964,131072,0.283347487449646,1156.1124267578125,0.2730063796043396,20.850019454956055,18.748483657836914,823.8250122070312,0.5290583372116089,0.2690187394618988,1182.231201171875,0.26604586839675903,21.314050674438477,18.252180099487305,812.6393432617188,0.525659441947937,0.11216354370117188,216.74334716796875,0.12247414886951447,3.843212366104126,5.928575038909912,229.9185333251953,0.10313475131988525,3mgml,shg,roi3,3344.545364379883,62468.33504486084,30984.79793548584,277.1983716516725,65217.89971923828,58549.08915710449,5689.190872192383,3484.208106994629,4196.6805121084035,57780.777893066406,9863.052207946777,9912.862365722656,9556.28286743164,9622.225410461426,13858.698585510254,2292.0238853503183,8454.892318725586,6037.072204589844,58361.13159942627,4347.216522216797,1854.4505859207939,2199.0,65481.0,30917.0,22.0,65528.0,61343.5,3957.0,2254.0,1478.0,60692.0,7237.0,7288.0,6966.0,7027.5,13859.0,97.0,5853.0,4220.0,61257.0,3682.0,161.0,3349.6791431057063,3634.118686913377,6074.28144774308,2705.0641276873325,900.2364206152263,1079.43281919983,7497.308901888783,5300.9717713081045,6483.41652989335,7600.614870014325,8552.600646710394,8575.103174302272,8335.361401057342,8380.985701143909,7.988973179153036,5735.500443883357,7720.627279189748,5559.051303308147,7719.458590283482,3481.853086726936,4818.367601956487,D1,N8,t,appliedMASKiso_3mgml_roi3_8bit.ome
appliedMASKiso_shg_3mgml_roi3_8bit.ome,3,71.62774688,57.8011875,0.912160625,3.52905625,43.289,48.833,0.91885,3.4155,32.0,65.3323127,31.28677919,0.030663445,0.656933401,3.0,4459,27.3951,3720,83,44.8193,26,1.2803,0.0126,0.114,0.2795,131072,0.49784159660339355,814.3369750976562,0.32340508699417114,14.026307106018066,11.987835884094238,643.3699340820312,0.7023215889930725,0.496165931224823,800.449462890625,0.3221336305141449,13.827897071838379,11.396211624145508,609.1979370117188,0.7083227038383484,0.13966286182403564,249.3379669189453,0.13235360383987427,4.212067604064941,5.240705490112305,270.6726989746094,0.09955796599388123,3mgml,shg,roi3,2696.4351289310584,61654.60294039109,30950.96615600586,160.15611964701196,65395.08417510986,60793.34712982178,4480.580895605157,2862.7189796201305,2283.537574447981,60272.51904296875,7301.05191674956,7318.288078659423,7143.484030912848,7179.777986073916,13858.664932250977,2206.675417661098,6416.576769454434,4679.916780166807,60769.26071929932,4115.022082791338,925.9756151457898,1451.0,65447.0,30885.0,12.0,65534.0,63562.0,2574.0,1512.0,494.0,63024.0,4467.0,4489.0,4340.0,4367.0,13859.0,90.0,3813.0,2704.0,63593.0,3059.0,72.0,3278.3227726377945,3588.164196335661,7419.47735437543,3223.495341751129,580.4146180745337,633.1470033174567,6403.591265048477,5090.319512316622,4369.9710811991245,6154.408166533836,7775.682497070852,7775.970929637177,7661.555427406964,7688.4765704272795,7.688797257100159,5552.022035728884,6952.103758477558,5259.8131115997185,6454.012594008853,4012.2670676782736,3026.5388169901516,D1,N8,t,appliedMASKiso_3mgml_roi3_8bit.ome
appliedMASKiso_shg_3mgml_roi3_8bit.ome,4,73.059728,58.10432,0.9176748,3.634252,36.87,50.065,0.92212,3.4944,25.0,67.85484715,26.33617545,0.034254846,0.68772378,4.0,4266,28.725,3596,97,37.0722,26,1.2686,0.0116,0.0965,0.2813,131072,0.5819026827812195,690.5325317382812,0.351009339094162,11.600201606750488,10.04649829864502,582.6863403320312,0.7597622871398926,0.5816208124160767,659.7325439453125,0.36148062348365784,11.128393173217773,9.290985107421875,521.3089599609375,0.7660742998123169,0.1432500183582306,268.9982604980469,0.14723770320415497,4.3196797370910645,5.2509050369262695,298.9290771484375,0.09587590396404266,3mgml,shg,roi3,2681.2817816246024,61259.58213043213,31105.208656311035,155.4202515197921,65405.802742004395,61052.90223693848,4384.881501726568,2869.2711252884064,2089.8999272511087,60600.12934875488,6977.971031366091,6984.606809390678,6843.394699551913,6874.563088353568,13858.694366455078,2327.0766494178524,6212.459997702118,4566.985845046149,61069.15962219238,4147.1240779748,804.4107405028445,1343.0,65420.0,30914.0,12.0,65535.0,63862.0,2367.0,1398.0,406.0,63322.0,4033.0,4048.0,3915.0,3941.0,13859.0,107.0,3547.0,2470.0,63904.0,2909.0,51.0,3425.4533476051292,3762.9104428091105,7745.8307301882305,3294.4833975717734,451.2647518822482,540.9670436001285,6432.753011465072,5227.381570579523,4220.046351626346,6089.353818769961,7838.220895805809,7830.181585135889,7738.0835992997945,7761.855470760861,6.973033909694527,5508.835047433342,7066.965555580497,5407.856000934371,6430.799422790214,4173.832025357913,2517.9977702908054,D1,N8,t,appliedMASKiso_3mgml_roi3_8bit.ome
appliedMASKiso_shg_3mgml_roi3_8bit.ome,5,83.52199714,53.09711429,0.896977429,3.456222857,50.194,44.329,0.91498,3.4249,35.0,67.1120942,26.97021927,0.046233026,0.680671146,5.0,4520,26.9984,3799,84,45.2262,21,1.2849,0.0172,0.1009,0.2749,131072,0.5722737312316895,717.67578125,0.35541462898254395,11.959692001342773,10.556556701660156,622.220458984375,0.7524767518043518,0.578761100769043,679.4515380859375,0.3475443422794342,11.471905708312988,9.493430137634277,535.5784912109375,0.7639849185943604,0.15361802279949188,301.4964294433594,0.15325604379177094,4.746918678283691,5.883010387420654,355.5541076660156,0.10421384125947952,3mgml,shg,roi3,2902.134633339966,61562.822441101074,31084.73476409912,198.51117954501095,65374.681396484375,60644.16268157959,4692.780478585534,3078.847915638114,2329.6433897355273,60220.47787475586,7511.384239205302,7519.348813004148,7359.508005142883,7394.199654079868,13858.604782104492,2692.2788432267885,6663.196677023862,4923.472793228537,60667.18802642822,4415.869330965975,894.8779964535125,1497.0,65447.0,30933.0,12.0,65534.0,63591.0,2626.0,1564.0,480.0,63096.0,4472.0,4485.5,4346.0,4373.0,13859.0,103.0,3902.0,2750.0,63645.0,3196.0,57.0,3700.005818436098,4056.1892156796885,7501.989331011645,3069.923247418648,842.2689917965739,829.0850131276637,6961.293772905444,5545.213477338594,4792.408311453884,6630.390044883623,8342.682630129526,8335.45683453123,8217.126509529258,8245.218218577498,9.137561637191228,6330.219791379914,7539.5586003980125,5781.792857192852,6964.098270766455,4364.798145601158,3068.240564244463,D1,N8,t,appliedMASKiso_3mgml_roi3_8bit.ome
appliedMASKiso_shg_3mgml_roi3_8bit.ome,6,64.20194,53.81197143,0.906898286,3.268548571,33.232,48.593,0.91103,3.2602,35.0,59.70797105,25.01019843,0.043607017,0.699335655,6.0,4329,28.2779,3694,73,50.6027,20,1.2761,0.0157,0.1044,0.3243,131072,0.5600951910018921,752.5411376953125,0.3535969853401184,12.444892883300781,10.97864055633545,641.916015625,0.7433583736419678,0.5686589479446411,704.283447265625,0.3471077084541321,11.854519844055176,9.797025680541992,578.90673828125,0.7575082778930664,0.16306722164154053,327.6688232421875,0.14262565970420837,5.139078617095947,6.027035713195801,362.9273376464844,0.1112072765827179,3mgml,shg,roi3,3057.079231398827,61649.84004211426,31076.262573242188,193.93904132648768,65373.70733642578,60321.113419444424,4932.4590636513585,3214.706123109652,2517.6756653903803,59897.58688354492,7939.9246926895685,7949.874199692498,7773.176224460916,7810.935409352028,13858.704414367676,2395.6136675824177,7069.288546710421,5194.640100664724,60332.54315185547,4633.18629093329,895.6113745078949,1669.0,65473.0,30948.0,11.0,65534.0,63306.0,2885.0,1713.0,567.0,62845.0,4906.0,4926.0,4774.0,4804.0,13859.0,93.5,4301.0,3034.0,63365.0,3504.0,57.0,3859.601249848126,4169.677563527598,7456.390713001685,2971.6165465319013,971.4472983285833,910.7411691075746,7314.779715856481,5750.275885421501,5053.313285944449,7016.051371201779,8706.423056392263,8699.799412822125,8562.33399511026,8593.549327238066,6.678891997270924,5755.604917152879,7928.3241723265955,6021.826133535793,7344.670163081397,4471.839345656142,3021.0872774489653,D1,N8,t,appliedMASKiso_3mgml_roi3_8bit.ome
appliedMASKiso_shg_3mgml_roi3_8bit.ome,7,65.79169459,53.333,0.917971351,3.464321622,30.964,44.748,0.92198,3.2546,37.0,62.20706308,27.95801053,0.031234873,0.626807097,7.0,4233,28.9646,3616,88,41.0909,17,1.2668,0.0097,0.1056,0.3154,131072,0.5631406903266907,747.2147216796875,0.39488905668258667,12.288784980773926,11.59827709197998,692.9725952148438,0.7441393733024597,0.5761330723762512,698.11767578125,0.4075721204280853,11.580729484558105,9.991615295410156,607.2991333007812,0.7622217535972595,0.17687760293483734,353.395263671875,0.14713892340660095,5.520807266235352,6.89424991607666,419.4792175292969,0.1208612397313118,3mgml,shg,roi3,3274.6246109135404,61524.68361663818,31126.740921020508,207.75735294117646,65347.81994628906,59960.87299346924,5243.10306475341,3442.6368432808804,2685.6540651226287,59597.98133850098,8360.235631524607,8365.535398263928,8198.545080494054,8235.649099460823,13858.700744628906,2452.630890052356,7451.84054911858,5522.233405988299,59987.17548370361,4855.617215402853,962.9685151983086,1815.0,65475.0,30973.0,10.0,65534.0,63044.5,3110.0,1870.0,662.0,62607.0,5285.0,5299.0,5132.0,5162.0,13859.0,97.0,4656.0,3283.0,63102.0,3762.0,64.0,4197.0524366016825,4533.36794059684,7450.021668569761,2867.207538928872,801.9269991027737,887.8328860354833,7745.278005700964,6174.161605289581,5230.53871477612,7325.054372559039,9096.843677013538,9078.279735136253,8997.081376191356,9020.835094136368,6.71072377113243,5960.119072825807,8215.252049378048,6425.56110887241,7726.308960828445,4630.514577197302,2890.804939753113,D1,N8,t,appliedMASKiso_3mgml_roi3_8bit.ome
appliedMASKiso_shg_3mgml_roi3_8bit.ome,8,51.66579697,57.66209091,0.921514242,3.586075758,24.677,46.422,0.9282,3.4772,33.0,56.4591136,25.37588208,0.043404821,0.74390621,8.0,4471,27.3163,3785,105,36.0476,18,1.2822,0.009,0.1008,0.3219,131072,0.5905835628509521,726.78271484375,0.4285655617713928,11.59907341003418,11.642243385314941,752.3309326171875,0.7614758014678955,0.6165790557861328,645.0745849609375,0.4459112882614136,10.523553848266602,9.451921463012695,608.4029541015625,0.7879515886306763,0.18674351274967194,386.4857177734375,0.1619807779788971,5.828428268432617,7.989223480224609,556.0297241210938,0.12615744769573212,3mgml,shg,roi3,3419.097592518902,61323.60297393799,31142.096061706543,273.8211519095205,65305.03187561035,59846.77925872803,5376.95016298945,3576.0187649792315,2727.7357849675836,59524.681701660156,8489.958217270196,8489.734197557318,8335.681043190792,8371.25470629649,13858.753410339355,2721.2987691160015,7605.587605987327,5680.516766659524,59895.128356933594,5023.383995530931,979.0781669514279,1882.0,65471.0,30983.0,11.0,65534.0,62954.0,3179.0,1905.0,694.0,62528.0,5400.0,5421.0,5249.5,5284.0,13859.0,100.0,4744.0,3388.0,63016.0,3873.0,65.0,4557.404578266987,4929.13178740857,7661.651224753224,2781.3417420178453,1177.679636732626,1193.2500341263108,7899.970323206675,6462.193704545214,5186.195350951313,7352.2176766919565,9207.659821897583,9172.658778393781,9147.760818832137,9163.633840580984,6.581289933899613,6704.257545859252,8281.440831052496,6701.556949963213,7814.905806974585,4906.820526266586,2908.8782320726673,D1,N8,t,appliedMASKiso_3mgml_roi3_8bit.ome
appliedMASKiso_shg_3mgml_roi3_8bit.ome,9,49.55634828,60.263,0.917651724,3.4445,29.407,60.325,0.9288,3.2522,29.0,54.8674006,26.18031113,0.03813831,0.7547659,9.0,4114,29.8602,3456,93,37.1613,18,1.253,0.0134,0.0947,0.3202,131072,0.6135549545288086,716.3748779296875,0.4437686502933502,11.105920791625977,11.799050331115723,830.5833740234375,0.7755221128463745,0.647800624370575,616.2122192382812,0.46638190746307373,9.710434913635254,8.894078254699707,598.5614624023438,0.807441771030426,0.1956128031015396,419.5615234375,0.18401779234409332,6.140323638916016,9.419249534606934,762.8464965820312,0.1309872269630432,3mgml,shg,roi3,3575.187587008735,60870.373637189005,31045.0472946167,490.8549711788419,65207.08129944839,59749.34437561035,5537.435197302582,3755.8965681821683,2701.137753956021,59506.382385253906,8550.186286658405,8541.015673046033,8428.699366652898,8458.521555218995,13858.768180847168,2636.475138121547,7571.2749705508895,5825.112480303517,59834.58122253418,5184.463964997629,1017.2354861789929,1924.0,65426.0,30956.0,12.0,65533.0,62890.0,3231.0,1957.0,700.0,62509.0,5450.0,5462.0,5315.0,5345.5,13859.0,95.0,4744.0,3453.0,62975.0,3922.0,68.0,5048.160694011748,5461.700307406805,7802.735969537675,2697.459130990743,3069.3113064395047,2258.1109444681374,8047.365716107182,6844.311438334056,4961.871289717782,7307.707302213381,9270.634077980048,9217.076075359228,9287.938103418332,9289.917486277098,7.5897960903038735,6504.877353480248,8132.253600847225,7024.674395307025,7856.31012150295,5243.193148197727,3060.029356220448,D1,N8,t,appliedMASKiso_3mgml_roi3_8bit.ome
appliedMASKiso_shg_3mgml_roi3_8bit.ome,10,58.18847,53.27463333,0.923758333,3.352066667,31.9765,45.9625,0.92921,3.21355,30.0,60.06804435,24.16437042,0.032687766,0.716094434,10.0,4171,29.4248,3449,82,42.061,21,1.2558,0.0167,0.0832,0.2781,131072,0.6503626704216003,670.3156127929688,0.4537217319011688,10.152772903442383,10.928062438964844,820.9032592773438,0.7995471954345703,0.6837805509567261,571.2255249023438,0.4514877498149872,8.749530792236328,7.873105525970459,532.8209228515625,0.8291217684745789,0.1942039132118225,429.1583251953125,0.18584193289279938,6.1607890129089355,9.527816772460938,838.1259765625,0.12633879482746124,3mgml,shg,roi3,3520.532472200554,60326.23127746582,31126.70932006836,572.700456638675,65185.31217956543,60020.00743103027,5405.170506664204,3724.4906501061964,2492.3238402681854,59821.56368255615,8175.518683369278,8157.398706006516,8088.687277260282,8111.781474173665,13858.723609924316,2754.854858056777,7182.637788892458,5655.979588246991,60133.79067993164,5150.429709845669,968.9918667659934,1835.0,65321.0,30975.0,12.0,65534.0,63079.0,3075.0,1879.0,632.5,62695.0,5133.0,5142.0,5023.0,5052.0,13859.0,86.0,4478.0,3279.0,63157.0,3773.0,61.0,5180.703103707849,5538.390031336432,7866.027777360673,2804.820821100487,3654.078992832405,2544.7133383091846,7837.362029324369,6829.092832891743,4674.5835287792725,7000.322481918151,9032.95210830043,8967.369957556568,9086.256027112957,9081.167735683968,9.926199466946379,6606.256755288782,7818.003717617931,7015.533814284718,7591.05194619322,5403.53865783356,3045.943311301831,D1,N8,t,appliedMASKiso_3mgml_roi3_8bit.ome
appliedMASKiso_shg_3mgml_roi3_8bit.ome,11,66.11523913,66.64747826,0.921246522,3.679447826,32.381,56.486,0.92126,3.5351,23.0,65.73811242,43.3969309,0.022176736,0.883742011,11.0,4018,30.6214,3299,87,37.9195,18,1.2444,0.0166,0.0908,0.3056,131072,0.6219103336334229,707.5441284179688,0.43596455454826355,10.963775634765625,11.372801780700684,786.5634155273438,0.7812452912330627,0.647562563419342,629.393310546875,0.4267391264438629,9.795289039611816,8.658499717712402,575.0462036132812,0.8074138760566711,0.191031351685524,420.0463562011719,0.17933699488639832,6.162285804748535,9.17864990234375,697.3765869140625,0.12767064571380615,3mgml,shg,roi3,3536.266549466072,60225.80409240723,31266.656211853027,588.6889665404287,65167.24510192871,60009.15586853027,5396.321095724719,3686.9463225146155,2562.12078817734,59804.927642822266,8176.803156739162,8159.3276805797595,8083.6218515135,8107.696801037916,13858.819076538086,2448.0619539316917,7191.5240785806955,5677.169928067496,60125.67863219171,5109.722656819769,1077.1794005778065,1787.0,65386.0,30986.0,13.0,65534.0,63237.0,2989.0,1835.0,628.0,62807.0,4966.0,4972.0,4849.0,4878.0,13859.0,96.0,4434.0,3178.0,63298.0,3721.0,62.0,5186.684655415985,5355.337220640868,8294.571979838149,2858.9423606476307,3328.9176153542453,2465.7594558515257,8083.100308734017,6902.328072996736,4846.334547725345,7193.436333358866,9261.725811510823,9198.343040660277,9318.633651800339,9313.697850136634,6.630291581581341,5730.056264784092,7905.574867555001,7181.202343498559,7805.687521239724,5218.219963641233,3493.7410724305428,D1,N8,t,appliedMASKiso_3mgml_roi3_8bit.ome
appliedMASKiso_shg_3mgml_roi3_8bit.ome,12,69.10513824,56.5685,0.913099118,3.648423529,41.1935,52.3365,0.918735,3.47305,34.0,60.44922864,22.36239972,0.043593771,0.884339105,12.0,4139,29.6678,3390,95,35.6842,14,1.2528,0.0118,0.1025,0.2884,131072,0.5841041803359985,743.726806640625,0.4409331977367401,11.840278625488281,12.00097942352295,756.1683959960938,0.7570374608039856,0.5930963158607483,707.8740234375,0.4537143409252167,11.255695343017578,10.794743537902832,703.3550415039062,0.7735776901245117,0.1865338236093521,389.369873046875,0.14826969802379608,5.91131067276001,8.053885459899902,506.2731628417969,0.1267695277929306,3mgml,shg,roi3,3629.832456398273,60424.84100341797,31219.887969970703,374.47167051144993,65234.33730316162,59686.09860229492,5656.4055739423675,3821.656307458786,2879.1687903675943,59443.84581638959,8626.692582676922,8613.222326250792,8522.022895742739,8548.941580649654,13858.786643981934,2614.731467473525,7665.661686191368,5925.839381606029,59759.86341094971,5174.824803850261,1167.2712789789007,1914.0,65446.0,31008.0,15.0,65534.0,63099.0,3214.0,1984.0,701.0,62720.0,5246.5,5248.0,5140.0,5167.0,13859.0,90.0,4700.0,3377.0,63169.0,3969.0,74.0,4910.599345216474,5253.965412671436,8746.973769679465,2798.629623261308,1710.3228075926202,1633.6307340032604,8345.438255518937,6951.463126132332,5266.614747579914,7599.011830005003,9600.465854469656,9548.974272488143,9617.072790131691,9620.247983446703,8.106520309684802,5949.374946870474,8346.734965612683,7192.166753542617,8181.031885839945,4899.666277748523,3435.594022008909,D1,N8,t,appliedMASKiso_3mgml_roi3_8bit.ome
appliedMASKiso_shg_3mgml_roi3_8bit.ome,13,60.99290345,58.10024138,0.916843793,3.572544828,37.235,43.727,0.92482,3.4244,29.0,53.38061668,32.27540869,0.047168071,0.609125013,13.0,4695,25.9176,3881,97,40.0103,26,1.2938,0.0161,0.1103,0.2966,131072,0.5634201765060425,773.5849609375,0.41453686356544495,12.44871997833252,11.9144926071167,712.3211059570312,0.7441738247871399,0.5670043230056763,741.3158569335938,0.4293859601020813,11.890087127685547,11.10615348815918,704.8199462890625,0.756744384765625,0.17994040250778198,369.3055114746094,0.1268785446882248,5.723011016845703,6.859917640686035,390.432373046875,0.12209726870059967,3mgml,shg,roi3,3694.589317272812,60575.65442657471,31212.421585083008,291.29487648004675,65271.85599517822,59462.151275634766,5787.896061500403,3889.251129255748,3085.265188434696,59187.22650909424,8957.483962732149,8947.48388521998,8821.851347161504,8854.218677332341,13858.77993774414,2436.2142564522737,8060.572706414907,6087.652404427495,59512.47970581055,5268.343921495675,1172.1470026136094,2005.0,65469.0,31015.0,17.0,65533.0,63024.0,3317.0,2062.0,736.0,62655.0,5404.0,5404.0,5281.0,5308.0,13859.0,92.0,4833.0,3506.0,63105.0,4110.0,80.0,4719.207977878202,5054.353762927436,8786.446372007384,2804.678172691951,1207.5612071220746,1285.7147813925947,8426.223086855956,6835.7904872860245,5503.765720616912,7823.645222448628,9769.795867734174,9732.642953243065,9724.96093785193,9739.318729794095,6.825137967286185,5717.058267886018,8701.385191816968,7102.967642956476,8333.751533272203,4833.519328565907,3210.300257825859,D1,N8,t,appliedMASKiso_3mgml_roi3_8bit.ome
appliedMASKiso_shg_3mgml_roi3_8bit.ome,14,68.47101034,65.37231034,0.91386069,3.639455172,38.66,48.544,0.92332,3.4574,29.0,60.0910249,37.02480632,0.046364413,0.79195172,14.0,4639,26.2546,3797,101,37.5941,16,1.2927,0.0175,0.1077,0.3038,131072,0.5809552073478699,737.6565551757812,0.4030439257621765,11.884807586669922,11.128501892089844,662.7664184570312,0.7561865448951721,0.5845202207565308,711.35498046875,0.42013296484947205,11.506789207458496,10.212672233581543,631.093994140625,0.767970621585846,0.1774582415819168,350.0627746582031,0.12009801715612411,5.484132289886475,6.5767059326171875,367.62408447265625,0.1194285973906517,3mgml,shg,roi3,3708.2002496917626,60489.630378723145,31187.64968109131,301.28901269522333,65267.85147857666,59537.295654296875,5782.844075349721,3927.0930495296525,3020.4017004713783,59286.295318603516,8884.504152482572,8871.48459587931,8753.460456424134,8784.717359781016,13859.096397399902,3223.4441479222264,8025.955435448476,6069.31710078397,59603.04383087158,5336.119534115494,1143.4835212399778,2011.0,65468.0,31010.0,15.0,65533.0,63055.0,3300.0,2062.0,708.0,62718.0,5340.0,5339.0,5245.0,5270.0,13859.0,118.0,4744.0,3493.0,63153.0,4138.0,79.0,4712.771133142879,5156.742279344847,8793.546927583395,2725.745365479881,1236.4319078722697,1299.7447513760753,8298.337247194911,6793.847312687853,5540.396740637475,7703.834051863671,9676.597497434848,9636.484881385373,9613.829847383828,9630.167283746512,127.95946942875719,6670.026999643208,8764.014271008447,7043.587792277569,8208.888502416632,4946.102807809087,3238.2633088839166,D1,N8,t,appliedMASKiso_3mgml_roi3_8bit.ome
appliedMASKiso_shg_3mgml_roi3_8bit.ome,15,50.52377857,51.575,0.918571786,3.635235714,35.317,45.447,0.9232,3.61825,28.0,47.71084856,21.48186503,0.040748525,0.948142639,15.0,4194,29.2525,3456,96,36.0,14,1.2662,0.01,0.0983,0.3121,131072,0.6248592734336853,677.8102416992188,0.3977561891078949,10.732852935791016,9.909507751464844,613.6913452148438,0.7846282124519348,0.6325418949127197,636.9845581054688,0.4112553000450134,10.238874435424805,8.52978515625,540.7005615234375,0.7979598641395569,0.1746012270450592,352.2314147949219,0.12515252828598022,5.409254550933838,6.5994768142700195,388.26849365234375,0.11576782166957855,3mgml,shg,roi3,3621.472402711094,59995.06432342529,31089.13214111328,272.54238139534885,65293.53924560547,59847.87683868408,5631.693216826745,3848.7855764003248,2738.3010318708475,59630.08036804199,8535.238317938822,8519.33661455618,8433.17450139679,8459.307433720596,13858.734100341797,2775.674890569041,7633.126605918652,5884.603949917904,59939.002838134766,5326.798932370495,999.0131162135862,1974.0,65433.0,30992.0,13.0,65534.0,63199.0,3248.0,2053.0,674.0,62828.0,5159.0,5149.0,5063.0,5085.0,13859.0,78.0,4611.0,3407.0,63285.0,4088.0,71.0,4606.51153298503,5079.126915033193,9177.236898037878,2653.09716726678,1075.2152909951867,1146.6150304800947,7873.948758673797,6611.684211457362,4972.082052947501,7207.478473931758,9250.393659690886,9207.785249283235,9228.125739745785,9237.750454653416,8.877153534038072,6380.17977682715,8222.9336409025,6815.65628623669,7741.787299392967,5015.467886488082,2869.9006506957853,D1,N8,t,appliedMASKiso_3mgml_roi3_8bit.ome
appliedMASKiso_shg_3mgml_roi3_8bit.ome,16,44.24711875,52.1789375,0.9254325,3.4541875,29.992,41.7215,0.93275,3.285,32.0,41.70318843,28.23959794,0.027665028,0.768519797,16.0,4172,29.4173,3460,91,38.022,21,1.2627,0.0161,0.1047,0.2498,131072,0.5973952412605286,712.05712890625,0.3945104479789734,11.466957092285156,10.666208267211914,637.9796752929688,0.7662273645401001,0.6032872796058655,676.4319458007812,0.4130510985851288,11.001286506652832,9.383241653442383,581.4789428710938,0.779545783996582,0.17980964481830597,355.28082275390625,0.12715059518814087,5.592918395996094,6.907224655151367,376.1062316894531,0.1223420649766922,3mgml,shg,roi3,3677.2598863016897,60465.024070739746,31110.53701019287,286.7678077042959,65279.39260101318,59666.96524810791,5728.421173372855,3887.0649754036326,2931.569686536691,59424.060554504395,8788.459894089245,8774.967689432287,8661.121151000702,8691.627817148197,13858.750869750977,2820.09450726979,7936.477712016198,6013.963289463438,59737.142234802246,5350.312919554552,1108.9727694570463,2063.0,65459.0,30997.5,13.0,65533.0,63049.0,3421.0,2162.5,714.0,62725.0,5426.0,5428.5,5332.0,5353.0,13859.0,83.0,4833.0,3574.0,63145.0,4251.0,78.0,4613.645990426991,4939.703379852456,9014.260293034451,2784.0051763646243,1141.9613408650503,1187.1570213159544,8070.803388743749,6593.323954162695,5322.974014668958,7467.312194221089,9453.550177845838,9415.373810048786,9391.808685248812,9408.302997512566,9.844699739048892,6697.460663686932,8542.290465702163,6887.7350841964335,7969.743520243778,4911.968084204803,3176.383109766655,D1,N8,t,appliedMASKiso_3mgml_roi3_8bit.ome
appliedMASKiso_shg_3mgml_roi3_8bit.ome,17,60.22404848,58.51272727,0.914590909,3.614842424,37.569,46.738,0.91663,3.5592,33.0,55.91492631,30.83309613,0.038907517,0.710000793,17.0,4125,29.7753,3356,105,31.9619,17,1.2576,0.0167,0.1005,0.2594,131072,0.6187508702278137,678.8473510742188,0.4201326370239258,10.804560661315918,10.440503120422363,649.88818359375,0.7801298499107361,0.6222207546234131,645.3368530273438,0.43988391757011414,10.416836738586426,9.009200096130371,574.4795532226562,0.7918005585670471,0.18308255076408386,357.1017761230469,0.14189811050891876,5.568892478942871,6.970712184906006,403.11181640625,0.12202254682779312,3mgml,shg,roi3,3646.173144048539,60055.78517150879,31116.785766601562,230.5151875673867,65315.787910461426,59818.15953826904,5669.037018884927,3856.3301897978704,2793.872696278666,59587.907386779785,8612.045728207651,8595.50490000859,8506.631363178485,8533.262179742467,13858.78246307373,2898.9400630914824,7726.10792512943,5934.600869897939,59895.14792633057,5384.178891309611,992.0205713810282,2028.0,65441.0,31003.0,13.0,65533.0,63083.0,3352.0,2115.0,720.0,62742.0,5388.0,5392.0,5274.0,5300.0,13859.0,109.5,4833.0,3533.0,63174.0,4183.0,75.0,4546.498538988385,4891.394197125307,9294.204428167424,2759.8374375475246,815.0566077877185,932.6109457215983,7764.762861081154,6501.75572860823,5024.5486153306,7154.562519895632,9166.945686209949,9127.40322451229,9138.346942678667,9148.91438142323,8.032649349920336,6495.677523925451,8251.02445266256,6739.648577326848,7665.201557171874,5062.012985418204,2675.3164527510194,D1,N8,t,appliedMASKiso_3mgml_roi3_8bit.ome
appliedMASKiso_shg_3mgml_roi3_8bit.ome,18,61.62173636,59.05545455,0.916497273,3.698639394,29.876,51.9,0.92159,3.7539,33.0,56.76237093,33.70585802,0.043135253,0.606148699,18.0,4118,29.8293,3385,103,32.8641,23,1.2544,0.0173,0.096,0.2308,131072,0.626906156539917,679.126953125,0.4408376216888428,10.651032447814941,10.41633129119873,687.2183227539062,0.7857729196548462,0.6286344528198242,639.1654663085938,0.4624536633491516,10.217020988464355,9.10984992980957,591.0512084960938,0.7955034971237183,0.1808048039674759,371.62261962890625,0.15585209429264069,5.638365745544434,6.791310787200928,449.4762878417969,0.11827666312456131,3mgml,shg,roi3,3663.480733729662,59865.785415649414,31188.948570251465,205.79932041882884,65331.72540283203,59917.03095245361,5680.928288145656,3905.3266099346924,2664.8853192550982,59728.901290893555,8496.701681789737,8474.548318210263,8419.183933041302,8440.906390801001,13858.765007019043,2823.453193350831,7535.735528785983,5912.65461514393,60015.37673187256,5475.039737171464,904.1314632265594,2048.0,65407.0,31017.0,16.0,65533.0,63076.0,3369.0,2123.0,716.0,62746.0,5381.0,5379.0,5281.0,5307.0,13859.0,109.0,4789.0,3544.0,63169.0,4189.0,76.0,4476.668091025277,4884.1772603945365,9424.423203166143,2724.718944109461,703.317885808399,821.9393938034722,7431.766625427333,6399.919263153029,4638.74338245925,6772.698348050643,8858.400018205375,8814.292443953042,8858.326146214711,8863.427453066664,8.585135499996227,6408.345152963842,7869.2768223132825,6581.998540737313,7303.373931788245,5216.69613034434,2319.8035755723076,D1,N8,t,appliedMASKiso_3mgml_roi3_8bit.ome
appliedMASKiso_shg_3mgml_roi3_8bit.ome,19,62.69745613,56.18570968,0.930627419,3.704145161,27.072,51.284,0.93168,3.4941,31.0,61.81380539,23.962816,0.021597661,0.777450726,19.0,3938,31.2841,3210,95,33.7895,16,1.2425,0.0134,0.1041,0.2509,131072,0.5916352272033691,732.3407592773438,0.4079847037792206,11.706940650939941,10.911288261413574,682.2579956054688,0.763427734375,0.5840272307395935,708.1566162109375,0.4241195023059845,11.496366500854492,10.353927612304688,638.420166015625,0.7674139142036438,0.17601871490478516,365.5384216308594,0.1467270404100418,5.604138374328613,6.357553958892822,397.45379638671875,0.11626125872135162,3mgml,shg,roi3,3660.273165535313,60478.90145111084,31185.372200012207,167.7204685222708,65349.661193847656,59773.87648773193,5703.345324361629,3863.602602108037,2685.981227263642,59575.874755859375,8678.11350082033,8661.9419782749,8580.666829954824,8606.268865613847,13858.72696685791,2799.0589375727027,7693.902882424752,5974.614437783324,59866.897216796875,5461.413119037066,860.8187932517096,2121.0,65455.0,31018.0,15.0,65533.0,62875.0,3473.0,2176.0,781.0,62559.0,5643.0,5646.0,5530.0,5557.0,13859.0,95.0,5055.0,3691.0,62974.0,4297.0,86.0,4263.996671881403,4624.473811584765,8950.848250773292,2699.5463630879453,465.0941551496017,644.6388477440806,7296.624547592149,6208.812579917766,4344.3160952203125,6666.900905821928,8761.268625265693,8724.958489157194,8741.001922749761,8750.103572786442,8.09184565015171,6617.258942140961,7771.343112464742,6409.972218705552,7179.665897530082,4953.553189565561,1975.583787739123,D1,N8,t,appliedMASKiso_3mgml_roi3_8bit.ome
appliedMASKiso_shg_3mgml_roi3_8bit.ome,20,65.4693881,49.89402381,0.913061429,3.544985714,33.5005,42.449,0.922935,3.4156,42.0,64.52451658,21.86849588,0.048568473,0.618572736,20.0,4634,26.2851,3756,110,34.1455,20,1.2846,0.0204,0.1227,0.2441,131072,0.5101168751716614,845.0182495117188,0.3567003607749939,14.07238483428955,12.546492576599121,699.2860717773438,0.7079172134399414,0.48647385835647583,849.769287109375,0.36255472898483276,14.267520904541016,12.626148223876953,711.1607666015625,0.7014851570129395,0.1708703488111496,344.3149719238281,0.12644144892692566,5.523646354675293,6.2781453132629395,333.5826110839844,0.11926155537366867,3mgml,shg,roi3,3778.1024156379553,61611.78350830078,31037.032348632812,181.96627491918105,65328.4405670166,59235.59150695801,5985.353597175454,3986.2874396323114,3095.1257973208444,58975.43898010254,9340.132933429064,9334.772625857902,9195.037751580703,9229.931846430583,13858.675277709961,2950.5581113801454,8367.510595919124,6292.0128540658225,59279.49626159668,5505.484563540774,1027.964405496051,2317.0,65495.0,31001.0,17.0,65532.0,62398.0,3836.0,2368.0,940.0,62095.0,6325.0,6335.0,6183.0,6214.0,13859.0,97.0,5631.0,4075.0,62477.0,4592.0,102.0,4125.774514478688,4492.924360984779,7895.64641520507,2635.514464387467,583.7822149503471,724.354948494111,7631.091990771845,6187.717932783908,4827.315444418071,7148.600288640143,9067.05130765657,9042.9804273279,8991.140411187489,9010.954271462373,9.585319535642379,6798.3159888129485,8145.7163328302395,6427.344237132878,7603.420160296547,4585.972720440036,2299.643797968519,D1,N8,t,appliedMASKiso_3mgml_roi3_8bit.ome
appliedMASKiso_shg_3mgml_roi3_8bit.ome,21,65.91808611,51.42527778,0.920872222,3.531675,28.3545,48.99,0.91908,3.5199,36.0,66.30956345,18.34226533,0.032243631,0.689852619,21.0,4131,29.7291,3437,85,40.4353,19,1.2536,0.019,0.1005,0.2352,131072,0.5923383235931396,712.781005859375,0.37399569153785706,11.569618225097656,10.344676971435547,636.2842407226562,0.7656781077384949,0.5816220641136169,708.5625,0.3772948384284973,11.658475875854492,9.590400695800781,568.4531860351562,0.7655516266822815,0.15810754895210266,317.5267333984375,0.1455812305212021,4.873985767364502,6.013249397277832,398.37738037109375,0.1025015190243721,3mgml,shg,roi3,3563.819642691272,61005.60757446289,31088.755561828613,204.5466570254493,65345.70432281494,59931.99416351318,5612.846380678228,3827.374952218244,2561.285766112496,59714.23677062988,8535.143418893396,8518.849544849367,8437.639285382544,8463.048177849336,13859.147430419922,2878.9488588334743,7653.966630027557,5848.160301266372,60007.02651977539,5445.422546985788,797.5520926890605,2168.0,65464.0,30976.0,13.0,65533.0,62740.0,3594.0,2254.0,802.0,62432.0,5795.0,5797.0,5681.0,5705.0,13859.0,107.0,5143.0,3782.0,62834.5,4400.0,81.0,3961.8721733754046,4469.99536776219,8266.77153313115,2647.124078730467,1172.2201336457517,1041.1637137868781,6927.362619233726,5913.554806296536,4113.843432827302,6361.613500962848,8340.158368192573,8304.903350800336,8316.169163064784,8325.636902651022,142.94160082725867,6701.050336061458,7499.947148519617,6043.621642981513,6854.822034799119,4652.740977699825,2235.567941868236,D1,N8,t,appliedMASKiso_3mgml_roi3_8bit.ome
appliedMASKiso_shg_3mgml_roi3_8bit.ome,22,64.51558061,54.87827273,0.918696364,3.500990909,28.393,46.505,0.93374,3.524,33.0,63.53415435,26.50980964,0.043091254,0.619116913,22.0,4404,27.7623,3670,78,47.0513,30,1.2692,0.0131,0.107,0.211,131072,0.5631570219993591,759.1491088867188,0.3855552077293396,12.356917381286621,11.40855884552002,702.334228515625,0.7462149858474731,0.551237165927887,749.134521484375,0.39759522676467896,12.448164939880371,10.731040000915527,619.3041381835938,0.7462835311889648,0.1624482125043869,330.9838562011719,0.15277622640132904,5.009590148925781,6.519864082336426,464.0944519042969,0.10714291781187057,3mgml,shg,roi3,3657.2211073491644,61399.117416381836,31096.49245452881,201.5994662074903,65337.51400756836,59747.54421234131,5735.8121993487675,3918.73085740486,2664.7416583557792,59547.48252868652,8742.982122612042,8727.719553296674,8637.515567518374,8664.557962687315,13858.669227600098,2898.5879777070063,7779.37347390503,5985.8615389361485,59832.183753967285,5551.6556327654425,834.8189525839946,2243.0,65486.0,30983.0,12.0,65532.0,62559.0,3697.0,2316.0,854.0,62272.0,6046.0,6049.0,5905.0,5935.0,13859.0,112.5,5276.0,3900.0,62662.5,4507.0,88.0,4087.3405775506967,4604.811241218779,7903.875608606791,2625.0054882472296,1008.8251565426194,962.4372541561228,7126.098870300432,6014.716927569042,4306.37278201987,6572.01768312379,8527.026854899117,8495.046124388446,8486.788593266738,8499.279413014901,10.101058104810011,6525.6756500543415,7636.981425833177,6169.408509387135,7047.653114787283,4783.209029155801,2192.164458598455,D1,N8,t,appliedMASKiso_3mgml_roi3_8bit.ome
appliedMASKiso_shg_3mgml_roi3_8bit.ome,23,62.04353611,56.07172222,0.909323611,3.556719444,30.3765,50.987,0.921615,3.5763,36.0,62.1207222,24.04645294,0.042920873,0.590622538,23.0,4481,27.2508,3775,85,44.4118,26,1.2727,0.0247,0.1093,0.241,131072,0.5632638335227966,759.4849853515625,0.39408421516418457,12.365833282470703,11.50732421875,703.130126953125,0.7461920976638794,0.5503480434417725,762.3499145507812,0.4175474941730499,12.543431282043457,10.944432258605957,661.9223022460938,0.7451042532920837,0.1628904491662979,326.240966796875,0.1482563316822052,4.998079299926758,6.380954265594482,430.7190246582031,0.10761246085166931,3mgml,shg,roi3,3684.1051957866166,61516.15019989014,31113.554931640625,151.88266552020636,65363.83076477051,59728.504539489746,5728.73429363997,3882.0976707785767,2647.5120767644776,59542.87590789795,8785.100623062568,8771.027205009177,8677.951720362116,8705.411506608472,13858.70442199707,2741.377970577141,7854.497401335575,6026.511443376876,59823.726654052734,5627.033705525825,784.7033385108433,2307.0,65488.0,30987.0,12.0,65532.0,62533.0,3732.0,2359.0,853.0,62270.0,6096.0,6100.0,5985.0,6007.0,13859.0,107.0,5410.0,3995.0,62639.0,4633.0,83.0,4046.411997385072,4458.439805045067,7791.576412459535,2647.309495507882,526.5529499369517,660.7307112582756,7098.55579099587,5959.085059035748,4234.0299348791905,6536.689630916977,8504.171534380856,8475.260249731222,8465.614682092331,8478.1567451794,7.614026145360349,6342.446715818166,7621.538438183441,6146.196847483633,7007.464983400226,4763.983976775777,1920.4165253157219,D1,N8,t,appliedMASKiso_3mgml_roi3_8bit.ome
appliedMASKiso_shg_3mgml_roi3_8bit.ome,24,65.19666286,64.25257143,0.915014571,3.506108571,36.193,54.982,0.91911,3.4306,35.0,61.29154188,32.83606178,0.032844615,0.586785992,24.0,4535,26.9025,3776,94,40.1702,22,1.2808,0.0188,0.1039,0.2289,131072,0.5913742780685425,718.830078125,0.41558754444122314,11.531026840209961,10.911746978759766,691.0655517578125,0.7651023268699646,0.5812816023826599,712.5156860351562,0.4452005922794342,11.609134674072266,10.275253295898438,645.6441040039062,0.7656518220901489,0.16023848950862885,321.85003662109375,0.15323638916015625,4.880711555480957,6.158437728881836,417.2763977050781,0.10446004569530487,3mgml,shg,roi3,3687.3723003825744,61246.097412109375,31120.2739944458,137.24346433368925,65373.46957397461,59817.79433441162,5715.809448135257,3907.644733680106,2561.2077751345937,59659.91145324707,8672.413550536838,8653.657935332592,8581.977130383808,8606.264647352833,13858.721328735352,2616.6238464378,7707.43003362952,5997.836395470813,59926.46602630615,5672.323599284216,741.5089689824727,2319.0,65479.0,30984.0,13.0,65532.0,62582.0,3767.0,2377.0,806.0,62374.0,6010.0,6000.0,5920.0,5945.0,13859.0,83.0,5276.0,3999.0,62723.0,4670.0,78.0,4010.693535594599,4452.062171657416,7922.5772297498825,2621.1234241244724,408.68114004065416,569.4685077661807,6950.031269502002,5897.61237796313,4112.47554313822,6375.313868047982,8371.404456144894,8339.19817285747,8333.558368455686,8345.321876694246,11.665835370210441,6216.631045465432,7494.288588166105,6079.481742832772,6853.235007701908,4779.506187614281,1764.1213046213395,D1,N8,t,appliedMASKiso_3mgml_roi3_8bit.ome
appliedMASKiso_shg_3mgml_roi3_8bit.ome,25,57.54671562,56.832125,0.924882812,3.5935375,21.262,50.133,0.935135,3.652,32.0,63.72997247,18.81249793,0.034454875,0.577712855,25.0,4469,27.3294,3729,86,43.3605,18,1.2761,0.0175,0.0973,0.2416,131072,0.6226844191551208,662.786865234375,0.42142701148986816,10.586156845092773,10.07553768157959,647.7711181640625,0.7854334115982056,0.6190104484558105,648.607666015625,0.4452916979789734,10.518587112426758,9.120447158813477,571.7860107421875,0.7895604968070984,0.158667653799057,313.67376708984375,0.1552727371454239,4.773944854736328,5.960699558258057,393.72412109375,0.10175707936286926,3mgml,shg,roi3,3660.507931496512,61163.7907333374,31129.69044494629,142.60403378727807,65373.08960723877,59950.66313171387,5657.618423295675,3889.0351868210205,2427.382296845199,59819.497215270996,8482.072145816328,8458.907008978762,8411.958948730191,8432.45181038333,13858.716217041016,2595.9050068587107,7455.738021900171,5916.571914801867,60073.184829711914,5678.041420892948,721.606211716664,2294.5,65461.0,30985.0,14.0,65532.0,62664.0,3697.0,2368.0,783.0,62420.0,5857.0,5845.0,5765.0,5787.0,13859.0,98.0,5188.0,3915.0,62793.0,4630.0,76.0,3951.10578041123,4372.244842565728,7830.821161258164,2651.7421251384712,504.2909014325413,624.2676561098344,6780.3593038804365,5818.998621649488,3870.921272768748,6178.898468260697,8163.90523261545,8129.980285188237,8156.562842807366,8163.315434175896,11.052028862975767,6093.276843054698,7140.2506241754545,5975.078172935493,6665.536456100648,4789.28464124777,1816.6619850409531,D1,N8,t,appliedMASKiso_3mgml_roi3_8bit.ome
appliedMASKiso_shg_3mgml_roi3_8bit.ome,26,69.47276471,61.19294118,0.916020294,3.572482353,38.633,58.5155,0.92397,3.62855,34.0,68.35366135,22.45955494,0.03802242,0.539985034,26.0,4413,27.7016,3731,85,43.8941,19,1.2736,0.0155,0.1009,0.2598,131072,0.6304430365562439,653.48681640625,0.4340207874774933,10.356739044189453,10.007701873779297,657.3408203125,0.7909900546073914,0.6286383867263794,635.259521484375,0.4629249572753906,10.223413467407227,8.92989730834961,571.5550537109375,0.7959747314453125,0.15246301889419556,304.6187438964844,0.1573312133550644,4.582766532897949,5.968603134155273,406.9356689453125,0.09715915471315384,3mgml,shg,roi3,3762.9249230769233,61271.795318603516,31100.918937683105,174.93393064654666,65346.475997924805,59837.48784637451,5777.030666687287,4013.985339374913,2533.003895021384,59723.27576446533,8610.629246153847,8582.602307692308,8544.82303076923,8564.328161538462,13858.670616149902,2778.805777932475,7633.192807692308,6044.372223076923,59957.74313354492,5807.285692307692,780.4948919924612,2366.0,65468.0,30972.0,14.0,65532.0,62569.0,3784.0,2438.0,803.0,62356.0,5986.0,5971.0,5896.5,5921.0,13859.0,97.0,5232.0,4009.0,62709.0,4765.0,79.0,4001.4585236744033,4485.047496707914,7667.097569704098,2658.3199167056787,669.6133997477043,763.1211837510147,6847.097876997111,5856.45583202739,4065.7283159368394,6282.489810162378,8219.854961940728,8184.258643528069,8194.11093354088,8203.239920296643,11.046968412241984,6465.295327891979,7381.600850326478,6026.570720512172,6761.873418015175,4836.145507899851,2020.1106267851524,D1,N8,t,appliedMASKiso_3mgml_roi3_8bit.ome
appliedMASKiso_shg_3mgml_roi3_8bit.ome,27,64.87869375,58.9705625,0.920855,3.48879375,43.4165,40.7445,0.9352,3.5345,32.0,60.0687297,39.95036187,0.041979639,0.602341866,27.0,4196,29.2376,3573,83,43.0482,21,1.2614,0.0119,0.0978,0.2935,131072,0.6524500250816345,622.6029052734375,0.44383740425109863,9.744519233703613,9.382741928100586,635.1644287109375,0.805716335773468,0.6653005480766296,588.9663696289062,0.4604034125804901,9.324847221374512,8.089098930358887,532.3653564453125,0.818175733089447,0.13928799331188202,272.375244140625,0.14294026792049408,4.102320671081543,5.513352870941162,388.6188049316406,0.087409608066082,3mgml,shg,roi3,3773.8526793949454,61415.45191192627,31054.31039428711,174.30723101712653,65346.93453216553,59892.936866760254,5756.319363927592,3986.176718514802,2448.076285279125,59802.047775268555,8557.023273688741,8527.814302404231,8501.888527639427,8519.584855192768,13858.61442565918,2866.0395558639834,7514.893808030499,6037.462430055955,60027.00727844238,5870.724720223821,755.028583382462,2413.0,65462.0,30967.0,12.0,65532.0,62466.0,3870.0,2490.0,825.0,62294.0,6074.0,6061.0,6006.0,6027.0,13859.0,90.0,5232.0,4091.0,62618.5,4832.0,75.0,3985.3092538076767,4349.7275044886765,7388.5670490127595,2613.4382845719215,656.3025381315175,763.3538973513366,6747.269617077866,5752.664008998499,3936.31874029093,6166.414791583319,8074.613895327195,8038.624289245081,8058.129795451719,8065.73703435275,12.957052990483938,6757.401129847453,7137.323891586871,5965.345565506407,6647.851886138523,4861.530844369416,2041.1010776794305,D1,N8,t,appliedMASKiso_3mgml_roi3_8bit.ome
appliedMASKiso_shg_3mgml_roi3_8bit.ome,28,66.51642188,57.0815625,0.923530938,3.538990625,42.986,47.3845,0.92529,3.50085,32.0,65.0424111,33.13451253,0.030718883,0.616197494,28.0,4335,28.236,3801,91,41.7692,15,1.2684,0.0144,0.0991,0.2518,131072,0.6556370854377747,620.8380737304688,0.46344277262687683,9.645636558532715,9.455881118774414,665.8431396484375,0.8084231019020081,0.66578608751297,598.8153076171875,0.4778476059436798,9.301547050476074,8.417924880981445,569.3704833984375,0.818544328212738,0.12885263562202454,251.43182373046875,0.14414137601852417,3.752798080444336,5.322057247161865,422.54364013671875,0.08098381012678146,3mgml,shg,roi3,3877.6795730302565,61483.226570129395,31049.25650024414,180.24020693557515,65338.94574737549,59849.217140197754,5891.963548931513,4125.487350015027,2418.232497598165,59812.86504364014,8616.995691906006,8581.260436184917,8591.271479035478,8604.00365535248,13858.610404968262,3298.6434248554915,7533.031170327139,6144.970557518046,59997.58871459961,6077.072262325296,728.3200977113984,2505.0,65462.0,30968.0,11.0,65531.0,62350.5,3974.0,2569.0,848.0,62225.0,6213.0,6189.5,6157.0,6175.0,13859.0,117.0,5365.0,4233.0,62516.5,4952.0,70.0,4137.838161790588,4571.241687402303,7230.473618944066,2576.890793242334,664.8384419726249,785.6855903814557,6696.343445688099,5867.000320345505,3873.687724337774,6067.914893383804,7961.075989029807,7915.794178319596,7994.169039692394,7992.9805132885585,13.505357125768485,7115.603389690259,7016.002673067977,6004.5343096583965,6582.588591032813,5179.005521600279,1949.4783805398197,D1,N8,t,appliedMASKiso_3mgml_roi3_8bit.ome
appliedMASKiso_shg_3mgml_roi3_8bit.ome,29,76.22931122,49.0787561,0.917841463,3.545956098,57.171,43.286,0.93421,3.4407,41.0,70.71349338,20.5380639,0.04116279,0.687029344,29.0,4593,26.5375,3989,112,35.6161,18,1.2842,0.0139,0.1026,0.2497,131072,0.639502227306366,669.9501342773438,0.4553365409374237,10.2828950881958,9.985892295837402,722.9990234375,0.7984275221824646,0.6434518694877625,641.6197509765625,0.46966493129730225,9.993267059326172,8.931314468383789,601.4442138671875,0.8049051761627197,0.12909607589244843,271.1231689453125,0.1556893289089203,3.9212498664855957,5.4474406242370605,493.94232177734375,0.08094441890716553,3mgml,shg,roi3,3976.705801518513,61891.18640899658,31012.179679870605,163.45884072089626,65348.28169250488,59840.626205444336,5941.257336064942,4216.684152559344,2409.158264801995,59846.25023651123,8700.908029387605,8662.857322718584,8659.32713286606,8674.268879693534,13858.65805053711,2618.103509393832,7641.765544031507,6238.549098334856,60018.1004486084,6315.155828004207,682.3603857634903,2569.0,65491.0,30949.0,11.0,65531.0,62282.0,4026.0,2613.0,874.0,62170.0,6363.0,6342.0,6276.0,6300.0,13859.0,109.0,5543.0,4317.0,62443.0,5116.0,66.0,4218.690128216674,4694.924068057392,6933.4607309657085,2415.267532604608,554.5210128098754,704.1347832258587,6655.776344468875,5851.401784647477,3936.043118004993,6026.359697983853,7929.1497088604665,7886.745021715776,7932.965503801661,7935.630500259653,11.889511661839451,5988.644852291911,7064.518130656871,6023.134724321613,6508.368283281672,5392.337867262892,1855.4893117643078,D1,N8,t,appliedMASKiso_3mgml_roi3_8bit.ome
appliedMASKiso_shg_3mgml_roi3_8bit.ome,30,82.07753143,62.50165714,0.915772571,3.467814286,55.408,53.106,0.91996,3.3274,35.0,70.14856732,32.7758995,0.033558966,0.635057476,30.0,4539,26.8771,3943,86,45.8488,24,1.2822,0.0197,0.1063,0.2663,131072,0.6301752328872681,710.9263305664062,0.47036686539649963,10.748215675354004,10.56630802154541,756.8737182617188,0.7912575602531433,0.6259192228317261,691.6522216796875,0.4875794053077698,10.55659008026123,9.781512260437012,687.7354125976562,0.7941375374794006,0.14519748091697693,320.4221496582031,0.13260440528392792,4.598498344421387,5.7619829177856445,460.9024353027344,0.0918799489736557,3mgml,shg,roi3,4119.120098320737,61965.55783843994,31045.507064819336,133.86209616306584,65363.714279174805,59639.871170043945,6211.926561395963,4408.908428312494,2438.8843638778017,59702.04541015625,8955.33661834861,8910.024595498993,8950.04528573507,8959.165521888615,13858.647789001465,3353.968853820598,7794.680051763877,6465.089009364973,59816.80522155762,6580.302359238244,656.7879927654252,2780.0,65501.0,30974.0,11.0,65530.0,61992.0,4337.0,2822.0,964.0,61913.0,6719.0,6704.0,6659.0,6676.0,13859.0,154.5,5853.0,4626.0,62154.0,5453.0,74.0,4139.5614824862405,4756.971600208664,6624.952337679749,2311.2402865257136,479.06783692963336,635.2326321725697,6589.166330888594,5923.247359564315,3920.4205353678058,5972.32862785045,7853.916103433084,7803.4905976281325,7896.243191833621,7892.032035141697,11.123493625539291,6921.555704635251,7018.078933813785,5981.900035970966,6480.906551709362,5322.211102409201,1832.5171755508695,D1,N8,t,appliedMASKiso_3mgml_roi3_8bit.ome
appliedMASKiso_shg_3mgml_roi3_8bit.ome,31,72.84681714,60.60654286,0.912636,3.524751429,28.511,51.438,0.92731,3.5272,35.0,70.44922002,33.4704349,0.049268976,0.741989229,31.0,4399,27.7961,3874,80,48.425,28,1.2732,0.0157,0.1077,0.3114,131072,0.632642388343811,717.3417358398438,0.470754474401474,10.728293418884277,10.725351333618164,758.5819091796875,0.7922700643539429,0.6327655911445618,681.6268310546875,0.4791492223739624,10.380805969238281,9.888071060180664,692.1033325195312,0.798335075378418,0.15475888550281525,348.9778137207031,0.13179348409175873,4.962363243103027,6.124850749969482,454.4391174316406,0.09795965254306793,3mgml,shg,roi3,4227.19908955281,61952.85890197754,31013.04714202881,134.69496727600992,65359.85341644287,59489.78155517578,6310.05600527397,4464.816859841168,2492.585847010506,59573.0251159668,9167.40840824758,9123.297777437741,9148.04809303393,9159.687609502314,13858.628112792969,2572.0102171136655,7999.352672047741,6625.413932137256,59678.39453125,6751.055560231055,656.7924439927533,2921.0,65499.0,30987.0,12.0,65529.0,61790.0,4510.0,2962.0,1029.0,61770.0,6992.0,6970.0,6937.0,6952.0,13859.0,112.0,6119.0,4841.0,61980.0,5691.0,76.0,4124.097544367637,4654.956409895166,6523.079558627271,2309.25440029178,504.37333087566856,661.9666740620269,6623.654918140396,5871.298056783633,3891.228902721786,6021.418411028594,7859.110798682025,7812.885741268367,7894.792065167617,7892.230604282439,11.11825553561558,6017.905881650731,6990.446928147058,5979.749718190571,6518.2482143603465,5243.688334893167,1845.111660367345,D1,N8,t,appliedMASKiso_3mgml_roi3_8bit.ome
appliedMASKiso_shg_3mgml_roi3_8bit.ome,32,97.04735897,58.15328205,0.917964359,3.566697436,79.046,48.346,0.92293,3.5564,39.0,70.41940233,25.16567464,0.0428256,0.726560521,32.0,4512,27.0499,3919,106,36.9717,14,1.2806,0.0138,0.1165,0.3166,131072,0.6019764542579651,768.2164306640625,0.47627049684524536,11.600518226623535,11.894601821899414,820.349609375,0.7719914317131042,0.6008099317550659,721.670166015625,0.4924949109554291,11.187650680541992,10.899984359741211,744.7147216796875,0.7783983945846558,0.16314569115638733,360.2507629394531,0.13465096056461334,5.203956604003906,6.788156032562256,479.2534484863281,0.10600317269563675,3mgml,shg,roi3,4461.7796582948395,62346.33930969238,30971.151260375977,153.2139631618684,65331.32009124756,59122.59403991699,6654.318082588414,4718.535399958637,2689.9134347167897,59252.18551635742,9629.44901954786,9580.007303680137,9617.119772706415,9627.803894276361,13858.709091186523,2879.568549980245,8419.985622074704,6981.743025176665,59316.12844848633,7033.983457738077,734.0072520971225,3178.0,65511.0,30985.0,12.0,65527.0,61427.0,4872.0,3216.0,1161.0,61461.0,7522.5,7489.5,7452.0,7470.0,13859.0,111.0,6518.0,5231.0,61616.0,6116.0,90.0,4212.011565365174,4760.938119413576,6190.25008879538,2114.762040405977,534.6381323007688,721.7411861671501,6820.346023399222,5999.425045731007,4131.004374620894,6233.287940764688,8004.424587711098,7955.417499309346,8047.304328085908,8043.5079182646905,12.852823850210752,6726.079248333484,7137.563656525539,6107.44448875298,6730.277715328953,5219.302603249285,1970.5894087958977,D1,N8,t,appliedMASKiso_3mgml_roi3_8bit.ome
appliedMASKiso_shg_3mgml_roi3_8bit.ome,33,86.93537805,60.18414634,0.918173902,3.4984,75.256,52.316,0.92367,3.4554,41.0,68.60049885,27.30686793,0.036308826,0.702614569,33.0,4853,25.0086,4230,114,37.1053,25,1.3062,0.0187,0.1182,0.2923,131072,0.5876320600509644,805.0670776367188,0.47724390029907227,12.121603012084961,12.49213981628418,859.5220947265625,0.7620840072631836,0.5940024256706238,752.403564453125,0.48925572633743286,11.515013694763184,11.207416534423828,774.4540405273438,0.773922324180603,0.1660703867673874,373.19573974609375,0.13160791993141174,5.359870910644531,7.151897430419922,500.0391845703125,0.10951404273509979,3mgml,shg,roi3,4611.942078299434,62502.06516265869,30988.937385559082,171.61735164850305,65308.61405181885,58949.85593414307,6866.25019524969,4885.251182983416,2733.9602255269465,59146.42810821533,9834.993737574552,9780.605918336138,9846.757898761278,9853.624415048173,13859.01774597168,2886.920245398773,8474.310636182903,7180.050558189326,59167.05291748047,7250.548654228475,777.1159557661928,3331.0,65511.0,30993.0,12.0,65526.0,61180.0,5114.0,3382.0,1219.0,61302.0,7835.0,7802.0,7787.0,7801.0,13859.0,109.0,6651.0,5477.0,61396.0,6330.0,94.0,4293.378466983825,4840.3207802289635,6028.624072325063,2120.89540930536,607.884370874533,814.3598579084081,6915.088950053619,6092.48525286538,4244.48501688347,6304.139993573076,8029.641174531124,7975.887474481809,8091.987671757732,8084.526164642857,122.00917108562533,6643.952343339897,7060.654626636272,6181.639372435396,6816.7243649695865,5284.478487303714,2238.244154701243,D1,N8,t,appliedMASKiso_3mgml_roi3_8bit.ome
appliedMASKiso_shg_3mgml_roi3_8bit.ome,34,84.33343542,55.46779167,0.918798333,3.568004167,65.737,54.769,0.91988,3.4906,48.0,68.25220828,18.47862527,0.042475406,0.778247072,34.0,4943,24.5169,4232,106,39.9245,23,1.3107,0.0269,0.1271,0.2835,131072,0.5619605779647827,851.8214111328125,0.4814322590827942,12.904619216918945,13.392290115356445,911.9135131835938,0.7449826598167419,0.5629381537437439,796.7098999023438,0.4976932406425476,12.312870025634766,12.299530029296875,841.3283081054688,0.7541232705116272,0.1655643731355667,378.9324951171875,0.13304875791072845,5.43135404586792,7.33885383605957,511.3921203613281,0.11171971261501312,3mgml,shg,roi3,4858.5382740201285,62857.39833831787,30981.25038909912,171.2130390474839,65289.413833618164,58564.51707458496,7209.427998683999,5152.139396628895,2913.6021563921076,58801.8690032959,10301.638152515303,10243.005249925493,10316.317738940386,10322.99366493707,13858.658042907715,2943.9055712936733,8892.926806715624,7537.653634828327,58785.26633453369,7549.997080827456,809.6078365622407,3584.0,65516.0,30991.0,12.0,65522.0,60738.0,5494.0,3626.0,1411.0,60892.0,8409.0,8372.0,8346.0,8369.0,13859.0,121.0,7227.0,5894.0,60947.0,6672.0,115.0,4418.954015824968,4981.609208469075,5675.775890003705,2090.986645352568,560.4203926582888,795.914988645183,7044.7164834514615,6208.099587109653,4164.212607884617,6389.737712112509,8124.208692032423,8066.933454453893,8203.088961616722,8193.19292796672,9.812737194976762,6553.373518908818,7088.87620701262,6296.171247207182,6925.371803359947,5416.9891870579895,2019.359340398264,D1,N8,t,appliedMASKiso_3mgml_roi3_8bit.ome
appliedMASKiso_shg_3mgml_roi3_8bit.ome,35,70.91856667,53.77258824,0.918407255,3.502215686,39.668,50.563,0.92224,3.421,51.0,62.23634358,21.82707815,0.033464435,0.684224058,35.0,5306,22.7028,4522,110,41.1091,31,1.3305,0.0199,0.13,0.2769,131072,0.5590887665748596,871.2290649414062,0.4756949245929718,13.119800567626953,13.397834777832031,905.455078125,0.7424752712249756,0.5645169019699097,830.986328125,0.4892081022262573,12.576128005981445,12.031207084655762,830.7462158203125,0.7548907995223999,0.16957250237464905,385.6605224609375,0.12265230715274811,5.581477642059326,7.3219895362854,483.8116149902344,0.11587200313806534,3mgml,shg,roi3,4966.665660925028,63076.0193939209,30981.69477081299,159.25792512666305,65291.56669616699,58340.58699798584,7349.063778046281,5236.517397488644,3071.173150856985,58580.694480895996,10608.403490814651,10551.8614291716,10597.50697781003,10608.661001413131,13858.637474060059,2678.102071005917,9245.87941794294,7726.583714623993,58559.36853027344,7691.335355001337,839.3435656925794,3718.0,65520.0,30992.0,14.0,65521.0,60523.0,5702.0,3792.0,1487.0,60707.5,8708.0,8671.0,8649.0,8669.0,13859.0,94.5,7494.0,6104.0,60755.0,6920.0,122.0,4412.255297854338,4976.908396477548,5491.102320958821,2026.9326079818063,463.4346637636784,728.4280124876408,7093.175783528092,6170.550225992199,4335.225325812115,6496.418658897094,8201.480493528157,8150.485933882544,8237.659213930086,8234.543678281718,8.639221344454318,6352.083077852842,7335.598379103228,6299.317900850403,6998.906237376019,5432.359739206927,2039.102651862308,D1,N8,t,appliedMASKiso_3mgml_roi3_8bit.ome
appliedMASKiso_shg_3mgml_roi3_8bit.ome,36,67.58355679,55.26396226,0.91160717,3.451256604,35.311,49.814,0.92274,3.3548,53.0,64.36074204,20.9565404,0.047764464,0.708764091,36.0,5352,22.4905,4591,101,45.4554,36,1.3287,0.017,0.1357,0.2808,131072,0.5591052770614624,886.5194091796875,0.4852215647697449,13.216357231140137,13.678953170776367,927.948486328125,0.7421441078186035,0.5617389678955078,870.313720703125,0.5017368197441101,12.934310913085938,12.654742240905762,907.6094360351562,0.753054141998291,0.17205733060836792,378.4151916503906,0.11285219341516495,5.604109764099121,7.353811740875244,456.2434997558594,0.11765516549348831,3mgml,shg,roi3,5133.269772555487,63177.413414001465,30959.88667973846,173.6001192910702,65267.66474914551,57989.36569976807,7607.919542074574,5397.19881391812,3299.01106621361,58248.57879638672,11004.225207479176,10946.156638188384,10992.131847576293,11003.882109072585,13858.660461425781,3119.445953002611,9670.130916115044,8004.670132924101,58205.77449798584,7833.692541438573,921.5193826781071,3936.0,65522.0,31007.0,16.0,65517.0,60192.0,5995.0,3985.0,1611.0,60448.0,9086.0,9037.0,9050.0,9073.0,13859.0,123.0,7804.0,6416.0,60445.5,7189.0,147.0,4465.740340082201,5012.780741957494,5356.995327432702,1998.0507592152237,586.272437753422,842.3314534305409,7300.797526658845,6289.746303793671,4547.5265244982775,6699.066894547001,8422.809993249497,8368.997950767034,8459.018264203125,8456.25395306883,7.857162947090083,6924.944757474699,7637.098054406975,6433.332889426183,7216.675217153611,5415.699921495107,2211.739087434524,D1,N8,t,appliedMASKiso_3mgml_roi3_8bit.ome
appliedMASKiso_shg_3mgml_roi3_8bit.ome,37,82.74493,59.46933333,0.917392917,3.54235,59.116,48.601,0.92393,3.37145,48.0,70.05263521,28.72427441,0.038048509,0.630344055,37.0,5323,22.6239,4513,119,37.9244,31,1.3266,0.015,0.1382,0.2841,131072,0.5567896366119385,893.8135375976562,0.4777366518974304,13.297504425048828,13.5974702835083,933.3182983398438,0.7420188784599304,0.5573159456253052,889.572265625,0.4823092520236969,13.1268310546875,12.838375091552734,901.3324584960938,0.7505275011062622,0.16327284276485443,349.2272033691406,0.126236230134964,5.202854633331299,6.8340630531311035,448.4064025878906,0.10960253328084946,3mgml,shg,roi3,5126.023983634337,63107.30916595459,30946.070343017578,203.91473471100906,65249.204444885254,57876.12004852295,7635.577031775129,5389.876909563092,3342.3652169920338,58122.39441680908,11133.437911240706,11082.498938979894,11107.209501854877,11122.083652657131,13858.69945526123,2700.9385474860337,9741.11614735203,8040.192540799658,58090.916015625,7739.939537120437,949.0255182344864,3919.0,65523.0,31017.0,16.0,65518.0,60151.5,6030.0,3985.0,1615.0,60384.0,9146.0,9107.0,9107.0,9122.5,13859.0,87.0,7804.0,6443.0,60396.0,7124.5,148.0,4557.477524868523,5148.535455061976,5461.731920126332,1964.252290058852,1039.1895079438802,1144.3944304903405,7498.3203101893205,6443.8073042992155,4534.938263556426,6850.053675192513,8642.532168828011,8588.247439918892,8678.453687780926,8676.230361480137,8.317415154052444,6508.068346180747,7764.6866120612785,6590.600645044377,7392.219545655328,5366.340951832927,2494.464603799385,D1,N8,t,appliedMASKiso_3mgml_roi3_8bit.ome
appliedMASKiso_shg_3mgml_roi3_8bit.ome,38,81.76589074,53.91031481,0.902802778,3.435722222,48.098,49.9595,0.92225,3.3883,54.0,67.29762324,20.79032939,0.067559482,0.569315688,38.0,5944,20.0513,4998,133,37.5789,37,1.3607,0.0181,0.1522,0.2722,131072,0.5110358595848083,954.8101806640625,0.44798851013183594,14.608698844909668,14.5508394241333,934.8762817382812,0.7108190655708313,0.5082148909568787,953.0162963867188,0.4441218674182892,14.535167694091797,13.746566772460938,885.3970947265625,0.7172839045524597,0.15802575647830963,326.8331298828125,0.12638947367668152,5.014507293701172,6.677093505859375,422.5067443847656,0.10943477600812912,3mgml,shg,roi3,5052.750782406913,63600.901863098145,30888.011962890625,209.77298210582904,65240.923263549805,57796.28946685791,7560.30362983341,5271.10337765551,3551.13633580776,57964.60178375244,11258.749675587378,11216.317252644916,11180.582721402074,11204.235691495047,13858.671783447266,2796.2128888888888,10038.327420118163,8012.615590125643,57976.65661621094,7534.9141337038,1036.7765753815672,3764.0,65526.0,31001.0,15.0,65521.0,60297.0,5805.0,3801.0,1584.0,60465.0,9071.0,9037.0,8991.0,9016.0,13859.0,96.0,7893.0,6267.0,60527.0,6950.0,137.0,4631.510956040452,5131.6652676457525,5057.1097944391395,1958.472943836088,711.0767754434852,975.8797707070216,7826.712311461745,6548.300985705784,5095.243094565344,7230.256882189182,8977.154443199955,8925.64692288737,8969.131359984845,8974.016325300487,9.392885820975275,6479.679690472574,8233.169368381912,6761.923424658993,7745.111706680591,5200.95819353981,2582.39950987049,D1,N8,t,appliedMASKiso_3mgml_roi3_8bit.ome
appliedMASKiso_shg_3mgml_roi3_8bit.ome,39,79.89760708,55.99873846,0.915315846,3.615518462,58.392,45.166,0.92617,3.5981,65.0,64.8550996,28.14362044,0.058371255,0.63952236,39.0,6492,18.1899,5465,150,36.4333,52,1.3849,0.0239,0.1677,0.2219,131072,0.47587132453918457,1027.142333984375,0.4540231227874756,15.745274543762207,16.097734451293945,1013.2283325195312,0.6854498982429504,0.46636509895324707,1027.6187744140625,0.45382508635520935,15.781583786010742,15.413633346557617,972.1839599609375,0.6881577968597412,0.1570630967617035,325.5931396484375,0.12737929821014404,5.050618648529053,7.150324821472168,435.7122497558594,0.11206454783678055,3mgml,shg,roi3,5141.833542070777,63765.85758972168,30878.119888305664,275.50326417167605,65177.50108337402,57591.116439819336,7719.718609754046,5377.062493788084,3677.3157931013357,57765.22296142578,11469.980289585019,11426.600247430239,11398.70199929742,11421.535174804882,13858.718460083008,2712.74586869138,10155.013509385548,8164.9554625570845,57761.86430358887,7521.79729812289,1204.9536393762512,3771.0,65526.0,30997.0,17.0,65521.0,60310.0,5823.0,3801.0,1596.0,60449.0,9089.0,9059.0,8997.0,9024.0,13859.0,100.0,7981.0,6264.0,60511.5,6941.0,141.0,4779.04054433574,5292.384543085773,4985.228968956496,1854.5017227121143,877.7181963558423,1171.182394981717,8122.88547841401,6793.636149852401,5145.159246525684,7454.195311356836,9181.986361644013,9124.59289765438,9220.5358959371,9218.414435466606,6.391284333098256,6287.576181540679,8169.322223235186,6977.48119849966,8015.168335747355,5123.2674520184855,2876.495461455733,D1,N8,t,appliedMASKiso_3mgml_roi3_8bit.ome
appliedMASKiso_shg_3mgml_roi3_8bit.ome,40,84.53424821,57.1088209,0.906340448,3.466616418,69.864,44.991,0.91325,3.4787,67.0,66.29553706,33.56443439,0.044929051,0.595787165,40.0,6120,19.4171,5216,147,35.483,42,1.3675,0.023,0.1616,0.2318,131072,0.4959225356578827,1016.080322265625,0.4770181477069855,15.215567588806152,15.954959869384766,1045.160400390625,0.7001317739486694,0.48048847913742065,1045.22900390625,0.48454102873802185,15.552289009094238,15.46897029876709,1022.9889526367188,0.6978006958961487,0.15834809839725494,340.5584716796875,0.12359116971492767,5.118605613708496,7.181515693664551,456.8719177246094,0.10994647443294525,3mgml,shg,roi3,5001.867215193742,63597.27606964111,30896.083297729492,257.31475989733633,65210.755111694336,58068.03073120117,7516.157314115658,5304.1576813323845,3287.045327931122,58284.71269989014,10887.44196919692,10832.840888950006,10876.747303202543,10888.481596076273,13858.604866027832,2686.6438953488373,9507.409386077497,7867.28300330033,58260.33738708496,7483.801063439677,1033.3240790357838,3615.0,65525.0,30993.0,17.0,65523.0,60623.5,5598.0,3679.0,1458.0,60768.5,8652.0,8622.0,8584.0,8603.0,13859.0,108.0,7494.0,6003.0,60848.0,6788.0,125.0,4761.313332046687,5379.558372781311,5209.548932310343,1973.397764626026,890.5235001532968,1144.7313690754663,7768.733876798028,6793.336430063515,4692.7113817098025,7016.1846973604415,8840.334124252635,8770.29902209274,8945.708621813197,8931.403960033334,8.5993583512787,6234.373791047777,7758.862642363586,6863.465528214961,7627.547709429067,5267.547333402504,2536.405200975196,D1,N8,t,appliedMASKiso_3mgml_roi3_8bit.ome
appliedMASKiso_shg_3mgml_roi3_8bit.ome,41,87.47663284,64.03395522,0.918162239,3.503928358,67.521,53.937,0.92558,3.4582,67.0,67.81728361,36.28804928,0.039659637,0.603255511,41.0,5968,19.9626,5119,128,39.9922,36,1.3592,0.0208,0.1645,0.2198,131072,0.49749723076820374,1033.18017578125,0.5172685980796814,15.166260719299316,16.848339080810547,1143.849853515625,0.7013047933578491,0.47062933444976807,1072.8753662109375,0.5233126282691956,15.769186019897461,17.080394744873047,1138.35009765625,0.691552996635437,0.16157719492912292,357.8183898925781,0.10568469762802124,5.249606132507324,7.576752185821533,502.77069091796875,0.11215569823980331,3mgml,shg,roi3,5015.333058198632,63283.11107635498,30888.027709960938,302.68355389030614,65176.80350494385,58173.2629776001,7472.717027645712,5331.686832495005,3253.280291207651,58405.16652679443,10703.330161641637,10643.752157132485,10711.692277121785,10719.773885131262,13858.6708984375,2771.461229946524,9280.766104933318,7811.060315640643,58373.3957824707,7488.145607398066,1100.111192657382,3564.0,65522.0,30978.5,19.0,65523.0,60844.0,5477.0,3600.0,1388.0,60964.0,8313.0,8285.0,8255.0,8277.0,13859.0,107.5,7139.0,5854.0,61048.0,6646.0,131.0,4895.996614504431,5541.2503901646005,5577.534604439171,2023.037059539444,1162.6895284420636,1362.755267897847,7813.847757408538,6886.8766535461455,4783.525116112432,7042.1958641402925,8897.813526140812,8823.968092942501,9003.658142415868,8988.635490852113,7.787969238937593,6261.053369287006,7782.593888321489,6959.3801765205035,7664.835881588922,5523.26752028934,2910.2980199561634,D1,N8,t,appliedMASKiso_3mgml_roi3_8bit.ome
appliedMASKiso_shg_3mgml_roi3_8bit.ome,42,86.60255574,66.0812623,0.912398197,3.636845902,83.66,58.164,0.92465,3.524,61.0,69.21176999,27.39381034,0.045164045,0.689069674,42.0,6100,19.4874,5268,134,39.3134,37,1.3662,0.0174,0.1657,0.238,131072,0.49699723720550537,1056.6015625,0.5385655760765076,15.214296340942383,17.572187423706055,1223.267578125,0.701025664806366,0.47438347339630127,1085.1171875,0.5447625517845154,15.628067016601562,17.58596420288086,1224.1771240234375,0.6941354274749756,0.161833718419075,369.2374572753906,0.09307541698217392,5.2472825050354,8.010003089904785,543.9488525390625,0.1129075437784195,3mgml,shg,roi3,4927.293253786141,62981.92713165283,30878.811904907227,336.69995073082606,65158.41586303711,58375.76320648193,7253.026213264618,5176.4313914964105,3259.056920140973,58557.806411743164,10426.087647238795,10366.653786140432,10418.34531130488,10428.364417928713,13858.626327514648,2622.511421319797,9100.850673091632,7629.731092244148,58558.36083984375,7338.020200397736,1171.7912479912409,3434.0,65520.0,30978.0,22.0,65524.0,61115.0,5287.0,3513.0,1275.0,61246.0,7935.0,7897.5,7926.0,7935.0,13859.0,100.0,6784.0,5628.0,61317.0,6475.5,135.0,4946.6094425371275,5454.060278991658,6035.8998064108355,2181.9468244978843,1250.7795114294706,1424.0137469242609,7816.860277911964,6791.7556603610265,5054.363845673472,7096.4401600674755,8973.465343602578,8904.552789035319,9026.123188291185,9019.76797147662,8.202703797320845,6259.972741175374,7981.761508001292,6982.585688475461,7685.056526829829,5717.639413855875,3240.9832468561585,D1,N8,t,appliedMASKiso_3mgml_roi3_8bit.ome
appliedMASKiso_shg_3mgml_roi3_8bit.ome,43,95.81707895,59.93003947,0.925971447,3.535130263,106.83,52.9825,0.934065,3.56545,76.0,67.71361304,26.86896726,0.027813189,0.663548847,43.0,6419,18.4195,5445,135,40.3333,41,1.3788,0.0221,0.1635,0.2042,131072,0.47930216789245605,1023.4043579101562,0.5308903455734253,15.340057373046875,17.789628982543945,1168.9683837890625,0.6871055364608765,0.4666467010974884,1039.84033203125,0.5363346934318542,15.51922607421875,17.434961318969727,1138.6878662109375,0.6886858940124512,0.16759474575519562,353.45965576171875,0.09621923416852951,5.285644054412842,8.360328674316406,519.0137329101562,0.12031875550746918,3mgml,shg,roi3,4664.053681368688,62869.1051940918,30905.535430908203,366.54809276390824,65151.061683654785,58494.90538787842,6982.172370399926,4898.397325128142,3295.1320639908804,58565.07438659668,10209.828524010922,10164.314792012421,10175.695073917997,10190.911726690783,13858.687909606244,2675.2980049875314,8943.661759194818,7345.138811346585,58631.181869506836,6843.322233524279,1292.0945919388266,3190.0,65517.0,30978.0,24.0,65526.0,61319.0,4993.0,3277.0,1227.0,61345.0,7620.0,7586.0,7592.0,7607.0,13859.0,97.0,6607.0,5317.0,61485.0,6002.0,139.0,4701.111004362268,5164.634268680108,6082.112640336053,2303.529508138731,1604.4371581371465,1606.5302379296952,7824.273593282673,6596.520086089744,5128.820851621871,7176.102819026551,8970.33708819114,8917.200027389512,8994.236920936044,8994.621199653639,8.583159001564189,6219.2450226902165,7922.097737839849,6814.741343195116,7719.673828099351,5343.242435221697,3706.0748258575863,D1,N8,t,appliedMASKiso_3mgml_roi3_8bit.ome
appliedMASKiso_shg_3mgml_roi3_8bit.ome,44,92.07962429,54.6028,0.910202429,3.51061,103.69,46.9995,0.92614,3.4495,70.0,66.84799368,23.41382576,0.047000369,0.639009534,44.0,6514,18.1217,5480,115,47.6522,55,1.3866,0.0232,0.1472,0.1768,131072,0.45894479751586914,949.7880249023438,0.4388536214828491,15.44306755065918,15.94176959991455,893.2216186523438,0.671310544013977,0.4476988613605499,952.2493896484375,0.45255059003829956,15.48240852355957,15.4956693649292,888.719482421875,0.6750773787498474,0.16879010200500488,322.94342041015625,0.09998174011707306,5.249510288238525,7.489084243774414,371.7653503417969,0.12468965351581573,3mgml,shg,roi3,3945.801106706057,62723.2445602417,30914.152755737305,198.14018337500949,65303.75701904297,59099.76490020752,6111.908178004518,4094.544570278286,3276.016599500313,58842.485038757324,9531.73265318618,9522.018896661513,9386.571591483109,9421.265188507401,13858.620460510254,2729.7299124900555,8735.422086669014,6502.12471490456,59107.02896118164,5882.786580232362,1102.2113367005504,2686.0,65509.0,30950.0,18.0,65529.0,61810.0,4319.0,2735.0,1128.0,61594.0,6974.0,6973.0,6858.0,6885.0,13859.0,104.0,6163.0,4620.0,61883.0,5128.0,115.0,3946.799014968849,4240.427339097169,6256.971444293634,2414.2278724573994,755.1097861493372,904.5565341787997,7270.101448918266,5768.399066449496,5177.842201393832,6929.743653205463,8547.100599837962,8529.327346189159,8437.264628587234,8461.610346428262,13.414266128799532,6204.638216433092,8009.403648802557,6083.470178975791,7306.502148297923,4505.302509326633,2994.1243801308833,D1,N8,t,appliedMASKiso_3mgml_roi3_8bit.ome
appliedMASKiso_shg_3mgml_roi3_8bit.ome,45,95.51633585,49.04715094,0.890573585,3.184566038,115.77,39.986,0.89,3.0908,53.0,67.80822463,21.98897439,0.039201364,0.542365561,45.0,6069,19.5971,5071,67,75.6866,39,1.3674,0.0194,0.1581,0.1614,131072,0.29416602849960327,1183.0791015625,0.20380070805549622,21.03342628479004,17.66702651977539,753.74365234375,0.5372973680496216,0.28348487615585327,1203.8360595703125,0.20703011751174927,21.338987350463867,17.143831253051758,761.2252197265625,0.5385876297950745,0.12225734442472458,229.0673370361328,0.07774397730827332,4.141451358795166,5.626410007476807,176.8475341796875,0.10933167487382889,3mgml,shg,roi3,3578.161407470703,63308.747215270996,30843.808280944824,104.15857280174454,65379.46244812012,58797.16664123535,5970.924414435035,3758.542252231632,3526.0310592651367,58197.02515411377,9922.24112701416,9954.530220031738,9691.513412475586,9744.327201843262,13858.667594909668,2734.965808823529,8453.856742858887,6282.945465087891,58641.58088684082,5302.9123611450195,1055.8717445788384,2563.0,65514.0,30916.0,12.0,65527.0,61093.0,4475.0,2639.0,1507.0,60574.0,7731.0,7771.5,7530.0,7576.0,13859.0,108.0,6429.0,4721.0,61035.0,4560.0,135.0,3325.8581556068057,3610.1776312818743,5345.257088939582,2108.668162889304,347.3532383846876,531.484939528114,6884.132310922531,5169.649241899967,5080.113956517831,6845.438902043641,8038.287634631056,8044.340397333964,7893.60432506373,7926.064890578456,9.217166029596724,6464.825217993029,7049.861775119204,5392.951306362992,7069.223336775293,3808.0767754603758,2670.907518400638,D1,N8,t,appliedMASKiso_3mgml_roi3_8bit.ome
