image_name,slice,mean_HistANG,mean_HistLEN,mean_HistSTR,mean_HistWID,median_HistANG,median_HistLEN,median_HistSTR,median_HistWID,fibercount,fibercount,std_HistANG,std_HistLEN,std_HistSTR,std_HistWID,z_depth,z_depth,Area (microns^2),Lacunarity,Total Length (microns),Endpoints,HGU (microns),Branchpoints,Box-Counting Fractal Dimension,Curvature_40.0,% High Density Matrix,Alignment,TotalImageArea,timepoint,position
maskappliedISO8bit_flucol594_kpcclusters_800nm_poc0_60745_20x_g55_1_MMStack_Pos0_t10_s1,1,100.4216669,57.7534198,0.907585631,5.626676109,108.43,49.695,0.92357,5.4445,293.0,293.0,55.13618334,27.77387745,0.069541257,1.065781746,2.0,2.0,12302,19.3091,10010,402,24.9005,68,1.3936,0.0251,0.1501,0.08724,262144,10,0
maskappliedISO8bit_flucol594_kpcclusters_800nm_poc0_60745_20x_g55_1_MMStack_Pos0_t10_s10,10,98.06038155,58.31111327,0.9085989,5.762709061,105.61,48.88,0.91828,5.6464,309.0,309.0,53.89319127,28.4668255,0.059379181,1.170098437,20.0,20.0,13773,17.0332,11279,439,25.6925,102,1.4262,0.0275,0.3232,0.08822,262144,10,0
maskappliedISO8bit_flucol594_kpcclusters_800nm_poc0_60745_20x_g55_1_MMStack_Pos0_t10_s11,11,99.00575183,59.09877076,0.907866944,5.636981063,107.82,49.762,0.92496,5.4977,301.0,301.0,56.79161527,29.25114647,0.065628924,1.12392376,22.0,22.0,13421,17.5324,10928,429,25.4732,100,1.4211,0.0265,0.3649,0.07401,262144,10,0
maskappliedISO8bit_flucol594_kpcclusters_800nm_poc0_60745_20x_g55_1_MMStack_Pos0_t10_s12,12,105.0830681,57.945997,0.903286156,5.78293003,115.53,49.644,0.92293,5.5921,333.0,333.0,54.29308046,28.69027362,0.068472196,1.16042261,24.0,24.0,13719,17.1082,11328,400,28.32,104,1.4232,0.0262,0.3861,0.09899,262144,10,0
maskappliedISO8bit_flucol594_kpcclusters_800nm_poc0_60745_20x_g55_1_MMStack_Pos0_t10_s13,13,104.3020193,58.1475,0.906146288,5.724223926,111.285,48.779,0.92365,5.51585,326.0,326.0,53.58990774,30.48125564,0.071098923,1.164174518,26.0,26.0,13953,16.7877,11392,435,26.1885,100,1.4275,0.023,0.3763,0.1205,262144,10,0
maskappliedISO8bit_flucol594_kpcclusters_800nm_poc0_60745_20x_g55_1_MMStack_Pos0_t10_s14,14,106.3869592,60.42666776,0.902430734,5.744097039,113.83,48.7885,0.926285,5.58615,304.0,304.0,53.02000181,33.63365816,0.085557841,1.15102704,28.0,28.0,13569,17.3194,11044,384,28.7604,96,1.4241,0.0246,0.3706,0.1221,262144,10,0
maskappliedISO8bit_flucol594_kpcclusters_800nm_poc0_60745_20x_g55_1_MMStack_Pos0_t10_s15,15,99.24532583,59.23839879,0.910586647,5.628456495,110.7,49.821,0.92541,5.4455,331.0,331.0,57.58044301,29.37071793,0.06405854,1.044297221,30.0,30.0,14806,15.7053,12033,440,27.3477,113,1.4449,0.0275,0.3807,0.1229,262144,10,0
maskappliedISO8bit_flucol594_kpcclusters_800nm_poc0_60745_20x_g55_1_MMStack_Pos0_t10_s16,16,101.7582447,61.09277508,0.905698693,5.533505471,117.15,51.41,0.92698,5.4193,329.0,329.0,58.42266222,31.10296369,0.073911331,0.98416905,32.0,32.0,14165,16.5065,11630,423,27.4941,95,1.4326,0.0249,0.366,0.1148,262144,10,0
maskappliedISO8bit_flucol594_kpcclusters_800nm_poc0_60745_20x_g55_1_MMStack_Pos0_t10_s17,17,105.1973746,61.15612384,0.902558111,5.474693498,115.32,49.073,0.91885,5.3975,323.0,323.0,54.62126069,33.49982527,0.079024137,0.971665034,34.0,34.0,14036,16.6766,11596,452,25.6549,111,1.4327,0.0235,0.3528,0.1169,262144,10,0
maskappliedISO8bit_flucol594_kpcclusters_800nm_poc0_60745_20x_g55_1_MMStack_Pos0_t10_s18,18,109.8186566,59.59978049,0.909690488,5.415431402,121.72,49.419,0.92331,5.3587,328.0,328.0,54.74373145,30.3238478,0.05744773,1.024281893,36.0,36.0,14082,16.6156,11601,468,24.7885,98,1.4313,0.0251,0.3347,0.1343,262144,10,0
maskappliedISO8bit_flucol594_kpcclusters_800nm_poc0_60745_20x_g55_1_MMStack_Pos0_t10_s19,19,100.6852014,60.19149,0.905369033,5.486431,110.885,47.7045,0.92582,5.2914,300.0,300.0,56.56144743,33.56825162,0.073545525,1.013492917,38.0,38.0,13918,16.835,11563,449,25.7528,104,1.431,0.0288,0.2917,0.1139,262144,10,0
maskappliedISO8bit_flucol594_kpcclusters_800nm_poc0_60745_20x_g55_1_MMStack_Pos0_t10_s2,2,98.76105194,56.90661538,0.900437324,5.484673244,110.56,47.706,0.92336,5.3464,299.0,299.0,57.26422033,29.08948351,0.078114061,0.986468245,4.0,4.0,12736,18.583,10504,368,28.5435,87,1.4038,0.0253,0.1602,0.106,262144,10,0
maskappliedISO8bit_flucol594_kpcclusters_800nm_poc0_60745_20x_g55_1_MMStack_Pos0_t10_s20,20,99.24494804,59.4839003,0.911968912,5.488620242,111.99,48.913,0.92416,5.3739,331.0,331.0,56.22667944,28.62964649,0.056007984,1.088256091,40.0,40.0,14122,16.5629,11483,353,32.5297,108,1.4307,0.0254,0.2576,0.1101,262144,10,0
maskappliedISO8bit_flucol594_kpcclusters_800nm_poc0_60745_20x_g55_1_MMStack_Pos0_t10_s21,21,90.78619021,59.15366364,0.907813727,5.479662727,97.751,50.086,0.923705,5.27985,330.0,330.0,58.30978193,30.16279321,0.062761078,1.024087003,42.0,42.0,13738,17.0817,11300,399,28.3208,102,1.4229,0.0274,0.2317,0.0923,262144,10,0
maskappliedISO8bit_flucol594_kpcclusters_800nm_poc0_60745_20x_g55_1_MMStack_Pos0_t10_s22,22,95.46720294,60.01672581,0.911918645,5.504595161,100.136,49.998,0.922655,5.4101,310.0,310.0,58.55136922,30.19131173,0.053005073,0.952295456,44.0,44.0,13271,17.7532,10979,371,29.593,97,1.4156,0.0265,0.2149,0.05124,262144,10,0
maskappliedISO8bit_flucol594_kpcclusters_800nm_poc0_60745_20x_g55_1_MMStack_Pos0_t10_s23,23,92.5791134,62.36335739,0.914632543,5.510957732,102.34,49.368,0.92893,5.411,291.0,291.0,56.96768847,36.08905608,0.062630491,1.046151933,46.0,46.0,13220,17.8294,10868,340,31.9647,81,1.4127,0.0273,0.1874,0.1003,262144,10,0
maskappliedISO8bit_flucol594_kpcclusters_800nm_poc0_60745_20x_g55_1_MMStack_Pos0_t10_s24,24,97.16137888,62.78375908,0.906894257,5.398461716,109.65,54.346,0.9262,5.1473,303.0,303.0,59.73068457,32.66015523,0.061695963,1.042157651,48.0,48.0,13096,18.0172,10690,354,30.1977,89,1.4133,0.0246,0.1833,0.1002,262144,10,0
maskappliedISO8bit_flucol594_kpcclusters_800nm_poc0_60745_20x_g55_1_MMStack_Pos0_t10_s25,25,96.9417323,61.03514596,0.908000714,5.429523602,106.325,50.8435,0.92298,5.30295,322.0,322.0,58.53113014,33.35597812,0.065994278,1.036458839,50.0,50.0,13039,18.1047,10694,348,30.7299,116,1.4077,0.0233,0.1851,0.07963,262144,10,0
maskappliedISO8bit_flucol594_kpcclusters_800nm_poc0_60745_20x_g55_1_MMStack_Pos0_t10_s26,26,102.3909444,62.68720395,0.908109079,5.438647039,113.93,50.089,0.931095,5.37795,304.0,304.0,57.37685645,37.11884389,0.073123296,1.035835368,52.0,52.0,13156,17.9259,10891,379,28.7361,108,1.4118,0.0264,0.184,0.09253,262144,10,0
maskappliedISO8bit_flucol594_kpcclusters_800nm_poc0_60745_20x_g55_1_MMStack_Pos0_t10_s27,27,101.740455,65.58320598,0.915224219,5.411486047,111.21,53.936,0.93219,5.2287,301.0,301.0,56.36380426,38.32534876,0.061321105,0.993175126,54.0,54.0,14350,16.2679,11887,390,30.4795,118,1.4379,0.0267,0.243,0.1189,262144,10,0
maskappliedISO8bit_flucol594_kpcclusters_800nm_poc0_60745_20x_g55_1_MMStack_Pos0_t10_s28,28,101.3716254,62.12498077,0.906617372,5.421730769,108.2,53.44,0.91976,5.27965,312.0,312.0,55.78797236,32.04583886,0.062606323,0.969855538,56.0,56.0,14660,15.8816,12095,438,27.6142,120,1.4438,0.0278,0.3432,0.1002,262144,10,0
maskappliedISO8bit_flucol594_kpcclusters_800nm_poc0_60745_20x_g55_1_MMStack_Pos0_t10_s3,3,99.60167484,55.33463694,0.908336943,5.514442357,115.42,47.4135,0.92642,5.3723,314.0,314.0,54.94274286,24.70124083,0.068224249,0.938197069,6.0,6.0,12533,18.9164,10167,383,26.5457,87,1.4015,0.0271,0.1881,0.124,262144,10,0
maskappliedISO8bit_flucol594_kpcclusters_800nm_poc0_60745_20x_g55_1_MMStack_Pos0_t10_s4,4,100.2424458,55.2106161,0.907107276,5.621229102,108.8,48.192,0.92962,5.3948,323.0,323.0,54.18689908,25.03285589,0.079850512,1.07635769,8.0,8.0,12552,18.8847,10194,372,27.4032,88,1.3999,0.0263,0.2116,0.1102,262144,10,0
maskappliedISO8bit_flucol594_kpcclusters_800nm_poc0_60745_20x_g55_1_MMStack_Pos0_t10_s5,5,105.4557607,58.1994,0.905902,5.564632063,113.75,52.041,0.92631,5.3743,315.0,315.0,54.3851676,27.90762044,0.073177779,1.061692394,10.0,10.0,12187,19.5102,10075,371,27.1563,69,1.394,0.0231,0.2293,0.1003,262144,10,0
maskappliedISO8bit_flucol594_kpcclusters_800nm_poc0_60745_20x_g55_1_MMStack_Pos0_t10_s6,6,101.5522932,56.08426543,0.904276327,5.771756173,109.575,48.321,0.923045,5.6695,324.0,324.0,53.61307552,25.2547803,0.068162751,1.062775999,12.0,12.0,12493,18.9833,10250,406,25.2463,73,1.4018,0.0218,0.2448,0.09216,262144,10,0
maskappliedISO8bit_flucol594_kpcclusters_800nm_poc0_60745_20x_g55_1_MMStack_Pos0_t10_s7,7,96.92110855,58.85114198,0.910488056,5.620603704,105.66,49.7005,0.924525,5.4706,324.0,324.0,55.23061485,31.89420232,0.058044715,1.046766571,14.0,14.0,13360,17.6216,10877,409,26.5941,80,1.4198,0.0257,0.2776,0.09794,262144,10,0
maskappliedISO8bit_flucol594_kpcclusters_800nm_poc0_60745_20x_g55_1_MMStack_Pos0_t10_s8,8,100.9071435,59.8468754,0.910490096,5.739310224,112.04,51.844,0.92819,5.6074,313.0,313.0,53.77091161,27.90963456,0.064916343,1.051830771,16.0,16.0,13209,17.8459,10769,423,25.4586,74,1.4152,0.0281,0.2977,0.0976,262144,10,0
maskappliedISO8bit_flucol594_kpcclusters_800nm_poc0_60745_20x_g55_1_MMStack_Pos0_t10_s9,9,102.6248317,59.26083276,0.902317816,5.721517065,113.5,50.572,0.9204,5.5156,293.0,293.0,54.72130725,29.80184592,0.070318626,1.172468534,18.0,18.0,12945,18.2507,10474,391,26.7877,75,1.4122,0.0257,0.3091,0.09004,262144,10,0
maskappliedISO8bit_flucol594_kpcclusters_800nm_poc0_60745_20x_g55_1_MMStack_Pos0_t11_s1,1,99.63176904,58.51173927,0.902350231,5.620274587,106.11,48.645,0.91984,5.5028,303.0,303.0,54.03068124,30.13175253,0.069684894,1.012836527,2.0,2.0,11879,20.0679,9783,374,26.1578,78,1.3823,0.0261,0.1381,0.07289,262144,11,0
maskappliedISO8bit_flucol594_kpcclusters_800nm_poc0_60745_20x_g55_1_MMStack_Pos0_t11_s10,10,98.68681123,58.79640823,0.900255949,5.658499684,102.845,50.9445,0.921135,5.4579,316.0,316.0,54.21123969,30.01631037,0.085719316,1.153894927,20.0,20.0,13293,17.7205,10883,421,25.8504,93,1.417,0.0275,0.3133,0.0827,262144,11,0
maskappliedISO8bit_flucol594_kpcclusters_800nm_poc0_60745_20x_g55_1_MMStack_Pos0_t11_s11,11,98.83010624,58.14436025,0.903250031,5.727251553,104.33,49.71,0.92234,5.5431,322.0,322.0,55.58712617,28.13416708,0.069291908,1.151191974,22.0,22.0,13868,16.9029,11328,418,27.1005,93,1.4252,0.0278,0.3505,0.09648,262144,11,0
maskappliedISO8bit_flucol594_kpcclusters_800nm_poc0_60745_20x_g55_1_MMStack_Pos0_t11_s12,12,96.62907778,58.26034568,0.906049105,5.77671821,103.805,46.7,0.924535,5.6368,324.0,324.0,56.3449599,30.36883759,0.069829023,1.109362932,24.0,24.0,13776,17.0291,11400,454,25.1101,94,1.4278,0.0277,0.3777,0.1015,262144,11,0
maskappliedISO8bit_flucol594_kpcclusters_800nm_poc0_60745_20x_g55_1_MMStack_Pos0_t11_s13,13,104.4185598,59.16899396,0.906684471,5.778297281,113.78,51.703,0.92009,5.5629,331.0,331.0,53.79292304,28.51248347,0.063031077,1.184969421,26.0,26.0,13741,17.0776,11337,421,26.9287,98,1.4244,0.0234,0.3761,0.1212,262144,11,0
maskappliedISO8bit_flucol594_kpcclusters_800nm_poc0_60745_20x_g55_1_MMStack_Pos0_t11_s14,14,103.469554,59.77809509,0.907113957,5.725426074,111.535,48.391,0.923615,5.5689,326.0,326.0,54.10467011,33.6665453,0.064389902,1.103191292,28.0,28.0,13752,17.0623,11187,411,27.219,107,1.4233,0.0224,0.3706,0.1227,262144,11,0
maskappliedISO8bit_flucol594_kpcclusters_800nm_poc0_60745_20x_g55_1_MMStack_Pos0_t11_s15,15,101.500796,58.08935435,0.904259489,5.646891291,111.37,48.53,0.92523,5.5011,333.0,333.0,55.75103484,27.77068119,0.074447269,1.073856947,30.0,30.0,14421,16.178,11661,445,26.2045,107,1.4342,0.0289,0.3786,0.09975,262144,11,0
maskappliedISO8bit_flucol594_kpcclusters_800nm_poc0_60745_20x_g55_1_MMStack_Pos0_t11_s16,16,99.02010451,58.02332558,0.909209244,5.581547674,109.06,49.0805,0.927925,5.505,344.0,344.0,58.17506835,28.51050648,0.068687006,0.968450557,32.0,32.0,14169,16.5013,11621,451,25.7672,91,1.4305,0.0289,0.3744,0.1217,262144,11,0
maskappliedISO8bit_flucol594_kpcclusters_800nm_poc0_60745_20x_g55_1_MMStack_Pos0_t11_s17,17,105.2607674,58.51604491,0.906399701,5.621141018,114.185,51.198,0.930445,5.4759,334.0,334.0,55.09511158,27.91079096,0.079499341,1.089378242,34.0,34.0,14455,16.1352,11762,433,27.164,92,1.4403,0.0284,0.3652,0.1293,262144,11,0
maskappliedISO8bit_flucol594_kpcclusters_800nm_poc0_60745_20x_g55_1_MMStack_Pos0_t11_s18,18,101.648719,60.74810559,0.905234689,5.456228882,113.25,50.4065,0.923635,5.33265,322.0,322.0,57.28465515,30.49228958,0.070496426,1.017887493,36.0,36.0,13995,16.7313,11585,432,26.8171,97,1.4281,0.0316,0.3519,0.1211,262144,11,0
maskappliedISO8bit_flucol594_kpcclusters_800nm_poc0_60745_20x_g55_1_MMStack_Pos0_t11_s19,19,106.6257852,60.79368085,0.90475921,5.442928267,118.89,51.881,0.92365,5.3771,329.0,329.0,56.13211036,30.28400516,0.067888386,1.047011019,38.0,38.0,13862,16.911,11444,446,25.6592,79,1.4322,0.0254,0.3057,0.1199,262144,11,0
maskappliedISO8bit_flucol594_kpcclusters_800nm_poc0_60745_20x_g55_1_MMStack_Pos0_t11_s2,2,106.1332697,56.74574194,0.909273968,5.617123226,111.71,50.2105,0.92858,5.48925,310.0,310.0,55.30472091,24.26253471,0.06325501,0.98705331,4.0,4.0,12749,18.562,10482,390,26.8769,66,1.4035,0.0237,0.147,0.1202,262144,11,0
maskappliedISO8bit_flucol594_kpcclusters_800nm_poc0_60745_20x_g55_1_MMStack_Pos0_t11_s20,20,96.62420908,59.21399083,0.908332936,5.502796024,110.14,51.572,0.92265,5.3695,327.0,327.0,57.43956568,30.51556454,0.062013325,1.086596508,40.0,40.0,13828,16.9575,11261,377,29.87,94,1.427,0.0249,0.2712,0.1097,262144,11,0
maskappliedISO8bit_flucol594_kpcclusters_800nm_poc0_60745_20x_g55_1_MMStack_Pos0_t11_s21,21,98.24239946,59.94107251,0.907813988,5.489422961,110.92,50.009,0.92479,5.257,331.0,331.0,57.76384079,29.2757,0.066214746,1.109674036,42.0,42.0,13952,16.7891,11417,403,28.33,107,1.4275,0.0275,0.242,0.09533,262144,11,0
maskappliedISO8bit_flucol594_kpcclusters_800nm_poc0_60745_20x_g55_1_MMStack_Pos0_t11_s22,22,93.99510837,59.81661859,0.912322949,5.49803109,94.0745,47.1565,0.930365,5.35845,312.0,312.0,59.05321716,35.37693981,0.06492477,1.039137354,44.0,44.0,13489,17.434,11116,373,29.8016,96,1.4169,0.0238,0.2208,0.05943,262144,11,0
maskappliedISO8bit_flucol594_kpcclusters_800nm_poc0_60745_20x_g55_1_MMStack_Pos0_t11_s23,23,94.36992228,61.72250993,0.910746391,5.420345695,101.84,51.01,0.930695,5.2816,302.0,302.0,60.05668963,32.20590678,0.064894429,1.057110104,46.0,46.0,12958,18.2304,10634,355,29.9549,83,1.4076,0.0249,0.1901,0.08737,262144,11,0
maskappliedISO8bit_flucol594_kpcclusters_800nm_poc0_60745_20x_g55_1_MMStack_Pos0_t11_s24,24,102.2630058,61.5501465,0.90920828,5.437724522,114.03,54.8025,0.93057,5.30225,314.0,314.0,57.04375009,29.88047952,0.076299052,0.995958433,48.0,48.0,13082,18.0386,10714,403,26.5856,86,1.4076,0.0272,0.181,0.09644,262144,11,0
maskappliedISO8bit_flucol594_kpcclusters_800nm_poc0_60745_20x_g55_1_MMStack_Pos0_t11_s25,25,93.53093224,60.21019737,0.906495757,5.30538125,102.53,49.9045,0.91892,5.18155,304.0,304.0,57.84865941,31.81234616,0.060957091,0.977351737,50.0,50.0,13329,17.6673,10934,352,31.0625,98,1.412,0.0248,0.1834,0.08303,262144,11,0
maskappliedISO8bit_flucol594_kpcclusters_800nm_poc0_60745_20x_g55_1_MMStack_Pos0_t11_s26,26,92.71114472,62.78118447,0.912479806,5.406257282,95.906,51.471,0.92841,5.336,309.0,309.0,57.54259709,37.80556386,0.064708839,0.955050015,52.0,52.0,13523,17.3851,11073,410,27.0073,103,1.4223,0.0267,0.1798,0.07743,262144,11,0
maskappliedISO8bit_flucol594_kpcclusters_800nm_poc0_60745_20x_g55_1_MMStack_Pos0_t11_s27,27,96.9327879,65.01268852,0.913315607,5.591339672,106.39,51.402,0.93044,5.4763,305.0,305.0,57.31657109,38.57596667,0.069009461,1.076679732,54.0,54.0,14010,16.7113,11596,379,30.5963,102,1.4286,0.0282,0.2311,0.1052,262144,11,0
maskappliedISO8bit_flucol594_kpcclusters_800nm_poc0_60745_20x_g55_1_MMStack_Pos0_t11_s28,28,98.49596974,62.99341503,0.913545523,5.453377778,104.74,49.988,0.930245,5.41495,306.0,306.0,55.21668437,38.1436895,0.063490178,0.996683141,56.0,56.0,14450,16.1415,11890,427,27.8454,98,1.442,0.0257,0.3295,0.1069,262144,11,0
maskappliedISO8bit_flucol594_kpcclusters_800nm_poc0_60745_20x_g55_1_MMStack_Pos0_t11_s3,3,101.8170895,55.72163487,0.916274375,5.584396382,114.265,46.924,0.927155,5.4464,304.0,304.0,55.77127654,27.4670683,0.054856075,1.074031811,6.0,6.0,12845,18.4083,10417,398,26.1734,79,1.4092,0.0253,0.1724,0.1272,262144,11,0
maskappliedISO8bit_flucol594_kpcclusters_800nm_poc0_60745_20x_g55_1_MMStack_Pos0_t11_s4,4,104.0456406,56.16145092,0.904098865,5.563757362,111.8,48.9795,0.92098,5.3977,326.0,326.0,52.74095307,25.67925934,0.066316647,1.025901909,8.0,8.0,12284,19.3404,10042,363,27.6639,88,1.3937,0.0224,0.2019,0.1082,262144,11,0
maskappliedISO8bit_flucol594_kpcclusters_800nm_poc0_60745_20x_g55_1_MMStack_Pos0_t11_s5,5,102.2371345,57.13176221,0.90717557,5.705348208,110.07,50.414,0.92648,5.5772,307.0,307.0,53.77819996,26.59589311,0.067025225,1.071423046,10.0,10.0,11711,20.3845,9672,339,28.531,76,1.3813,0.0259,0.2151,0.08637,262144,11,0
maskappliedISO8bit_flucol594_kpcclusters_800nm_poc0_60745_20x_g55_1_MMStack_Pos0_t11_s6,6,106.857143,56.1413689,0.904381829,5.659704878,112.99,50.7945,0.91534,5.5237,328.0,328.0,52.5893856,24.41296937,0.063832111,1.025776326,12.0,12.0,12148,19.5793,9911,375,26.4293,79,1.3883,0.0284,0.2291,0.09174,262144,11,0
maskappliedISO8bit_flucol594_kpcclusters_800nm_poc0_60745_20x_g55_1_MMStack_Pos0_t11_s7,7,99.13183623,58.46980519,0.904561656,5.602512013,106.21,50.371,0.92273,5.46095,308.0,308.0,53.27875124,33.32365199,0.06410569,1.084793478,14.0,14.0,12762,18.5411,10431,376,27.742,85,1.4029,0.0253,0.2672,0.08729,262144,11,0
maskappliedISO8bit_flucol594_kpcclusters_800nm_poc0_60745_20x_g55_1_MMStack_Pos0_t11_s8,8,93.32487539,56.38311838,0.911343956,5.648912773,100.01,48.807,0.92657,5.5288,321.0,321.0,57.47843746,24.99573113,0.065329707,1.046304263,16.0,16.0,12840,18.4163,10526,408,25.799,77,1.4091,0.0271,0.2873,0.09925,262144,11,0
maskappliedISO8bit_flucol594_kpcclusters_800nm_poc0_60745_20x_g55_1_MMStack_Pos0_t11_s9,9,98.11962346,58.3862956,0.902405503,5.734656289,107.655,49.872,0.919705,5.54335,318.0,318.0,56.31751034,29.79000229,0.074353488,1.166863329,18.0,18.0,13315,17.6879,10820,408,26.5196,92,1.4209,0.0275,0.3026,0.08308,262144,11,0
maskappliedISO8bit_flucol594_kpcclusters_800nm_poc0_60745_20x_g55_1_MMStack_Pos0_t12_s1,1,99.042211,56.6278123,0.902505016,5.567043042,107.1,49.544,0.92591,5.4459,309.0,309.0,54.46323176,25.77309265,0.082145489,0.994019587,2.0,2.0,12086,19.69,9782,364,26.8736,69,1.3876,0.0247,0.1345,0.08029,262144,12,0
maskappliedISO8bit_flucol594_kpcclusters_800nm_poc0_60745_20x_g55_1_MMStack_Pos0_t12_s10,10,97.53032203,57.55740656,0.905089705,5.680556393,106.76,52.013,0.92168,5.5571,305.0,305.0,53.40357465,25.97400209,0.075131253,1.140175404,20.0,20.0,13551,17.3451,11100,401,27.6808,95,1.4223,0.0231,0.3141,0.0836,262144,12,0
maskappliedISO8bit_flucol594_kpcclusters_800nm_poc0_60745_20x_g55_1_MMStack_Pos0_t12_s11,11,97.16863604,61.02241176,0.913807492,5.729134985,104.7,53.298,0.926,5.5633,323.0,323.0,55.86934796,29.71386158,0.065682448,1.185504111,22.0,22.0,13562,17.3294,11168,453,24.6534,81,1.4222,0.025,0.3441,0.09175,262144,12,0
maskappliedISO8bit_flucol594_kpcclusters_800nm_poc0_60745_20x_g55_1_MMStack_Pos0_t12_s12,12,97.17954635,59.58195873,0.902785492,5.870993651,103.13,51.358,0.92528,5.6856,315.0,315.0,54.84673087,26.91430494,0.075711219,1.21806705,24.0,24.0,13687,17.1528,11296,451,25.0466,89,1.4212,0.026,0.376,0.08494,262144,12,0
maskappliedISO8bit_flucol594_kpcclusters_800nm_poc0_60745_20x_g55_1_MMStack_Pos0_t12_s13,13,101.7324155,59.0750597,0.903213642,5.737552537,110.56,52.592,0.91756,5.5876,335.0,335.0,54.51666613,26.2134715,0.066129237,1.165480054,26.0,26.0,13869,16.9015,11381,426,26.716,112,1.429,0.0208,0.3772,0.1158,262144,12,0
maskappliedISO8bit_flucol594_kpcclusters_800nm_poc0_60745_20x_g55_1_MMStack_Pos0_t12_s14,14,106.8399263,57.38686176,0.911267059,5.788470882,114.37,47.4705,0.926585,5.62145,340.0,340.0,50.89782799,28.79297169,0.060980864,1.250247895,28.0,28.0,13868,16.9029,11342,465,24.3914,97,1.426,0.0252,0.3729,0.1224,262144,12,0
maskappliedISO8bit_flucol594_kpcclusters_800nm_poc0_60745_20x_g55_1_MMStack_Pos0_t12_s15,15,105.7436718,63.00698089,0.90507672,5.622089172,115.69,52.5105,0.924675,5.5568,314.0,314.0,55.05732586,32.35944872,0.071021726,1.048045537,30.0,30.0,14481,16.1027,11865,430,27.593,106,1.4382,0.0244,0.3798,0.0992,262144,12,0
maskappliedISO8bit_flucol594_kpcclusters_800nm_poc0_60745_20x_g55_1_MMStack_Pos0_t12_s16,16,106.466938,60.59277469,0.899068735,5.614183025,121.465,51.4985,0.92033,5.4464,324.0,324.0,55.48994531,30.51539839,0.072672183,1.066224246,32.0,32.0,14379,16.2311,11878,484,24.5413,93,1.4383,0.0287,0.3811,0.1118,262144,12,0
maskappliedISO8bit_flucol594_kpcclusters_800nm_poc0_60745_20x_g55_1_MMStack_Pos0_t12_s17,17,102.4351404,57.03049854,0.906234431,5.686011662,113.96,47.98,0.92373,5.5479,343.0,343.0,55.02359387,26.74320758,0.067464206,1.02783305,34.0,34.0,14556,16.0094,11916,449,26.539,100,1.4415,0.0287,0.3741,0.1237,262144,12,0
maskappliedISO8bit_flucol594_kpcclusters_800nm_poc0_60745_20x_g55_1_MMStack_Pos0_t12_s18,18,102.002857,60.55446341,0.9003975,5.550728049,114.275,48.1625,0.919725,5.37605,328.0,328.0,56.38580016,34.74329096,0.077610749,1.040949357,36.0,36.0,13906,16.8512,11411,427,26.7237,115,1.4292,0.0232,0.367,0.1052,262144,12,0
maskappliedISO8bit_flucol594_kpcclusters_800nm_poc0_60745_20x_g55_1_MMStack_Pos0_t12_s19,19,105.6781375,59.36538509,0.902106553,5.40769472,115.82,50.029,0.92189,5.27855,322.0,322.0,54.24743001,31.69983719,0.073626991,1.010655636,38.0,38.0,13967,16.7689,11498,441,26.0726,100,1.4337,0.0301,0.3275,0.1338,262144,12,0
maskappliedISO8bit_flucol594_kpcclusters_800nm_poc0_60745_20x_g55_1_MMStack_Pos0_t12_s2,2,101.1205009,54.02706962,0.909188576,5.580885443,110.315,47.671,0.928795,5.4308,316.0,316.0,55.62414663,23.46194609,0.073977123,1.080262848,4.0,4.0,12308,19.2987,10040,369,27.2087,77,1.3937,0.027,0.1433,0.1033,262144,12,0
maskappliedISO8bit_flucol594_kpcclusters_800nm_poc0_60745_20x_g55_1_MMStack_Pos0_t12_s20,20,99.67378899,58.02188379,0.920868073,5.409488685,107.28,48.294,0.93297,5.2294,327.0,327.0,57.13638746,27.88102643,0.050206057,1.040216791,40.0,40.0,14023,16.6939,11531,423,27.26,90,1.4286,0.0274,0.2857,0.09198,262144,12,0
maskappliedISO8bit_flucol594_kpcclusters_800nm_poc0_60745_20x_g55_1_MMStack_Pos0_t12_s21,21,98.71772135,59.69424765,0.913288495,5.542897492,109.03,50.095,0.92713,5.3615,319.0,319.0,57.40094203,29.48114571,0.059599015,1.093239508,42.0,42.0,14247,16.4,11679,397,29.4181,102,1.4339,0.0294,0.2547,0.09813,262144,12,0
maskappliedISO8bit_flucol594_kpcclusters_800nm_poc0_60745_20x_g55_1_MMStack_Pos0_t12_s22,22,91.3968629,57.79104532,0.908258097,5.463048338,101.11,48.493,0.92643,5.3464,331.0,331.0,58.29326499,28.37787985,0.065572436,1.026860756,44.0,44.0,13565,17.3251,11235,414,27.1377,98,1.4194,0.0249,0.2328,0.06575,262144,12,0
maskappliedISO8bit_flucol594_kpcclusters_800nm_poc0_60745_20x_g55_1_MMStack_Pos0_t12_s23,23,92.69546347,57.04376875,0.910801438,5.472054063,101.98,47.1435,0.92641,5.33955,320.0,320.0,59.00094205,27.72640867,0.060461227,1.021298489,46.0,46.0,12900,18.3213,10682,330,32.3697,86,1.4059,0.0249,0.2005,0.08206,262144,12,0
maskappliedISO8bit_flucol594_kpcclusters_800nm_poc0_60745_20x_g55_1_MMStack_Pos0_t12_s24,24,97.79743544,58.42127964,0.912561307,5.472451976,105.95,49.787,0.92829,5.2823,329.0,329.0,56.58045375,28.1483518,0.060718072,1.005872583,48.0,48.0,13074,18.0509,10721,375,28.5893,78,1.4078,0.0276,0.1839,0.0929,262144,12,0
maskappliedISO8bit_flucol594_kpcclusters_800nm_poc0_60745_20x_g55_1_MMStack_Pos0_t12_s25,25,97.59457534,62.47584665,0.902951118,5.442138978,107.02,52.933,0.92358,5.2797,313.0,313.0,58.40809904,32.80866216,0.071533821,1.038838764,50.0,50.0,13403,17.5587,10995,353,31.1473,105,1.4132,0.023,0.1841,0.08458,262144,12,0
maskappliedISO8bit_flucol594_kpcclusters_800nm_poc0_60745_20x_g55_1_MMStack_Pos0_t12_s26,26,96.54706889,63.1866127,0.906941651,5.4382,106.26,49.795,0.92274,5.3828,315.0,315.0,56.45192208,37.964487,0.066265453,0.947982287,52.0,52.0,12855,18.3925,10605,370,28.6622,83,1.4093,0.0228,0.1796,0.08655,262144,12,0
maskappliedISO8bit_flucol594_kpcclusters_800nm_poc0_60745_20x_g55_1_MMStack_Pos0_t12_s27,27,101.5581974,64.36074662,0.913203041,5.471852703,109.645,52.776,0.933305,5.35575,296.0,296.0,56.38075427,37.61680343,0.061372863,1.016864541,54.0,54.0,14037,16.6753,11587,402,28.8234,95,1.4273,0.0275,0.2232,0.1125,262144,12,0
maskappliedISO8bit_flucol594_kpcclusters_800nm_poc0_60745_20x_g55_1_MMStack_Pos0_t12_s28,28,102.8479441,61.63813354,0.914234193,5.448137578,112.57,50.199,0.93224,5.3199,322.0,322.0,55.30798799,33.51497586,0.065404378,0.992141783,56.0,56.0,14586,15.9724,11972,425,28.1694,105,1.4426,0.0264,0.3172,0.1119,262144,12,0
maskappliedISO8bit_flucol594_kpcclusters_800nm_poc0_60745_20x_g55_1_MMStack_Pos0_t12_s3,3,102.06781,55.74695177,0.908255659,5.515528296,114.54,47.826,0.92166,5.4003,311.0,311.0,55.50547687,27.16803757,0.061515054,0.999122812,6.0,6.0,12679,18.6755,10303,391,26.3504,77,1.4086,0.0269,0.1681,0.1134,262144,12,0
maskappliedISO8bit_flucol594_kpcclusters_800nm_poc0_60745_20x_g55_1_MMStack_Pos0_t12_s4,4,104.8655584,59.74097288,0.906938339,5.618979661,112.62,51.574,0.92462,5.4849,295.0,295.0,53.2221658,30.54081984,0.066445835,1.065506169,8.0,8.0,11993,19.8582,9743,378,25.7751,73,1.3861,0.0268,0.2019,0.1003,262144,12,0
maskappliedISO8bit_flucol594_kpcclusters_800nm_poc0_60745_20x_g55_1_MMStack_Pos0_t12_s5,5,103.9597807,57.25449502,0.906215183,5.558659801,109.15,49.749,0.91775,5.442,301.0,301.0,53.65670304,25.74437739,0.055470824,1.014748729,10.0,10.0,11861,20.1014,9794,358,27.3575,66,1.3874,0.0317,0.2181,0.1067,262144,12,0
maskappliedISO8bit_flucol594_kpcclusters_800nm_poc0_60745_20x_g55_1_MMStack_Pos0_t12_s6,6,103.8909669,55.36573313,0.903844571,5.520667178,112.21,47.4975,0.92209,5.49795,326.0,326.0,52.00121879,24.17482896,0.070530699,0.946356684,12.0,12.0,12266,19.3717,10042,359,27.9721,79,1.3964,0.0281,0.2284,0.1005,262144,12,0
maskappliedISO8bit_flucol594_kpcclusters_800nm_poc0_60745_20x_g55_1_MMStack_Pos0_t12_s7,7,95.61599929,55.23511385,0.908578062,5.806450154,104.59,47.226,0.92479,5.6393,325.0,325.0,56.07788668,26.44091721,0.060376609,1.106929809,14.0,14.0,13259,17.7711,10801,397,27.2065,88,1.4143,0.0288,0.2602,0.08901,262144,12,0
maskappliedISO8bit_flucol594_kpcclusters_800nm_poc0_60745_20x_g55_1_MMStack_Pos0_t12_s8,8,100.3403587,56.7231372,0.907367043,5.694403963,106.225,48.15,0.923765,5.6168,328.0,328.0,54.60460965,26.68897853,0.067330404,0.985220943,16.0,16.0,12930,18.2742,10648,420,25.3524,74,1.4116,0.0263,0.2931,0.07039,262144,12,0
maskappliedISO8bit_flucol594_kpcclusters_800nm_poc0_60745_20x_g55_1_MMStack_Pos0_t12_s9,9,98.05332395,58.67396117,0.906183625,5.805908091,106.34,50.402,0.92346,5.6088,309.0,309.0,56.07691176,28.97748761,0.071567308,1.163644679,18.0,18.0,12741,18.5749,10360,399,25.9649,72,1.4028,0.0229,0.3044,0.09519,262144,12,0
maskappliedISO8bit_flucol594_kpcclusters_800nm_poc0_60745_20x_g55_1_MMStack_Pos0_t13_s1,1,98.67234854,57.09505502,0.911004013,5.670672816,106.86,47.984,0.92855,5.5368,309.0,309.0,55.23405796,26.76537631,0.063968654,1.106689445,2.0,2.0,11949,19.9387,9667,356,27.1545,84,1.3833,0.0263,0.1317,0.07645,262144,13,0
maskappliedISO8bit_flucol594_kpcclusters_800nm_poc0_60745_20x_g55_1_MMStack_Pos0_t13_s10,10,99.87059667,59.70802333,0.902820567,5.725663,108.125,49.698,0.920405,5.54375,300.0,300.0,54.68130405,28.46054446,0.0664274,1.159768243,20.0,20.0,13486,17.4383,10979,423,25.9551,96,1.421,0.0278,0.3154,0.09211,262144,13,0
maskappliedISO8bit_flucol594_kpcclusters_800nm_poc0_60745_20x_g55_1_MMStack_Pos0_t13_s11,11,101.4411148,57.32445152,0.909642636,5.64645303,109.815,48.042,0.92321,5.44285,330.0,330.0,54.35573162,27.44494282,0.073647927,1.17157702,22.0,22.0,14032,16.6819,11523,420,27.4357,105,1.4324,0.0303,0.344,0.09302,262144,13,0
maskappliedISO8bit_flucol594_kpcclusters_800nm_poc0_60745_20x_g55_1_MMStack_Pos0_t13_s12,12,98.50252746,62.30044746,0.911575593,5.63030339,106.19,51.626,0.92724,5.5413,295.0,295.0,55.88466194,35.02348354,0.056328848,1.151362609,24.0,24.0,13809,16.9836,11343,431,26.3179,100,1.4244,0.0304,0.3759,0.07764,262144,13,0
maskappliedISO8bit_flucol594_kpcclusters_800nm_poc0_60745_20x_g55_1_MMStack_Pos0_t13_s13,13,100.3409559,56.03221714,0.906376657,5.705552286,107.35,47.2545,0.92096,5.58865,350.0,350.0,54.86273631,27.38658738,0.064670457,1.113978496,26.0,26.0,13532,17.3722,11165,441,25.3175,106,1.4241,0.0228,0.3827,0.1187,262144,13,0
maskappliedISO8bit_flucol594_kpcclusters_800nm_poc0_60745_20x_g55_1_MMStack_Pos0_t13_s14,14,105.6718237,57.77776048,0.90820488,5.812326647,114.735,47.121,0.92654,5.65675,334.0,334.0,54.75534607,28.51351894,0.069567038,1.249642266,28.0,28.0,13935,16.812,11477,420,27.3262,100,1.4296,0.0268,0.3786,0.1,262144,13,0
maskappliedISO8bit_flucol594_kpcclusters_800nm_poc0_60745_20x_g55_1_MMStack_Pos0_t13_s15,15,103.784283,60.2805719,0.907104542,5.716605229,111.325,49.523,0.926465,5.5959,306.0,306.0,53.48706385,30.39191138,0.07171343,1.152070402,30.0,30.0,14341,16.2794,11654,401,29.0623,106,1.4347,0.0263,0.3831,0.09994,262144,13,0
maskappliedISO8bit_flucol594_kpcclusters_800nm_poc0_60745_20x_g55_1_MMStack_Pos0_t13_s16,16,95.47548688,60.1727963,0.905522531,5.573731481,107.27,49.4445,0.920155,5.45475,324.0,324.0,58.39510578,30.75995465,0.067049343,0.925331178,32.0,32.0,14248,16.3987,11772,481,24.474,97,1.4339,0.0283,0.3903,0.1021,262144,13,0
maskappliedISO8bit_flucol594_kpcclusters_800nm_poc0_60745_20x_g55_1_MMStack_Pos0_t13_s17,17,99.03913688,57.81127003,0.907751958,5.634783383,111.8,48.417,0.9262,5.5969,337.0,337.0,57.98667755,29.21140004,0.068529287,1.055312332,34.0,34.0,14467,16.1202,11917,452,26.365,109,1.4389,0.0268,0.3826,0.09803,262144,13,0
maskappliedISO8bit_flucol594_kpcclusters_800nm_poc0_60745_20x_g55_1_MMStack_Pos0_t13_s18,18,106.5800789,59.52178235,0.908162206,5.548030294,118.875,50.156,0.929135,5.3924,340.0,340.0,55.37831142,32.21151777,0.069565199,1.022477612,36.0,36.0,14224,16.4298,11747,434,27.0668,107,1.438,0.0291,0.3738,0.1174,262144,13,0
maskappliedISO8bit_flucol594_kpcclusters_800nm_poc0_60745_20x_g55_1_MMStack_Pos0_t13_s19,19,102.4692122,59.91988415,0.908862774,5.465118293,113.82,47.414,0.925715,5.29435,328.0,328.0,56.58949979,32.3428962,0.067123447,1.030852761,38.0,38.0,14041,16.67,11645,447,26.0515,97,1.4317,0.0288,0.3418,0.1413,262144,13,0
maskappliedISO8bit_flucol594_kpcclusters_800nm_poc0_60745_20x_g55_1_MMStack_Pos0_t13_s2,2,96.44344684,56.50511296,0.914190033,5.587546179,103.74,46.765,0.93663,5.4234,301.0,301.0,55.5668296,29.65608673,0.066387428,1.067175937,4.0,4.0,12515,18.9465,10134,371,27.3154,82,1.397,0.0256,0.1421,0.06534,262144,13,0
maskappliedISO8bit_flucol594_kpcclusters_800nm_poc0_60745_20x_g55_1_MMStack_Pos0_t13_s20,20,104.779314,57.45037318,0.916448601,5.562803207,117.94,48.945,0.9282,5.3744,343.0,343.0,55.28881584,27.88371949,0.051631485,1.093821909,40.0,40.0,13855,16.9206,11403,417,27.3453,97,1.4275,0.0272,0.2971,0.1108,262144,13,0
maskappliedISO8bit_flucol594_kpcclusters_800nm_poc0_60745_20x_g55_1_MMStack_Pos0_t13_s21,21,94.3704766,60.28163551,0.906289315,5.523543302,105.95,50.741,0.92129,5.331,321.0,321.0,57.44410273,30.59041544,0.062872223,1.049618085,42.0,42.0,13911,16.8444,11405,408,27.9534,110,1.4299,0.0254,0.2656,0.1172,262144,13,0
maskappliedISO8bit_flucol594_kpcclusters_800nm_poc0_60745_20x_g55_1_MMStack_Pos0_t13_s22,22,91.26237554,60.49154459,0.90836449,5.464063376,97.8725,49.78,0.92351,5.3982,314.0,314.0,59.91150695,33.8819729,0.064164544,1.001735126,44.0,44.0,13819,16.9699,11414,418,27.3062,89,1.4231,0.0237,0.2428,0.08071,262144,13,0
maskappliedISO8bit_flucol594_kpcclusters_800nm_poc0_60745_20x_g55_1_MMStack_Pos0_t13_s23,23,93.6219118,58.44902951,0.912078262,5.509732459,99.866,48.373,0.92713,5.4407,305.0,305.0,58.21174919,29.17737244,0.059430115,1.060425209,46.0,46.0,12544,18.898,10340,320,32.3125,79,1.3975,0.0259,0.2051,0.07584,262144,13,0
maskappliedISO8bit_flucol594_kpcclusters_800nm_poc0_60745_20x_g55_1_MMStack_Pos0_t13_s24,24,98.8203957,61.9562649,0.905424603,5.519551325,109.49,51.4205,0.92649,5.3787,302.0,302.0,57.94429269,34.4564208,0.081338117,0.979906485,48.0,48.0,13032,18.1155,10655,370,28.7973,86,1.4098,0.022,0.1857,0.1029,262144,13,0
maskappliedISO8bit_flucol594_kpcclusters_800nm_poc0_60745_20x_g55_1_MMStack_Pos0_t13_s25,25,94.11599781,61.42387742,0.911204581,5.328263871,100.48,51.836,0.92967,5.18995,310.0,310.0,58.22335425,32.37539975,0.068304075,0.917689613,50.0,50.0,13684,17.157,11175,364,30.7005,113,1.4216,0.0217,0.1846,0.07327,262144,13,0
maskappliedISO8bit_flucol594_kpcclusters_800nm_poc0_60745_20x_g55_1_MMStack_Pos0_t13_s26,26,99.44949367,61.85153035,0.914239105,5.542526198,107.02,50.127,0.93016,5.4423,313.0,313.0,57.82383576,34.88778291,0.062254365,1.038242327,52.0,52.0,13372,17.604,11008,333,33.0571,112,1.4177,0.0284,0.1801,0.08485,262144,13,0
maskappliedISO8bit_flucol594_kpcclusters_800nm_poc0_60745_20x_g55_1_MMStack_Pos0_t13_s27,27,99.46661706,62.00958147,0.91465377,5.517774441,107.7,52.884,0.93466,5.3542,313.0,313.0,55.63514408,32.6743971,0.069486418,1.118283267,54.0,54.0,13647,17.209,11319,347,32.6196,116,1.4195,0.0279,0.217,0.1141,262144,13,0
maskappliedISO8bit_flucol594_kpcclusters_800nm_poc0_60745_20x_g55_1_MMStack_Pos0_t13_s28,28,101.3079685,63.62475082,0.915822459,5.56124623,113.53,53.425,0.93125,5.4761,305.0,305.0,55.85659251,32.41054456,0.060621054,1.045281019,56.0,56.0,14585,15.9736,12001,394,30.4594,103,1.4396,0.0268,0.3102,0.1214,262144,13,0
maskappliedISO8bit_flucol594_kpcclusters_800nm_poc0_60745_20x_g55_1_MMStack_Pos0_t13_s3,3,99.48508135,56.13544695,0.906459035,5.501166238,108.03,47.872,0.92309,5.3737,311.0,311.0,56.45447768,25.10371442,0.071261164,0.994237439,6.0,6.0,13036,18.1093,10679,386,27.6658,97,1.4096,0.025,0.1686,0.09022,262144,13,0
maskappliedISO8bit_flucol594_kpcclusters_800nm_poc0_60745_20x_g55_1_MMStack_Pos0_t13_s4,4,99.53636199,56.79038411,0.897809305,5.474149669,113.96,49.057,0.916365,5.3498,302.0,302.0,57.38904776,25.57089208,0.071710351,0.994789271,8.0,8.0,12470,19.022,10022,371,27.0135,67,1.3988,0.0282,0.1995,0.09577,262144,13,0
maskappliedISO8bit_flucol594_kpcclusters_800nm_poc0_60745_20x_g55_1_MMStack_Pos0_t13_s5,5,97.11061567,54.54409404,0.910880376,5.599052351,104.04,48.062,0.92601,5.5181,319.0,319.0,53.42325109,24.35696277,0.065766087,1.040643078,10.0,10.0,12160,19.558,9958,383,26.0,71,1.3924,0.0266,0.2186,0.1064,262144,13,0
maskappliedISO8bit_flucol594_kpcclusters_800nm_poc0_60745_20x_g55_1_MMStack_Pos0_t13_s6,6,100.2566681,56.39169206,0.904669683,5.592669841,112.38,47.784,0.92614,5.4986,315.0,315.0,55.45905836,26.48188655,0.071821308,0.989295041,12.0,12.0,11728,20.3521,9640,336,28.6905,69,1.3836,0.0253,0.227,0.108,262144,13,0
maskappliedISO8bit_flucol594_kpcclusters_800nm_poc0_60745_20x_g55_1_MMStack_Pos0_t13_s7,7,98.86462185,59.38620455,0.903940032,5.61798474,105.565,51.222,0.92229,5.5048,308.0,308.0,54.57469873,29.59748816,0.070644427,1.032666263,14.0,14.0,12879,18.3544,10445,372,28.078,72,1.4053,0.027,0.252,0.08959,262144,13,0
maskappliedISO8bit_flucol594_kpcclusters_800nm_poc0_60745_20x_g55_1_MMStack_Pos0_t13_s8,8,99.43307566,58.96383882,0.905004868,5.715990461,105.525,50.922,0.923055,5.5433,304.0,304.0,56.29419048,27.24558022,0.07276196,1.07925516,16.0,16.0,13369,17.6084,10959,407,26.9263,95,1.4192,0.0239,0.2917,0.07614,262144,13,0
maskappliedISO8bit_flucol594_kpcclusters_800nm_poc0_60745_20x_g55_1_MMStack_Pos0_t13_s9,9,98.43866788,58.23446061,0.904677242,5.715704848,109.4,49.2665,0.92065,5.48325,330.0,330.0,56.42759367,27.48068701,0.070779233,1.143700056,18.0,18.0,12745,18.5685,10440,429,24.3357,79,1.4046,0.0277,0.3053,0.08301,262144,13,0
maskappliedISO8bit_flucol594_kpcclusters_800nm_poc0_60745_20x_g55_1_MMStack_Pos0_t14_s1,1,90.80924173,56.77101384,0.90653218,5.687726644,97.431,48.453,0.92018,5.5885,289.0,289.0,55.97334005,26.5411315,0.065495361,1.051983629,2.0,2.0,11971,19.8983,9744,350,27.84,80,1.3861,0.0245,0.1266,0.06014,262144,14,0
maskappliedISO8bit_flucol594_kpcclusters_800nm_poc0_60745_20x_g55_1_MMStack_Pos0_t14_s10,10,96.47170901,56.20407808,0.907907988,5.754022823,107.02,47.971,0.92584,5.647,333.0,333.0,55.58574179,26.87506402,0.068305257,1.128324027,20.0,20.0,13035,18.1109,10616,427,24.8618,79,1.4135,0.0251,0.3131,0.0963,262144,14,0
maskappliedISO8bit_flucol594_kpcclusters_800nm_poc0_60745_20x_g55_1_MMStack_Pos0_t14_s11,11,96.85610488,58.64134756,0.908037165,5.653868598,103.94,48.8155,0.92472,5.49015,328.0,328.0,55.29619367,30.89668239,0.063560626,1.143444871,22.0,22.0,13988,16.7407,11426,402,28.4229,101,1.4314,0.0253,0.3341,0.08244,262144,14,0
maskappliedISO8bit_flucol594_kpcclusters_800nm_poc0_60745_20x_g55_1_MMStack_Pos0_t14_s12,12,100.1407398,58.07903395,0.911986512,5.671581173,106.36,48.4665,0.93303,5.5449,324.0,324.0,54.51566957,27.93684286,0.065459907,1.147863467,24.0,24.0,13853,16.9233,11344,457,24.8228,108,1.425,0.0301,0.3667,0.07281,262144,14,0
maskappliedISO8bit_flucol594_kpcclusters_800nm_poc0_60745_20x_g55_1_MMStack_Pos0_t14_s13,13,96.62465317,56.89707251,0.902306224,5.820229003,106.23,50.261,0.91744,5.6358,331.0,331.0,56.35828683,25.84723182,0.074728012,1.201138749,26.0,26.0,13469,17.4628,11100,438,25.3425,77,1.422,0.0245,0.3847,0.1056,262144,14,0
maskappliedISO8bit_flucol594_kpcclusters_800nm_poc0_60745_20x_g55_1_MMStack_Pos0_t14_s14,14,101.5583203,57.16296418,0.904789881,5.784404776,112.62,48.139,0.92426,5.6769,335.0,335.0,54.11781508,28.57532055,0.074925833,1.164519837,28.0,28.0,13664,17.1851,11282,462,24.4199,94,1.4264,0.0267,0.3769,0.1166,262144,14,0
maskappliedISO8bit_flucol594_kpcclusters_800nm_poc0_60745_20x_g55_1_MMStack_Pos0_t14_s15,15,96.80491487,60.63495253,0.905093956,5.720029114,106.55,51.029,0.926045,5.633,316.0,316.0,54.83833874,28.58932894,0.074310482,1.101716861,30.0,30.0,13844,16.9356,11251,431,26.1044,95,1.4275,0.0275,0.3789,0.1149,262144,14,0
maskappliedISO8bit_flucol594_kpcclusters_800nm_poc0_60745_20x_g55_1_MMStack_Pos0_t14_s16,16,103.5466399,62.36074675,0.901090227,5.597278571,116.655,53.585,0.91807,5.4546,308.0,308.0,55.79949462,31.06360148,0.070374891,0.975526213,32.0,32.0,14504,16.074,11776,472,24.9492,109,1.439,0.0256,0.3867,0.09607,262144,14,0
maskappliedISO8bit_flucol594_kpcclusters_800nm_poc0_60745_20x_g55_1_MMStack_Pos0_t14_s17,17,96.04681893,61.20179495,0.904167382,5.56946877,106.42,50.288,0.92149,5.4969,317.0,317.0,57.630272,32.61315878,0.072000254,0.968389003,34.0,34.0,14318,16.3088,11752,449,26.1737,107,1.4346,0.0228,0.384,0.1122,262144,14,0
maskappliedISO8bit_flucol594_kpcclusters_800nm_poc0_60745_20x_g55_1_MMStack_Pos0_t14_s18,18,105.625934,58.01985795,0.91068892,5.594155398,118.445,47.794,0.925825,5.47665,352.0,352.0,55.3987508,27.09304226,0.062016012,1.100885606,36.0,36.0,14369,16.2438,11839,435,27.2161,102,1.4397,0.0275,0.3789,0.108,262144,14,0
maskappliedISO8bit_flucol594_kpcclusters_800nm_poc0_60745_20x_g55_1_MMStack_Pos0_t14_s19,19,106.2342683,63.37579817,0.908008043,5.508830887,122.3,49.872,0.92674,5.3209,327.0,327.0,56.43477539,35.78697432,0.071233806,1.075122762,38.0,38.0,13928,16.8214,11447,410,27.9195,94,1.4271,0.0268,0.3484,0.1387,262144,14,0
maskappliedISO8bit_flucol594_kpcclusters_800nm_poc0_60745_20x_g55_1_MMStack_Pos0_t14_s2,2,98.55596003,55.14270323,0.908406742,5.622174194,104.04,45.417,0.92422,5.42935,310.0,310.0,53.86905628,27.33760199,0.069951433,1.083197511,4.0,4.0,11874,20.0772,9648,386,24.9948,70,1.3832,0.0256,0.1358,0.04971,262144,14,0
maskappliedISO8bit_flucol594_kpcclusters_800nm_poc0_60745_20x_g55_1_MMStack_Pos0_t14_s20,20,98.82015238,59.82736747,0.906207169,5.395294277,108.915,51.021,0.92669,5.2324,332.0,332.0,57.22964822,30.10067422,0.070650654,1.046745555,40.0,40.0,13852,16.9247,11422,412,27.7233,100,1.4285,0.0232,0.3056,0.1046,262144,14,0
maskappliedISO8bit_flucol594_kpcclusters_800nm_poc0_60745_20x_g55_1_MMStack_Pos0_t14_s21,21,95.78399155,60.06063393,0.90340381,5.471624107,104.39,50.8565,0.922,5.3552,336.0,336.0,59.19274909,27.62770535,0.069758548,1.069055758,42.0,42.0,14138,16.5419,11601,389,29.8226,106,1.4311,0.0255,0.274,0.1218,262144,14,0
maskappliedISO8bit_flucol594_kpcclusters_800nm_poc0_60745_20x_g55_1_MMStack_Pos0_t14_s22,22,94.93021461,59.09432602,0.915899404,5.468854545,100.71,50.178,0.932,5.26,319.0,319.0,56.7872991,31.91481112,0.060248448,1.122471503,44.0,44.0,13561,17.3308,11276,395,28.5468,95,1.4194,0.0272,0.2469,0.1014,262144,14,0
maskappliedISO8bit_flucol594_kpcclusters_800nm_poc0_60745_20x_g55_1_MMStack_Pos0_t14_s23,23,97.26904896,59.30707818,0.911065505,5.452665798,101.69,50.675,0.92838,5.369,307.0,307.0,57.98643498,28.13769747,0.064884025,1.019705033,46.0,46.0,13237,17.804,10924,341,32.0352,84,1.4131,0.0269,0.2079,0.08413,262144,14,0
maskappliedISO8bit_flucol594_kpcclusters_800nm_poc0_60745_20x_g55_1_MMStack_Pos0_t14_s24,24,97.31439327,60.17469579,0.911773398,5.545113269,105.64,49.278,0.93079,5.3544,309.0,309.0,58.24707948,32.5500607,0.067737061,1.055049586,48.0,48.0,13162,17.9168,10754,346,31.0809,85,1.412,0.0267,0.1834,0.1012,262144,14,0
maskappliedISO8bit_flucol594_kpcclusters_800nm_poc0_60745_20x_g55_1_MMStack_Pos0_t14_s25,25,99.79876194,62.44384839,0.912454871,5.359804516,108.43,51.8285,0.93121,5.21235,310.0,310.0,56.73974851,34.08510602,0.060407294,0.98763512,50.0,50.0,13549,17.3479,11098,366,30.3224,94,1.4195,0.0208,0.1817,0.08827,262144,14,0
maskappliedISO8bit_flucol594_kpcclusters_800nm_poc0_60745_20x_g55_1_MMStack_Pos0_t14_s26,26,94.77259105,62.13064189,0.907636858,5.377532432,102.77,50.158,0.92837,5.2321,296.0,296.0,58.32234911,37.77227572,0.070705593,1.007380743,52.0,52.0,12759,18.5459,10490,362,28.9779,85,1.4048,0.0224,0.1764,0.085,262144,14,0
maskappliedISO8bit_flucol594_kpcclusters_800nm_poc0_60745_20x_g55_1_MMStack_Pos0_t14_s27,27,104.3628949,62.31332588,0.91230639,5.531385304,112.99,51.129,0.93039,5.3913,313.0,313.0,55.6490665,34.24036691,0.061497139,1.047037302,54.0,54.0,13488,17.4354,11180,366,30.5464,101,1.4194,0.0231,0.2027,0.1155,262144,14,0
maskappliedISO8bit_flucol594_kpcclusters_800nm_poc0_60745_20x_g55_1_MMStack_Pos0_t14_s28,28,101.4702783,63.11522327,0.913486855,5.452799057,108.985,48.686,0.92736,5.281,318.0,318.0,56.11664744,34.96743891,0.060071064,1.044310219,56.0,56.0,14490,16.0914,11990,386,31.0622,104,1.4378,0.0294,0.2887,0.1133,262144,14,0
maskappliedISO8bit_flucol594_kpcclusters_800nm_poc0_60745_20x_g55_1_MMStack_Pos0_t14_s3,3,95.63798167,56.74339228,0.907952508,5.568778778,100.95,48.979,0.92351,5.4659,311.0,311.0,55.21236606,26.02630934,0.068804481,0.968808962,6.0,6.0,12466,19.0288,10210,403,25.335,68,1.3979,0.0265,0.1606,0.09354,262144,14,0
maskappliedISO8bit_flucol594_kpcclusters_800nm_poc0_60745_20x_g55_1_MMStack_Pos0_t14_s4,4,100.4237767,55.49119672,0.907174623,5.519631803,110.85,48.54,0.92586,5.3742,305.0,305.0,55.51096787,22.66853721,0.0745872,1.056593087,8.0,8.0,12464,19.0322,10005,385,25.987,69,1.401,0.0262,0.1923,0.1109,262144,14,0
maskappliedISO8bit_flucol594_kpcclusters_800nm_poc0_60745_20x_g55_1_MMStack_Pos0_t14_s5,5,103.20289,56.00459807,0.910207203,5.520639871,111.04,46.757,0.92737,5.4227,311.0,311.0,52.62854432,26.36865425,0.077210101,0.989040886,10.0,10.0,12204,19.4802,9897,395,25.0557,64,1.3922,0.0258,0.2144,0.1141,262144,14,0
maskappliedISO8bit_flucol594_kpcclusters_800nm_poc0_60745_20x_g55_1_MMStack_Pos0_t14_s6,6,102.1396323,56.02436778,0.910516201,5.579605167,112.62,48.963,0.92508,5.4819,329.0,329.0,53.46707216,27.49828426,0.064595801,1.05330856,12.0,12.0,11930,19.9736,9841,384,25.6276,71,1.3878,0.0231,0.2262,0.07062,262144,14,0
maskappliedISO8bit_flucol594_kpcclusters_800nm_poc0_60745_20x_g55_1_MMStack_Pos0_t14_s7,7,101.4783235,56.70511599,0.897613542,5.729605329,108.82,47.454,0.91998,5.6552,319.0,319.0,55.02806338,29.47330646,0.084522879,1.018674459,14.0,14.0,12321,19.2763,10094,365,27.6548,67,1.3954,0.0275,0.2452,0.09727,262144,14,0
maskappliedISO8bit_flucol594_kpcclusters_800nm_poc0_60745_20x_g55_1_MMStack_Pos0_t14_s8,8,95.49180781,58.60688742,0.905994007,5.629672185,106.265,51.1895,0.922145,5.475,302.0,302.0,57.88334758,26.30415201,0.064618205,1.028514264,16.0,16.0,13265,17.7622,10919,390,27.9974,90,1.4173,0.0245,0.2828,0.07288,262144,14,0
maskappliedISO8bit_flucol594_kpcclusters_800nm_poc0_60745_20x_g55_1_MMStack_Pos0_t14_s9,9,95.56287139,57.07358514,0.905155201,5.684962848,103.47,51.798,0.92572,5.5464,323.0,323.0,55.04715589,24.57267837,0.07767742,1.087737743,18.0,18.0,13306,17.7013,10939,438,24.9749,75,1.4162,0.0282,0.3028,0.08838,262144,14,0
maskappliedISO8bit_flucol594_kpcclusters_800nm_poc0_60745_20x_g55_1_MMStack_Pos0_t15_s1,1,97.72273517,57.35229655,0.905216345,5.642734483,105.27,47.1765,0.92579,5.4013,290.0,290.0,56.50897067,27.44302287,0.075538778,1.073063023,2.0,2.0,12144,19.5864,9820,342,28.7135,80,1.3886,0.0273,0.1176,0.08495,262144,15,0
maskappliedISO8bit_flucol594_kpcclusters_800nm_poc0_60745_20x_g55_1_MMStack_Pos0_t15_s10,10,100.0999823,59.65313826,0.905767363,5.675319614,108.85,49.836,0.92464,5.4641,311.0,311.0,54.56134274,30.97741483,0.071492035,1.117014405,20.0,20.0,13170,17.9047,10836,425,25.4965,86,1.4168,0.0248,0.3112,0.1,262144,15,0
maskappliedISO8bit_flucol594_kpcclusters_800nm_poc0_60745_20x_g55_1_MMStack_Pos0_t15_s11,11,97.53252692,61.00884295,0.905582404,5.669382372,108.635,50.8295,0.929595,5.519,312.0,312.0,54.81782238,29.92637209,0.078351372,1.119341377,22.0,22.0,13288,17.7279,10821,415,26.0747,77,1.4196,0.0212,0.3368,0.08232,262144,15,0
maskappliedISO8bit_flucol594_kpcclusters_800nm_poc0_60745_20x_g55_1_MMStack_Pos0_t15_s12,12,99.78351042,60.67960261,0.91204,5.700580782,109.75,52.263,0.92323,5.5633,307.0,307.0,56.32745854,28.63017008,0.057213664,1.080591289,24.0,24.0,13664,17.1851,11131,444,25.0698,89,1.4238,0.026,0.367,0.07652,262144,15,0
maskappliedISO8bit_flucol594_kpcclusters_800nm_poc0_60745_20x_g55_1_MMStack_Pos0_t15_s13,13,99.34184903,57.50531447,0.910450755,5.774202516,107.78,47.2555,0.92858,5.6517,318.0,318.0,55.32658805,30.27984641,0.06716014,1.160293832,26.0,26.0,13660,17.1907,11219,408,27.4975,86,1.4217,0.0264,0.3871,0.1036,262144,15,0
maskappliedISO8bit_flucol594_kpcclusters_800nm_poc0_60745_20x_g55_1_MMStack_Pos0_t15_s14,14,105.5431013,57.81975641,0.897958429,5.906362821,116.57,49.2905,0.91511,5.7282,312.0,312.0,54.33310348,26.13856766,0.073146271,1.201448845,28.0,28.0,13941,16.8039,11498,454,25.326,94,1.4292,0.0249,0.389,0.1194,262144,15,0
maskappliedISO8bit_flucol594_kpcclusters_800nm_poc0_60745_20x_g55_1_MMStack_Pos0_t15_s15,15,99.09245025,59.3853839,0.905056904,5.698803096,108.02,48.747,0.91983,5.5583,323.0,323.0,52.77400205,32.39866606,0.072017087,1.086932781,30.0,30.0,13781,17.0222,11233,431,26.0626,105,1.4264,0.0242,0.3848,0.1127,262144,15,0
maskappliedISO8bit_flucol594_kpcclusters_800nm_poc0_60745_20x_g55_1_MMStack_Pos0_t15_s16,16,102.5535791,61.576,0.899194479,5.686790184,114.98,50.262,0.91403,5.5633,326.0,326.0,54.97878007,33.98023919,0.070656291,1.069728707,32.0,32.0,14731,15.7955,12020,480,25.0417,108,1.4431,0.0254,0.3909,0.1053,262144,15,0
maskappliedISO8bit_flucol594_kpcclusters_800nm_poc0_60745_20x_g55_1_MMStack_Pos0_t15_s17,17,99.28242132,58.83354545,0.909002257,5.664341693,110.14,48.342,0.92111,5.5595,319.0,319.0,57.51201621,33.26453031,0.059692581,1.066936206,34.0,34.0,14136,16.5445,11599,453,25.6049,81,1.4336,0.0235,0.3917,0.1058,262144,15,0
maskappliedISO8bit_flucol594_kpcclusters_800nm_poc0_60745_20x_g55_1_MMStack_Pos0_t15_s18,18,102.8271032,60.27800615,0.906514615,5.680417846,114.44,50.37,0.92616,5.5266,325.0,325.0,56.21703088,32.19106911,0.066796018,1.110213032,36.0,36.0,14337,16.2845,11848,452,26.2124,97,1.4404,0.0261,0.3904,0.09658,262144,15,0
maskappliedISO8bit_flucol594_kpcclusters_800nm_poc0_60745_20x_g55_1_MMStack_Pos0_t15_s19,19,101.6357086,60.88634877,0.912263765,5.599113272,113.59,50.7565,0.92811,5.47845,324.0,324.0,57.1931213,31.41354389,0.057688378,1.056116164,38.0,38.0,14112,16.576,11545,461,25.0434,93,1.4325,0.0269,0.3631,0.1269,262144,15,0
maskappliedISO8bit_flucol594_kpcclusters_800nm_poc0_60745_20x_g55_1_MMStack_Pos0_t15_s2,2,95.33035143,57.75992857,0.909079481,5.618459416,105.03,48.8235,0.921475,5.54325,308.0,308.0,54.88257032,27.25036649,0.057112631,1.034042647,4.0,4.0,11843,20.135,9619,366,26.2814,72,1.3801,0.0275,0.1283,0.07333,262144,15,0
maskappliedISO8bit_flucol594_kpcclusters_800nm_poc0_60745_20x_g55_1_MMStack_Pos0_t15_s20,20,106.2613336,59.38927044,0.905097642,5.551034591,121.75,52.4535,0.921395,5.39095,318.0,318.0,55.63320751,28.10288058,0.063490519,1.096207159,40.0,40.0,13827,16.9589,11428,424,26.9528,81,1.4267,0.0229,0.3204,0.106,262144,15,0
maskappliedISO8bit_flucol594_kpcclusters_800nm_poc0_60745_20x_g55_1_MMStack_Pos0_t15_s21,21,98.85877506,60.64078165,0.906491899,5.506743671,109.615,51.916,0.921165,5.36835,316.0,316.0,58.67921661,30.29151609,0.061572171,1.049768659,42.0,42.0,13703,17.1305,11239,417,26.952,95,1.4236,0.0253,0.2852,0.1115,262144,15,0
maskappliedISO8bit_flucol594_kpcclusters_800nm_poc0_60745_20x_g55_1_MMStack_Pos0_t15_s22,22,97.83631727,59.22075075,0.9051297,5.60691982,107.47,52.579,0.92437,5.3706,333.0,333.0,58.1565315,26.89372651,0.067497239,1.101140027,44.0,44.0,13754,17.0595,11358,395,28.7544,109,1.4258,0.0301,0.2607,0.08973,262144,15,0
maskappliedISO8bit_flucol594_kpcclusters_800nm_poc0_60745_20x_g55_1_MMStack_Pos0_t15_s23,23,94.93391452,60.17576898,0.916915248,5.523370957,99.462,50.692,0.93141,5.3706,303.0,303.0,57.78494063,32.16474355,0.05958711,1.075151558,46.0,46.0,13447,17.4947,11095,383,28.9687,85,1.4194,0.0259,0.2191,0.05852,262144,15,0
maskappliedISO8bit_flucol594_kpcclusters_800nm_poc0_60745_20x_g55_1_MMStack_Pos0_t15_s24,24,98.10182411,61.48546823,0.905941605,5.450585284,107.1,51.848,0.9239,5.3849,299.0,299.0,57.90182049,31.08467066,0.069983499,1.010997939,48.0,48.0,13046,18.0939,10711,365,29.3452,69,1.408,0.0274,0.1906,0.08549,262144,15,0
maskappliedISO8bit_flucol594_kpcclusters_800nm_poc0_60745_20x_g55_1_MMStack_Pos0_t15_s25,25,97.01482883,59.71323724,0.913684745,5.400138138,110.32,48.507,0.93336,5.1981,333.0,333.0,58.67473585,31.32900987,0.066193087,1.04579355,50.0,50.0,13629,17.2343,11240,385,29.1948,100,1.4216,0.026,0.1849,0.094,262144,15,0
maskappliedISO8bit_flucol594_kpcclusters_800nm_poc0_60745_20x_g55_1_MMStack_Pos0_t15_s26,26,91.01478051,58.04093353,0.909850544,5.515579456,95.44,48.11,0.92829,5.3291,331.0,331.0,57.32908781,32.20219535,0.071025947,1.149796778,52.0,52.0,13123,17.976,10780,344,31.3372,88,1.4098,0.0255,0.1816,0.09269,262144,15,0
maskappliedISO8bit_flucol594_kpcclusters_800nm_poc0_60745_20x_g55_1_MMStack_Pos0_t15_s27,27,100.437053,61.61028296,0.917354341,5.5066209,108.43,49.537,0.93718,5.3564,311.0,311.0,56.56373976,33.36597189,0.061558849,1.012983836,54.0,54.0,13199,17.861,10911,369,29.5691,99,1.4106,0.0257,0.1979,0.1048,262144,15,0
maskappliedISO8bit_flucol594_kpcclusters_800nm_poc0_60745_20x_g55_1_MMStack_Pos0_t15_s28,28,96.22022898,62.29466894,0.910603959,5.470710922,106.99,50.725,0.933,5.3685,293.0,293.0,58.58258409,35.0309146,0.068515573,1.009303288,56.0,56.0,14489,16.0927,11982,404,29.6584,94,1.438,0.0304,0.2779,0.09453,262144,15,0
maskappliedISO8bit_flucol594_kpcclusters_800nm_poc0_60745_20x_g55_1_MMStack_Pos0_t15_s3,3,100.0925693,55.93719608,0.898620425,5.572917647,109.695,46.6365,0.92127,5.47315,306.0,306.0,55.55947499,28.58431907,0.074207487,1.028120016,6.0,6.0,12192,19.5014,9976,401,24.8778,61,1.3918,0.0301,0.1502,0.0991,262144,15,0
maskappliedISO8bit_flucol594_kpcclusters_800nm_poc0_60745_20x_g55_1_MMStack_Pos0_t15_s4,4,103.4530611,57.86146128,0.91244862,5.503509091,114.86,49.396,0.9278,5.3493,297.0,297.0,54.88650405,27.40221732,0.058705927,1.040995711,8.0,8.0,12761,18.5427,10271,396,25.9369,64,1.405,0.0287,0.1779,0.1409,262144,15,0
maskappliedISO8bit_flucol594_kpcclusters_800nm_poc0_60745_20x_g55_1_MMStack_Pos0_t15_s5,5,106.0653019,53.24067593,0.911627222,5.479198765,116.045,46.0935,0.926725,5.37145,324.0,324.0,52.95990629,24.09338733,0.061487797,1.111765503,10.0,10.0,11971,19.8983,9680,400,24.2,74,1.3921,0.0237,0.2015,0.1088,262144,15,0
maskappliedISO8bit_flucol594_kpcclusters_800nm_poc0_60745_20x_g55_1_MMStack_Pos0_t15_s6,6,100.59431,56.65966113,0.905593887,5.578043522,109.09,48.887,0.92726,5.3917,301.0,301.0,55.8616703,27.27527816,0.067637529,1.133939315,12.0,12.0,12095,19.6738,9899,374,26.4679,69,1.3887,0.0255,0.2173,0.09053,262144,15,0
maskappliedISO8bit_flucol594_kpcclusters_800nm_poc0_60745_20x_g55_1_MMStack_Pos0_t15_s7,7,103.0592563,58.17788013,0.903585741,5.643644479,111.95,49.441,0.92253,5.4588,317.0,317.0,54.24484636,29.78834133,0.070140719,1.11929729,14.0,14.0,12213,19.4644,9991,384,26.0182,69,1.3939,0.0277,0.238,0.1031,262144,15,0
maskappliedISO8bit_flucol594_kpcclusters_800nm_poc0_60745_20x_g55_1_MMStack_Pos0_t15_s8,8,98.30474724,56.78005045,0.905032018,5.560860534,107.1,49.828,0.92152,5.4131,337.0,337.0,55.68273813,25.09031363,0.064863264,0.97998099,16.0,16.0,13275,17.7473,10818,382,28.3194,82,1.4168,0.0266,0.2746,0.09361,262144,15,0
maskappliedISO8bit_flucol594_kpcclusters_800nm_poc0_60745_20x_g55_1_MMStack_Pos0_t15_s9,9,102.3603775,57.20015015,0.911071952,5.648458559,109.03,49.756,0.92877,5.5129,333.0,333.0,53.19538346,25.66607723,0.061146088,1.020450566,18.0,18.0,13112,17.9928,10754,435,24.7218,73,1.4165,0.0293,0.2974,0.08767,262144,15,0
maskappliedISO8bit_flucol594_kpcclusters_800nm_poc0_60745_20x_g55_1_MMStack_Pos0_t16_s1,1,92.77592567,58.07901706,0.912740853,5.616796928,100.34,49.268,0.92619,5.3507,293.0,293.0,56.00474619,27.282997,0.061233964,1.226145436,2.0,2.0,12079,19.7025,9757,367,26.5858,76,1.3872,0.0201,0.1115,0.09938,262144,16,0
maskappliedISO8bit_flucol594_kpcclusters_800nm_poc0_60745_20x_g55_1_MMStack_Pos0_t16_s10,10,101.3443929,56.30380757,0.904069968,5.703481388,113.39,49.347,0.92357,5.5759,317.0,317.0,56.77023339,24.01864675,0.072177691,1.143442739,20.0,20.0,12588,18.825,10316,415,24.8578,69,1.4027,0.0266,0.3017,0.09702,262144,16,0
maskappliedISO8bit_flucol594_kpcclusters_800nm_poc0_60745_20x_g55_1_MMStack_Pos0_t16_s11,11,98.76123956,59.22251899,0.904186772,5.788201582,108.43,50.885,0.92319,5.6093,316.0,316.0,55.12156525,27.46136176,0.065930326,1.219295049,22.0,22.0,13217,17.8339,10717,432,24.8079,89,1.4179,0.0278,0.3225,0.08004,262144,16,0
maskappliedISO8bit_flucol594_kpcclusters_800nm_poc0_60745_20x_g55_1_MMStack_Pos0_t16_s12,12,99.43582792,60.07269156,0.902323994,5.75444026,106.27,50.7885,0.92015,5.6171,308.0,308.0,54.63141721,29.37080253,0.078747991,1.137770559,24.0,24.0,13559,17.3336,11122,436,25.5092,88,1.4258,0.0285,0.3551,0.09424,262144,16,0
maskappliedISO8bit_flucol594_kpcclusters_800nm_poc0_60745_20x_g55_1_MMStack_Pos0_t16_s13,13,98.00636234,58.89531646,0.906423987,5.748516772,104.26,51.57,0.929075,5.6116,316.0,316.0,56.57059788,26.88630447,0.073531503,1.099027646,26.0,26.0,13715,17.1137,11367,453,25.0927,82,1.4293,0.0248,0.3783,0.09732,262144,16,0
maskappliedISO8bit_flucol594_kpcclusters_800nm_poc0_60745_20x_g55_1_MMStack_Pos0_t16_s14,14,104.4572108,57.89353437,0.911230219,5.80453625,112.325,48.7025,0.92561,5.6296,320.0,320.0,53.4676931,29.29258572,0.060993075,1.164831089,28.0,28.0,14002,16.722,11502,427,26.9368,97,1.4326,0.0256,0.3851,0.105,262144,16,0
maskappliedISO8bit_flucol594_kpcclusters_800nm_poc0_60745_20x_g55_1_MMStack_Pos0_t16_s15,15,99.57497571,60.29408202,0.903277508,5.768059937,106.7,49.746,0.91784,5.5807,317.0,317.0,55.43105679,30.73488332,0.062608172,1.195603459,30.0,30.0,14327,16.2973,11658,435,26.8,105,1.4353,0.0254,0.383,0.1043,262144,16,0
maskappliedISO8bit_flucol594_kpcclusters_800nm_poc0_60745_20x_g55_1_MMStack_Pos0_t16_s16,16,104.3385195,60.43431548,0.902514643,5.673539583,117.98,51.363,0.921165,5.5643,336.0,336.0,55.63820302,30.98004258,0.073498217,1.010807365,32.0,32.0,14612,15.9404,11972,443,27.0248,101,1.4444,0.0231,0.3907,0.1072,262144,16,0
maskappliedISO8bit_flucol594_kpcclusters_800nm_poc0_60745_20x_g55_1_MMStack_Pos0_t16_s17,17,103.5140709,59.27457895,0.907471084,5.591336223,113.7,48.36,0.92958,5.5413,323.0,323.0,57.33671556,31.46295617,0.071482093,1.030540381,34.0,34.0,14430,16.1667,11826,450,26.28,89,1.4383,0.0214,0.3893,0.09931,262144,16,0
maskappliedISO8bit_flucol594_kpcclusters_800nm_poc0_60745_20x_g55_1_MMStack_Pos0_t16_s18,18,102.8434479,60.75983596,0.907705237,5.548064038,113.43,49.96,0.92452,5.4458,317.0,317.0,56.3802513,29.6952351,0.06458657,0.986885324,36.0,36.0,13993,16.734,11479,451,25.4523,91,1.4318,0.0269,0.3845,0.0958,262144,16,0
maskappliedISO8bit_flucol594_kpcclusters_800nm_poc0_60745_20x_g55_1_MMStack_Pos0_t16_s19,19,107.4227516,59.58737059,0.905239147,5.526938529,122.275,49.672,0.923405,5.3797,340.0,340.0,54.16722327,30.88064955,0.073329536,1.093791493,38.0,38.0,14557,16.0082,12011,472,25.447,113,1.4407,0.0257,0.3663,0.1223,262144,16,0
maskappliedISO8bit_flucol594_kpcclusters_800nm_poc0_60745_20x_g55_1_MMStack_Pos0_t16_s2,2,90.52749221,55.40822741,0.911210903,5.570046106,95.389,46.113,0.926,5.4454,321.0,321.0,56.19861914,27.06005734,0.061870797,1.010998322,4.0,4.0,11683,20.4382,9485,354,26.7938,76,1.3775,0.0265,0.1212,0.05546,262144,16,0
maskappliedISO8bit_flucol594_kpcclusters_800nm_poc0_60745_20x_g55_1_MMStack_Pos0_t16_s20,20,104.4298564,60.77685304,0.899243994,5.502438978,119.74,50.631,0.91874,5.3667,313.0,313.0,58.20178386,32.08135226,0.075471965,1.082157869,40.0,40.0,14091,16.6037,11635,453,25.6843,89,1.4319,0.0238,0.3251,0.1156,262144,16,0
maskappliedISO8bit_flucol594_kpcclusters_800nm_poc0_60745_20x_g55_1_MMStack_Pos0_t16_s21,21,97.97238669,57.18142012,0.914844172,5.582812722,106.645,49.7365,0.93039,5.4018,338.0,338.0,58.13736668,27.36049276,0.052661894,1.075010808,42.0,42.0,13754,17.0595,11256,381,29.5433,105,1.4229,0.0253,0.2881,0.1151,262144,16,0
maskappliedISO8bit_flucol594_kpcclusters_800nm_poc0_60745_20x_g55_1_MMStack_Pos0_t16_s22,22,97.44276199,59.6464159,0.902993853,5.456107645,106.31,50.441,0.92222,5.2823,327.0,327.0,58.44713207,30.64108325,0.069567845,1.005844877,44.0,44.0,13724,17.1012,11243,404,27.8292,98,1.4234,0.0281,0.2616,0.1013,262144,16,0
maskappliedISO8bit_flucol594_kpcclusters_800nm_poc0_60745_20x_g55_1_MMStack_Pos0_t16_s23,23,86.91102575,61.61237458,0.910588462,5.43591204,88.493,53.748,0.93081,5.3269,299.0,299.0,57.79015464,31.5487405,0.066059895,1.021420142,46.0,46.0,13440,17.5048,11078,362,30.6022,87,1.4177,0.029,0.221,0.06133,262144,16,0
maskappliedISO8bit_flucol594_kpcclusters_800nm_poc0_60745_20x_g55_1_MMStack_Pos0_t16_s24,24,97.16871626,60.77510323,0.909840903,5.519736774,107.815,50.0495,0.92582,5.41205,310.0,310.0,57.95662384,31.63682345,0.065402848,1.028969923,48.0,48.0,13165,17.9123,10781,373,28.9035,82,1.4098,0.0236,0.1855,0.09783,262144,16,0
maskappliedISO8bit_flucol594_kpcclusters_800nm_poc0_60745_20x_g55_1_MMStack_Pos0_t16_s25,25,99.01898806,60.61398209,0.910106119,5.426542985,106.7,49.232,0.92567,5.3346,335.0,335.0,57.74260686,32.79664922,0.063694601,0.938968134,50.0,50.0,13338,17.654,11005,385,28.5844,95,1.4138,0.0276,0.179,0.09059,262144,16,0
maskappliedISO8bit_flucol594_kpcclusters_800nm_poc0_60745_20x_g55_1_MMStack_Pos0_t16_s26,26,91.42750508,61.47699016,0.90584459,5.437166557,95.572,49.493,0.92671,5.337,305.0,305.0,58.94991195,35.41357426,0.076009197,1.066675448,52.0,52.0,13192,17.8715,10875,352,30.8949,105,1.4108,0.0255,0.1776,0.08249,262144,16,0
maskappliedISO8bit_flucol594_kpcclusters_800nm_poc0_60745_20x_g55_1_MMStack_Pos0_t16_s27,27,98.08108099,64.13596026,0.911041026,5.46076755,106.575,54.2805,0.92796,5.3436,302.0,302.0,57.27432684,34.6536911,0.062204044,1.056826223,54.0,54.0,13531,17.3737,11168,389,28.7095,99,1.4178,0.0249,0.1897,0.09754,262144,16,0
maskappliedISO8bit_flucol594_kpcclusters_800nm_poc0_60745_20x_g55_1_MMStack_Pos0_t16_s28,28,99.64036768,61.81655556,0.91437346,5.479410476,110.56,51.977,0.93251,5.2922,315.0,315.0,58.63631871,31.77198071,0.0679347,1.049868511,56.0,56.0,14280,16.3575,11752,420,27.981,87,1.435,0.0267,0.2623,0.1121,262144,16,0
maskappliedISO8bit_flucol594_kpcclusters_800nm_poc0_60745_20x_g55_1_MMStack_Pos0_t16_s3,3,96.58215705,54.50089342,0.906007429,5.531419122,106.19,45.592,0.92853,5.3891,319.0,319.0,54.7003714,24.57931152,0.073879822,1.07847823,6.0,6.0,12372,19.1886,10139,414,24.4903,64,1.3982,0.0247,0.1441,0.08584,262144,16,0
maskappliedISO8bit_flucol594_kpcclusters_800nm_poc0_60745_20x_g55_1_MMStack_Pos0_t16_s4,4,100.0261953,55.96721944,0.905691599,5.428296865,113.09,47.607,0.92492,5.3641,319.0,319.0,55.90062674,26.55645584,0.072209198,0.986368003,8.0,8.0,13028,18.1217,10509,394,26.6726,82,1.4134,0.0315,0.1708,0.1291,262144,16,0
maskappliedISO8bit_flucol594_kpcclusters_800nm_poc0_60745_20x_g55_1_MMStack_Pos0_t16_s5,5,101.7575313,58.25973585,0.907547799,5.453125157,109.435,47.6325,0.921365,5.3542,318.0,318.0,53.81997388,29.45784734,0.064294245,1.042448995,10.0,10.0,12347,19.2315,10002,395,25.3215,81,1.3963,0.0311,0.1963,0.09504,262144,16,0
maskappliedISO8bit_flucol594_kpcclusters_800nm_poc0_60745_20x_g55_1_MMStack_Pos0_t16_s6,6,98.70476549,59.29394006,0.905530315,5.626746372,105.95,48.48,0.92902,5.5225,317.0,317.0,53.40315162,29.79151391,0.081112361,1.046284353,12.0,12.0,11988,19.8673,9799,371,26.4124,73,1.3872,0.0271,0.2081,0.09693,262144,16,0
maskappliedISO8bit_flucol594_kpcclusters_800nm_poc0_60745_20x_g55_1_MMStack_Pos0_t16_s7,7,102.4947485,56.77670336,0.905074465,5.628733945,109.77,47.5,0.92803,5.5162,327.0,327.0,53.70942129,27.89551501,0.075537478,1.075254978,14.0,14.0,11828,20.1631,9605,338,28.4172,67,1.387,0.0247,0.2257,0.09185,262144,16,0
maskappliedISO8bit_flucol594_kpcclusters_800nm_poc0_60745_20x_g55_1_MMStack_Pos0_t16_s8,8,95.91106716,56.99048265,0.911257003,5.567330284,105.64,47.238,0.92911,5.4849,317.0,317.0,55.7467492,27.21564735,0.063755412,1.024837933,16.0,16.0,13210,17.8444,10714,393,27.2621,83,1.4141,0.0248,0.2618,0.09066,262144,16,0
maskappliedISO8bit_flucol594_kpcclusters_800nm_poc0_60745_20x_g55_1_MMStack_Pos0_t16_s9,9,97.228941,56.44321581,0.902395076,5.658786626,101.55,48.959,0.9227,5.5162,329.0,329.0,54.10107401,25.46667711,0.076805698,1.039761139,18.0,18.0,13259,17.7711,10965,423,25.922,89,1.4182,0.0261,0.2889,0.08452,262144,16,0
maskappliedISO8bit_flucol594_kpcclusters_800nm_poc0_60745_20x_g55_1_MMStack_Pos0_t17_s1,1,95.90577257,57.65893056,0.903079549,5.715939236,103.12,48.248,0.921615,5.5762,288.0,288.0,57.37750627,29.45196006,0.070056558,1.109844456,2.0,2.0,12018,19.8127,9684,362,26.7514,74,1.3856,0.0263,0.1078,0.08329,262144,17,0
maskappliedISO8bit_flucol594_kpcclusters_800nm_poc0_60745_20x_g55_1_MMStack_Pos0_t17_s10,10,100.8957059,56.29755294,0.910710206,5.726528235,113.95,47.1735,0.926525,5.55895,340.0,340.0,54.85617532,28.95843271,0.061830428,1.10327458,20.0,20.0,12821,18.4465,10526,409,25.7359,81,1.4112,0.0218,0.2945,0.1032,262144,17,0
maskappliedISO8bit_flucol594_kpcclusters_800nm_poc0_60745_20x_g55_1_MMStack_Pos0_t17_s11,11,92.46677723,60.6630396,0.900152508,5.804760066,99.058,50.387,0.91833,5.6657,303.0,303.0,55.00022466,30.3295582,0.074820287,1.080039164,22.0,22.0,13227,17.8189,10864,425,25.5624,88,1.4191,0.0239,0.3157,0.09268,262144,17,0
maskappliedISO8bit_flucol594_kpcclusters_800nm_poc0_60745_20x_g55_1_MMStack_Pos0_t17_s12,12,98.77318754,58.28191909,0.90511301,5.688471845,108.82,49.139,0.92207,5.566,309.0,309.0,56.1330531,28.12562429,0.066262612,1.127734258,24.0,24.0,13405,17.5558,10928,426,25.6526,90,1.4207,0.0227,0.3495,0.09616,262144,17,0
maskappliedISO8bit_flucol594_kpcclusters_800nm_poc0_60745_20x_g55_1_MMStack_Pos0_t17_s13,13,100.327092,59.0093038,0.901433639,5.638578797,104.595,50.4635,0.91895,5.4768,316.0,316.0,57.19097697,27.84365966,0.07259077,1.055043144,26.0,26.0,13780,17.0236,11299,426,26.5235,84,1.4254,0.0286,0.3795,0.08648,262144,17,0
maskappliedISO8bit_flucol594_kpcclusters_800nm_poc0_60745_20x_g55_1_MMStack_Pos0_t17_s14,14,97.35759659,57.52467802,0.903556625,5.869779876,105.78,48.622,0.92468,5.6585,323.0,323.0,55.24591533,26.87021637,0.07178145,1.221655769,28.0,28.0,13771,17.036,11444,432,26.4907,79,1.4281,0.0239,0.3863,0.1072,262144,17,0
maskappliedISO8bit_flucol594_kpcclusters_800nm_poc0_60745_20x_g55_1_MMStack_Pos0_t17_s15,15,104.5618261,60.63914706,0.910945915,5.80205817,109.65,50.928,0.929625,5.63665,306.0,306.0,53.01841618,29.76918928,0.062977964,1.171179371,30.0,30.0,14146,16.5314,11557,448,25.7969,99,1.4307,0.023,0.3853,0.1276,262144,17,0
maskappliedISO8bit_flucol594_kpcclusters_800nm_poc0_60745_20x_g55_1_MMStack_Pos0_t17_s16,16,105.1613853,57.1275376,0.907863008,5.719109471,115.3,49.018,0.92604,5.6087,359.0,359.0,56.03092546,28.05627237,0.068301216,1.032965771,32.0,32.0,14648,15.8963,11839,433,27.3418,106,1.4449,0.0232,0.3912,0.09875,262144,17,0
maskappliedISO8bit_flucol594_kpcclusters_800nm_poc0_60745_20x_g55_1_MMStack_Pos0_t17_s17,17,103.4253544,58.91901201,0.899332312,5.625030931,115.2,49.918,0.92582,5.4994,333.0,333.0,56.0042292,28.05660848,0.08869509,1.019845498,34.0,34.0,14263,16.3794,11814,447,26.4295,99,1.4332,0.0235,0.3903,0.1057,262144,17,0
maskappliedISO8bit_flucol594_kpcclusters_800nm_poc0_60745_20x_g55_1_MMStack_Pos0_t17_s18,18,105.9111105,59.87817901,0.901049475,5.618338889,118.485,48.949,0.921955,5.44615,324.0,324.0,53.83626816,30.68278034,0.077700083,1.060572909,36.0,36.0,14280,16.3575,11712,462,25.3506,84,1.4369,0.0237,0.3872,0.09935,262144,17,0
maskappliedISO8bit_flucol594_kpcclusters_800nm_poc0_60745_20x_g55_1_MMStack_Pos0_t17_s19,19,106.4065007,60.28571605,0.910085,5.605225926,123.165,49.79,0.92353,5.50305,324.0,324.0,58.27315117,30.8022855,0.064359143,1.039167796,38.0,38.0,14000,16.7246,11438,480,23.8292,91,1.4285,0.026,0.3689,0.1211,262144,17,0
maskappliedISO8bit_flucol594_kpcclusters_800nm_poc0_60745_20x_g55_1_MMStack_Pos0_t17_s2,2,94.7269646,58.49371821,0.903227423,5.649216151,104.93,51.431,0.91484,5.4986,291.0,291.0,55.18975469,26.89294183,0.059613515,1.024301342,4.0,4.0,11842,20.1369,9684,364,26.6044,74,1.3814,0.021,0.1147,0.07652,262144,17,0
maskappliedISO8bit_flucol594_kpcclusters_800nm_poc0_60745_20x_g55_1_MMStack_Pos0_t17_s20,20,99.35378946,58.70709036,0.903515301,5.514449699,107.835,49.577,0.927725,5.3896,332.0,332.0,57.6486312,29.04689651,0.077524691,1.062602108,40.0,40.0,14279,16.3588,11793,431,27.3619,95,1.4365,0.0268,0.3261,0.12,262144,17,0
maskappliedISO8bit_flucol594_kpcclusters_800nm_poc0_60745_20x_g55_1_MMStack_Pos0_t17_s21,21,101.0611828,61.1942,0.912866032,5.560490476,110.32,52.811,0.9306,5.4116,315.0,315.0,57.01459817,31.2441605,0.064302273,1.094168924,42.0,42.0,13619,17.2485,11156,417,26.753,85,1.4203,0.0271,0.2907,0.09528,262144,17,0
maskappliedISO8bit_flucol594_kpcclusters_800nm_poc0_60745_20x_g55_1_MMStack_Pos0_t17_s22,22,101.3312984,60.79833974,0.904912212,5.600851282,111.305,53.511,0.91997,5.3635,312.0,312.0,57.32221403,29.67700012,0.072684006,1.074193329,44.0,44.0,13780,17.0236,11275,417,27.0384,98,1.4243,0.0298,0.2608,0.1079,262144,17,0
maskappliedISO8bit_flucol594_kpcclusters_800nm_poc0_60745_20x_g55_1_MMStack_Pos0_t17_s23,23,90.03762406,58.91054688,0.907879812,5.418635937,93.6335,49.0705,0.923885,5.34425,320.0,320.0,57.68779828,32.19014042,0.065224232,1.079975398,46.0,46.0,13588,17.2924,11213,372,30.1425,92,1.424,0.0302,0.2249,0.0484,262144,17,0
maskappliedISO8bit_flucol594_kpcclusters_800nm_poc0_60745_20x_g55_1_MMStack_Pos0_t17_s24,24,96.61868503,61.80359184,0.912433537,5.482379932,107.94,52.5465,0.92692,5.34725,294.0,294.0,58.06887736,33.36473683,0.057500419,1.007119332,48.0,48.0,12921,18.2883,10694,374,28.5936,86,1.4064,0.0249,0.1903,0.09338,262144,17,0
maskappliedISO8bit_flucol594_kpcclusters_800nm_poc0_60745_20x_g55_1_MMStack_Pos0_t17_s25,25,96.71341867,59.67838924,0.915996203,5.40825981,108.035,50.479,0.933325,5.29115,316.0,316.0,59.38937451,27.42399969,0.059753283,0.957105264,50.0,50.0,13442,17.5019,11044,415,26.612,100,1.4191,0.0233,0.1775,0.08798,262144,17,0
maskappliedISO8bit_flucol594_kpcclusters_800nm_poc0_60745_20x_g55_1_MMStack_Pos0_t17_s26,26,94.0991329,60.94579868,0.914604851,5.410541254,100.15,49.854,0.93109,5.2405,303.0,303.0,60.00313596,35.23931442,0.065515422,1.054572457,52.0,52.0,13255,17.7771,10841,365,29.7014,99,1.4169,0.0229,0.178,0.07671,262144,17,0
maskappliedISO8bit_flucol594_kpcclusters_800nm_poc0_60745_20x_g55_1_MMStack_Pos0_t17_s27,27,97.53489246,59.54954192,0.909271108,5.409366168,105.865,50.503,0.92845,5.38645,334.0,334.0,56.20399689,31.08597897,0.07210304,0.949342617,54.0,54.0,13262,17.7666,10981,420,26.1452,93,1.4136,0.0271,0.1833,0.09857,262144,17,0
maskappliedISO8bit_flucol594_kpcclusters_800nm_poc0_60745_20x_g55_1_MMStack_Pos0_t17_s28,28,100.1595898,62.00290712,0.92018452,5.450818885,111.34,49.562,0.93336,5.3367,323.0,323.0,55.72934536,37.88710207,0.050951352,1.057938039,56.0,56.0,14370,16.2425,11801,384,30.7318,98,1.4347,0.0266,0.2486,0.1272,262144,17,0
maskappliedISO8bit_flucol594_kpcclusters_800nm_poc0_60745_20x_g55_1_MMStack_Pos0_t17_s3,3,100.130851,57.1939106,0.907813709,5.589488079,108.43,48.432,0.927645,5.43815,302.0,302.0,54.84652417,27.69135633,0.069748286,1.106134955,6.0,6.0,12521,18.9364,10182,381,26.7244,84,1.3956,0.0279,0.1377,0.08424,262144,17,0
maskappliedISO8bit_flucol594_kpcclusters_800nm_poc0_60745_20x_g55_1_MMStack_Pos0_t17_s4,4,104.062183,55.12796678,0.912496013,5.567184385,115.43,48.428,0.92317,5.4394,301.0,301.0,53.19630732,23.54804014,0.057364665,1.028125943,8.0,8.0,12803,18.4753,10345,407,25.4177,78,1.406,0.028,0.1631,0.1126,262144,17,0
maskappliedISO8bit_flucol594_kpcclusters_800nm_poc0_60745_20x_g55_1_MMStack_Pos0_t17_s5,5,102.7823158,54.07501515,0.916242939,5.472929394,110.665,46.487,0.92782,5.35375,330.0,330.0,52.81400287,24.74206022,0.05275574,1.024562618,10.0,10.0,12734,18.5862,10309,395,26.0987,87,1.4059,0.0256,0.1889,0.123,262144,17,0
maskappliedISO8bit_flucol594_kpcclusters_800nm_poc0_60745_20x_g55_1_MMStack_Pos0_t17_s6,6,103.2390665,56.78444156,0.904386981,5.647662662,115.375,47.531,0.92268,5.57045,308.0,308.0,54.12640569,28.76816755,0.06968322,1.046109917,12.0,12.0,12192,19.5014,9941,391,25.4246,69,1.3931,0.0271,0.2037,0.1194,262144,17,0
maskappliedISO8bit_flucol594_kpcclusters_800nm_poc0_60745_20x_g55_1_MMStack_Pos0_t17_s7,7,98.20801049,56.65792484,0.907821307,5.597948693,107.17,48.2465,0.926915,5.5068,306.0,306.0,54.66296817,26.66223038,0.065295415,0.999473327,14.0,14.0,12163,19.5527,10022,360,27.8389,81,1.3983,0.026,0.2228,0.09025,262144,17,0
maskappliedISO8bit_flucol594_kpcclusters_800nm_poc0_60745_20x_g55_1_MMStack_Pos0_t17_s8,8,102.8451141,55.08681115,0.913274087,5.673240557,112.38,47.603,0.9265,5.5426,323.0,323.0,54.18891251,24.67816408,0.058443021,1.025161891,16.0,16.0,12706,18.6316,10372,373,27.807,77,1.4041,0.0252,0.2563,0.09488,262144,17,0
maskappliedISO8bit_flucol594_kpcclusters_800nm_poc0_60745_20x_g55_1_MMStack_Pos0_t17_s9,9,102.9507066,59.30360127,0.907895633,5.671105063,110.985,50.313,0.92371,5.51195,316.0,316.0,54.21413284,30.43727741,0.060234856,1.077865312,18.0,18.0,13578,17.3066,11113,406,27.3719,88,1.424,0.0291,0.283,0.09749,262144,17,0
maskappliedISO8bit_flucol594_kpcclusters_800nm_poc0_60745_20x_g55_1_MMStack_Pos0_t18_s1,1,94.99482804,54.97334743,0.91248861,5.623123867,102.38,48.053,0.92942,5.5388,331.0,331.0,56.46800347,25.96795123,0.071880903,0.953540009,2.0,2.0,12142,19.5899,9770,367,26.6213,66,1.3898,0.0269,0.11,0.0857,262144,18,0
maskappliedISO8bit_flucol594_kpcclusters_800nm_poc0_60745_20x_g55_1_MMStack_Pos0_t18_s10,10,99.89969371,56.58599701,0.911460299,5.625379641,108.18,46.6345,0.92907,5.4977,334.0,334.0,54.91178526,27.17231206,0.064316708,1.076190122,20.0,20.0,12804,18.4737,10530,406,25.936,79,1.4066,0.0286,0.2997,0.08147,262144,18,0
maskappliedISO8bit_flucol594_kpcclusters_800nm_poc0_60745_20x_g55_1_MMStack_Pos0_t18_s11,11,100.727943,59.5549172,0.912593726,5.735661146,110.79,49.2435,0.92414,5.55965,314.0,314.0,54.87723873,31.245744,0.055151578,1.193842705,22.0,22.0,13537,17.3651,11003,393,27.9975,99,1.4252,0.0232,0.3154,0.08495,262144,18,0
maskappliedISO8bit_flucol594_kpcclusters_800nm_poc0_60745_20x_g55_1_MMStack_Pos0_t18_s12,12,97.53984631,57.45187988,0.910872402,5.729789489,103.57,47.756,0.92804,5.634,333.0,333.0,55.09193511,28.18087464,0.072176073,1.091685197,24.0,24.0,13581,17.3023,11143,401,27.788,103,1.4205,0.0201,0.3457,0.08262,262144,18,0
maskappliedISO8bit_flucol594_kpcclusters_800nm_poc0_60745_20x_g55_1_MMStack_Pos0_t18_s13,13,97.24609846,58.34804938,0.90156429,5.650830864,107.085,47.39,0.921815,5.53095,324.0,324.0,55.62636431,29.42951254,0.081038634,1.060926831,26.0,26.0,14139,16.5406,11642,425,27.3929,100,1.4332,0.0267,0.3732,0.07156,262144,18,0
maskappliedISO8bit_flucol594_kpcclusters_800nm_poc0_60745_20x_g55_1_MMStack_Pos0_t18_s14,14,97.91150343,58.94218541,0.901750851,5.798931003,105.11,51.016,0.92098,5.6752,329.0,329.0,55.33445146,26.99543491,0.067222132,1.113146858,28.0,28.0,13565,17.3251,11213,409,27.4156,107,1.4232,0.0279,0.3807,0.1168,262144,18,0
maskappliedISO8bit_flucol594_kpcclusters_800nm_poc0_60745_20x_g55_1_MMStack_Pos0_t18_s15,15,105.0947194,59.18782154,0.902459723,5.837024923,112.89,47.066,0.91791,5.6542,325.0,325.0,53.03372467,32.25507858,0.070964089,1.210010518,30.0,30.0,14107,16.5826,11496,456,25.2105,85,1.4342,0.025,0.3846,0.1333,262144,18,0
maskappliedISO8bit_flucol594_kpcclusters_800nm_poc0_60745_20x_g55_1_MMStack_Pos0_t18_s16,16,104.2785051,61.40675529,0.9051571,5.587557402,116.92,53.23,0.92814,5.4707,331.0,331.0,56.92956826,30.92099265,0.073568203,0.985005599,32.0,32.0,14661,15.8804,11833,445,26.591,111,1.4443,0.022,0.3883,0.09494,262144,18,0
maskappliedISO8bit_flucol594_kpcclusters_800nm_poc0_60745_20x_g55_1_MMStack_Pos0_t18_s17,17,102.6972326,59.22650774,0.906863777,5.688506192,115.25,49.163,0.91635,5.5189,323.0,323.0,56.55935249,28.98793362,0.06033684,1.144640504,34.0,34.0,14219,16.4362,11644,440,26.4636,97,1.4343,0.0232,0.3813,0.1144,262144,18,0
maskappliedISO8bit_flucol594_kpcclusters_800nm_poc0_60745_20x_g55_1_MMStack_Pos0_t18_s18,18,99.65225613,59.72422393,0.90797092,5.593217178,114.315,49.288,0.925445,5.5323,326.0,326.0,57.50487248,32.70852753,0.065150252,0.972614721,36.0,36.0,14354,16.2628,11743,458,25.6397,90,1.4373,0.0228,0.3789,0.09751,262144,18,0
maskappliedISO8bit_flucol594_kpcclusters_800nm_poc0_60745_20x_g55_1_MMStack_Pos0_t18_s19,19,105.8267004,59.8364184,0.907122671,5.580654599,122.47,47.524,0.92644,5.4392,337.0,337.0,54.70392332,33.98207217,0.072357328,1.156628991,38.0,38.0,13431,17.5179,11110,457,24.3107,85,1.4214,0.0265,0.3569,0.1151,262144,18,0
maskappliedISO8bit_flucol594_kpcclusters_800nm_poc0_60745_20x_g55_1_MMStack_Pos0_t18_s2,2,96.76977373,54.36576266,0.906500886,5.634286392,103.735,45.186,0.91843,5.5135,316.0,316.0,55.61150053,26.98783479,0.063746574,1.061500862,4.0,4.0,11807,20.2025,9529,365,26.1068,68,1.3817,0.0271,0.1149,0.07587,262144,18,0
maskappliedISO8bit_flucol594_kpcclusters_800nm_poc0_60745_20x_g55_1_MMStack_Pos0_t18_s20,20,96.17729712,60.12036859,0.901903269,5.472411859,104.17,50.262,0.918245,5.27565,312.0,312.0,57.57842456,33.17233411,0.075235342,0.983099726,40.0,40.0,13998,16.7273,11584,407,28.4619,93,1.432,0.0265,0.3122,0.1294,262144,18,0
maskappliedISO8bit_flucol594_kpcclusters_800nm_poc0_60745_20x_g55_1_MMStack_Pos0_t18_s21,21,100.3290951,59.82970062,0.902355895,5.52305679,112.715,48.807,0.92434,5.3464,324.0,324.0,56.56037963,30.8689056,0.071564098,1.10130915,42.0,42.0,13607,17.2654,11150,413,26.9976,92,1.4176,0.0262,0.2799,0.09694,262144,18,0
maskappliedISO8bit_flucol594_kpcclusters_800nm_poc0_60745_20x_g55_1_MMStack_Pos0_t18_s22,22,94.88451061,60.83336656,0.905819518,5.494266559,107.35,50.301,0.92547,5.3377,311.0,311.0,58.7259523,33.29862773,0.072913611,1.063003849,44.0,44.0,13630,17.2329,11187,375,29.832,81,1.4197,0.0268,0.2563,0.09289,262144,18,0
maskappliedISO8bit_flucol594_kpcclusters_800nm_poc0_60745_20x_g55_1_MMStack_Pos0_t18_s23,23,90.14985044,57.96402804,0.913032056,5.481111526,95.44,49.023,0.92911,5.2464,321.0,321.0,56.65234427,27.62290584,0.064871509,1.049611863,46.0,46.0,13844,16.9356,11342,382,29.6911,93,1.4262,0.0265,0.2191,0.05621,262144,18,0
maskappliedISO8bit_flucol594_kpcclusters_800nm_poc0_60745_20x_g55_1_MMStack_Pos0_t18_s24,24,97.38777587,61.16189109,0.906085677,5.443964026,106.39,50.056,0.92498,5.3124,303.0,303.0,56.71434735,33.0513679,0.066708871,1.057191335,48.0,48.0,13154,17.9289,10777,369,29.206,84,1.4099,0.0202,0.1862,0.0847,262144,18,0
maskappliedISO8bit_flucol594_kpcclusters_800nm_poc0_60745_20x_g55_1_MMStack_Pos0_t18_s25,25,95.35575966,60.75768125,0.9034675,5.31945,106.42,49.868,0.92492,5.19925,320.0,320.0,59.48089437,31.98251664,0.07837342,0.930522665,50.0,50.0,12915,18.2977,10626,381,27.8898,85,1.4082,0.0264,0.176,0.08353,262144,18,0
maskappliedISO8bit_flucol594_kpcclusters_800nm_poc0_60745_20x_g55_1_MMStack_Pos0_t18_s26,26,92.45464815,58.01973529,0.907680647,5.444650882,100.32,47.953,0.92896,5.2777,340.0,340.0,58.41037847,29.33042267,0.071019698,1.119923128,52.0,52.0,13055,18.08,10690,378,28.2804,98,1.4067,0.0223,0.1758,0.0699,262144,18,0
maskappliedISO8bit_flucol594_kpcclusters_800nm_poc0_60745_20x_g55_1_MMStack_Pos0_t18_s27,27,97.3779206,63.82447841,0.914782757,5.555512957,105.59,51.112,0.93048,5.47,301.0,301.0,57.72591008,37.31072008,0.056414384,1.068551248,54.0,54.0,13454,17.4845,11149,383,29.1097,109,1.417,0.0251,0.1796,0.09061,262144,18,0
maskappliedISO8bit_flucol594_kpcclusters_800nm_poc0_60745_20x_g55_1_MMStack_Pos0_t18_s28,28,99.7029633,64.38766997,0.916319538,5.415191749,111.16,53.883,0.93304,5.2321,303.0,303.0,58.3484315,33.29817461,0.061676636,1.00315614,56.0,56.0,14195,16.4674,11740,365,32.1644,109,1.4313,0.0293,0.2412,0.1205,262144,18,0
maskappliedISO8bit_flucol594_kpcclusters_800nm_poc0_60745_20x_g55_1_MMStack_Pos0_t18_s3,3,95.75372769,55.86958632,0.907685635,5.566163192,104.74,49.227,0.92233,5.4831,307.0,307.0,56.64161513,22.86799468,0.060199913,0.969608586,6.0,6.0,11991,19.8618,9803,400,24.5075,63,1.387,0.0246,0.14,0.08312,262144,18,0
maskappliedISO8bit_flucol594_kpcclusters_800nm_poc0_60745_20x_g55_1_MMStack_Pos0_t18_s4,4,98.80827226,56.60156051,0.910478408,5.485961783,111.07,47.9635,0.922745,5.36625,314.0,314.0,55.43821243,26.402229,0.058129922,0.97613718,8.0,8.0,12965,18.2194,10509,414,25.3841,69,1.4075,0.0285,0.1668,0.1044,262144,18,0
maskappliedISO8bit_flucol594_kpcclusters_800nm_poc0_60745_20x_g55_1_MMStack_Pos0_t18_s5,5,103.7800534,56.93632215,0.907872315,5.547333221,116.17,47.017,0.924655,5.3849,298.0,298.0,54.29004165,28.9990433,0.072844006,0.955319606,10.0,10.0,12476,19.0119,10035,402,24.9627,78,1.4,0.0277,0.1923,0.1274,262144,18,0
maskappliedISO8bit_flucol594_kpcclusters_800nm_poc0_60745_20x_g55_1_MMStack_Pos0_t18_s6,6,105.2124627,55.88361682,0.910433489,5.564101246,114.15,46.519,0.92468,5.4149,321.0,321.0,51.11833071,29.12894474,0.067458701,1.046877379,12.0,12.0,12321,19.2763,10039,373,26.9142,79,1.3946,0.0255,0.2071,0.1112,262144,18,0
maskappliedISO8bit_flucol594_kpcclusters_800nm_poc0_60745_20x_g55_1_MMStack_Pos0_t18_s7,7,98.55096301,56.39664263,0.907572633,5.629868966,104.59,50.151,0.92556,5.5712,319.0,319.0,54.49761882,24.41281687,0.067083913,1.058564758,14.0,14.0,12001,19.8436,9841,374,26.3128,76,1.3917,0.0246,0.2269,0.1003,262144,18,0
maskappliedISO8bit_flucol594_kpcclusters_800nm_poc0_60745_20x_g55_1_MMStack_Pos0_t18_s8,8,102.3249993,58.10697368,0.902778618,5.646230592,110.405,50.2575,0.921915,5.51775,304.0,304.0,54.58515006,24.64249301,0.082173758,1.019381153,16.0,16.0,12753,18.5556,10397,356,29.2051,74,1.4014,0.024,0.2622,0.1018,262144,18,0
maskappliedISO8bit_flucol594_kpcclusters_800nm_poc0_60745_20x_g55_1_MMStack_Pos0_t18_s9,9,99.95044094,55.87576875,0.906359219,5.690048125,113.23,47.3345,0.923025,5.5322,320.0,320.0,56.83085919,26.03169954,0.072047664,1.086170295,18.0,18.0,13291,17.7235,10925,426,25.6455,84,1.4175,0.0284,0.2876,0.07904,262144,18,0
maskappliedISO8bit_flucol594_kpcclusters_800nm_poc0_60745_20x_g55_1_MMStack_Pos0_t19_s1,1,94.8043559,56.149875,0.908624199,5.650904167,100.875,48.141,0.92604,5.5413,312.0,312.0,55.66767153,28.02085752,0.065669524,1.041011624,2.0,2.0,11889,20.0494,9711,354,27.4322,83,1.3841,0.0261,0.1044,0.08898,262144,19,0
maskappliedISO8bit_flucol594_kpcclusters_800nm_poc0_60745_20x_g55_1_MMStack_Pos0_t19_s10,10,102.6708144,59.00360606,0.903935515,5.678728182,111.385,50.2235,0.92727,5.5601,330.0,330.0,53.47510193,30.74224058,0.077467299,1.036789705,20.0,20.0,12604,18.7986,10289,411,25.0341,64,1.4048,0.0291,0.2934,0.08411,262144,19,0
maskappliedISO8bit_flucol594_kpcclusters_800nm_poc0_60745_20x_g55_1_MMStack_Pos0_t19_s11,11,101.3943009,58.88935127,0.907621677,5.701550633,110.42,49.374,0.926345,5.48105,316.0,316.0,55.79450029,32.96973754,0.070936526,1.135202446,22.0,22.0,12918,18.293,10542,407,25.9017,76,1.4123,0.0227,0.3089,0.09138,262144,19,0
maskappliedISO8bit_flucol594_kpcclusters_800nm_poc0_60745_20x_g55_1_MMStack_Pos0_t19_s12,12,102.4871292,58.07596845,0.915282555,5.828258991,110.77,50.028,0.92894,5.6973,317.0,317.0,54.7405255,28.96585863,0.059179493,1.188385748,24.0,24.0,13685,17.1556,11194,417,26.8441,91,1.4232,0.0313,0.3368,0.08492,262144,19,0
maskappliedISO8bit_flucol594_kpcclusters_800nm_poc0_60745_20x_g55_1_MMStack_Pos0_t19_s13,13,101.7082396,60.11146855,0.908766604,5.773233333,112.955,52.0075,0.929225,5.7199,318.0,318.0,55.20308612,29.06768894,0.066513227,1.051364716,26.0,26.0,13659,17.1921,11214,445,25.2,98,1.4267,0.0257,0.3644,0.07791,262144,19,0
maskappliedISO8bit_flucol594_kpcclusters_800nm_poc0_60745_20x_g55_1_MMStack_Pos0_t19_s14,14,97.44562299,59.66295779,0.907248539,5.849347403,104.565,49.177,0.92561,5.63875,308.0,308.0,54.10325315,31.77936133,0.078306699,1.209403477,28.0,28.0,13694,17.1431,11328,451,25.1175,85,1.4255,0.0244,0.3716,0.1048,262144,19,0
maskappliedISO8bit_flucol594_kpcclusters_800nm_poc0_60745_20x_g55_1_MMStack_Pos0_t19_s15,15,102.7724715,59.64609969,0.901879813,5.859603115,111.8,50.777,0.91695,5.6973,321.0,321.0,54.86677758,30.94686971,0.072643646,1.183167254,30.0,30.0,13935,16.812,11311,450,25.1356,91,1.4236,0.0215,0.3733,0.1318,262144,19,0
maskappliedISO8bit_flucol594_kpcclusters_800nm_poc0_60745_20x_g55_1_MMStack_Pos0_t19_s16,16,101.4307857,62.78796711,0.904802599,5.72510625,110.62,51.9235,0.9192,5.55495,304.0,304.0,56.62060885,32.74874519,0.068427468,1.082173488,32.0,32.0,14295,16.3382,11629,446,26.074,84,1.4398,0.0287,0.3799,0.1007,262144,19,0
maskappliedISO8bit_flucol594_kpcclusters_800nm_poc0_60745_20x_g55_1_MMStack_Pos0_t19_s17,17,98.98086795,59.32091098,0.906371484,5.592591691,105.67,50.786,0.92264,5.4808,337.0,337.0,55.94981304,30.08163521,0.073348238,1.129938908,34.0,34.0,14237,16.4129,11710,439,26.6743,99,1.432,0.0246,0.3791,0.1025,262144,19,0
maskappliedISO8bit_flucol594_kpcclusters_800nm_poc0_60745_20x_g55_1_MMStack_Pos0_t19_s18,18,104.006625,61.45164687,0.903982906,5.651976563,114.49,49.501,0.92416,5.56855,320.0,320.0,56.84847498,31.07298438,0.071521413,1.011883198,36.0,36.0,13765,17.0443,11301,462,24.461,82,1.426,0.0272,0.3738,0.08356,262144,19,0
maskappliedISO8bit_flucol594_kpcclusters_800nm_poc0_60745_20x_g55_1_MMStack_Pos0_t19_s19,19,100.3557108,61.83998784,0.907647812,5.493729787,108.43,50.594,0.92743,5.3333,329.0,329.0,57.08025864,35.39866691,0.073248698,1.001838242,38.0,38.0,14431,16.1654,11896,461,25.8048,104,1.4363,0.0268,0.3576,0.122,262144,19,0
maskappliedISO8bit_flucol594_kpcclusters_800nm_poc0_60745_20x_g55_1_MMStack_Pos0_t19_s2,2,99.37826177,56.60696587,0.903709181,5.590605802,106.62,47.952,0.92148,5.5249,293.0,293.0,55.79198391,25.48745698,0.070009598,0.944983931,4.0,4.0,11947,19.9423,9672,336,28.7857,74,1.384,0.0222,0.1097,0.09227,262144,19,0
maskappliedISO8bit_flucol594_kpcclusters_800nm_poc0_60745_20x_g55_1_MMStack_Pos0_t19_s20,20,105.2381754,60.94074455,0.911829159,5.528133333,119.25,51.25,0.92856,5.4439,321.0,321.0,56.09858685,31.77858929,0.063416066,1.005714602,40.0,40.0,13935,16.812,11584,424,27.3208,85,1.4317,0.0233,0.3145,0.13,262144,19,0
maskappliedISO8bit_flucol594_kpcclusters_800nm_poc0_60745_20x_g55_1_MMStack_Pos0_t19_s21,21,101.0028521,62.26902295,0.90301518,5.57303377,114.57,51.283,0.92233,5.4613,305.0,305.0,57.17129715,34.78785567,0.073458022,1.019778227,42.0,42.0,13765,17.0443,11333,380,29.8237,87,1.424,0.0235,0.2804,0.09585,262144,19,0
maskappliedISO8bit_flucol594_kpcclusters_800nm_poc0_60745_20x_g55_1_MMStack_Pos0_t19_s22,22,94.39526963,58.88342638,0.901745675,5.415561963,106.68,49.1565,0.920745,5.19655,326.0,326.0,57.37755355,29.87857433,0.07063781,1.022645733,44.0,44.0,13783,17.0194,11403,391,29.1637,110,1.4234,0.0254,0.2546,0.1075,262144,19,0
maskappliedISO8bit_flucol594_kpcclusters_800nm_poc0_60745_20x_g55_1_MMStack_Pos0_t19_s23,23,86.32623895,59.14763175,0.908930603,5.417802222,84.806,50.649,0.92782,5.3031,315.0,315.0,57.64483507,28.04747287,0.069583735,1.053418277,46.0,46.0,13546,17.3522,11125,374,29.746,103,1.4194,0.0275,0.2191,0.05063,262144,19,0
maskappliedISO8bit_flucol594_kpcclusters_800nm_poc0_60745_20x_g55_1_MMStack_Pos0_t19_s24,24,96.0603395,58.5931118,0.911417857,5.528811801,107.4,49.3325,0.925165,5.3643,322.0,322.0,57.27462746,31.73716649,0.059286288,1.068725581,48.0,48.0,13117,17.9851,10837,374,28.9759,60,1.4103,0.0214,0.1868,0.08321,262144,19,0
maskappliedISO8bit_flucol594_kpcclusters_800nm_poc0_60745_20x_g55_1_MMStack_Pos0_t19_s25,25,94.79857348,61.91488924,0.914318892,5.408719937,104.75,51.3485,0.92925,5.2763,316.0,316.0,58.01415967,33.85074754,0.06500925,0.979847787,50.0,50.0,13086,18.0325,10729,385,27.8675,103,1.411,0.024,0.1754,0.08484,262144,19,0
maskappliedISO8bit_flucol594_kpcclusters_800nm_poc0_60745_20x_g55_1_MMStack_Pos0_t19_s26,26,93.69856119,58.13944514,0.908225705,5.448448903,101.63,48.234,0.92908,5.3136,319.0,319.0,59.7606738,30.32444668,0.074421518,1.079923843,52.0,52.0,13377,17.5967,10955,354,30.9463,107,1.4137,0.0267,0.1748,0.08147,262144,19,0
maskappliedISO8bit_flucol594_kpcclusters_800nm_poc0_60745_20x_g55_1_MMStack_Pos0_t19_s27,27,96.51897571,58.86701893,0.916646246,5.564941325,105.8,49.536,0.93255,5.4431,317.0,317.0,57.33517789,31.00123315,0.060361219,0.972032387,54.0,54.0,13502,17.4153,11184,366,30.5574,122,1.4198,0.0255,0.1767,0.09652,262144,19,0
maskappliedISO8bit_flucol594_kpcclusters_800nm_poc0_60745_20x_g55_1_MMStack_Pos0_t19_s28,28,96.849955,63.89736333,0.911123433,5.445284667,103.585,53.462,0.93231,5.32895,300.0,300.0,58.20086508,32.28332393,0.06889722,0.999148012,56.0,56.0,14264,16.3781,11727,355,33.0338,94,1.4311,0.0284,0.2384,0.1165,262144,19,0
maskappliedISO8bit_flucol594_kpcclusters_800nm_poc0_60745_20x_g55_1_MMStack_Pos0_t19_s3,3,100.3540917,57.51257914,0.913126799,5.585068345,113.675,49.919,0.9275,5.4449,278.0,278.0,57.43316851,28.93504157,0.056684611,1.073314527,6.0,6.0,11891,20.0457,9635,365,26.3973,69,1.3814,0.0275,0.1335,0.05797,262144,19,0
maskappliedISO8bit_flucol594_kpcclusters_800nm_poc0_60745_20x_g55_1_MMStack_Pos0_t19_s4,4,96.02505616,54.60633537,0.909338994,5.506196037,105.26,46.0745,0.92656,5.45945,328.0,328.0,56.8476465,24.62918036,0.06909008,0.972633449,8.0,8.0,12831,18.4306,10470,413,25.3511,88,1.4034,0.0254,0.1578,0.1023,262144,19,0
maskappliedISO8bit_flucol594_kpcclusters_800nm_poc0_60745_20x_g55_1_MMStack_Pos0_t19_s5,5,103.8014746,56.10298466,0.906271902,5.475019939,117.505,47.0785,0.920955,5.2774,326.0,326.0,53.76337848,26.27834082,0.064270381,1.072929433,10.0,10.0,12548,18.8914,10086,393,25.6641,82,1.3993,0.0245,0.1819,0.104,262144,19,0
maskappliedISO8bit_flucol594_kpcclusters_800nm_poc0_60745_20x_g55_1_MMStack_Pos0_t19_s6,6,103.9256992,59.11557756,0.91043495,5.532841254,112.25,50.396,0.92537,5.3954,303.0,303.0,52.54825241,29.72472569,0.058222817,1.124189075,12.0,12.0,12154,19.5686,9931,371,26.7682,72,1.3934,0.0263,0.1983,0.09915,262144,19,0
maskappliedISO8bit_flucol594_kpcclusters_800nm_poc0_60745_20x_g55_1_MMStack_Pos0_t19_s7,7,101.4713947,58.00605901,0.907000124,5.665254658,107.15,49.2115,0.92725,5.54515,322.0,322.0,53.90482585,28.01733006,0.075315521,1.089274734,14.0,14.0,12101,19.6631,9966,355,28.0732,77,1.3951,0.0238,0.2177,0.08438,262144,19,0
maskappliedISO8bit_flucol594_kpcclusters_800nm_poc0_60745_20x_g55_1_MMStack_Pos0_t19_s8,8,101.2871719,55.68512353,0.907217029,5.610932647,110.69,47.5055,0.924695,5.47545,340.0,340.0,54.91976502,26.87581554,0.074519683,1.085995488,16.0,16.0,12595,18.8134,10301,377,27.3236,70,1.3976,0.0218,0.2488,0.1135,262144,19,0
maskappliedISO8bit_flucol594_kpcclusters_800nm_poc0_60745_20x_g55_1_MMStack_Pos0_t19_s9,9,97.74221538,58.25886154,0.901191354,5.665546769,105.38,49.791,0.92151,5.5786,325.0,325.0,55.28400306,26.87726539,0.077195764,1.031513795,18.0,18.0,13310,17.6953,10980,400,27.45,97,1.4166,0.0254,0.2772,0.0869,262144,19,0
maskappliedISO8bit_flucol594_kpcclusters_800nm_poc0_60745_20x_g55_1_MMStack_Pos0_t1_s1,1,102.5108582,55.53970126,0.906091069,5.580398113,109.34,47.262,0.92609,5.48745,318.0,318.0,53.81061351,25.67394423,0.072573524,1.077277719,2.0,2.0,12424,19.0999,10022,371,27.0135,67,1.3975,0.0273,0.1958,0.09772,262144,1,0
maskappliedISO8bit_flucol594_kpcclusters_800nm_poc0_60745_20x_g55_1_MMStack_Pos0_t1_s10,10,110.4018092,58.61734125,0.905758754,5.73357003,124.99,50.475,0.9231,5.5822,337.0,337.0,52.55886098,29.90209402,0.06180689,1.157202634,20.0,20.0,13429,17.5208,10939,394,27.764,102,1.4158,0.0245,0.3568,0.1574,262144,1,0
maskappliedISO8bit_flucol594_kpcclusters_800nm_poc0_60745_20x_g55_1_MMStack_Pos0_t1_s11,11,106.2046877,56.45568116,0.906946638,5.671217681,114.78,48.388,0.91847,5.5478,345.0,345.0,52.9297811,26.80851688,0.063231274,1.161405977,22.0,22.0,13776,17.0291,11211,454,24.6938,98,1.4236,0.0272,0.3582,0.1229,262144,1,0
maskappliedISO8bit_flucol594_kpcclusters_800nm_poc0_60745_20x_g55_1_MMStack_Pos0_t1_s12,12,103.8655111,60.8628918,0.905373443,5.638553115,113.81,52.375,0.92546,5.5212,305.0,305.0,55.58256962,26.66977253,0.069208662,0.996365148,24.0,24.0,14628,15.9208,11847,429,27.6154,107,1.4383,0.0264,0.3807,0.1321,262144,1,0
maskappliedISO8bit_flucol594_kpcclusters_800nm_poc0_60745_20x_g55_1_MMStack_Pos0_t1_s13,13,106.4145533,60.25787879,0.907724727,5.641716364,121.28,50.8675,0.921995,5.5471,330.0,330.0,54.50948519,29.64561602,0.061143511,1.05020025,26.0,26.0,14146,16.5314,11652,428,27.2243,87,1.4306,0.0235,0.3767,0.121,262144,1,0
maskappliedISO8bit_flucol594_kpcclusters_800nm_poc0_60745_20x_g55_1_MMStack_Pos0_t1_s14,14,105.7201764,61.21619811,0.907565409,5.618745912,121.625,49.5535,0.92358,5.4704,318.0,318.0,55.26560996,34.46297195,0.06570569,1.033486355,28.0,28.0,13754,17.0595,11338,432,26.2454,81,1.4227,0.0261,0.3616,0.126,262144,1,0
maskappliedISO8bit_flucol594_kpcclusters_800nm_poc0_60745_20x_g55_1_MMStack_Pos0_t1_s15,15,109.54137,62.13510625,0.911424156,5.464156875,124.185,53.3235,0.924415,5.3717,320.0,320.0,54.23009406,30.97749816,0.058360271,0.943190313,30.0,30.0,13942,16.8025,11444,417,27.4436,115,1.427,0.0256,0.3322,0.1183,262144,1,0
maskappliedISO8bit_flucol594_kpcclusters_800nm_poc0_60745_20x_g55_1_MMStack_Pos0_t1_s16,16,110.193213,60.07185266,0.911258495,5.422434169,123.69,51.449,0.92649,5.2953,319.0,319.0,54.55577792,30.17569635,0.059573964,0.988730484,32.0,32.0,13971,16.7635,11589,406,28.5443,91,1.4315,0.0238,0.2852,0.1362,262144,1,0
maskappliedISO8bit_flucol594_kpcclusters_800nm_poc0_60745_20x_g55_1_MMStack_Pos0_t1_s17,17,102.9453205,61.1862871,0.905090065,5.470019355,114.495,50.4795,0.925055,5.35365,310.0,310.0,57.58615252,32.17154306,0.072930646,1.019803686,34.0,34.0,13642,17.216,11254,386,29.1554,94,1.4239,0.0238,0.2605,0.1153,262144,1,0
maskappliedISO8bit_flucol594_kpcclusters_800nm_poc0_60745_20x_g55_1_MMStack_Pos0_t1_s18,18,100.9637589,59.287,0.90871414,5.451720382,114.67,48.8185,0.929775,5.33205,314.0,314.0,57.23215116,31.710028,0.066414909,1.00140258,36.0,36.0,13752,17.0623,11294,357,31.6359,100,1.4238,0.0269,0.2369,0.115,262144,1,0
maskappliedISO8bit_flucol594_kpcclusters_800nm_poc0_60745_20x_g55_1_MMStack_Pos0_t1_s19,19,93.31252292,62.51940199,0.91094309,5.46395515,100.3,54.188,0.92397,5.3546,301.0,301.0,58.40274715,31.02946167,0.058350897,1.07931981,38.0,38.0,13652,17.2019,11158,322,34.6522,114,1.4191,0.0284,0.2144,0.07428,262144,1,0
maskappliedISO8bit_flucol594_kpcclusters_800nm_poc0_60745_20x_g55_1_MMStack_Pos0_t1_s2,2,105.0563976,59.71834948,0.909265779,5.627983391,114.78,49.783,0.92439,5.4928,289.0,289.0,53.08678873,28.55675318,0.061512056,1.063678857,4.0,4.0,11543,20.7103,9368,349,26.8424,67,1.3808,0.0248,0.1976,0.1225,262144,1,0
maskappliedISO8bit_flucol594_kpcclusters_800nm_poc0_60745_20x_g55_1_MMStack_Pos0_t1_s20,20,92.34477133,63.45144406,0.913388916,5.354896853,101.145,51.748,0.931765,5.23075,286.0,286.0,57.52335541,36.94366355,0.068187068,0.961032964,40.0,40.0,13034,18.1124,10777,361,29.8532,83,1.4105,0.0256,0.1954,0.07065,262144,1,0
maskappliedISO8bit_flucol594_kpcclusters_800nm_poc0_60745_20x_g55_1_MMStack_Pos0_t1_s21,21,97.49608696,61.41965886,0.909397124,5.546399331,109.98,49.0,0.92639,5.3097,299.0,299.0,56.67667382,35.45698212,0.072195322,1.032674793,42.0,42.0,13082,18.0386,10770,357,30.1681,82,1.4102,0.0212,0.1848,0.1214,262144,1,0
maskappliedISO8bit_flucol594_kpcclusters_800nm_poc0_60745_20x_g55_1_MMStack_Pos0_t1_s22,22,95.03424756,62.89718671,0.914817152,5.393781962,106.405,52.1095,0.925505,5.2728,316.0,316.0,58.37849875,32.96770521,0.057432218,0.95905813,44.0,44.0,13431,17.5179,11056,367,30.1253,88,1.4172,0.0265,0.1863,0.09704,262144,1,0
maskappliedISO8bit_flucol594_kpcclusters_800nm_poc0_60745_20x_g55_1_MMStack_Pos0_t1_s23,23,98.20064517,60.77195016,0.914843053,5.390515888,109.75,48.82,0.92718,5.224,321.0,321.0,58.11843435,36.22540215,0.053444338,1.088747914,46.0,46.0,12944,18.2522,10656,360,29.6,93,1.4062,0.023,0.1938,0.09079,262144,1,0
maskappliedISO8bit_flucol594_kpcclusters_800nm_poc0_60745_20x_g55_1_MMStack_Pos0_t1_s24,24,102.9217211,63.12195455,0.909505812,5.428137013,112.655,51.0525,0.92592,5.22945,308.0,308.0,54.97509586,32.34965309,0.067356597,1.055868609,48.0,48.0,13318,17.6835,10966,355,30.8901,98,1.4126,0.0286,0.2028,0.116,262144,1,0
maskappliedISO8bit_flucol594_kpcclusters_800nm_poc0_60745_20x_g55_1_MMStack_Pos0_t1_s25,25,103.9462247,63.32878205,0.914455865,5.41955609,113.505,50.2325,0.93099,5.2758,312.0,312.0,55.08545623,39.90843304,0.059386914,1.040072329,50.0,50.0,13914,16.8404,11498,378,30.418,93,1.4269,0.029,0.2517,0.1253,262144,1,0
maskappliedISO8bit_flucol594_kpcclusters_800nm_poc0_60745_20x_g55_1_MMStack_Pos0_t1_s26,26,100.4236859,61.17105128,0.913360641,5.517936538,109.635,52.837,0.93209,5.40055,312.0,312.0,55.64250821,30.49707281,0.064825264,1.019412716,52.0,52.0,14466,16.1215,11894,423,28.1182,113,1.4368,0.0286,0.302,0.1173,262144,1,0
maskappliedISO8bit_flucol594_kpcclusters_800nm_poc0_60745_20x_g55_1_MMStack_Pos0_t1_s27,27,97.81960741,61.42588824,0.908553265,5.338442059,103.98,49.1275,0.923385,5.2767,340.0,340.0,55.40761384,32.81548713,0.06450529,0.954387419,54.0,54.0,14401,16.2032,11770,462,25.4762,90,1.4391,0.0307,0.4055,0.09185,262144,1,0
maskappliedISO8bit_flucol594_kpcclusters_800nm_poc0_60745_20x_g55_1_MMStack_Pos0_t1_s28,28,99.02779544,64.62963192,0.906780521,5.535891531,112.01,53.611,0.92504,5.4445,307.0,307.0,56.89211366,37.2624497,0.064490668,0.944327798,56.0,56.0,14902,15.5913,12305,494,24.9089,115,1.4503,0.0287,0.5031,0.08764,262144,1,0
maskappliedISO8bit_flucol594_kpcclusters_800nm_poc0_60745_20x_g55_1_MMStack_Pos0_t1_s3,3,96.74824808,58.85330128,0.893156282,5.545573718,101.725,49.3815,0.915795,5.49665,312.0,312.0,55.64992418,27.68210591,0.08372348,1.004544041,6.0,6.0,12930,18.2742,10537,386,27.2979,82,1.4056,0.0244,0.2458,0.1147,262144,1,0
maskappliedISO8bit_flucol594_kpcclusters_800nm_poc0_60745_20x_g55_1_MMStack_Pos0_t1_s4,4,101.5638102,57.331623,0.907825655,5.654597764,111.45,48.338,0.92867,5.4745,313.0,313.0,55.73705946,27.9251561,0.080980083,1.123990229,8.0,8.0,13365,17.6143,10944,426,25.6901,80,1.4177,0.0247,0.2847,0.104,262144,1,0
maskappliedISO8bit_flucol594_kpcclusters_800nm_poc0_60745_20x_g55_1_MMStack_Pos0_t1_s5,5,100.9278764,57.96729448,0.90566181,5.585285276,110.37,47.7065,0.92358,5.38615,326.0,326.0,53.41480312,28.78221542,0.076738521,1.156334557,10.0,10.0,13346,17.6422,10870,373,29.1421,84,1.4172,0.0273,0.2991,0.1134,262144,1,0
maskappliedISO8bit_flucol594_kpcclusters_800nm_poc0_60745_20x_g55_1_MMStack_Pos0_t1_s6,6,103.0896496,60.19500965,0.905441318,5.727078135,113.59,51.131,0.9236,5.625,311.0,311.0,53.50221784,29.46802767,0.073054986,1.125413613,12.0,12.0,12895,18.3292,10485,411,25.5109,75,1.4087,0.0303,0.3071,0.09908,262144,1,0
maskappliedISO8bit_flucol594_kpcclusters_800nm_poc0_60745_20x_g55_1_MMStack_Pos0_t1_s7,7,105.3827341,58.45733758,0.908305605,5.696092675,115.29,49.497,0.92704,5.51495,314.0,314.0,53.73478553,30.55810784,0.064632025,1.108788813,14.0,14.0,13417,17.5383,10940,431,25.3828,93,1.4182,0.0245,0.3252,0.0955,262144,1,0
maskappliedISO8bit_flucol594_kpcclusters_800nm_poc0_60745_20x_g55_1_MMStack_Pos0_t1_s8,8,101.6176831,58.35631429,0.90637146,5.560512063,110.82,48.957,0.92283,5.3269,315.0,315.0,56.12461381,28.60792166,0.071542108,1.214228116,16.0,16.0,13284,17.7339,10757,433,24.843,91,1.4152,0.0307,0.3557,0.09695,262144,1,0
maskappliedISO8bit_flucol594_kpcclusters_800nm_poc0_60745_20x_g55_1_MMStack_Pos0_t1_s9,9,104.034543,62.78161333,0.901296167,5.603657333,112.99,54.3615,0.92446,5.4422,300.0,300.0,53.99929911,30.52249273,0.068616921,1.07144091,18.0,18.0,13438,17.5077,10959,448,24.4621,91,1.4185,0.0262,0.3619,0.1295,262144,1,0
maskappliedISO8bit_flucol594_kpcclusters_800nm_poc0_60745_20x_g55_1_MMStack_Pos0_t20_s1,1,95.66515507,55.25997586,0.905876276,5.621604828,104.845,47.2365,0.9241,5.4696,290.0,290.0,56.12548374,26.23205494,0.074093818,0.994929272,2.0,2.0,11969,19.902,9735,337,28.8872,58,1.3862,0.0252,0.1026,0.06856,262144,20,0
maskappliedISO8bit_flucol594_kpcclusters_800nm_poc0_60745_20x_g55_1_MMStack_Pos0_t20_s10,10,98.08567067,55.99885152,0.905867697,5.652660606,107.245,48.474,0.922525,5.5513,330.0,330.0,55.36896991,26.53920515,0.067650919,1.107337474,20.0,20.0,12814,18.4577,10521,417,25.2302,82,1.4074,0.0281,0.2882,0.1008,262144,20,0
maskappliedISO8bit_flucol594_kpcclusters_800nm_poc0_60745_20x_g55_1_MMStack_Pos0_t20_s11,11,102.4978699,60.68016828,0.903262201,5.785554693,115.11,48.881,0.92083,5.5908,309.0,309.0,55.10356721,33.3899287,0.071984707,1.17866298,22.0,22.0,12545,18.8964,10208,389,26.2416,79,1.4024,0.0253,0.3019,0.1136,262144,20,0
maskappliedISO8bit_flucol594_kpcclusters_800nm_poc0_60745_20x_g55_1_MMStack_Pos0_t20_s12,12,95.7522709,58.93779439,0.912482617,5.907255763,98.231,49.388,0.92499,5.7433,321.0,321.0,54.68215195,29.86990294,0.058266617,1.27335778,24.0,24.0,13745,17.072,11250,438,25.6849,88,1.4257,0.0276,0.3308,0.06808,262144,20,0
maskappliedISO8bit_flucol594_kpcclusters_800nm_poc0_60745_20x_g55_1_MMStack_Pos0_t20_s13,13,97.77041497,58.86263782,0.902670192,5.628708654,104.515,49.097,0.922075,5.4816,312.0,312.0,56.61913645,29.95461962,0.073952796,1.164078484,26.0,26.0,13747,17.0692,11189,437,25.6041,84,1.426,0.0273,0.3597,0.06278,262144,20,0
maskappliedISO8bit_flucol594_kpcclusters_800nm_poc0_60745_20x_g55_1_MMStack_Pos0_t20_s14,14,98.22959742,58.84718387,0.902630032,5.849843226,104.975,51.0285,0.92219,5.6048,310.0,310.0,54.85144748,29.73540714,0.069889454,1.258146586,28.0,28.0,13740,17.079,11228,434,25.871,94,1.427,0.0207,0.3721,0.08421,262144,20,0
maskappliedISO8bit_flucol594_kpcclusters_800nm_poc0_60745_20x_g55_1_MMStack_Pos0_t20_s15,15,104.1137931,59.40038835,0.91209835,5.804235599,112.89,49.732,0.92738,5.6327,309.0,309.0,51.94229922,31.31605928,0.061714277,1.177998439,30.0,30.0,14108,16.5813,11635,455,25.5714,104,1.4316,0.0231,0.374,0.1239,262144,20,0
maskappliedISO8bit_flucol594_kpcclusters_800nm_poc0_60745_20x_g55_1_MMStack_Pos0_t20_s16,16,104.5093874,59.12210625,0.898430094,5.70827,112.53,50.466,0.922375,5.58785,320.0,320.0,55.36531549,28.27565415,0.076582811,1.192121716,32.0,32.0,14512,16.064,11710,425,27.5529,117,1.4415,0.0264,0.3785,0.1158,262144,20,0
maskappliedISO8bit_flucol594_kpcclusters_800nm_poc0_60745_20x_g55_1_MMStack_Pos0_t20_s17,17,101.4286235,61.84359091,0.902206656,5.638568506,116.875,51.135,0.924395,5.4765,308.0,308.0,55.86977287,33.36337208,0.076939917,1.08146505,34.0,34.0,14152,16.5235,11493,439,26.18,99,1.4319,0.0253,0.3746,0.1136,262144,20,0
maskappliedISO8bit_flucol594_kpcclusters_800nm_poc0_60745_20x_g55_1_MMStack_Pos0_t20_s18,18,99.35824637,59.8765836,0.904420631,5.656129968,110.04,45.474,0.92319,5.5814,317.0,317.0,57.24965228,33.64632041,0.071627706,1.027229071,36.0,36.0,14164,16.5078,11639,426,27.3216,104,1.4312,0.0216,0.3697,0.09167,262144,20,0
maskappliedISO8bit_flucol594_kpcclusters_800nm_poc0_60745_20x_g55_1_MMStack_Pos0_t20_s19,19,104.609368,60.43910736,0.912260307,5.498748773,115.485,51.0545,0.92894,5.3968,326.0,326.0,55.98149933,28.68826678,0.066208751,1.01378573,38.0,38.0,14167,16.5039,11763,458,25.6834,101,1.4325,0.0241,0.3569,0.1071,262144,20,0
maskappliedISO8bit_flucol594_kpcclusters_800nm_poc0_60745_20x_g55_1_MMStack_Pos0_t20_s2,2,99.73210774,54.39087419,0.89825129,5.656416452,107.125,46.9675,0.92382,5.61815,310.0,310.0,54.43828497,23.31594035,0.085808257,1.077981952,4.0,4.0,12143,19.5882,9784,340,28.7765,79,1.3894,0.0306,0.1061,0.07548,262144,20,0
maskappliedISO8bit_flucol594_kpcclusters_800nm_poc0_60745_20x_g55_1_MMStack_Pos0_t20_s20,20,105.7226431,60.93321875,0.911217969,5.52210125,115.83,51.5065,0.92865,5.40055,320.0,320.0,54.72550075,33.06005153,0.068451684,0.976338856,40.0,40.0,13862,16.911,11541,388,29.7448,102,1.4262,0.0287,0.3201,0.1259,262144,20,0
maskappliedISO8bit_flucol594_kpcclusters_800nm_poc0_60745_20x_g55_1_MMStack_Pos0_t20_s21,21,100.2217323,60.32403323,0.908158912,5.470386707,112.93,50.765,0.927,5.281,331.0,331.0,57.55737855,31.74577009,0.071409901,1.017397474,42.0,42.0,13542,17.3579,11212,415,27.0169,94,1.4205,0.0301,0.2892,0.1069,262144,20,0
maskappliedISO8bit_flucol594_kpcclusters_800nm_poc0_60745_20x_g55_1_MMStack_Pos0_t20_s22,22,96.41023063,60.56812063,0.904376413,5.422626349,109.29,51.177,0.92437,5.3108,315.0,315.0,56.66041341,33.12482581,0.068378596,1.009007978,44.0,44.0,14103,16.5879,11576,416,27.8269,94,1.4337,0.0274,0.2638,0.1266,262144,20,0
maskappliedISO8bit_flucol594_kpcclusters_800nm_poc0_60745_20x_g55_1_MMStack_Pos0_t20_s23,23,92.15430523,61.54877124,0.911496928,5.453407516,97.353,51.422,0.928905,5.372,306.0,306.0,57.5959202,29.62200703,0.061909544,0.958315277,46.0,46.0,13870,16.9001,11318,380,29.7842,100,1.4257,0.0258,0.2282,0.06967,262144,20,0
maskappliedISO8bit_flucol594_kpcclusters_800nm_poc0_60745_20x_g55_1_MMStack_Pos0_t20_s24,24,95.38911528,63.79273944,0.906901373,5.432265845,100.16,55.882,0.925395,5.2689,284.0,284.0,56.46889585,31.47684948,0.066688053,1.003913812,48.0,48.0,12987,18.1852,10660,360,29.6111,67,1.4089,0.024,0.193,0.07747,262144,20,0
maskappliedISO8bit_flucol594_kpcclusters_800nm_poc0_60745_20x_g55_1_MMStack_Pos0_t20_s25,25,95.41365108,60.55946154,0.907490554,5.423239077,104.47,50.545,0.92124,5.2808,325.0,325.0,57.28460828,29.5058072,0.058818876,1.074428812,50.0,50.0,13338,17.654,10928,404,27.0495,88,1.4141,0.0258,0.1777,0.09084,262144,20,0
maskappliedISO8bit_flucol594_kpcclusters_800nm_poc0_60745_20x_g55_1_MMStack_Pos0_t20_s26,26,90.93294601,59.20861585,0.90656,5.371678963,94.9485,49.4145,0.92629,5.19665,328.0,328.0,58.37521574,33.3387764,0.071128366,1.027276286,52.0,52.0,13109,17.9973,10675,360,29.6528,93,1.4084,0.0254,0.1764,0.0883,262144,20,0
maskappliedISO8bit_flucol594_kpcclusters_800nm_poc0_60745_20x_g55_1_MMStack_Pos0_t20_s27,27,94.37382786,61.82471207,0.910349474,5.444427245,101.59,49.328,0.9264,5.2806,323.0,323.0,55.81903459,36.73906053,0.065328795,0.989978073,54.0,54.0,13611,17.2598,11157,345,32.3391,114,1.4171,0.0234,0.1759,0.09737,262144,20,0
maskappliedISO8bit_flucol594_kpcclusters_800nm_poc0_60745_20x_g55_1_MMStack_Pos0_t20_s28,28,102.6821744,61.99518927,0.913316309,5.478895268,110.17,52.769,0.92895,5.3181,317.0,317.0,57.39535488,30.21925284,0.05887914,0.964852602,56.0,56.0,14051,16.6567,11656,383,30.4334,93,1.4294,0.0265,0.2338,0.1104,262144,20,0
maskappliedISO8bit_flucol594_kpcclusters_800nm_poc0_60745_20x_g55_1_MMStack_Pos0_t20_s3,3,98.37844713,54.79995899,0.912277666,5.535905678,108.97,46.815,0.92876,5.4582,317.0,317.0,55.94708103,24.84157186,0.060903623,1.053804232,6.0,6.0,11563,20.671,9363,362,25.8646,62,1.3724,0.0255,0.1283,0.07642,262144,20,0
maskappliedISO8bit_flucol594_kpcclusters_800nm_poc0_60745_20x_g55_1_MMStack_Pos0_t20_s4,4,101.263426,55.55509585,0.911730703,5.52724984,107.53,47.159,0.92316,5.3951,313.0,313.0,54.81499795,25.85307105,0.054818722,0.999500639,8.0,8.0,12837,18.421,10518,409,25.7164,78,1.4025,0.0229,0.1508,0.08426,262144,20,0
maskappliedISO8bit_flucol594_kpcclusters_800nm_poc0_60745_20x_g55_1_MMStack_Pos0_t20_s5,5,107.0305513,57.20080573,0.894398854,5.413578344,119.175,49.236,0.91829,5.27945,314.0,314.0,53.84855396,25.538408,0.093201597,1.026657506,10.0,10.0,12739,18.5781,10359,412,25.1432,96,1.4044,0.027,0.1736,0.1118,262144,20,0
maskappliedISO8bit_flucol594_kpcclusters_800nm_poc0_60745_20x_g55_1_MMStack_Pos0_t20_s6,6,102.6607861,58.0508129,0.910787581,5.554975161,111.96,49.304,0.927525,5.40095,310.0,310.0,54.55109789,27.34695561,0.065140564,0.997049211,12.0,12.0,11925,19.9828,9724,360,27.0111,73,1.3868,0.0282,0.1918,0.1099,262144,20,0
maskappliedISO8bit_flucol594_kpcclusters_800nm_poc0_60745_20x_g55_1_MMStack_Pos0_t20_s7,7,100.3630687,55.3049019,0.910418133,5.603804114,105.615,48.4385,0.92774,5.5785,316.0,316.0,55.73755636,25.41170142,0.062050619,1.032540269,14.0,14.0,11977,19.8874,9792,325,30.1292,73,1.39,0.0247,0.2126,0.08283,262144,20,0
maskappliedISO8bit_flucol594_kpcclusters_800nm_poc0_60745_20x_g55_1_MMStack_Pos0_t20_s8,8,106.9755971,58.20161801,0.912268416,5.64988913,112.94,46.424,0.92725,5.61855,322.0,322.0,52.34926107,32.23508994,0.068938201,1.024279622,16.0,16.0,12210,19.4697,10017,351,28.5385,68,1.3972,0.02,0.2401,0.09657,262144,20,0
maskappliedISO8bit_flucol594_kpcclusters_800nm_poc0_60745_20x_g55_1_MMStack_Pos0_t20_s9,9,100.0531999,58.1583871,0.909369839,5.619736129,107.635,50.5995,0.925185,5.5749,310.0,310.0,55.8832448,28.69828677,0.070076417,1.126839768,18.0,18.0,13390,17.5777,11001,385,28.574,87,1.4203,0.0295,0.2718,0.09064,262144,20,0
maskappliedISO8bit_flucol594_kpcclusters_800nm_poc0_60745_20x_g55_1_MMStack_Pos0_t21_s1,1,95.09372375,57.31251316,0.905783947,5.710691447,104.75,50.327,0.92417,5.5154,304.0,304.0,58.35118857,26.79143876,0.066674583,1.094948156,2.0,2.0,12088,19.6864,9855,345,28.5652,83,1.391,0.0273,0.1026,0.0703,262144,21,0
maskappliedISO8bit_flucol594_kpcclusters_800nm_poc0_60745_20x_g55_1_MMStack_Pos0_t21_s10,10,102.017745,57.49072205,0.90938006,5.699419033,107.82,50.849,0.92237,5.5479,331.0,331.0,54.84714045,25.11950725,0.056211761,1.03789007,20.0,20.0,12891,18.3355,10593,452,23.4358,86,1.4119,0.0314,0.2886,0.07605,262144,21,0
maskappliedISO8bit_flucol594_kpcclusters_800nm_poc0_60745_20x_g55_1_MMStack_Pos0_t21_s11,11,98.43733917,58.5524451,0.905111543,5.772013353,108.43,49.575,0.92434,5.5302,337.0,337.0,54.33929492,27.56025493,0.067992195,1.147494112,22.0,22.0,12899,18.3229,10528,411,25.6156,89,1.4092,0.0278,0.304,0.07432,262144,21,0
maskappliedISO8bit_flucol594_kpcclusters_800nm_poc0_60745_20x_g55_1_MMStack_Pos0_t21_s12,12,98.70551497,58.88599379,0.90824413,5.693913665,104.33,51.523,0.92487,5.46095,322.0,322.0,55.49590092,26.14729682,0.072733329,1.274011747,24.0,24.0,13530,17.3751,10971,420,26.1214,80,1.4222,0.0267,0.331,0.07309,262144,21,0
maskappliedISO8bit_flucol594_kpcclusters_800nm_poc0_60745_20x_g55_1_MMStack_Pos0_t21_s13,13,96.38272805,60.86981107,0.90750355,,104.38,51.85,0.92248,,307.0,,55.8938197,32.50695804,0.062665406,,26.0,,13573,17.3137,11107,420,26.4452,75,1.4193,0.0218,0.3625,0.07589,262144,21,0
maskappliedISO8bit_flucol594_kpcclusters_800nm_poc0_60745_20x_g55_1_MMStack_Pos0_t21_s14,14,99.02718393,57.27215476,0.907338869,5.864363095,108.625,48.7445,0.921105,5.66605,336.0,336.0,56.07102122,27.98904423,0.059917696,1.195387078,28.0,28.0,13595,17.2825,11143,427,26.096,88,1.4241,0.0257,0.3779,0.08397,262144,21,0
maskappliedISO8bit_flucol594_kpcclusters_800nm_poc0_60745_20x_g55_1_MMStack_Pos0_t21_s15,15,105.1262012,56.12456456,0.90370994,5.819332733,115.51,47.105,0.92415,5.6632,333.0,333.0,52.86839787,26.80181698,0.077793171,1.16461906,30.0,30.0,13658,17.1935,11228,419,26.7971,88,1.4233,0.0218,0.3793,0.1247,262144,21,0
maskappliedISO8bit_flucol594_kpcclusters_800nm_poc0_60745_20x_g55_1_MMStack_Pos0_t21_s16,16,101.6615173,61.47039617,0.903265911,5.69707476,109.83,50.298,0.92494,5.6056,313.0,313.0,54.54070796,34.10699896,0.078714888,1.104325474,32.0,32.0,13975,16.7581,11386,456,24.9693,85,1.4299,0.0255,0.3787,0.1076,262144,21,0
maskappliedISO8bit_flucol594_kpcclusters_800nm_poc0_60745_20x_g55_1_MMStack_Pos0_t21_s17,17,103.8760078,60.08025373,0.908930269,5.699604478,115.87,50.695,0.92252,5.5217,335.0,335.0,56.50637636,29.05002394,0.059895191,1.112794372,34.0,34.0,14365,16.2489,11708,442,26.4887,87,1.438,0.029,0.3755,0.09484,262144,21,0
maskappliedISO8bit_flucol594_kpcclusters_800nm_poc0_60745_20x_g55_1_MMStack_Pos0_t21_s18,18,103.3394895,60.15597297,0.898028168,5.678291892,114.15,47.881,0.91489,5.6065,333.0,333.0,57.62816243,32.76600843,0.068188321,0.999370981,36.0,36.0,13878,16.8892,11340,436,26.0092,74,1.425,0.0273,0.3685,0.1003,262144,21,0
maskappliedISO8bit_flucol594_kpcclusters_800nm_poc0_60745_20x_g55_1_MMStack_Pos0_t21_s19,19,105.4582267,58.62760831,0.9138873,5.555429377,117.12,49.239,0.92646,5.4445,337.0,337.0,56.73925245,30.92641117,0.057877142,1.055411782,38.0,38.0,14156,16.5183,11638,411,28.3163,96,1.4342,0.023,0.3619,0.09701,262144,21,0
maskappliedISO8bit_flucol594_kpcclusters_800nm_poc0_60745_20x_g55_1_MMStack_Pos0_t21_s2,2,94.11962323,55.90793548,0.904253097,5.645259032,104.93,48.7855,0.92037,5.5986,310.0,310.0,56.92183811,25.11766137,0.073935617,1.08363934,4.0,4.0,12401,19.139,10038,354,28.3559,80,1.3963,0.0305,0.1053,0.09007,262144,21,0
maskappliedISO8bit_flucol594_kpcclusters_800nm_poc0_60745_20x_g55_1_MMStack_Pos0_t21_s20,20,107.538388,62.08952427,0.902420162,5.484811974,118.44,51.428,0.91677,5.3384,309.0,309.0,54.65846997,33.90748345,0.063572625,1.015374984,40.0,40.0,13671,17.1753,11316,416,27.2019,88,1.4286,0.0245,0.3268,0.1115,262144,21,0
maskappliedISO8bit_flucol594_kpcclusters_800nm_poc0_60745_20x_g55_1_MMStack_Pos0_t21_s21,21,101.9618656,59.50043939,0.906012455,5.60546,114.015,49.3125,0.92144,5.38865,330.0,330.0,57.50104519,31.9203044,0.064493589,1.113888948,42.0,42.0,14387,16.221,11788,386,30.5389,106,1.4369,0.0302,0.2953,0.09216,262144,21,0
maskappliedISO8bit_flucol594_kpcclusters_800nm_poc0_60745_20x_g55_1_MMStack_Pos0_t21_s22,22,94.4588928,60.26425,0.912551776,5.536833224,106.17,50.4085,0.924215,5.41255,304.0,304.0,58.90409233,30.10375601,0.055177567,1.014803565,44.0,44.0,13670,17.1767,11214,416,26.9567,74,1.425,0.0328,0.2672,0.1079,262144,21,0
maskappliedISO8bit_flucol594_kpcclusters_800nm_poc0_60745_20x_g55_1_MMStack_Pos0_t21_s23,23,87.83168771,60.48192359,0.906478439,5.52878505,88.854,51.063,0.91809,5.3975,301.0,301.0,57.96316862,29.1613838,0.062163571,1.054449694,46.0,46.0,13658,17.1935,11234,378,29.7196,86,1.4214,0.0292,0.232,0.0714,262144,21,0
maskappliedISO8bit_flucol594_kpcclusters_800nm_poc0_60745_20x_g55_1_MMStack_Pos0_t21_s24,24,97.38382619,63.99870748,0.909746395,5.525368027,102.645,52.5065,0.91949,5.36525,294.0,294.0,57.99150247,32.64029638,0.062049545,1.040550146,48.0,48.0,12843,18.4115,10588,374,28.3102,71,1.4069,0.0252,0.1971,0.07124,262144,21,0
maskappliedISO8bit_flucol594_kpcclusters_800nm_poc0_60745_20x_g55_1_MMStack_Pos0_t21_s25,25,99.00614865,61.12479279,0.903915586,5.352814114,110.77,51.568,0.92226,5.2251,333.0,333.0,59.50553578,31.70607696,0.068466851,0.988695684,50.0,50.0,13228,17.8174,10831,357,30.3389,78,1.4117,0.0258,0.1804,0.08286,262144,21,0
maskappliedISO8bit_flucol594_kpcclusters_800nm_poc0_60745_20x_g55_1_MMStack_Pos0_t21_s26,26,88.19089935,63.30541694,0.90924355,5.388199674,95.042,49.247,0.92807,5.276,307.0,307.0,60.49047138,37.29965461,0.073065136,1.142373745,52.0,52.0,13054,18.0816,10676,362,29.4917,97,1.4115,0.0271,0.1781,0.08752,262144,21,0
maskappliedISO8bit_flucol594_kpcclusters_800nm_poc0_60745_20x_g55_1_MMStack_Pos0_t21_s27,27,95.13818997,60.42506189,0.921082052,5.489840391,102.71,47.802,0.93577,5.3938,307.0,307.0,57.6206306,34.65879191,0.050674844,0.98465715,54.0,54.0,13070,18.057,10809,362,29.8591,101,1.4116,0.028,0.1801,0.0888,262144,21,0
maskappliedISO8bit_flucol594_kpcclusters_800nm_poc0_60745_20x_g55_1_MMStack_Pos0_t21_s28,28,100.4766597,62.72917742,0.912379581,5.547402903,107.965,52.813,0.933765,5.37935,310.0,310.0,58.08720405,33.93592276,0.075105084,1.084282938,56.0,56.0,13804,16.9905,11489,379,30.314,103,1.4236,0.0235,0.2402,0.1028,262144,21,0
maskappliedISO8bit_flucol594_kpcclusters_800nm_poc0_60745_20x_g55_1_MMStack_Pos0_t21_s3,3,99.30700803,56.07677705,0.905271344,5.559382623,105.26,47.944,0.9222,5.3885,305.0,305.0,55.07304931,27.16292318,0.081363499,1.062537249,6.0,6.0,11876,20.0735,9612,384,25.0312,69,1.3834,0.0216,0.1281,0.06945,262144,21,0
maskappliedISO8bit_flucol594_kpcclusters_800nm_poc0_60745_20x_g55_1_MMStack_Pos0_t21_s4,4,101.340004,57.39308251,0.908412772,5.598367327,110.38,48.144,0.92703,5.5405,303.0,303.0,56.00499565,26.99788895,0.070195562,0.930764904,8.0,8.0,12183,19.5173,9992,402,24.8557,58,1.3916,0.0262,0.1509,0.09158,262144,21,0
maskappliedISO8bit_flucol594_kpcclusters_800nm_poc0_60745_20x_g55_1_MMStack_Pos0_t21_s5,5,101.9300248,54.60806811,0.905511455,5.546860372,113.2,48.357,0.92005,5.3252,323.0,323.0,55.09488299,22.97576109,0.062311959,1.120409407,10.0,10.0,12855,18.3925,10445,390,26.7821,79,1.4023,0.0212,0.1751,0.1196,262144,21,0
maskappliedISO8bit_flucol594_kpcclusters_800nm_poc0_60745_20x_g55_1_MMStack_Pos0_t21_s6,6,103.1757973,58.93790722,0.902218866,5.596541581,111.45,49.188,0.92255,5.4429,291.0,291.0,53.11721459,29.81869606,0.074392851,1.05428057,12.0,12.0,12042,19.7692,9795,367,26.6894,71,1.3889,0.0258,0.1913,0.09425,262144,21,0
maskappliedISO8bit_flucol594_kpcclusters_800nm_poc0_60745_20x_g55_1_MMStack_Pos0_t21_s7,7,100.706635,57.51407986,0.904634618,5.732289583,106.06,48.241,0.927525,5.63705,288.0,288.0,53.6274744,27.58575061,0.075716089,1.052867594,14.0,14.0,11579,20.6397,9532,358,26.6257,73,1.3786,0.0313,0.2125,0.07951,262144,21,0
maskappliedISO8bit_flucol594_kpcclusters_800nm_poc0_60745_20x_g55_1_MMStack_Pos0_t21_s8,8,99.23655646,55.01115692,0.910117477,5.678496308,105.95,47.448,0.92618,5.6093,325.0,325.0,53.91920064,24.64536516,0.06248806,0.991702236,16.0,16.0,12061,19.7349,9829,363,27.0771,75,1.389,0.0246,0.2392,0.1026,262144,21,0
maskappliedISO8bit_flucol594_kpcclusters_800nm_poc0_60745_20x_g55_1_MMStack_Pos0_t21_s9,9,97.96411832,57.94606472,0.908863398,5.717750162,106.86,49.678,0.92622,5.5577,309.0,309.0,54.74869882,29.72398546,0.063188639,1.067620903,18.0,18.0,12553,18.8831,10264,410,25.0341,73,1.4008,0.0243,0.2694,0.09279,262144,21,0
maskappliedISO8bit_flucol594_kpcclusters_800nm_poc0_60745_20x_g55_1_MMStack_Pos0_t22_s1,1,94.80352952,55.13028939,0.913118875,5.640890354,97.125,47.831,0.93111,5.4889,311.0,311.0,56.04917471,23.87634246,0.067166118,1.034264187,2.0,2.0,12175,19.5314,9904,356,27.8202,81,1.3953,0.0248,0.1082,0.05694,262144,22,0
maskappliedISO8bit_flucol594_kpcclusters_800nm_poc0_60745_20x_g55_1_MMStack_Pos0_t22_s10,10,97.38673065,58.73238462,0.904562,5.687955692,104.47,49.595,0.92079,5.5685,325.0,325.0,55.44160835,30.40513271,0.064763732,1.105631343,20.0,20.0,12826,18.4386,10489,413,25.3971,73,1.4094,0.0261,0.291,0.1002,262144,22,0
maskappliedISO8bit_flucol594_kpcclusters_800nm_poc0_60745_20x_g55_1_MMStack_Pos0_t22_s11,11,99.80462727,58.66833856,0.898186144,5.691357994,108.43,50.6,0.91908,5.5494,319.0,319.0,54.74633769,27.03003297,0.070025358,1.081693254,22.0,22.0,12721,18.6073,10394,377,27.5703,84,1.4086,0.0267,0.3057,0.07323,262144,22,0
maskappliedISO8bit_flucol594_kpcclusters_800nm_poc0_60745_20x_g55_1_MMStack_Pos0_t22_s12,12,97.08008328,59.87566557,0.904753607,5.752562623,108.18,49.311,0.92541,5.5449,305.0,305.0,55.76075988,33.23184533,0.073199764,1.126529453,24.0,24.0,13275,17.7473,10793,447,24.1454,87,1.4165,0.0275,0.3327,0.05897,262144,22,0
maskappliedISO8bit_flucol594_kpcclusters_800nm_poc0_60745_20x_g55_1_MMStack_Pos0_t22_s13,13,102.4724241,57.48517187,0.909056375,5.814432188,111.885,49.6975,0.9243,5.68055,320.0,320.0,54.00444623,26.66298983,0.063462139,1.130910372,26.0,26.0,13787,17.0139,11200,404,27.7228,91,1.4258,0.028,0.3661,0.07341,262144,22,0
maskappliedISO8bit_flucol594_kpcclusters_800nm_poc0_60745_20x_g55_1_MMStack_Pos0_t22_s14,14,93.74270833,60.32349383,0.903862222,5.773086728,101.32,50.487,0.92176,5.6424,324.0,324.0,56.43234301,33.43591028,0.070911296,1.146653147,28.0,28.0,13885,16.8797,11434,454,25.185,116,1.4298,0.0236,0.3842,0.08475,262144,22,0
maskappliedISO8bit_flucol594_kpcclusters_800nm_poc0_60745_20x_g55_1_MMStack_Pos0_t22_s15,15,104.7493738,60.94992429,0.898916309,5.790859306,111.12,51.758,0.92195,5.6075,317.0,317.0,53.71075762,31.60256077,0.083695473,1.137399604,30.0,30.0,13802,16.9933,11241,450,24.98,99,1.4267,0.0285,0.3869,0.09756,262144,22,0
maskappliedISO8bit_flucol594_kpcclusters_800nm_poc0_60745_20x_g55_1_MMStack_Pos0_t22_s16,16,103.4270689,58.55134268,0.90320972,5.633109969,111.54,47.662,0.923,5.5011,321.0,321.0,53.66268714,30.01934242,0.074511144,1.066739015,32.0,32.0,13852,16.9247,11228,465,24.1462,91,1.4259,0.0255,0.3852,0.1137,262144,22,0
maskappliedISO8bit_flucol594_kpcclusters_800nm_poc0_60745_20x_g55_1_MMStack_Pos0_t22_s17,17,104.4407815,59.28021581,0.906721125,5.641175684,114.62,50.176,0.9267,5.5275,329.0,329.0,56.99165506,30.60841061,0.069028095,1.138512927,34.0,34.0,14638,15.9085,11911,460,25.8935,100,1.444,0.0266,0.3803,0.1086,262144,22,0
maskappliedISO8bit_flucol594_kpcclusters_800nm_poc0_60745_20x_g55_1_MMStack_Pos0_t22_s18,18,103.0487566,59.43675758,0.907077576,5.646986667,111.36,51.0395,0.92646,5.51675,330.0,330.0,56.0819962,30.34923602,0.07005758,1.031868497,36.0,36.0,14041,16.67,11498,414,27.7729,82,1.4291,0.0225,0.3714,0.1117,262144,22,0
maskappliedISO8bit_flucol594_kpcclusters_800nm_poc0_60745_20x_g55_1_MMStack_Pos0_t22_s19,19,99.86550127,60.6595873,0.906731937,5.54209619,114.06,51.98,0.92246,5.4023,315.0,315.0,58.44620165,29.24766274,0.062391016,1.087373059,38.0,38.0,14010,16.7113,11601,451,25.7228,93,1.4364,0.0249,0.3649,0.09736,262144,22,0
maskappliedISO8bit_flucol594_kpcclusters_800nm_poc0_60745_20x_g55_1_MMStack_Pos0_t22_s2,2,95.67848458,55.09926282,0.910489263,5.594708654,102.455,46.8285,0.9253,5.50085,312.0,312.0,57.48824923,25.08143112,0.061775185,1.02445209,4.0,4.0,12396,19.1475,10026,364,27.544,83,1.3957,0.0236,0.1092,0.07892,262144,22,0
maskappliedISO8bit_flucol594_kpcclusters_800nm_poc0_60745_20x_g55_1_MMStack_Pos0_t22_s20,20,100.2419812,59.32483133,0.903560753,5.492746988,112.325,49.57,0.923395,5.4084,332.0,332.0,57.69792955,28.40672716,0.063756897,1.046481343,40.0,40.0,13756,17.0568,11382,439,25.9271,95,1.4285,0.0224,0.3293,0.1354,262144,22,0
maskappliedISO8bit_flucol594_kpcclusters_800nm_poc0_60745_20x_g55_1_MMStack_Pos0_t22_s21,21,98.54856262,58.44207668,0.912967732,5.587454313,106.7,50.252,0.92897,5.4234,313.0,313.0,56.32832747,28.56884887,0.065158563,1.152282202,42.0,42.0,14096,16.5971,11578,434,26.6774,99,1.4334,0.0274,0.2972,0.0937,262144,22,0
maskappliedISO8bit_flucol594_kpcclusters_800nm_poc0_60745_20x_g55_1_MMStack_Pos0_t22_s22,22,99.21147185,59.28281548,0.905426131,5.523235417,109.05,52.1225,0.92229,5.34315,336.0,336.0,58.26865507,29.47273004,0.069617587,1.158196469,44.0,44.0,13780,17.0236,11333,398,28.4749,86,1.4247,0.03,0.2708,0.09806,262144,22,0
maskappliedISO8bit_flucol594_kpcclusters_800nm_poc0_60745_20x_g55_1_MMStack_Pos0_t22_s23,23,93.54805974,59.7609393,0.910421757,5.509510224,101.19,52.257,0.92616,5.4071,313.0,313.0,58.71347515,29.7342675,0.05830322,1.024238203,46.0,46.0,13620,17.2471,11244,391,28.757,90,1.4215,0.0226,0.2342,0.0653,262144,22,0
maskappliedISO8bit_flucol594_kpcclusters_800nm_poc0_60745_20x_g55_1_MMStack_Pos0_t22_s24,24,89.89690903,61.77132441,0.904706656,5.490983612,93.945,48.671,0.92094,5.3568,299.0,299.0,57.29294793,34.8794241,0.067082332,1.009724531,48.0,48.0,12916,18.2961,10666,376,28.367,84,1.4076,0.0229,0.1979,0.0603,262144,22,0
maskappliedISO8bit_flucol594_kpcclusters_800nm_poc0_60745_20x_g55_1_MMStack_Pos0_t22_s25,25,94.51268303,60.75885312,0.917054438,5.377370937,99.472,50.474,0.92772,5.2536,320.0,320.0,57.6089856,32.6123168,0.057947454,0.93501091,50.0,50.0,13185,17.8821,10814,382,28.3089,93,1.4123,0.0257,0.1805,0.08505,262144,22,0
maskappliedISO8bit_flucol594_kpcclusters_800nm_poc0_60745_20x_g55_1_MMStack_Pos0_t22_s26,26,95.79148457,60.96327331,0.914869293,5.368533119,107.1,50.011,0.93313,5.2318,311.0,311.0,59.71665964,35.86392606,0.066649224,1.035816996,52.0,52.0,13371,17.6055,10974,355,30.9127,109,1.4172,0.0264,0.1783,0.07998,262144,22,0
maskappliedISO8bit_flucol594_kpcclusters_800nm_poc0_60745_20x_g55_1_MMStack_Pos0_t22_s27,27,92.32913586,59.81336728,0.91008821,5.383051235,97.7805,49.277,0.924755,5.27875,324.0,324.0,57.51044791,32.68409476,0.0658941,0.899171894,54.0,54.0,13181,17.8881,10875,384,28.3203,97,1.4111,0.0231,0.1812,0.0732,262144,22,0
maskappliedISO8bit_flucol594_kpcclusters_800nm_poc0_60745_20x_g55_1_MMStack_Pos0_t22_s28,28,96.77666843,62.40988615,0.918397938,5.477160308,103.39,50.156,0.93218,5.39,325.0,325.0,58.21589465,33.65994477,0.05912255,0.929107425,56.0,56.0,14047,16.662,11620,373,31.1528,114,1.4284,0.0244,0.2412,0.1144,262144,22,0
maskappliedISO8bit_flucol594_kpcclusters_800nm_poc0_60745_20x_g55_1_MMStack_Pos0_t22_s3,3,95.27156666,57.38864548,0.90060709,5.508007358,104.53,50.491,0.91999,5.3961,299.0,299.0,55.6039574,26.57752951,0.067366174,0.946592076,6.0,6.0,11478,20.8389,9345,382,24.4634,57,1.3718,0.0202,0.1295,0.06637,262144,22,0
maskappliedISO8bit_flucol594_kpcclusters_800nm_poc0_60745_20x_g55_1_MMStack_Pos0_t22_s4,4,98.08141383,55.69189,0.9030308,5.556048667,102.34,47.3245,0.924515,5.4152,300.0,300.0,54.47051727,26.99451549,0.077886238,1.100934568,8.0,8.0,12057,19.7421,9887,388,25.482,72,1.3843,0.028,0.153,0.07302,262144,22,0
maskappliedISO8bit_flucol594_kpcclusters_800nm_poc0_60745_20x_g55_1_MMStack_Pos0_t22_s5,5,101.7924168,56.79389145,0.912285658,5.557632895,111.625,47.606,0.924795,5.4429,304.0,304.0,54.24561173,26.96700937,0.059675221,1.071250907,10.0,10.0,12715,18.617,10373,382,27.1545,83,1.4022,0.0277,0.1752,0.1004,262144,22,0
maskappliedISO8bit_flucol594_kpcclusters_800nm_poc0_60745_20x_g55_1_MMStack_Pos0_t22_s6,6,101.2621768,56.46736308,0.903487262,5.477572923,111.93,48.415,0.92718,5.3334,325.0,325.0,54.63303981,27.3080861,0.07750118,0.989046239,12.0,12.0,12359,19.2109,9931,361,27.5097,92,1.3927,0.0255,0.1942,0.1082,262144,22,0
maskappliedISO8bit_flucol594_kpcclusters_800nm_poc0_60745_20x_g55_1_MMStack_Pos0_t22_s7,7,99.85710872,58.86313423,0.906310503,5.694825503,106.125,52.049,0.9194,5.5702,298.0,298.0,53.89116169,26.1385003,0.062621725,1.127175922,14.0,14.0,11288,21.2233,9331,357,26.1373,60,1.3713,0.0273,0.2145,0.08421,262144,22,0
maskappliedISO8bit_flucol594_kpcclusters_800nm_poc0_60745_20x_g55_1_MMStack_Pos0_t22_s8,8,102.3381116,57.41725806,0.907177129,5.650210645,104.45,49.077,0.92382,5.57315,310.0,310.0,52.77772372,29.0110915,0.070386849,0.964205954,16.0,16.0,12112,19.6434,9886,379,26.0844,67,1.3913,0.0303,0.2424,0.07329,262144,22,0
maskappliedISO8bit_flucol594_kpcclusters_800nm_poc0_60745_20x_g55_1_MMStack_Pos0_t22_s9,9,99.78800677,56.09164241,0.902673228,5.682436076,107.14,49.143,0.922525,5.51905,316.0,316.0,54.93593937,27.22526478,0.070991096,1.11539565,18.0,18.0,12914,18.2993,10570,376,28.1117,87,1.4068,0.0263,0.2716,0.09968,262144,22,0
maskappliedISO8bit_flucol594_kpcclusters_800nm_poc0_60745_20x_g55_1_MMStack_Pos0_t23_s1,1,95.66507952,55.50240968,0.905582387,5.659523226,104.115,47.7405,0.92073,5.55105,310.0,310.0,56.45973291,27.03683621,0.064033423,1.038605953,2.0,2.0,11793,20.2289,9609,363,26.4711,59,1.3879,0.027,0.1083,0.05389,262144,23,0
maskappliedISO8bit_flucol594_kpcclusters_800nm_poc0_60745_20x_g55_1_MMStack_Pos0_t23_s10,10,98.38573876,56.78610749,0.909112899,5.691526384,106.19,46.91,0.92377,5.6393,307.0,307.0,55.47496717,27.27614207,0.063369438,1.017286254,20.0,20.0,13210,17.8444,10870,413,26.3196,101,1.4168,0.027,0.2891,0.09398,262144,23,0
maskappliedISO8bit_flucol594_kpcclusters_800nm_poc0_60745_20x_g55_1_MMStack_Pos0_t23_s11,11,101.2047827,55.46689595,0.908817543,5.754279769,108.18,46.875,0.926505,5.5779,346.0,346.0,53.53542681,25.10671024,0.069505068,1.191686988,22.0,22.0,12679,18.6755,10371,427,24.2881,77,1.4057,0.0237,0.3089,0.08802,262144,23,0
maskappliedISO8bit_flucol594_kpcclusters_800nm_poc0_60745_20x_g55_1_MMStack_Pos0_t23_s12,12,91.89391026,59.58058333,0.906584231,5.799033013,97.2905,49.989,0.925545,5.54565,312.0,312.0,54.95630418,30.70861888,0.075612144,1.141832708,24.0,24.0,12845,18.4083,10516,409,25.7115,66,1.4085,0.0216,0.3324,0.0758,262144,23,0
maskappliedISO8bit_flucol594_kpcclusters_800nm_poc0_60745_20x_g55_1_MMStack_Pos0_t23_s13,13,101.5102708,59.27194099,0.908200776,5.846210559,108.625,49.2805,0.917415,5.6092,322.0,322.0,56.39987356,30.0132978,0.060390599,1.219062247,26.0,26.0,13750,17.0651,11234,416,27.0048,98,1.4235,0.0241,0.368,0.06792,262144,23,0
maskappliedISO8bit_flucol594_kpcclusters_800nm_poc0_60745_20x_g55_1_MMStack_Pos0_t23_s14,14,98.34452159,59.62313968,0.901691333,5.860190159,112.48,49.337,0.92298,5.6072,315.0,315.0,56.62493952,29.13267378,0.073452589,1.262776828,28.0,28.0,13559,17.3336,11136,467,23.8458,94,1.4253,0.0301,0.3858,0.09588,262144,23,0
maskappliedISO8bit_flucol594_kpcclusters_800nm_poc0_60745_20x_g55_1_MMStack_Pos0_t23_s15,15,106.5114425,56.69433234,0.905939521,5.765461377,113.935,48.045,0.922245,5.5766,334.0,334.0,53.37875084,27.66335606,0.06685008,1.242821784,30.0,30.0,13853,16.9233,11378,444,25.6261,97,1.4297,0.0237,0.3931,0.08906,262144,23,0
maskappliedISO8bit_flucol594_kpcclusters_800nm_poc0_60745_20x_g55_1_MMStack_Pos0_t23_s16,16,100.4734531,59.29346914,0.903466636,5.684179938,108.43,48.978,0.92288,5.49185,324.0,324.0,55.1725337,29.2288559,0.068233657,1.088442147,32.0,32.0,14091,16.6037,11463,430,26.6581,96,1.4285,0.0264,0.39,0.09828,262144,23,0
maskappliedISO8bit_flucol594_kpcclusters_800nm_poc0_60745_20x_g55_1_MMStack_Pos0_t23_s17,17,102.4561853,60.17258154,0.913500431,5.714056923,108.43,49.595,0.92683,5.4477,325.0,325.0,55.3793603,30.15804126,0.054798617,1.170972117,34.0,34.0,14386,16.2222,11737,471,24.9193,94,1.4399,0.0219,0.3862,0.1076,262144,23,0
maskappliedISO8bit_flucol594_kpcclusters_800nm_poc0_60745_20x_g55_1_MMStack_Pos0_t23_s18,18,105.2787596,60.10252866,0.903108376,5.553413694,113.295,49.021,0.924065,5.4832,314.0,314.0,57.65628312,32.44456733,0.077669526,0.968954599,36.0,36.0,14099,16.5932,11487,446,25.7556,85,1.4294,0.0233,0.3734,0.1075,262144,23,0
maskappliedISO8bit_flucol594_kpcclusters_800nm_poc0_60745_20x_g55_1_MMStack_Pos0_t23_s19,19,100.6419589,58.16668222,0.906613294,5.546195335,109.89,48.963,0.92379,5.3764,343.0,343.0,56.94203017,28.53738821,0.068684958,1.047651111,38.0,38.0,13958,16.781,11597,439,26.4169,96,1.4307,0.028,0.3577,0.1045,262144,23,0
maskappliedISO8bit_flucol594_kpcclusters_800nm_poc0_60745_20x_g55_1_MMStack_Pos0_t23_s2,2,97.97882609,54.17137267,0.910282547,5.507806211,107.535,47.762,0.929,5.3932,322.0,322.0,55.53803176,23.10703727,0.06938611,0.96961523,4.0,4.0,12210,19.4697,9945,357,27.8571,69,1.3902,0.0242,0.1093,0.0871,262144,23,0
maskappliedISO8bit_flucol594_kpcclusters_800nm_poc0_60745_20x_g55_1_MMStack_Pos0_t23_s20,20,99.88835346,59.65539815,0.907110401,5.47405216,108.245,48.7325,0.92568,5.3989,324.0,324.0,57.08995038,32.34363782,0.064397624,0.980657164,40.0,40.0,13962,16.7756,11551,414,27.901,100,1.4297,0.0217,0.3212,0.1246,262144,23,0
maskappliedISO8bit_flucol594_kpcclusters_800nm_poc0_60745_20x_g55_1_MMStack_Pos0_t23_s21,21,100.6304725,59.00267976,0.911245408,5.560500604,110.28,50.009,0.93043,5.3954,331.0,331.0,57.61894054,30.68284673,0.066627307,1.106201933,42.0,42.0,13778,17.0263,11293,413,27.3438,93,1.4275,0.0229,0.2911,0.09653,262144,23,0
maskappliedISO8bit_flucol594_kpcclusters_800nm_poc0_60745_20x_g55_1_MMStack_Pos0_t23_s22,22,95.66262531,58.21296562,0.907982844,5.488559063,106.255,49.369,0.925135,5.30795,320.0,320.0,58.32251857,26.67417692,0.065699605,1.043074201,44.0,44.0,13936,16.8106,11544,409,28.2249,112,1.4301,0.0272,0.2672,0.09068,262144,23,0
maskappliedISO8bit_flucol594_kpcclusters_800nm_poc0_60745_20x_g55_1_MMStack_Pos0_t23_s23,23,87.7128971,59.19116129,0.907958323,5.54766871,91.3355,51.0935,0.92445,5.42905,310.0,310.0,57.5098121,27.70563157,0.064049769,1.034357637,46.0,46.0,13555,17.3394,11174,408,27.3873,102,1.4165,0.0291,0.2316,0.06954,262144,23,0
maskappliedISO8bit_flucol594_kpcclusters_800nm_poc0_60745_20x_g55_1_MMStack_Pos0_t23_s24,24,92.48954309,59.95922186,0.912272797,5.487203859,99.273,49.718,0.92442,5.3701,311.0,311.0,56.78158749,30.91026708,0.05799824,1.081087339,48.0,48.0,12729,18.5943,10528,378,27.8519,79,1.401,0.0246,0.1971,0.08007,262144,23,0
maskappliedISO8bit_flucol594_kpcclusters_800nm_poc0_60745_20x_g55_1_MMStack_Pos0_t23_s25,25,95.03186897,63.24892308,0.907165865,5.365414744,102.59,53.3145,0.925695,5.2052,312.0,312.0,58.07275212,32.66794409,0.071007629,0.986881669,50.0,50.0,13316,17.6865,10949,363,30.1625,97,1.4151,0.0244,0.1804,0.0769,262144,23,0
maskappliedISO8bit_flucol594_kpcclusters_800nm_poc0_60745_20x_g55_1_MMStack_Pos0_t23_s26,26,95.18070634,60.34643544,0.911141832,5.375445045,102.8,51.353,0.92909,5.2379,333.0,333.0,58.70438705,29.36730251,0.064287556,1.007053946,52.0,52.0,13306,17.7013,10853,369,29.4119,105,1.4175,0.0235,0.1788,0.08732,262144,23,0
maskappliedISO8bit_flucol594_kpcclusters_800nm_poc0_60745_20x_g55_1_MMStack_Pos0_t23_s27,27,92.37135422,60.55524444,0.909292286,5.455391429,97.958,49.57,0.92937,5.3124,315.0,315.0,59.70482361,32.85496529,0.066913636,1.036817555,54.0,54.0,13212,17.8414,10947,384,28.5078,96,1.415,0.0296,0.1838,0.09368,262144,23,0
maskappliedISO8bit_flucol594_kpcclusters_800nm_poc0_60745_20x_g55_1_MMStack_Pos0_t23_s28,28,98.58522897,61.57042258,0.91494829,5.440310968,107.95,50.22,0.92921,5.27735,310.0,310.0,56.46687938,34.4066018,0.059657088,1.093342533,56.0,56.0,14151,16.5248,11719,388,30.2036,103,1.43,0.0248,0.2409,0.108,262144,23,0
maskappliedISO8bit_flucol594_kpcclusters_800nm_poc0_60745_20x_g55_1_MMStack_Pos0_t23_s3,3,99.68188074,54.53177469,0.907539444,5.558296605,105.305,47.2565,0.91813,5.4716,324.0,324.0,54.8026887,23.03833839,0.0545712,1.118553046,6.0,6.0,11973,19.8947,9673,369,26.2141,72,1.3854,0.0288,0.1306,0.09062,262144,23,0
maskappliedISO8bit_flucol594_kpcclusters_800nm_poc0_60745_20x_g55_1_MMStack_Pos0_t23_s4,4,98.90986221,57.23869231,0.906374716,5.608631104,104.62,48.781,0.9279,5.4417,299.0,299.0,54.71697639,28.52074117,0.06917486,0.960316004,8.0,8.0,11961,19.9166,9709,357,27.1961,69,1.3821,0.0232,0.1533,0.07834,262144,23,0
maskappliedISO8bit_flucol594_kpcclusters_800nm_poc0_60745_20x_g55_1_MMStack_Pos0_t23_s5,5,99.37736782,55.52018297,0.910719558,5.502118297,109.86,46.531,0.92733,5.3913,317.0,317.0,55.02748123,26.27185109,0.066185987,1.039841449,10.0,10.0,12289,19.3317,10058,385,26.1247,68,1.3974,0.0268,0.1747,0.1095,262144,23,0
maskappliedISO8bit_flucol594_kpcclusters_800nm_poc0_60745_20x_g55_1_MMStack_Pos0_t23_s6,6,104.443338,56.8114,0.9036977,5.547274,116.22,47.141,0.923815,5.43975,300.0,300.0,53.7198307,28.18245337,0.075872118,1.026004299,12.0,12.0,12042,19.7692,9807,339,28.9292,63,1.3908,0.0281,0.194,0.1105,262144,23,0
maskappliedISO8bit_flucol594_kpcclusters_800nm_poc0_60745_20x_g55_1_MMStack_Pos0_t23_s7,7,102.2414986,57.33383601,0.909529904,5.598628296,108.43,50.997,0.92707,5.4439,311.0,311.0,53.50711639,25.38941281,0.061468536,1.076939715,14.0,14.0,11867,20.0902,9810,352,27.8693,66,1.3854,0.0316,0.2172,0.08675,262144,23,0
maskappliedISO8bit_flucol594_kpcclusters_800nm_poc0_60745_20x_g55_1_MMStack_Pos0_t23_s8,8,101.13749,57.69658095,0.907358413,5.751047937,105.95,48.961,0.92447,5.634,315.0,315.0,52.2878974,27.94543405,0.069282335,1.018369697,16.0,16.0,12276,19.3543,10160,363,27.989,90,1.3923,0.03,0.2408,0.08187,262144,23,0
maskappliedISO8bit_flucol594_kpcclusters_800nm_poc0_60745_20x_g55_1_MMStack_Pos0_t23_s9,9,98.80462603,53.09321587,0.910105778,5.743252698,107.1,44.348,0.92378,5.6323,315.0,315.0,53.38082735,24.46086775,0.059886771,1.052751924,18.0,18.0,12546,18.8947,10137,367,27.6213,88,1.3988,0.0245,0.2673,0.09395,262144,23,0
maskappliedISO8bit_flucol594_kpcclusters_800nm_poc0_60745_20x_g55_1_MMStack_Pos0_t24_s1,1,100.203502,56.59355518,0.906662876,5.585344147,107.47,46.467,0.92212,5.4977,299.0,299.0,55.599452,34.04700509,0.062204805,1.010673892,2.0,2.0,12004,19.8381,9727,383,25.3969,70,1.3895,0.0243,0.1048,0.07392,262144,24,0
maskappliedISO8bit_flucol594_kpcclusters_800nm_poc0_60745_20x_g55_1_MMStack_Pos0_t24_s10,10,99.11057029,58.44408307,0.901520319,5.654021725,108.43,48.641,0.91765,5.5062,313.0,313.0,56.03891947,30.54723356,0.074446032,1.070422498,20.0,20.0,12911,18.304,10680,426,25.0704,80,1.4111,0.0232,0.2876,0.08909,262144,24,0
maskappliedISO8bit_flucol594_kpcclusters_800nm_poc0_60745_20x_g55_1_MMStack_Pos0_t24_s11,11,95.48233785,58.48559621,0.905349148,5.739125868,104.19,49.262,0.92673,5.5989,317.0,317.0,56.69067587,27.51782103,0.074612298,1.10724003,22.0,22.0,12817,18.4529,10528,449,23.4477,73,1.409,0.0269,0.3113,0.07953,262144,24,0
maskappliedISO8bit_flucol594_kpcclusters_800nm_poc0_60745_20x_g55_1_MMStack_Pos0_t24_s12,12,99.26834645,61.75469932,0.907777196,5.845984459,106.47,52.222,0.927685,5.66625,296.0,296.0,55.38731751,30.93650643,0.073748118,1.152966203,24.0,24.0,13113,17.9912,10667,410,26.0171,79,1.4134,0.0294,0.3353,0.0749,262144,24,0
maskappliedISO8bit_flucol594_kpcclusters_800nm_poc0_60745_20x_g55_1_MMStack_Pos0_t24_s13,13,95.70727806,59.72181935,0.909622194,5.757117097,101.995,49.8605,0.92163,5.6069,310.0,310.0,56.63184779,28.76914949,0.05574235,1.099078808,26.0,26.0,13564,17.3265,11125,433,25.6928,87,1.4209,0.024,0.3628,0.08404,262144,24,0
maskappliedISO8bit_flucol594_kpcclusters_800nm_poc0_60745_20x_g55_1_MMStack_Pos0_t24_s14,14,98.35310828,59.75581847,0.907755223,5.654186943,105.945,49.964,0.927875,5.49755,314.0,314.0,57.0400198,31.81204497,0.070481563,1.142625383,28.0,28.0,13751,17.0637,11260,451,24.9667,93,1.4263,0.0251,0.3787,0.07477,262144,24,0
maskappliedISO8bit_flucol594_kpcclusters_800nm_poc0_60745_20x_g55_1_MMStack_Pos0_t24_s15,15,102.8240824,57.43652516,0.909142799,5.830716352,112.465,48.0995,0.924575,5.63265,318.0,318.0,54.42722772,28.35311409,0.062224359,1.173756169,30.0,30.0,14021,16.6966,11472,411,27.9124,115,1.4311,0.0229,0.3861,0.09564,262144,24,0
maskappliedISO8bit_flucol594_kpcclusters_800nm_poc0_60745_20x_g55_1_MMStack_Pos0_t24_s16,16,100.7551505,59.89305329,0.900586865,5.740905016,110.92,51.317,0.91654,5.6534,319.0,319.0,55.43652157,28.18426411,0.063268416,1.097266838,32.0,32.0,14167,16.5039,11413,449,25.4187,100,1.4326,0.027,0.3857,0.09736,262144,24,0
maskappliedISO8bit_flucol594_kpcclusters_800nm_poc0_60745_20x_g55_1_MMStack_Pos0_t24_s17,17,104.8033501,61.30376282,0.906510769,5.636953846,117.525,52.634,0.92169,5.4994,312.0,312.0,55.91516244,29.29429358,0.067141201,1.037895516,34.0,34.0,14158,16.5157,11490,451,25.4767,99,1.4352,0.0234,0.3793,0.1096,262144,24,0
maskappliedISO8bit_flucol594_kpcclusters_800nm_poc0_60745_20x_g55_1_MMStack_Pos0_t24_s18,18,101.2892611,62.09926246,0.903678339,5.570712292,110.66,54.03,0.92168,5.5541,301.0,301.0,56.83480238,34.46722463,0.07045879,0.899474904,36.0,36.0,14230,16.422,11736,436,26.9174,105,1.4331,0.0233,0.3711,0.09461,262144,24,0
maskappliedISO8bit_flucol594_kpcclusters_800nm_poc0_60745_20x_g55_1_MMStack_Pos0_t24_s19,19,102.4834061,62.81874121,0.903073994,5.51412524,112.46,51.277,0.91621,5.398,313.0,313.0,56.43943844,34.32894418,0.066095939,0.991670286,38.0,38.0,13918,16.835,11520,453,25.4305,107,1.4319,0.026,0.3575,0.1115,262144,24,0
maskappliedISO8bit_flucol594_kpcclusters_800nm_poc0_60745_20x_g55_1_MMStack_Pos0_t24_s2,2,96.33909937,55.85173668,0.905236708,5.67983605,105.59,48.241,0.92381,5.6334,319.0,319.0,56.88178009,25.31151573,0.074143046,1.019811221,4.0,4.0,12566,18.8614,10209,341,29.9384,91,1.3997,0.0279,0.1076,0.07327,262144,24,0
maskappliedISO8bit_flucol594_kpcclusters_800nm_poc0_60745_20x_g55_1_MMStack_Pos0_t24_s20,20,104.1776198,60.88621407,0.905061713,5.452395413,118.3,50.915,0.9239,5.3755,327.0,327.0,57.98307587,30.5127117,0.069597684,0.96543198,40.0,40.0,13721,17.1054,11337,414,27.3841,91,1.4257,0.0234,0.3229,0.1101,262144,24,0
maskappliedISO8bit_flucol594_kpcclusters_800nm_poc0_60745_20x_g55_1_MMStack_Pos0_t24_s21,21,104.1370762,60.82637342,0.910035475,5.591785127,113.885,51.963,0.928255,5.42235,316.0,316.0,57.38034955,31.40614103,0.065088726,1.080770573,42.0,42.0,14107,16.5826,11605,426,27.2418,90,1.4329,0.0264,0.2894,0.0953,262144,24,0
maskappliedISO8bit_flucol594_kpcclusters_800nm_poc0_60745_20x_g55_1_MMStack_Pos0_t24_s22,22,96.09943125,58.45947866,0.906051768,5.523892073,106.455,48.7125,0.92649,5.3749,328.0,328.0,58.24655621,29.92720984,0.067251675,1.075671884,44.0,44.0,14014,16.7059,11522,371,31.0566,87,1.4278,0.0286,0.2661,0.0907,262144,24,0
maskappliedISO8bit_flucol594_kpcclusters_800nm_poc0_60745_20x_g55_1_MMStack_Pos0_t24_s23,23,90.52505977,61.65042345,0.90990645,5.538251466,99.462,52.732,0.93014,5.4413,307.0,307.0,58.90978356,31.77342147,0.066326042,1.070097091,46.0,46.0,13348,17.6393,11057,367,30.1281,105,1.4147,0.0242,0.2317,0.07258,262144,24,0
maskappliedISO8bit_flucol594_kpcclusters_800nm_poc0_60745_20x_g55_1_MMStack_Pos0_t24_s24,24,89.70906146,60.73833113,0.910062881,5.548511258,92.9405,53.712,0.92891,5.4383,302.0,302.0,57.76428111,31.31570176,0.069961163,1.03646146,48.0,48.0,13191,17.873,10906,366,29.7978,74,1.4098,0.0267,0.1977,0.07231,262144,24,0
maskappliedISO8bit_flucol594_kpcclusters_800nm_poc0_60745_20x_g55_1_MMStack_Pos0_t24_s25,25,98.23817306,60.48779811,0.905893975,5.344930915,107.88,49.061,0.9214,5.1714,317.0,317.0,57.0588743,32.41524906,0.066132276,0.994861207,50.0,50.0,12956,18.2335,10613,379,28.0026,75,1.4063,0.0267,0.1801,0.08152,262144,24,0
maskappliedISO8bit_flucol594_kpcclusters_800nm_poc0_60745_20x_g55_1_MMStack_Pos0_t24_s26,26,91.44091566,60.90911621,0.904260306,5.434919266,99.246,53.788,0.92896,5.2794,327.0,327.0,59.26632531,27.46024167,0.075692809,1.018084977,52.0,52.0,13376,17.5982,10936,382,28.6283,96,1.4187,0.0257,0.1765,0.0829,262144,24,0
maskappliedISO8bit_flucol594_kpcclusters_800nm_poc0_60745_20x_g55_1_MMStack_Pos0_t24_s27,27,93.37831677,60.9256871,0.912071871,5.525724516,97.0875,52.711,0.92838,5.3821,310.0,310.0,59.67033192,29.2782505,0.06011057,1.050485308,54.0,54.0,13559,17.3336,11092,377,29.4218,102,1.4217,0.0255,0.1807,0.08975,262144,24,0
maskappliedISO8bit_flucol594_kpcclusters_800nm_poc0_60745_20x_g55_1_MMStack_Pos0_t24_s28,28,100.6665034,59.8999247,0.907339307,5.353999096,111.185,49.1035,0.92553,5.17065,332.0,332.0,57.02339676,33.65485611,0.065855464,0.97389738,56.0,56.0,13842,16.9384,11500,374,30.7487,110,1.426,0.0293,0.2405,0.09695,262144,24,0
maskappliedISO8bit_flucol594_kpcclusters_800nm_poc0_60745_20x_g55_1_MMStack_Pos0_t24_s3,3,98.96297619,57.40767687,0.904972789,5.683282993,108.425,47.9265,0.914805,5.5894,294.0,294.0,54.22742028,28.88171645,0.059530128,1.024753431,6.0,6.0,11750,20.3102,9498,358,26.5307,69,1.38,0.0283,0.1294,0.08028,262144,24,0
maskappliedISO8bit_flucol594_kpcclusters_800nm_poc0_60745_20x_g55_1_MMStack_Pos0_t24_s4,4,98.97119058,58.07786348,0.906354369,5.596024915,102.72,49.119,0.92029,5.5124,293.0,293.0,54.90015597,27.91069359,0.066654418,0.970761662,8.0,8.0,11885,20.0568,9771,387,25.2481,64,1.3805,0.0247,0.1525,0.08487,262144,24,0
maskappliedISO8bit_flucol594_kpcclusters_800nm_poc0_60745_20x_g55_1_MMStack_Pos0_t24_s5,5,100.8690833,56.12093333,0.900970767,5.448046667,110.91,48.4835,0.9276,5.337,300.0,300.0,54.48495252,25.17015362,0.08256929,1.007190042,10.0,10.0,12440,19.0727,10167,383,26.5457,91,1.3987,0.0243,0.1691,0.09556,262144,24,0
maskappliedISO8bit_flucol594_kpcclusters_800nm_poc0_60745_20x_g55_1_MMStack_Pos0_t24_s6,6,100.0888525,56.59579355,0.903575226,5.503323226,110.59,46.893,0.918475,5.393,310.0,310.0,52.98377676,25.96829797,0.070362321,1.003890543,12.0,12.0,12239,19.4188,9877,372,26.5511,77,1.3966,0.0231,0.1926,0.1148,262144,24,0
maskappliedISO8bit_flucol594_kpcclusters_800nm_poc0_60745_20x_g55_1_MMStack_Pos0_t24_s7,7,98.69513946,57.60147003,0.910914479,5.831987066,103.82,48.401,0.92799,5.6964,317.0,317.0,53.7637108,26.06416572,0.062138212,1.168832554,14.0,14.0,12111,19.6452,10001,378,26.4577,70,1.3954,0.0283,0.2166,0.08868,262144,24,0
maskappliedISO8bit_flucol594_kpcclusters_800nm_poc0_60745_20x_g55_1_MMStack_Pos0_t24_s8,8,100.9442503,56.84330341,0.913102632,5.735335913,105.42,49.226,0.92821,5.5611,323.0,323.0,52.69735742,26.25140627,0.06372979,1.069080416,16.0,16.0,12107,19.6523,9898,378,26.1852,71,1.391,0.0266,0.2411,0.09153,262144,24,0
maskappliedISO8bit_flucol594_kpcclusters_800nm_poc0_60745_20x_g55_1_MMStack_Pos0_t24_s9,9,95.8820445,56.27802251,0.903471865,5.716021543,101.31,46.067,0.92376,5.5681,311.0,311.0,56.18055713,31.19667545,0.06959108,1.113633465,18.0,18.0,12296,19.3195,9966,385,25.8857,77,1.3958,0.0312,0.2676,0.09366,262144,24,0
maskappliedISO8bit_flucol594_kpcclusters_800nm_poc0_60745_20x_g55_1_MMStack_Pos0_t25_s1,1,97.34105567,56.09595333,0.9137782,5.544197,105.51,48.908,0.92831,5.4429,300.0,300.0,56.53854885,26.18769111,0.058776133,0.955834192,2.0,2.0,12124,19.622,9937,373,26.6408,69,1.3936,0.0249,0.1025,0.06344,262144,25,0
maskappliedISO8bit_flucol594_kpcclusters_800nm_poc0_60745_20x_g55_1_MMStack_Pos0_t25_s10,10,99.0405054,56.96255873,0.908090476,5.733206667,109.03,48.249,0.92283,5.564,315.0,315.0,55.60681821,26.52344452,0.067141065,1.134640042,20.0,20.0,13140,17.9501,10751,403,26.6774,109,1.4123,0.0251,0.2897,0.09787,262144,25,0
maskappliedISO8bit_flucol594_kpcclusters_800nm_poc0_60745_20x_g55_1_MMStack_Pos0_t25_s11,11,99.8801351,56.1735549,0.907416499,5.696216914,110.28,48.102,0.92538,5.6067,337.0,337.0,54.18629158,26.84910513,0.064381268,1.143723515,22.0,22.0,12959,18.2288,10667,409,26.0807,85,1.4117,0.0264,0.3106,0.07053,262144,25,0
maskappliedISO8bit_flucol594_kpcclusters_800nm_poc0_60745_20x_g55_1_MMStack_Pos0_t25_s12,12,100.1626948,56.4121756,0.904391786,5.76824256,107.065,49.19,0.92375,5.6379,336.0,336.0,54.82708402,24.86947307,0.071592364,1.163729716,24.0,24.0,12853,18.3956,10576,431,24.5383,73,1.4123,0.0265,0.3339,0.05639,262144,25,0
maskappliedISO8bit_flucol594_kpcclusters_800nm_poc0_60745_20x_g55_1_MMStack_Pos0_t25_s13,13,97.76920991,57.67937152,0.907636502,5.849392879,105.95,48.554,0.92727,5.7208,323.0,323.0,55.118611,28.60249129,0.072291345,1.146405507,26.0,26.0,13870,16.9001,11355,386,29.4171,97,1.4258,0.0258,0.3608,0.08591,262144,25,0
maskappliedISO8bit_flucol594_kpcclusters_800nm_poc0_60745_20x_g55_1_MMStack_Pos0_t25_s14,14,96.54265267,59.67094025,0.901565314,5.762112579,104.15,48.451,0.916925,5.59975,318.0,318.0,56.32696942,30.15074568,0.068917657,1.174233774,28.0,28.0,13592,17.2867,11063,480,23.0479,65,1.4228,0.0264,0.372,0.06399,262144,25,0
maskappliedISO8bit_flucol594_kpcclusters_800nm_poc0_60745_20x_g55_1_MMStack_Pos0_t25_s15,15,103.4087586,60.14921233,0.903852911,5.810319178,109.435,50.247,0.919795,5.69355,292.0,292.0,54.29700169,29.42456122,0.066095836,1.134089841,30.0,30.0,13523,17.3851,11019,416,26.488,96,1.4209,0.0227,0.3808,0.1078,262144,25,0
maskappliedISO8bit_flucol594_kpcclusters_800nm_poc0_60745_20x_g55_1_MMStack_Pos0_t25_s16,16,102.4331976,58.21992447,0.905678157,5.809714804,113.36,50.483,0.92202,5.6328,331.0,331.0,55.21339692,28.67096241,0.063840211,1.171332057,32.0,32.0,14121,16.5642,11397,420,27.1357,96,1.4315,0.0242,0.3811,0.1035,262144,25,0
maskappliedISO8bit_flucol594_kpcclusters_800nm_poc0_60745_20x_g55_1_MMStack_Pos0_t25_s17,17,103.8434764,59.32694627,0.911756716,5.713930149,116.1,48.377,0.9296,5.613,335.0,335.0,55.87141248,31.5981632,0.06313794,1.101387032,34.0,34.0,14496,16.084,11831,440,26.8886,106,1.4373,0.0292,0.3784,0.1082,262144,25,0
maskappliedISO8bit_flucol594_kpcclusters_800nm_poc0_60745_20x_g55_1_MMStack_Pos0_t25_s18,18,99.96787473,61.79054984,0.904593023,5.64077074,108.43,49.501,0.92098,5.5681,311.0,311.0,57.7108942,32.91879354,0.071299062,0.986434337,36.0,36.0,13923,16.8282,11420,444,25.7207,82,1.4285,0.0248,0.3696,0.1006,262144,25,0
maskappliedISO8bit_flucol594_kpcclusters_800nm_poc0_60745_20x_g55_1_MMStack_Pos0_t25_s19,19,98.00874349,58.23788081,0.912211105,5.596468314,108.055,47.826,0.92952,5.43025,344.0,344.0,59.31145707,29.97111159,0.05851534,1.07871345,38.0,38.0,13803,16.9919,11346,438,25.9041,103,1.4284,0.0281,0.3576,0.1042,262144,25,0
maskappliedISO8bit_flucol594_kpcclusters_800nm_poc0_60745_20x_g55_1_MMStack_Pos0_t25_s2,2,92.93218678,54.15902548,0.913506051,5.563435987,102.705,45.7825,0.929345,5.4457,314.0,314.0,56.41629713,26.21326765,0.059813858,1.070043704,4.0,4.0,12099,19.6667,9770,367,26.6213,66,1.391,0.026,0.1048,0.07509,262144,25,0
maskappliedISO8bit_flucol594_kpcclusters_800nm_poc0_60745_20x_g55_1_MMStack_Pos0_t25_s20,20,100.8138514,62.18237195,0.904922073,5.500340549,110.995,51.4425,0.92233,5.46745,328.0,328.0,57.42815083,34.68689751,0.061601945,0.942364884,40.0,40.0,13822,16.9658,11402,416,27.4087,94,1.428,0.0246,0.3136,0.09601,262144,25,0
maskappliedISO8bit_flucol594_kpcclusters_800nm_poc0_60745_20x_g55_1_MMStack_Pos0_t25_s21,21,97.07858034,59.92419814,0.906861486,5.504975232,106.23,49.669,0.92229,5.3449,323.0,323.0,57.35618677,29.82812363,0.06815077,1.038760755,42.0,42.0,14020,16.6979,11435,396,28.8763,91,1.428,0.0249,0.2809,0.09702,262144,25,0
maskappliedISO8bit_flucol594_kpcclusters_800nm_poc0_60745_20x_g55_1_MMStack_Pos0_t25_s22,22,99.37988681,60.10921406,0.914681214,5.57521278,106.97,50.303,0.92827,5.4464,313.0,313.0,56.27025501,30.6831553,0.059064812,1.109576122,44.0,44.0,13996,16.73,11419,383,29.8146,96,1.4229,0.0275,0.2576,0.08889,262144,25,0
maskappliedISO8bit_flucol594_kpcclusters_800nm_poc0_60745_20x_g55_1_MMStack_Pos0_t25_s23,23,89.50546613,60.9362649,0.91159447,5.54259702,95.1265,52.089,0.929125,5.3755,302.0,302.0,58.02340247,30.77930741,0.063072508,1.030720532,46.0,46.0,13365,17.6143,10984,364,30.1758,101,1.4154,0.0223,0.224,0.06432,262144,25,0
maskappliedISO8bit_flucol594_kpcclusters_800nm_poc0_60745_20x_g55_1_MMStack_Pos0_t25_s24,24,92.48796862,63.92661484,0.910051837,5.48834735,98.379,51.751,0.92527,5.3411,283.0,283.0,57.8477433,38.39628698,0.058621954,0.983898635,48.0,48.0,13004,18.1588,10817,375,28.8453,77,1.4096,0.0259,0.1921,0.07566,262144,25,0
maskappliedISO8bit_flucol594_kpcclusters_800nm_poc0_60745_20x_g55_1_MMStack_Pos0_t25_s25,25,94.17527272,61.12538658,0.911412077,5.440638019,100.54,50.588,0.92902,5.2498,313.0,313.0,57.6308123,33.87723034,0.063129866,1.015780208,50.0,50.0,12905,18.3134,10666,367,29.0627,83,1.4067,0.0249,0.1757,0.07679,262144,25,0
maskappliedISO8bit_flucol594_kpcclusters_800nm_poc0_60745_20x_g55_1_MMStack_Pos0_t25_s26,26,91.31603747,61.51446951,0.907472988,5.480103963,96.1485,51.704,0.923085,5.27815,328.0,328.0,57.27246014,31.10102305,0.069156646,1.084598258,52.0,52.0,13238,17.8025,10895,399,27.3058,112,1.4147,0.0251,0.1703,0.08194,262144,25,0
maskappliedISO8bit_flucol594_kpcclusters_800nm_poc0_60745_20x_g55_1_MMStack_Pos0_t25_s27,27,95.21152043,58.87819505,0.911913746,5.46039226,100.54,48.993,0.92754,5.2791,323.0,323.0,57.55010874,30.32424393,0.065577144,1.033073465,54.0,54.0,13422,17.531,11105,388,28.6211,97,1.4166,0.0294,0.1763,0.07594,262144,25,0
maskappliedISO8bit_flucol594_kpcclusters_800nm_poc0_60745_20x_g55_1_MMStack_Pos0_t25_s28,28,95.29983868,60.52378769,0.907996492,5.460942462,104.04,50.546,0.92463,5.3244,325.0,325.0,57.70289249,35.1593852,0.05993849,1.017028211,56.0,56.0,14122,16.5629,11607,399,29.0902,116,1.4287,0.0281,0.2333,0.1029,262144,25,0
maskappliedISO8bit_flucol594_kpcclusters_800nm_poc0_60745_20x_g55_1_MMStack_Pos0_t25_s3,3,96.74327893,54.75785849,0.904381006,5.587343396,103.665,44.715,0.925215,5.5437,318.0,318.0,55.59541787,27.18760713,0.074304129,1.004001618,6.0,6.0,11922,19.9883,9661,375,25.7627,69,1.3836,0.0294,0.1236,0.06936,262144,25,0
maskappliedISO8bit_flucol594_kpcclusters_800nm_poc0_60745_20x_g55_1_MMStack_Pos0_t25_s4,4,96.51949263,57.75842807,0.902660281,5.52641193,102.88,47.93,0.92238,5.4023,285.0,285.0,56.10898688,28.58149851,0.075556987,1.016547022,8.0,8.0,11852,20.1182,9767,374,26.115,68,1.3801,0.023,0.148,0.06909,262144,25,0
maskappliedISO8bit_flucol594_kpcclusters_800nm_poc0_60745_20x_g55_1_MMStack_Pos0_t25_s5,5,100.157962,54.48299681,0.909113546,5.496010224,108.03,47.411,0.92359,5.3615,313.0,313.0,54.32238231,24.03932445,0.059848722,1.042062798,10.0,10.0,12052,19.7512,9881,385,25.6649,66,1.3918,0.0252,0.1683,0.1143,262144,25,0
maskappliedISO8bit_flucol594_kpcclusters_800nm_poc0_60745_20x_g55_1_MMStack_Pos0_t25_s6,6,100.4120117,57.26586435,0.905863912,5.411041956,113.5,49.453,0.92271,5.331,317.0,317.0,54.55330425,27.88513901,0.069059106,0.946197917,12.0,12.0,12451,19.0541,10185,382,26.6623,84,1.4021,0.0255,0.1884,0.1243,262144,25,0
maskappliedISO8bit_flucol594_kpcclusters_800nm_poc0_60745_20x_g55_1_MMStack_Pos0_t25_s7,7,105.6882088,57.17752733,0.90961283,5.62443955,112.48,48.684,0.92614,5.4986,311.0,311.0,52.03056602,26.77429041,0.06854913,0.996198749,14.0,14.0,12038,19.7765,9852,353,27.9093,67,1.3875,0.027,0.2187,0.1145,262144,25,0
maskappliedISO8bit_flucol594_kpcclusters_800nm_poc0_60745_20x_g55_1_MMStack_Pos0_t25_s8,8,95.05730283,56.45981761,0.907920597,5.721322013,99.859,49.652,0.926535,5.51745,318.0,318.0,55.08868115,27.0331525,0.076718237,1.058945738,16.0,16.0,11870,20.0847,9771,369,26.4797,81,1.3854,0.0278,0.2399,0.08668,262144,25,0
maskappliedISO8bit_flucol594_kpcclusters_800nm_poc0_60745_20x_g55_1_MMStack_Pos0_t25_s9,9,97.20460402,57.09864952,0.906408457,5.790175563,103.71,48.763,0.9261,5.5407,311.0,311.0,55.6428687,28.03608631,0.075444842,1.108627099,18.0,18.0,12091,19.681,9869,378,26.1085,79,1.3893,0.0278,0.2668,0.09375,262144,25,0
maskappliedISO8bit_flucol594_kpcclusters_800nm_poc0_60745_20x_g55_1_MMStack_Pos0_t2_s1,1,98.80810927,54.92425828,0.906361689,5.563873841,102.48,47.004,0.92293,5.43975,302.0,302.0,54.85789037,23.99702939,0.068793513,1.019302536,2.0,2.0,12062,19.7331,9804,402,24.3881,54,1.3866,0.0301,0.1697,0.1138,262144,2,0
maskappliedISO8bit_flucol594_kpcclusters_800nm_poc0_60745_20x_g55_1_MMStack_Pos0_t2_s10,10,104.6755688,62.51663455,0.904582326,5.675030565,115.11,51.482,0.92028,5.5393,301.0,301.0,54.3126017,32.97074132,0.065923787,1.172064903,20.0,20.0,13473,17.4571,10964,409,26.8068,84,1.4177,0.0281,0.3416,0.1236,262144,2,0
maskappliedISO8bit_flucol594_kpcclusters_800nm_poc0_60745_20x_g55_1_MMStack_Pos0_t2_s11,11,106.3141251,59.81007792,0.9070125,5.757791234,119.125,51.3415,0.927,5.6205,308.0,308.0,53.13758941,29.90671052,0.071185816,1.175547617,22.0,22.0,13571,17.3166,11181,424,26.3703,93,1.4172,0.023,0.3397,0.1273,262144,2,0
maskappliedISO8bit_flucol594_kpcclusters_800nm_poc0_60745_20x_g55_1_MMStack_Pos0_t2_s12,12,103.5119853,58.27935632,0.904255345,5.626966092,111.885,49.117,0.919635,5.50025,348.0,348.0,54.62099778,30.26679025,0.070034477,0.981765506,24.0,24.0,14059,16.6461,11483,433,26.5196,104,1.4307,0.0246,0.3602,0.1124,262144,2,0
maskappliedISO8bit_flucol594_kpcclusters_800nm_poc0_60745_20x_g55_1_MMStack_Pos0_t2_s13,13,104.8938285,60.10944479,0.904150368,5.618938957,117.465,49.3715,0.918775,5.3938,326.0,326.0,55.9773028,32.0348445,0.062605577,1.013888705,26.0,26.0,14710,15.8209,12010,453,26.5121,100,1.4454,0.0254,0.3773,0.1319,262144,2,0
maskappliedISO8bit_flucol594_kpcclusters_800nm_poc0_60745_20x_g55_1_MMStack_Pos0_t2_s14,14,106.8663304,58.26275684,0.906835684,5.59717386,123.69,50.391,0.92682,5.4618,329.0,329.0,55.94246905,27.10727902,0.062212681,1.112287483,28.0,28.0,13655,17.1977,11219,424,26.4599,82,1.4233,0.0277,0.3695,0.1398,262144,2,0
maskappliedISO8bit_flucol594_kpcclusters_800nm_poc0_60745_20x_g55_1_MMStack_Pos0_t2_s15,15,107.8444407,61.22435238,0.90971981,5.567317143,119.13,51.981,0.92132,5.4121,315.0,315.0,54.57801364,32.05702876,0.064018365,1.019393811,30.0,30.0,13489,17.434,11171,423,26.409,91,1.4252,0.0302,0.3437,0.1338,262144,2,0
maskappliedISO8bit_flucol594_kpcclusters_800nm_poc0_60745_20x_g55_1_MMStack_Pos0_t2_s16,16,104.9178152,61.29458086,0.903379604,5.510921122,115.35,51.561,0.9175,5.4412,303.0,303.0,56.81459041,31.21832372,0.066418162,1.003532328,32.0,32.0,14221,16.4337,11633,433,26.8661,100,1.4323,0.0188,0.3022,0.1302,262144,2,0
maskappliedISO8bit_flucol594_kpcclusters_800nm_poc0_60745_20x_g55_1_MMStack_Pos0_t2_s17,17,105.4984863,61.24849196,0.907014791,5.407370418,117.55,51.912,0.92469,5.3176,311.0,311.0,55.87577174,32.11314156,0.067457991,0.93658333,34.0,34.0,13806,16.9878,11486,411,27.9465,99,1.4277,0.026,0.2683,0.1277,262144,2,0
maskappliedISO8bit_flucol594_kpcclusters_800nm_poc0_60745_20x_g55_1_MMStack_Pos0_t2_s18,18,105.9284764,61.29608766,0.914111494,5.492890584,120.005,51.1305,0.931035,5.3709,308.0,308.0,54.90899113,33.13330871,0.069565276,1.019392962,36.0,36.0,14242,16.4065,11706,356,32.882,104,1.4335,0.0234,0.2502,0.1237,262144,2,0
maskappliedISO8bit_flucol594_kpcclusters_800nm_poc0_60745_20x_g55_1_MMStack_Pos0_t2_s19,19,96.26991702,60.57045768,0.909058683,5.434671787,107.1,50.992,0.92812,5.3696,319.0,319.0,57.49109527,32.71081554,0.064169552,0.983292922,38.0,38.0,13969,16.7662,11510,356,32.3315,120,1.4259,0.0255,0.2156,0.09237,262144,2,0
maskappliedISO8bit_flucol594_kpcclusters_800nm_poc0_60745_20x_g55_1_MMStack_Pos0_t2_s2,2,101.4914875,54.30084568,0.909696728,5.643062963,109.59,45.752,0.92731,5.5165,324.0,324.0,53.06522587,24.75119608,0.064640327,0.998711202,4.0,4.0,12230,19.4346,9966,401,24.8529,60,1.3926,0.0256,0.1738,0.1008,262144,2,0
maskappliedISO8bit_flucol594_kpcclusters_800nm_poc0_60745_20x_g55_1_MMStack_Pos0_t2_s20,20,91.1825961,58.95702597,0.913076526,5.542506169,99.581,50.9885,0.92933,5.38605,308.0,308.0,58.80073416,27.56516868,0.059744338,1.090110262,40.0,40.0,13378,17.5952,11162,369,30.2493,86,1.4161,0.0265,0.1991,0.07358,262144,2,0
maskappliedISO8bit_flucol594_kpcclusters_800nm_poc0_60745_20x_g55_1_MMStack_Pos0_t2_s21,21,96.90391967,58.7518,0.917606164,5.378212459,109.54,49.53,0.93155,5.2823,305.0,305.0,59.44653591,28.77289735,0.058767105,1.000023815,42.0,42.0,13148,17.938,10786,358,30.1285,93,1.4124,0.0257,0.1828,0.08983,262144,2,0
maskappliedISO8bit_flucol594_kpcclusters_800nm_poc0_60745_20x_g55_1_MMStack_Pos0_t2_s22,22,101.0090642,61.1768123,0.914613139,5.448296117,111.5,52.276,0.92716,5.3059,309.0,309.0,55.17893746,33.66695425,0.057988693,0.993679572,44.0,44.0,13161,17.9183,10738,358,29.9944,79,1.4127,0.0258,0.1787,0.1115,262144,2,0
maskappliedISO8bit_flucol594_kpcclusters_800nm_poc0_60745_20x_g55_1_MMStack_Pos0_t2_s23,23,98.99614771,63.06255882,0.908632124,5.377561111,106.83,52.4805,0.924525,5.25465,306.0,306.0,57.26377812,34.34901926,0.065766163,1.00740347,46.0,46.0,13401,17.5616,10949,375,29.1973,97,1.4193,0.0238,0.184,0.09336,262144,2,0
maskappliedISO8bit_flucol594_kpcclusters_800nm_poc0_60745_20x_g55_1_MMStack_Pos0_t2_s24,24,98.00957317,65.66889895,0.905868293,5.408539024,106.53,52.967,0.92384,5.2316,287.0,287.0,55.84126076,41.17356328,0.07153558,0.997245541,48.0,48.0,13600,17.2754,11228,376,29.8617,98,1.4199,0.0298,0.1838,0.08775,262144,2,0
maskappliedISO8bit_flucol594_kpcclusters_800nm_poc0_60745_20x_g55_1_MMStack_Pos0_t2_s25,25,101.6153804,61.99377707,0.914574045,5.483204777,110.435,52.939,0.92905,5.32265,314.0,314.0,55.12510187,32.1117561,0.060096728,1.007850319,50.0,50.0,13793,17.0057,11386,370,30.773,98,1.4245,0.0308,0.2192,0.1134,262144,2,0
maskappliedISO8bit_flucol594_kpcclusters_800nm_poc0_60745_20x_g55_1_MMStack_Pos0_t2_s26,26,101.4564,62.06291925,0.916974907,5.346613665,114.82,52.044,0.93145,5.1984,322.0,322.0,58.27269636,32.31298844,0.06294885,0.981870669,52.0,52.0,14403,16.2007,11751,375,31.336,94,1.4357,0.0269,0.2659,0.1339,262144,2,0
maskappliedISO8bit_flucol594_kpcclusters_800nm_poc0_60745_20x_g55_1_MMStack_Pos0_t2_s27,27,96.94342638,62.2058773,0.912669509,5.420362577,106.835,51.6325,0.928025,5.37145,326.0,326.0,56.33495477,33.33319479,0.063031807,0.994409933,54.0,54.0,14683,15.8536,12071,417,28.9472,114,1.4429,0.026,0.3674,0.1116,262144,2,0
maskappliedISO8bit_flucol594_kpcclusters_800nm_poc0_60745_20x_g55_1_MMStack_Pos0_t2_s28,28,99.33981348,61.72936615,0.910169785,5.481679385,107.78,50.071,0.92607,5.3281,325.0,325.0,56.21418892,32.2911317,0.061455279,1.095995166,56.0,56.0,15151,15.3022,12367,472,26.2013,115,1.4536,0.0283,0.4452,0.0933,262144,2,0
maskappliedISO8bit_flucol594_kpcclusters_800nm_poc0_60745_20x_g55_1_MMStack_Pos0_t2_s3,3,104.7821377,56.69366885,0.906773869,5.595418033,115.73,49.476,0.9244,5.4565,305.0,305.0,53.66432629,25.36368704,0.062011377,1.062119304,6.0,6.0,11785,20.244,9541,338,28.2278,74,1.384,0.0256,0.2032,0.09579,262144,2,0
maskappliedISO8bit_flucol594_kpcclusters_800nm_poc0_60745_20x_g55_1_MMStack_Pos0_t2_s4,4,103.148176,57.87984084,0.904687568,5.634014414,112.42,48.388,0.9202,5.4435,333.0,333.0,54.06732368,27.57188464,0.064849505,1.102317,8.0,8.0,12505,18.9632,10239,383,26.7337,75,1.3975,0.0291,0.2533,0.09629,262144,2,0
maskappliedISO8bit_flucol594_kpcclusters_800nm_poc0_60745_20x_g55_1_MMStack_Pos0_t2_s5,5,104.8208253,59.42599035,0.909409293,5.556672347,113.9,50.324,0.92356,5.4451,311.0,311.0,53.88606615,28.96763556,0.065655447,1.042468651,10.0,10.0,12985,18.1883,10690,437,24.4622,83,1.4117,0.0254,0.2747,0.119,262144,2,0
maskappliedISO8bit_flucol594_kpcclusters_800nm_poc0_60745_20x_g55_1_MMStack_Pos0_t2_s6,6,101.1147565,57.04160635,0.902886508,5.698941905,109.98,49.35,0.92136,5.5464,315.0,315.0,53.77383092,28.48679384,0.0736386,1.083014067,12.0,12.0,12983,18.1914,10566,386,27.3731,86,1.4145,0.0239,0.2852,0.1112,262144,2,0
maskappliedISO8bit_flucol594_kpcclusters_800nm_poc0_60745_20x_g55_1_MMStack_Pos0_t2_s7,7,104.1755048,58.60437538,0.910076431,5.639544615,115.97,50.213,0.9304,5.5636,325.0,325.0,53.24068217,30.47783797,0.068199682,1.075872571,14.0,14.0,13264,17.7636,10921,402,27.1667,93,1.4152,0.025,0.2939,0.1028,262144,2,0
maskappliedISO8bit_flucol594_kpcclusters_800nm_poc0_60745_20x_g55_1_MMStack_Pos0_t2_s8,8,100.9777642,59.47982595,0.909350443,5.633488924,108.73,50.003,0.921345,5.58335,316.0,316.0,55.79544799,31.60933536,0.056385143,1.181386891,16.0,16.0,13326,17.6717,10895,445,24.4831,88,1.4181,0.0264,0.3198,0.09857,262144,2,0
maskappliedISO8bit_flucol594_kpcclusters_800nm_poc0_60745_20x_g55_1_MMStack_Pos0_t2_s9,9,101.8537516,59.42327124,0.906695686,5.704465033,111.03,51.918,0.92433,5.48725,306.0,306.0,53.70422974,27.07108849,0.068212651,1.188565542,18.0,18.0,13172,17.9017,10712,439,24.4009,89,1.4136,0.0271,0.3404,0.1057,262144,2,0
maskappliedISO8bit_flucol594_kpcclusters_800nm_poc0_60745_20x_g55_1_MMStack_Pos0_t3_s1,1,99.67365529,57.16802288,0.916082124,5.566863725,109.68,49.312,0.92941,5.4422,306.0,306.0,54.79681033,28.19731681,0.057604609,0.997286835,2.0,2.0,12416,19.1135,10016,379,26.4274,84,1.3951,0.0198,0.1656,0.1168,262144,3,0
maskappliedISO8bit_flucol594_kpcclusters_800nm_poc0_60745_20x_g55_1_MMStack_Pos0_t3_s10,10,104.356278,60.87887213,0.903650951,5.707982951,117.35,50.917,0.92938,5.4819,305.0,305.0,53.77806342,29.71560507,0.076818137,1.219962702,20.0,20.0,13391,17.5762,10944,437,25.0435,84,1.4161,0.0246,0.3459,0.09937,262144,3,0
maskappliedISO8bit_flucol594_kpcclusters_800nm_poc0_60745_20x_g55_1_MMStack_Pos0_t3_s11,11,107.606194,60.56672152,0.902587563,5.756343671,120.425,50.2205,0.920145,5.6102,316.0,316.0,52.75313458,31.33619051,0.069107545,1.164383884,22.0,22.0,13243,17.795,10921,414,26.3792,83,1.4141,0.0276,0.3383,0.1457,262144,3,0
maskappliedISO8bit_flucol594_kpcclusters_800nm_poc0_60745_20x_g55_1_MMStack_Pos0_t3_s12,12,105.1856831,60.14705313,0.901321156,5.818904688,113.45,48.4455,0.922725,5.66015,320.0,320.0,53.29638868,32.51359721,0.0761369,1.12753305,24.0,24.0,14148,16.5288,11554,402,28.7413,106,1.4287,0.0285,0.3452,0.1122,262144,3,0
maskappliedISO8bit_flucol594_kpcclusters_800nm_poc0_60745_20x_g55_1_MMStack_Pos0_t3_s13,13,101.5699024,61.4537956,0.899573019,5.660931447,112.13,50.6605,0.91992,5.5853,318.0,318.0,56.49335333,30.57215232,0.078314812,1.010718454,26.0,26.0,14435,16.1604,11806,413,28.586,109,1.4378,0.026,0.3666,0.1323,262144,3,0
maskappliedISO8bit_flucol594_kpcclusters_800nm_poc0_60745_20x_g55_1_MMStack_Pos0_t3_s14,14,106.4376344,62.89954487,0.897482692,5.564621474,117.35,51.0205,0.918255,5.32865,312.0,312.0,55.6504799,34.07858352,0.082436592,1.089184892,28.0,28.0,14442,16.1516,11803,432,27.3218,99,1.4384,0.025,0.3713,0.1361,262144,3,0
maskappliedISO8bit_flucol594_kpcclusters_800nm_poc0_60745_20x_g55_1_MMStack_Pos0_t3_s15,15,104.4889771,59.83140244,0.906549604,5.63178872,113.47,49.1255,0.92371,5.60515,328.0,328.0,55.96160869,30.81493363,0.070076498,0.98520161,30.0,30.0,13692,17.1458,11324,451,25.1086,105,1.4265,0.0256,0.3511,0.1224,262144,3,0
maskappliedISO8bit_flucol594_kpcclusters_800nm_poc0_60745_20x_g55_1_MMStack_Pos0_t3_s16,16,102.6031455,64.68958863,0.907785151,5.489827425,115.08,53.102,0.92285,5.3673,299.0,299.0,56.02447253,36.22893314,0.062871904,0.94549932,32.0,32.0,13739,17.0804,11213,390,28.7513,93,1.4223,0.0251,0.3194,0.1249,262144,3,0
maskappliedISO8bit_flucol594_kpcclusters_800nm_poc0_60745_20x_g55_1_MMStack_Pos0_t3_s17,17,104.979828,61.21557827,0.905885399,5.478518211,121.26,49.026,0.92305,5.3281,313.0,313.0,56.33080683,35.57649091,0.069234727,1.046347509,34.0,34.0,14281,16.3562,11742,402,29.209,103,1.4352,0.0229,0.2812,0.1148,262144,3,0
maskappliedISO8bit_flucol594_kpcclusters_800nm_poc0_60745_20x_g55_1_MMStack_Pos0_t3_s18,18,102.9043114,58.99705389,0.908862455,5.457038623,113.97,50.117,0.925745,5.40665,334.0,334.0,55.57113042,28.49798783,0.064989002,1.008568126,36.0,36.0,13754,17.0595,11355,406,27.968,98,1.4267,0.028,0.2583,0.1031,262144,3,0
maskappliedISO8bit_flucol594_kpcclusters_800nm_poc0_60745_20x_g55_1_MMStack_Pos0_t3_s19,19,98.3444455,61.94644951,0.910220977,5.488436482,108.08,51.957,0.92626,5.3246,307.0,307.0,58.02273744,33.64191886,0.072062685,1.06277486,38.0,38.0,13836,16.9466,11307,374,30.2326,101,1.423,0.0267,0.225,0.1048,262144,3,0
maskappliedISO8bit_flucol594_kpcclusters_800nm_poc0_60745_20x_g55_1_MMStack_Pos0_t3_s2,2,100.5648903,55.39449359,0.910341314,5.515761218,108.385,44.7575,0.92209,5.4126,312.0,312.0,54.46047452,27.61674697,0.055440504,0.955440609,4.0,4.0,12256,19.3891,10007,379,26.4037,85,1.3933,0.0201,0.1713,0.09615,262144,3,0
maskappliedISO8bit_flucol594_kpcclusters_800nm_poc0_60745_20x_g55_1_MMStack_Pos0_t3_s20,20,95.07707335,61.20767712,0.911330376,5.448285266,100.62,48.87,0.92555,5.3304,319.0,319.0,57.93378812,36.39397848,0.059110879,1.008761934,40.0,40.0,13598,17.2782,11258,362,31.0994,91,1.4179,0.026,0.205,0.06375,262144,3,0
maskappliedISO8bit_flucol594_kpcclusters_800nm_poc0_60745_20x_g55_1_MMStack_Pos0_t3_s21,21,92.85809546,60.83587119,0.910767254,5.486568136,99.162,50.697,0.92604,5.2806,295.0,295.0,57.09426343,29.83442825,0.065577151,1.079677757,42.0,42.0,13189,17.876,10942,348,31.4425,89,1.4133,0.0279,0.1864,0.08115,262144,3,0
maskappliedISO8bit_flucol594_kpcclusters_800nm_poc0_60745_20x_g55_1_MMStack_Pos0_t3_s22,22,96.81758725,60.57274183,0.907182255,5.463412092,108.18,46.3765,0.92529,5.3717,306.0,306.0,57.09601552,39.57436409,0.078112346,1.044813094,44.0,44.0,13127,17.9699,10725,371,28.9084,88,1.4101,0.022,0.1788,0.112,262144,3,0
maskappliedISO8bit_flucol594_kpcclusters_800nm_poc0_60745_20x_g55_1_MMStack_Pos0_t3_s23,23,96.97023317,61.44022965,0.905723517,5.27891686,106.045,51.79,0.9274,5.17545,344.0,344.0,57.73850033,35.32829618,0.0733457,1.01437973,46.0,46.0,13310,17.6953,10920,356,30.6742,112,1.4153,0.0243,0.1786,0.09025,262144,3,0
maskappliedISO8bit_flucol594_kpcclusters_800nm_poc0_60745_20x_g55_1_MMStack_Pos0_t3_s24,24,94.25786565,60.89481587,0.912912286,5.422759365,102.53,52.214,0.93101,5.281,315.0,315.0,57.21665743,31.92305711,0.064016541,1.037398204,48.0,48.0,13226,17.8204,10808,342,31.6023,115,1.4122,0.0269,0.1786,0.06757,262144,3,0
maskappliedISO8bit_flucol594_kpcclusters_800nm_poc0_60745_20x_g55_1_MMStack_Pos0_t3_s25,25,99.36078969,63.11683437,0.913655469,5.4807725,106.83,51.301,0.926515,5.4019,320.0,320.0,55.65873133,34.89023638,0.057232517,1.004302461,50.0,50.0,13365,17.6143,11071,352,31.4517,91,1.417,0.03,0.2014,0.1223,262144,3,0
maskappliedISO8bit_flucol594_kpcclusters_800nm_poc0_60745_20x_g55_1_MMStack_Pos0_t3_s26,26,101.2518785,62.73604473,0.914730575,5.469972843,109.98,52.969,0.93014,5.3761,313.0,313.0,55.75401167,34.54684689,0.069240067,0.991984666,52.0,52.0,13969,16.7662,11439,354,32.3136,94,1.4283,0.0265,0.243,0.1322,262144,3,0
maskappliedISO8bit_flucol594_kpcclusters_800nm_poc0_60745_20x_g55_1_MMStack_Pos0_t3_s27,27,98.62248523,62.39697538,0.912101846,5.400936,107.32,54.114,0.92527,5.2787,325.0,325.0,56.04211908,31.38050288,0.058771667,0.979229768,54.0,54.0,14376,16.2349,11944,465,25.686,107,1.4407,0.0302,0.3388,0.1092,262144,3,0
maskappliedISO8bit_flucol594_kpcclusters_800nm_poc0_60745_20x_g55_1_MMStack_Pos0_t3_s28,28,97.93926449,61.36109969,0.910227259,5.497258879,104.04,51.672,0.92486,5.3615,321.0,321.0,57.32306976,31.80911527,0.058185776,1.060824509,56.0,56.0,14841,15.6636,12116,451,26.8647,112,1.448,0.0223,0.4425,0.1049,262144,3,0
maskappliedISO8bit_flucol594_kpcclusters_800nm_poc0_60745_20x_g55_1_MMStack_Pos0_t3_s3,3,104.4323532,57.18451623,0.911535487,5.645829221,112.77,46.459,0.928375,5.54055,308.0,308.0,53.41797278,30.01814973,0.065803715,1.139290233,6.0,6.0,11772,20.2685,9565,355,26.9437,68,1.3852,0.0225,0.1913,0.1083,262144,3,0
maskappliedISO8bit_flucol594_kpcclusters_800nm_poc0_60745_20x_g55_1_MMStack_Pos0_t3_s4,4,100.8572157,57.53946835,0.911903481,5.57928481,108.66,48.984,0.92178,5.49535,316.0,316.0,55.55466256,25.08146997,0.055204355,1.003886333,8.0,8.0,12648,18.7262,10267,391,26.2583,77,1.4025,0.0283,0.2333,0.1136,262144,3,0
maskappliedISO8bit_flucol594_kpcclusters_800nm_poc0_60745_20x_g55_1_MMStack_Pos0_t3_s5,5,101.3590754,58.83012298,0.906011197,5.548259223,112.99,49.759,0.92746,5.408,309.0,309.0,55.50898562,27.12471825,0.074329513,1.061918256,10.0,10.0,12687,18.6625,10482,424,24.7217,73,1.4048,0.0263,0.2626,0.09556,262144,3,0
maskappliedISO8bit_flucol594_kpcclusters_800nm_poc0_60745_20x_g55_1_MMStack_Pos0_t3_s6,6,100.9412754,58.83446483,0.908951193,5.680851682,111.16,49.258,0.92538,5.4944,327.0,327.0,55.59292,29.64467557,0.059955477,1.047943475,12.0,12.0,13166,17.9108,10798,421,25.6485,72,1.4161,0.0253,0.2772,0.1114,262144,3,0
maskappliedISO8bit_flucol594_kpcclusters_800nm_poc0_60745_20x_g55_1_MMStack_Pos0_t3_s7,7,97.43736309,57.22718893,0.91308899,5.779157329,105.62,47.939,0.92894,5.6086,307.0,307.0,55.82287846,30.36293982,0.059831226,1.138263569,14.0,14.0,12981,18.1945,10545,397,26.5617,88,1.4086,0.0258,0.2922,0.08932,262144,3,0
maskappliedISO8bit_flucol594_kpcclusters_800nm_poc0_60745_20x_g55_1_MMStack_Pos0_t3_s8,8,98.72262382,56.77859875,0.906570251,5.684650157,106.56,47.361,0.92124,5.4998,319.0,319.0,56.58127932,27.11211712,0.066913136,1.160668462,16.0,16.0,13304,17.7042,10966,397,27.6222,81,1.4144,0.0263,0.3091,0.06951,262144,3,0
maskappliedISO8bit_flucol594_kpcclusters_800nm_poc0_60745_20x_g55_1_MMStack_Pos0_t3_s9,9,99.18861146,58.2475296,0.907349688,5.671646729,101.31,49.253,0.93011,5.5597,321.0,321.0,56.36379443,27.3778759,0.078192126,1.054860021,18.0,18.0,12987,18.1852,10570,424,24.9292,83,1.4088,0.0233,0.3346,0.1057,262144,3,0
maskappliedISO8bit_flucol594_kpcclusters_800nm_poc0_60745_20x_g55_1_MMStack_Pos0_t4_s1,1,101.6280319,55.83381,0.9094875,5.627196,111.525,47.8595,0.928175,5.4861,300.0,300.0,53.62057361,26.11149371,0.067742041,1.058726496,2.0,2.0,12364,19.2023,10007,359,27.8747,72,1.3989,0.0269,0.1634,0.1037,262144,4,0
maskappliedISO8bit_flucol594_kpcclusters_800nm_poc0_60745_20x_g55_1_MMStack_Pos0_t4_s10,10,98.79896972,58.25807886,0.907873407,5.672602839,107.35,48.821,0.9252,5.4825,317.0,317.0,55.26974507,29.82389398,0.071063343,1.196738168,20.0,20.0,13496,17.4239,11014,439,25.0888,106,1.4193,0.0272,0.3494,0.1077,262144,4,0
maskappliedISO8bit_flucol594_kpcclusters_800nm_poc0_60745_20x_g55_1_MMStack_Pos0_t4_s11,11,110.2641964,57.46234375,0.905450344,5.668353125,120.35,47.3235,0.922745,5.5051,320.0,320.0,48.9997905,29.01502189,0.060927091,1.189874891,22.0,22.0,13442,17.5019,11006,426,25.8357,96,1.4214,0.0247,0.3423,0.1279,262144,4,0
maskappliedISO8bit_flucol594_kpcclusters_800nm_poc0_60745_20x_g55_1_MMStack_Pos0_t4_s12,12,106.0931468,57.45158769,0.906656646,5.686420615,113.63,46.739,0.92891,5.442,325.0,325.0,53.71474997,26.91249007,0.070478764,1.155106363,24.0,24.0,13352,17.6334,10893,413,26.3753,88,1.4141,0.0266,0.3461,0.1313,262144,4,0
maskappliedISO8bit_flucol594_kpcclusters_800nm_poc0_60745_20x_g55_1_MMStack_Pos0_t4_s13,13,107.5010503,58.80070213,0.903311155,5.705433739,121.53,49.761,0.92233,5.589,329.0,329.0,52.28161156,29.21273019,0.074122363,1.053545551,26.0,26.0,14349,16.2692,11570,379,30.5277,106,1.4341,0.0272,0.3586,0.1061,262144,4,0
maskappliedISO8bit_flucol594_kpcclusters_800nm_poc0_60745_20x_g55_1_MMStack_Pos0_t4_s14,14,102.7704228,59.26497313,0.904343552,5.512899403,115.77,50.09,0.92384,5.4428,335.0,335.0,55.78522855,27.78789604,0.0684485,1.04560615,28.0,28.0,14468,16.1189,11868,460,25.8,99,1.4398,0.0325,0.3685,0.1294,262144,4,0
maskappliedISO8bit_flucol594_kpcclusters_800nm_poc0_60745_20x_g55_1_MMStack_Pos0_t4_s15,15,103.0752995,61.00739423,0.9134275,5.675516987,114.84,51.752,0.93023,5.606,312.0,312.0,56.18904905,31.53432414,0.064580629,1.008027299,30.0,30.0,14074,16.6262,11528,448,25.7321,101,1.4298,0.0294,0.3641,0.1281,262144,4,0
maskappliedISO8bit_flucol594_kpcclusters_800nm_poc0_60745_20x_g55_1_MMStack_Pos0_t4_s16,16,105.3714285,61.40621944,0.910692226,5.49768558,118.89,49.821,0.92922,5.388,319.0,319.0,53.85272348,34.22564213,0.061477176,1.013485105,32.0,32.0,14398,16.207,11846,430,27.5488,116,1.4375,0.028,0.3337,0.1357,262144,4,0
maskappliedISO8bit_flucol594_kpcclusters_800nm_poc0_60745_20x_g55_1_MMStack_Pos0_t4_s17,17,106.7645566,59.58509317,0.907131118,5.492253106,119.3,49.53,0.922345,5.24565,322.0,322.0,56.31643875,32.24558336,0.057825117,1.098010082,34.0,34.0,14040,16.6713,11593,417,27.801,104,1.4335,0.0206,0.3003,0.1379,262144,4,0
maskappliedISO8bit_flucol594_kpcclusters_800nm_poc0_60745_20x_g55_1_MMStack_Pos0_t4_s18,18,105.1290333,60.04599676,0.903787702,5.461020065,117.26,51.276,0.92065,5.3281,309.0,309.0,56.71477588,30.20321865,0.066788066,1.027917926,36.0,36.0,13865,16.907,11425,374,30.5481,102,1.4284,0.0249,0.2724,0.1244,262144,4,0
maskappliedISO8bit_flucol594_kpcclusters_800nm_poc0_60745_20x_g55_1_MMStack_Pos0_t4_s19,19,98.62544169,57.57633233,0.914906647,5.397968278,107.35,47.863,0.93075,5.281,331.0,331.0,57.43951462,29.08669739,0.063990627,1.038747116,38.0,38.0,13957,16.7823,11405,386,29.5466,96,1.4267,0.0263,0.241,0.1049,262144,4,0
maskappliedISO8bit_flucol594_kpcclusters_800nm_poc0_60745_20x_g55_1_MMStack_Pos0_t4_s2,2,98.77315408,56.25695498,0.896678682,5.5857209,106.59,46.042,0.91827,5.4758,311.0,311.0,55.211102,29.76608992,0.076051288,1.031596307,4.0,4.0,12133,19.6059,9829,355,27.6873,76,1.3911,0.0228,0.1714,0.1003,262144,4,0
maskappliedISO8bit_flucol594_kpcclusters_800nm_poc0_60745_20x_g55_1_MMStack_Pos0_t4_s20,20,93.23499525,59.88271203,0.913818481,5.506340823,103.095,48.178,0.93306,5.3647,316.0,316.0,58.14011884,33.59037255,0.076397898,1.020212278,40.0,40.0,14087,16.609,11586,372,31.1452,109,1.4284,0.0271,0.2099,0.07712,262144,4,0
maskappliedISO8bit_flucol594_kpcclusters_800nm_poc0_60745_20x_g55_1_MMStack_Pos0_t4_s21,21,96.77598494,59.81366346,0.917834231,5.410086538,103.725,52.968,0.93311,5.27665,312.0,312.0,57.65936678,28.99166953,0.060176143,0.990145704,42.0,42.0,13243,17.795,10977,344,31.9099,94,1.4129,0.0287,0.197,0.07471,262144,4,0
maskappliedISO8bit_flucol594_kpcclusters_800nm_poc0_60745_20x_g55_1_MMStack_Pos0_t4_s22,22,95.6294917,63.39173469,0.912209796,5.441376871,109.305,49.5165,0.9282,5.33695,294.0,294.0,59.34867713,37.62492895,0.063400448,1.003833484,44.0,44.0,13196,17.8655,10861,359,30.2535,76,1.4143,0.0254,0.1851,0.111,262144,4,0
maskappliedISO8bit_flucol594_kpcclusters_800nm_poc0_60745_20x_g55_1_MMStack_Pos0_t4_s23,23,94.12057248,60.35067398,0.91499185,5.370936677,105.02,49.979,0.93035,5.1971,319.0,319.0,58.69126742,29.94494162,0.059323987,1.017620296,46.0,46.0,13413,17.5441,10950,380,28.8158,97,1.416,0.0275,0.1825,0.09598,262144,4,0
maskappliedISO8bit_flucol594_kpcclusters_800nm_poc0_60745_20x_g55_1_MMStack_Pos0_t4_s24,24,98.39661963,61.68080399,0.911368405,5.463473754,105.38,49.287,0.93088,5.2797,301.0,301.0,56.56241835,34.63710321,0.061662335,1.113635129,48.0,48.0,13349,17.6378,11012,351,31.3732,97,1.4134,0.0252,0.1845,0.08075,262144,4,0
maskappliedISO8bit_flucol594_kpcclusters_800nm_poc0_60745_20x_g55_1_MMStack_Pos0_t4_s25,25,97.28202384,63.55199007,0.911887318,5.467362914,107.21,51.0965,0.93121,5.36595,302.0,302.0,56.96892345,37.19262967,0.064636947,1.047397161,50.0,50.0,13469,17.4628,11085,383,28.9426,102,1.4148,0.0292,0.1933,0.101,262144,4,0
maskappliedISO8bit_flucol594_kpcclusters_800nm_poc0_60745_20x_g55_1_MMStack_Pos0_t4_s26,26,101.876739,61.92368249,0.915991039,5.405486053,112.93,51.079,0.93372,5.2565,337.0,337.0,55.70087721,36.97532082,0.062806973,1.075315832,52.0,52.0,14032,16.6819,11609,379,30.6306,105,1.4272,0.0237,0.2281,0.1176,262144,4,0
maskappliedISO8bit_flucol594_kpcclusters_800nm_poc0_60745_20x_g55_1_MMStack_Pos0_t4_s27,27,99.37263871,62.44619692,0.911976123,5.429000615,109.12,51.308,0.93035,5.3541,325.0,325.0,55.85969722,35.55188145,0.065431959,0.97105569,54.0,54.0,14681,15.8561,12160,399,30.4762,127,1.4443,0.0249,0.3205,0.1082,262144,4,0
maskappliedISO8bit_flucol594_kpcclusters_800nm_poc0_60745_20x_g55_1_MMStack_Pos0_t4_s28,28,95.94588726,58.22199412,0.916075647,5.528308235,99.938,48.3155,0.931575,5.37635,340.0,340.0,57.34702215,30.61066738,0.059369372,1.051763952,56.0,56.0,15019,15.4542,12289,478,25.7092,117,1.4501,0.0231,0.4221,0.0966,262144,4,0
maskappliedISO8bit_flucol594_kpcclusters_800nm_poc0_60745_20x_g55_1_MMStack_Pos0_t4_s3,3,101.5225135,56.43593373,0.909144849,5.668600602,109.875,49.269,0.92303,5.5413,332.0,332.0,53.32354062,24.53065361,0.062699905,1.025993863,6.0,6.0,11750,20.3102,9591,363,26.4215,64,1.3834,0.0274,0.1882,0.1028,262144,4,0
maskappliedISO8bit_flucol594_kpcclusters_800nm_poc0_60745_20x_g55_1_MMStack_Pos0_t4_s4,4,103.575053,56.65521053,0.903769638,5.686385855,114.125,48.8305,0.921625,5.59435,304.0,304.0,54.50327655,25.33498758,0.073684249,0.980298696,8.0,8.0,12288,19.3334,9988,316,31.6076,73,1.3951,0.0242,0.2188,0.08932,262144,4,0
maskappliedISO8bit_flucol594_kpcclusters_800nm_poc0_60745_20x_g55_1_MMStack_Pos0_t4_s5,5,97.21942862,58.23985538,0.903505169,5.576117231,105.45,49.969,0.92091,5.4436,325.0,325.0,56.45225388,27.21273617,0.06950378,1.046810869,10.0,10.0,12534,18.9147,10338,405,25.5259,83,1.399,0.0277,0.2549,0.0868,262144,4,0
maskappliedISO8bit_flucol594_kpcclusters_800nm_poc0_60745_20x_g55_1_MMStack_Pos0_t4_s6,6,102.2732419,56.73405312,0.903828969,5.68861,112.98,47.527,0.92285,5.6034,320.0,320.0,54.94363625,27.6931673,0.070906475,1.096447181,12.0,12.0,13075,18.0493,10701,401,26.6858,86,1.4141,0.0216,0.2724,0.09647,262144,4,0
maskappliedISO8bit_flucol594_kpcclusters_800nm_poc0_60745_20x_g55_1_MMStack_Pos0_t4_s7,7,101.4025715,56.93704969,0.909834503,5.773653416,108.88,48.961,0.930455,5.5202,322.0,322.0,54.33353875,25.58527368,0.067149319,1.170623828,14.0,14.0,12777,18.5169,10510,393,26.743,79,1.4056,0.0273,0.2916,0.09247,262144,4,0
maskappliedISO8bit_flucol594_kpcclusters_800nm_poc0_60745_20x_g55_1_MMStack_Pos0_t4_s8,8,98.96618127,59.89814921,0.907462857,5.748724127,106.7,52.727,0.92626,5.5759,315.0,315.0,53.71054635,29.65378966,0.06484488,1.092987761,16.0,16.0,13091,18.0248,10827,369,29.3415,84,1.408,0.0262,0.3083,0.07356,262144,4,0
maskappliedISO8bit_flucol594_kpcclusters_800nm_poc0_60745_20x_g55_1_MMStack_Pos0_t4_s9,9,101.477104,57.1169906,0.908012633,5.641777116,111.25,48.954,0.92437,5.4818,319.0,319.0,54.83016275,27.17178821,0.064102748,1.080642792,18.0,18.0,13532,17.3722,11054,404,27.3614,92,1.4195,0.0274,0.3302,0.1006,262144,4,0
maskappliedISO8bit_flucol594_kpcclusters_800nm_poc0_60745_20x_g55_1_MMStack_Pos0_t5_s1,1,102.8353454,60.14164948,0.902200859,5.609928522,107.53,50.32,0.92435,5.4602,291.0,291.0,54.38460325,30.87745834,0.077569551,1.072899556,2.0,2.0,12143,19.5882,9854,346,28.4798,75,1.3923,0.024,0.1642,0.1119,262144,5,0
maskappliedISO8bit_flucol594_kpcclusters_800nm_poc0_60745_20x_g55_1_MMStack_Pos0_t5_s10,10,100.7135241,58.75187774,0.906396552,5.692109404,110.14,48.49,0.92515,5.4819,319.0,319.0,55.38740301,29.37931473,0.067860396,1.129326069,20.0,20.0,13281,17.7383,10862,448,24.2455,90,1.4158,0.027,0.3497,0.09693,262144,5,0
maskappliedISO8bit_flucol594_kpcclusters_800nm_poc0_60745_20x_g55_1_MMStack_Pos0_t5_s11,11,104.1698486,60.1403131,0.906357604,5.79041278,117.47,49.685,0.92392,5.6907,313.0,313.0,53.86816634,31.04365817,0.068545908,1.124361529,22.0,22.0,13299,17.7116,10962,416,26.351,84,1.4165,0.0265,0.3608,0.1106,262144,5,0
maskappliedISO8bit_flucol594_kpcclusters_800nm_poc0_60745_20x_g55_1_MMStack_Pos0_t5_s12,12,105.3041456,61.10004717,0.90938456,5.697261635,112.91,49.407,0.920695,5.50125,318.0,318.0,53.12169359,32.2781024,0.063186178,1.18626255,24.0,24.0,13440,17.5048,11047,418,26.4282,101,1.4149,0.0261,0.3512,0.1506,262144,5,0
maskappliedISO8bit_flucol594_kpcclusters_800nm_poc0_60745_20x_g55_1_MMStack_Pos0_t5_s13,13,103.4369804,57.60070418,0.915931801,5.774695498,108.68,47.115,0.9252,5.6552,311.0,311.0,52.58599577,28.38839217,0.052859778,1.1060307,26.0,26.0,13828,16.9575,11209,459,24.4205,102,1.427,0.0283,0.3565,0.1083,262144,5,0
maskappliedISO8bit_flucol594_kpcclusters_800nm_poc0_60745_20x_g55_1_MMStack_Pos0_t5_s14,14,102.7698461,59.14460933,0.907685918,5.609583382,115.41,49.019,0.92111,5.5284,343.0,343.0,55.77991954,29.67818402,0.062811667,0.926867741,28.0,28.0,14564,15.9995,11849,482,24.583,103,1.4406,0.0281,0.3699,0.1165,262144,5,0
maskappliedISO8bit_flucol594_kpcclusters_800nm_poc0_60745_20x_g55_1_MMStack_Pos0_t5_s15,15,103.0898311,60.40104075,0.904496113,5.656715674,117.35,49.34,0.91895,5.4458,319.0,319.0,56.72860323,31.09324223,0.067618011,1.123333982,30.0,30.0,14160,16.5131,11691,433,27.0,104,1.4318,0.0264,0.3663,0.1091,262144,5,0
maskappliedISO8bit_flucol594_kpcclusters_800nm_poc0_60745_20x_g55_1_MMStack_Pos0_t5_s16,16,100.0885907,59.52631385,0.906302031,5.526827077,115.56,51.086,0.92349,5.4595,325.0,325.0,59.14301251,29.49174073,0.067505666,1.023671153,32.0,32.0,13961,16.7769,11559,426,27.1338,98,1.4259,0.0255,0.3417,0.1255,262144,5,0
maskappliedISO8bit_flucol594_kpcclusters_800nm_poc0_60745_20x_g55_1_MMStack_Pos0_t5_s17,17,105.3985499,62.24661587,0.904362127,5.491298095,120.67,52.097,0.92316,5.4227,315.0,315.0,56.12782645,34.55642263,0.06686453,0.962125757,34.0,34.0,14099,16.5932,11569,460,25.15,89,1.4313,0.024,0.3173,0.1152,262144,5,0
maskappliedISO8bit_flucol594_kpcclusters_800nm_poc0_60745_20x_g55_1_MMStack_Pos0_t5_s18,18,102.0714112,59.34883537,0.908706799,5.379182622,114.98,50.3815,0.929445,5.27815,328.0,328.0,56.60698895,28.06755591,0.070429065,1.00236854,36.0,36.0,14034,16.6793,11526,388,29.7062,109,1.4321,0.0203,0.2907,0.1172,262144,5,0
maskappliedISO8bit_flucol594_kpcclusters_800nm_poc0_60745_20x_g55_1_MMStack_Pos0_t5_s19,19,102.1852006,60.99782958,0.907998296,5.418315434,111.5,50.806,0.92552,5.4237,311.0,311.0,57.61088125,32.3627984,0.066481016,0.924633858,38.0,38.0,14326,16.2985,11648,399,29.193,107,1.4341,0.0233,0.2557,0.09845,262144,5,0
maskappliedISO8bit_flucol594_kpcclusters_800nm_poc0_60745_20x_g55_1_MMStack_Pos0_t5_s2,2,101.1338867,58.75172131,0.906583082,5.635830492,111.8,48.067,0.92136,5.5695,305.0,305.0,53.99979659,32.11710925,0.063384085,1.040092749,4.0,4.0,12007,19.8327,9778,379,25.7995,65,1.3937,0.0213,0.1735,0.09209,262144,5,0
maskappliedISO8bit_flucol594_kpcclusters_800nm_poc0_60745_20x_g55_1_MMStack_Pos0_t5_s20,20,90.86656753,60.69789423,0.90726484,5.465660897,97.7005,49.736,0.92463,5.35055,312.0,312.0,57.00327513,33.54453427,0.072008428,0.990525181,40.0,40.0,14254,16.391,11751,381,30.8425,112,1.4328,0.0291,0.2271,0.09729,262144,5,0
maskappliedISO8bit_flucol594_kpcclusters_800nm_poc0_60745_20x_g55_1_MMStack_Pos0_t5_s21,21,96.46456344,60.77944695,0.915124373,5.392123151,106.7,51.752,0.93052,5.3128,311.0,311.0,57.20699681,31.24578784,0.060906839,1.007807914,42.0,42.0,13358,17.6246,10992,359,30.6184,78,1.4161,0.0311,0.2051,0.06779,262144,5,0
maskappliedISO8bit_flucol594_kpcclusters_800nm_poc0_60745_20x_g55_1_MMStack_Pos0_t5_s22,22,93.02798707,60.32734395,0.914011592,5.346034076,100.002,51.466,0.92935,5.18385,314.0,314.0,56.55565614,30.10915948,0.058347941,1.039884053,44.0,44.0,13246,17.7905,10877,347,31.3458,82,1.4144,0.0239,0.1875,0.07193,262144,5,0
maskappliedISO8bit_flucol594_kpcclusters_800nm_poc0_60745_20x_g55_1_MMStack_Pos0_t5_s23,23,100.860389,63.03016883,0.91225737,5.429325974,111.41,54.5495,0.929445,5.22565,308.0,308.0,55.34835333,32.81847041,0.07461494,0.98936021,46.0,46.0,13334,17.6599,10960,382,28.6911,83,1.4159,0.0286,0.1814,0.1071,262144,5,0
maskappliedISO8bit_flucol594_kpcclusters_800nm_poc0_60745_20x_g55_1_MMStack_Pos0_t5_s24,24,95.00474583,61.41263754,0.909065016,5.425314239,103.67,53.878,0.92729,5.2072,309.0,309.0,58.54269271,29.33868093,0.066834946,1.106638818,48.0,48.0,12868,18.3718,10553,345,30.5884,93,1.4045,0.0223,0.186,0.08954,262144,5,0
maskappliedISO8bit_flucol594_kpcclusters_800nm_poc0_60745_20x_g55_1_MMStack_Pos0_t5_s25,25,95.86524857,60.52175238,0.912450667,5.373875873,104.47,50.865,0.93203,5.2468,315.0,315.0,56.8707362,30.64842354,0.070385824,1.055928783,50.0,50.0,13491,17.4311,11087,358,30.9693,110,1.4199,0.0256,0.1905,0.09845,262144,5,0
maskappliedISO8bit_flucol594_kpcclusters_800nm_poc0_60745_20x_g55_1_MMStack_Pos0_t5_s26,26,102.4310535,60.72208563,0.913901804,5.448093884,115.08,52.803,0.92991,5.3005,327.0,327.0,57.25124041,30.69649371,0.066236743,1.00634357,52.0,52.0,13901,16.858,11417,374,30.5267,104,1.4242,0.0266,0.2196,0.102,262144,5,0
maskappliedISO8bit_flucol594_kpcclusters_800nm_poc0_60745_20x_g55_1_MMStack_Pos0_t5_s27,27,101.3180918,59.91963522,0.915168019,5.468857862,112.165,49.152,0.931195,5.37145,318.0,318.0,56.15201901,30.44964288,0.069787894,0.993555688,54.0,54.0,14687,15.8488,11982,419,28.5967,110,1.4396,0.0273,0.3074,0.104,262144,5,0
maskappliedISO8bit_flucol594_kpcclusters_800nm_poc0_60745_20x_g55_1_MMStack_Pos0_t5_s28,28,97.91953701,59.54582388,0.907092358,5.527584776,105.95,47.81,0.92665,5.4375,335.0,335.0,55.48918802,30.79416611,0.071104331,1.012438239,56.0,56.0,14607,15.9465,11870,454,26.1454,90,1.4431,0.026,0.4089,0.1031,262144,5,0
maskappliedISO8bit_flucol594_kpcclusters_800nm_poc0_60745_20x_g55_1_MMStack_Pos0_t5_s3,3,98.74396796,57.15951133,0.912042233,5.5446,108.92,47.861,0.92766,5.4677,309.0,309.0,54.96757279,28.73329971,0.060319002,0.942577567,6.0,6.0,12001,19.8436,9878,360,27.4389,68,1.3886,0.0273,0.1931,0.0873,262144,5,0
maskappliedISO8bit_flucol594_kpcclusters_800nm_poc0_60745_20x_g55_1_MMStack_Pos0_t5_s4,4,100.3567877,57.18617742,0.907137258,5.580809355,109.36,48.798,0.9219,5.42035,310.0,310.0,55.16441985,25.65506577,0.067605582,0.971375312,8.0,8.0,11589,20.6202,9498,330,28.7818,68,1.3816,0.0235,0.2093,0.1124,262144,5,0
maskappliedISO8bit_flucol594_kpcclusters_800nm_poc0_60745_20x_g55_1_MMStack_Pos0_t5_s5,5,98.66406828,55.23308459,0.903460453,5.692216918,105.71,47.322,0.92109,5.569,331.0,331.0,55.72206195,24.81261469,0.075457794,1.084479127,10.0,10.0,12778,18.5153,10454,377,27.7294,99,1.4071,0.027,0.2435,0.08076,262144,5,0
maskappliedISO8bit_flucol594_kpcclusters_800nm_poc0_60745_20x_g55_1_MMStack_Pos0_t5_s6,6,99.95682474,57.71893231,0.899702585,5.593569231,108.99,47.24,0.92135,5.4201,325.0,325.0,56.15945088,29.11068022,0.081280677,1.059456782,12.0,12.0,12972,18.2085,10654,417,25.5492,89,1.4116,0.0251,0.2676,0.09654,262144,5,0
maskappliedISO8bit_flucol594_kpcclusters_800nm_poc0_60745_20x_g55_1_MMStack_Pos0_t5_s7,7,101.1517252,57.17748562,0.90697492,,111.37,47.251,0.92561,,313.0,,55.71669164,27.03688387,0.07190553,,14.0,,12651,18.7213,10375,418,24.8206,75,1.4062,0.0262,0.2924,0.0912,262144,5,0
maskappliedISO8bit_flucol594_kpcclusters_800nm_poc0_60745_20x_g55_1_MMStack_Pos0_t5_s8,8,104.7597393,59.4896463,0.912012765,5.634605788,112.48,49.821,0.93023,5.5403,311.0,311.0,52.83791057,28.79087457,0.070333098,1.114394544,16.0,16.0,13409,17.5499,10990,396,27.7525,82,1.4174,0.0273,0.3062,0.08335,262144,5,0
maskappliedISO8bit_flucol594_kpcclusters_800nm_poc0_60745_20x_g55_1_MMStack_Pos0_t5_s9,9,97.62050095,56.26218297,0.906489842,5.683155205,107.35,47.874,0.92296,5.4994,317.0,317.0,55.88327138,26.33321605,0.073039553,1.143251814,18.0,18.0,13634,17.2273,11131,414,26.8865,102,1.4208,0.0271,0.3251,0.09247,262144,5,0
maskappliedISO8bit_flucol594_kpcclusters_800nm_poc0_60745_20x_g55_1_MMStack_Pos0_t6_s1,1,99.42518318,55.46152469,0.91231929,5.532076852,106.7,46.3105,0.926505,5.37225,324.0,324.0,56.1836852,24.35966905,0.062089709,1.056118211,2.0,2.0,12620,18.7722,10306,403,25.5732,79,1.4014,0.0263,0.1676,0.1197,262144,6,0
maskappliedISO8bit_flucol594_kpcclusters_800nm_poc0_60745_20x_g55_1_MMStack_Pos0_t6_s10,10,100.8226607,59.96366454,0.906621661,5.704111502,108.43,50.291,0.92227,5.5151,313.0,313.0,54.34817942,29.51052653,0.066518533,1.132279854,20.0,20.0,13254,17.7786,10826,481,22.5073,73,1.4162,0.0295,0.3479,0.09384,262144,6,0
maskappliedISO8bit_flucol594_kpcclusters_800nm_poc0_60745_20x_g55_1_MMStack_Pos0_t6_s11,11,107.5546568,59.58878549,0.904134227,5.721795899,113.72,49.556,0.92231,5.5173,317.0,317.0,52.25988387,29.92091803,0.068904558,1.17642805,22.0,22.0,13633,17.2287,11179,426,26.2418,84,1.4234,0.0271,0.368,0.1154,262144,6,0
maskappliedISO8bit_flucol594_kpcclusters_800nm_poc0_60745_20x_g55_1_MMStack_Pos0_t6_s12,12,106.7992483,60.22335737,0.912976395,5.681790909,118.44,50.073,0.92988,5.581,319.0,319.0,54.60591261,30.65857106,0.060963095,1.227804545,24.0,24.0,13650,17.2048,11166,416,26.8413,98,1.4216,0.0256,0.3575,0.1424,262144,6,0
maskappliedISO8bit_flucol594_kpcclusters_800nm_poc0_60745_20x_g55_1_MMStack_Pos0_t6_s13,13,102.0827058,60.09939241,0.910131424,5.69320538,108.54,52.0435,0.92713,5.5418,316.0,316.0,55.71119148,28.85057845,0.063592941,1.134200013,26.0,26.0,13656,17.1963,11204,438,25.5799,91,1.4218,0.024,0.3614,0.1077,262144,6,0
maskappliedISO8bit_flucol594_kpcclusters_800nm_poc0_60745_20x_g55_1_MMStack_Pos0_t6_s14,14,104.2267508,61.16987578,0.904842267,5.517435404,115.21,49.8195,0.92124,5.38935,322.0,322.0,55.19450843,34.2103486,0.066734077,0.973760425,28.0,28.0,14221,16.4337,11673,504,23.1607,94,1.4347,0.026,0.3684,0.1008,262144,6,0
maskappliedISO8bit_flucol594_kpcclusters_800nm_poc0_60745_20x_g55_1_MMStack_Pos0_t6_s15,15,106.2898591,61.940025,0.902198438,5.58024625,120.005,52.206,0.91555,5.4958,320.0,320.0,55.50975995,32.08037957,0.070555775,1.033323454,30.0,30.0,14033,16.6806,11490,426,26.9718,94,1.4298,0.0258,0.3686,0.1278,262144,6,0
maskappliedISO8bit_flucol594_kpcclusters_800nm_poc0_60745_20x_g55_1_MMStack_Pos0_t6_s16,16,103.7874407,58.55951242,0.908306584,5.546646273,112.16,50.1355,0.92622,5.36865,322.0,322.0,55.75195967,29.79178263,0.070719392,1.11438084,32.0,32.0,14183,16.483,11748,426,27.5775,107,1.4335,0.0291,0.353,0.1166,262144,6,0
maskappliedISO8bit_flucol594_kpcclusters_800nm_poc0_60745_20x_g55_1_MMStack_Pos0_t6_s17,17,109.443963,58.84930864,0.913096111,5.484516049,122.185,51.1185,0.92689,5.3588,324.0,324.0,54.79953327,28.13759213,0.054262085,0.999264927,34.0,34.0,14196,16.4661,11598,446,26.0045,102,1.4349,0.0237,0.3241,0.1236,262144,6,0
maskappliedISO8bit_flucol594_kpcclusters_800nm_poc0_60745_20x_g55_1_MMStack_Pos0_t6_s18,18,100.7303565,62.53837987,0.912650292,5.473038961,112.3,51.676,0.932165,5.3549,308.0,308.0,57.61647753,30.96042894,0.063818102,0.999229135,36.0,36.0,13834,16.9493,11476,406,28.266,91,1.4304,0.0253,0.2921,0.1097,262144,6,0
maskappliedISO8bit_flucol594_kpcclusters_800nm_poc0_60745_20x_g55_1_MMStack_Pos0_t6_s19,19,100.312419,58.58278274,0.912562143,5.523376488,111.78,51.352,0.93175,5.32065,336.0,336.0,57.37590612,25.30608843,0.06883173,1.069231447,38.0,38.0,13907,16.8499,11407,403,28.3052,108,1.4253,0.0278,0.2595,0.1012,262144,6,0
maskappliedISO8bit_flucol594_kpcclusters_800nm_poc0_60745_20x_g55_1_MMStack_Pos0_t6_s2,2,102.8929205,57.57419243,0.908566309,5.552975079,114.3,50.543,0.92192,5.4095,317.0,317.0,54.88391346,24.94287636,0.059555732,1.015438594,4.0,4.0,12356,19.216,10019,378,26.5053,72,1.3976,0.0255,0.1773,0.1029,262144,6,0
maskappliedISO8bit_flucol594_kpcclusters_800nm_poc0_60745_20x_g55_1_MMStack_Pos0_t6_s20,20,99.95196451,60.95282716,0.909980617,5.440909259,110.41,52.0895,0.93201,5.32705,324.0,324.0,56.61820642,30.66039656,0.064906113,1.064861351,40.0,40.0,14241,16.4078,11641,370,31.4622,111,1.4324,0.0256,0.229,0.09907,262144,6,0
maskappliedISO8bit_flucol594_kpcclusters_800nm_poc0_60745_20x_g55_1_MMStack_Pos0_t6_s21,21,94.47632811,62.78681728,0.915068239,5.40152691,106.14,52.96,0.92939,5.2343,301.0,301.0,58.6122099,32.48848248,0.062279638,0.97860157,42.0,42.0,13442,17.5019,11192,364,30.7473,92,1.4145,0.0247,0.2086,0.06877,262144,6,0
maskappliedISO8bit_flucol594_kpcclusters_800nm_poc0_60745_20x_g55_1_MMStack_Pos0_t6_s22,22,94.5556562,62.06761616,0.910913704,5.46859798,101.21,49.399,0.92695,5.3537,297.0,297.0,56.98083965,34.76023504,0.068191491,1.031959798,44.0,44.0,13387,17.5821,11066,340,32.5471,96,1.4173,0.0276,0.1916,0.0808,262144,6,0
maskappliedISO8bit_flucol594_kpcclusters_800nm_poc0_60745_20x_g55_1_MMStack_Pos0_t6_s23,23,101.8567754,59.78201899,0.908712215,5.430201899,111.905,50.5755,0.92753,5.2752,316.0,316.0,57.11177527,29.80685025,0.068436337,0.990929141,46.0,46.0,13501,17.4167,11052,412,26.8252,85,1.4175,0.0251,0.18,0.1024,262144,6,0
maskappliedISO8bit_flucol594_kpcclusters_800nm_poc0_60745_20x_g55_1_MMStack_Pos0_t6_s24,24,91.29796051,62.76795223,0.909058439,5.446911146,96.932,53.367,0.925165,5.2297,314.0,314.0,59.70167585,34.09323518,0.067815093,1.190454668,48.0,48.0,13413,17.5441,11036,361,30.5706,102,1.4171,0.0229,0.1855,0.0913,262144,6,0
maskappliedISO8bit_flucol594_kpcclusters_800nm_poc0_60745_20x_g55_1_MMStack_Pos0_t6_s25,25,98.93013062,58.59659672,0.910523967,5.387766557,109.86,48.192,0.93265,5.2802,305.0,305.0,59.87642874,30.09922971,0.072433644,1.000055583,50.0,50.0,13206,17.8504,10869,368,29.5353,96,1.4139,0.0255,0.1842,0.08968,262144,6,0
maskappliedISO8bit_flucol594_kpcclusters_800nm_poc0_60745_20x_g55_1_MMStack_Pos0_t6_s26,26,98.63862877,64.81736213,0.914347076,5.480212625,110.14,51.359,0.93118,5.3728,301.0,301.0,56.95463125,36.14195395,0.060483789,1.012046699,52.0,52.0,13479,17.4484,11217,387,28.9845,96,1.4182,0.0294,0.2071,0.1109,262144,6,0
maskappliedISO8bit_flucol594_kpcclusters_800nm_poc0_60745_20x_g55_1_MMStack_Pos0_t6_s27,27,99.72444582,61.91182026,0.915218758,5.523092484,107.795,49.122,0.92874,5.36955,306.0,306.0,56.55048867,35.94085362,0.061621994,1.010529896,54.0,54.0,14572,15.9896,11945,392,30.4719,103,1.4419,0.0261,0.2852,0.1119,262144,6,0
maskappliedISO8bit_flucol594_kpcclusters_800nm_poc0_60745_20x_g55_1_MMStack_Pos0_t6_s28,28,100.9550752,60.45956269,0.90946581,5.489560856,110.56,51.083,0.92806,5.3717,327.0,327.0,55.90255685,29.26776055,0.067287149,1.041560191,56.0,56.0,14567,15.9958,12010,465,25.828,108,1.4403,0.0228,0.3948,0.1068,262144,6,0
maskappliedISO8bit_flucol594_kpcclusters_800nm_poc0_60745_20x_g55_1_MMStack_Pos0_t6_s3,3,104.845254,56.51306472,0.903471909,5.57019644,118.74,47.238,0.92879,5.3996,309.0,309.0,54.40550964,27.73681882,0.083168033,0.990933874,6.0,6.0,12243,19.4118,10006,370,27.0432,74,1.3924,0.0285,0.1982,0.1096,262144,6,0
maskappliedISO8bit_flucol594_kpcclusters_800nm_poc0_60745_20x_g55_1_MMStack_Pos0_t6_s4,4,101.9363668,59.19018831,0.910101981,5.632986364,111.8,52.689,0.925645,5.44135,308.0,308.0,54.86177202,26.66979106,0.060078338,1.087540675,8.0,8.0,11954,19.9295,9822,364,26.9835,66,1.3924,0.0287,0.2146,0.1197,262144,6,0
maskappliedISO8bit_flucol594_kpcclusters_800nm_poc0_60745_20x_g55_1_MMStack_Pos0_t6_s5,5,100.6709412,57.31893291,0.904792173,5.703417572,110.64,49.376,0.92227,5.5833,313.0,313.0,54.40083522,26.37763921,0.077055993,1.080301442,10.0,10.0,12489,18.9901,10173,361,28.1801,84,1.3974,0.0237,0.2423,0.1244,262144,6,0
maskappliedISO8bit_flucol594_kpcclusters_800nm_poc0_60745_20x_g55_1_MMStack_Pos0_t6_s6,6,104.0646314,56.78771429,0.900866522,5.64440528,116.57,48.6835,0.922545,5.5464,322.0,322.0,55.70692006,26.05520172,0.070635962,0.987166475,12.0,12.0,12950,18.2429,10544,410,25.7171,82,1.4108,0.0252,0.2691,0.09893,262144,6,0
maskappliedISO8bit_flucol594_kpcclusters_800nm_poc0_60745_20x_g55_1_MMStack_Pos0_t6_s7,7,97.37797896,55.52502134,0.908765671,5.71323689,106.475,47.4295,0.927795,5.5706,328.0,328.0,56.67062548,25.86333503,0.071531675,1.160706993,14.0,14.0,12928,18.2773,10545,413,25.5327,77,1.4097,0.0302,0.2946,0.09713,262144,6,0
maskappliedISO8bit_flucol594_kpcclusters_800nm_poc0_60745_20x_g55_1_MMStack_Pos0_t6_s8,8,100.9512961,60.91307261,0.909651848,5.732133993,110.81,49.757,0.93012,5.5396,303.0,303.0,55.63191272,32.20124412,0.067982837,1.134981186,16.0,16.0,12792,18.4929,10412,395,26.3595,72,1.4068,0.0206,0.3088,0.09939,262144,6,0
maskappliedISO8bit_flucol594_kpcclusters_800nm_poc0_60745_20x_g55_1_MMStack_Pos0_t6_s9,9,99.15103179,59.0625216,0.904921142,5.646088889,107.75,49.923,0.92387,5.36985,324.0,324.0,54.95621937,29.80707712,0.071950377,1.188284028,18.0,18.0,13627,17.2372,11167,431,25.9095,77,1.4218,0.0287,0.3281,0.09313,262144,6,0
maskappliedISO8bit_flucol594_kpcclusters_800nm_poc0_60745_20x_g55_1_MMStack_Pos0_t7_s1,1,101.1408799,55.42267857,0.911967338,5.565812662,110.135,47.894,0.93254,5.39925,308.0,308.0,54.82931996,24.78077506,0.063824884,0.983283449,2.0,2.0,12500,18.9716,10260,384,26.7188,75,1.4002,0.0227,0.1638,0.1118,262144,7,0
maskappliedISO8bit_flucol594_kpcclusters_800nm_poc0_60745_20x_g55_1_MMStack_Pos0_t7_s10,10,101.7459799,58.43990093,0.903557864,5.761536533,110.77,51.086,0.92332,5.5119,323.0,323.0,53.80654906,27.32003969,0.073319756,1.197343719,20.0,20.0,13164,17.9138,10779,432,24.9514,92,1.4115,0.0269,0.3399,0.0942,262144,7,0
maskappliedISO8bit_flucol594_kpcclusters_800nm_poc0_60745_20x_g55_1_MMStack_Pos0_t7_s11,11,101.1183091,57.0971303,0.908152242,5.634924242,113.315,50.3805,0.931195,5.4925,330.0,330.0,55.12153124,27.13128873,0.076581703,1.193501279,22.0,22.0,13677,17.1668,11173,472,23.6716,84,1.4215,0.0257,0.3724,0.106,262144,7,0
maskappliedISO8bit_flucol594_kpcclusters_800nm_poc0_60745_20x_g55_1_MMStack_Pos0_t7_s12,12,104.4263449,58.70381602,0.906201335,5.715522255,110.77,50.77,0.92563,5.5624,337.0,337.0,53.20320942,28.31006293,0.065709823,1.158472633,24.0,24.0,13553,17.3422,11140,430,25.907,83,1.419,0.0238,0.3717,0.1227,262144,7,0
maskappliedISO8bit_flucol594_kpcclusters_800nm_poc0_60745_20x_g55_1_MMStack_Pos0_t7_s13,13,106.3400459,61.29824242,0.907871879,5.711063333,112.93,51.82,0.92694,5.5909,330.0,330.0,52.28656688,31.05793576,0.071094751,1.060200608,26.0,26.0,13775,17.0305,11262,445,25.3079,95,1.4262,0.0247,0.3671,0.1211,262144,7,0
maskappliedISO8bit_flucol594_kpcclusters_800nm_poc0_60745_20x_g55_1_MMStack_Pos0_t7_s14,14,101.3996989,60.85890937,0.906950594,5.641989375,109.65,51.644,0.924355,5.47825,320.0,320.0,55.10184344,29.24828651,0.068013931,1.084258518,28.0,28.0,14244,16.4039,11705,443,26.4221,92,1.4361,0.0269,0.3731,0.09339,262144,7,0
maskappliedISO8bit_flucol594_kpcclusters_800nm_poc0_60745_20x_g55_1_MMStack_Pos0_t7_s15,15,103.4839182,60.63086306,0.90943742,5.581173248,115.83,49.7555,0.9262,5.4404,314.0,314.0,55.93734906,32.24417625,0.065089103,1.102641657,30.0,30.0,14379,16.2311,11724,432,27.1389,103,1.4379,0.0257,0.3658,0.1091,262144,7,0
maskappliedISO8bit_flucol594_kpcclusters_800nm_poc0_60745_20x_g55_1_MMStack_Pos0_t7_s16,16,106.3713464,60.73728896,0.906792078,5.528489935,120.035,48.6135,0.9203,5.44495,308.0,308.0,55.41247381,32.65690723,0.061841788,1.007748995,32.0,32.0,14380,16.2298,11851,421,28.1496,117,1.4381,0.0301,0.3567,0.1145,262144,7,0
maskappliedISO8bit_flucol594_kpcclusters_800nm_poc0_60745_20x_g55_1_MMStack_Pos0_t7_s17,17,104.5180089,62.33669206,0.909817714,5.483234921,117.82,52.41,0.92588,5.3258,315.0,315.0,56.04035262,31.85973573,0.063964404,0.935050946,34.0,34.0,14097,16.5958,11585,404,28.6757,104,1.4304,0.0231,0.3283,0.1179,262144,7,0
maskappliedISO8bit_flucol594_kpcclusters_800nm_poc0_60745_20x_g55_1_MMStack_Pos0_t7_s18,18,106.4679237,62.29749206,0.905723238,5.373152698,121.68,53.443,0.92436,5.2415,315.0,315.0,56.27007534,32.80568647,0.06924036,0.903987799,36.0,36.0,13868,16.9029,11560,435,26.5747,91,1.4316,0.0236,0.2996,0.1263,262144,7,0
maskappliedISO8bit_flucol594_kpcclusters_800nm_poc0_60745_20x_g55_1_MMStack_Pos0_t7_s19,19,99.94606476,60.19866667,0.913276921,5.456989206,115.71,50.209,0.92864,5.3167,315.0,315.0,58.76343883,31.4221626,0.06049165,1.081784084,38.0,38.0,13797,17.0001,11226,369,30.4228,92,1.4257,0.0216,0.2674,0.1051,262144,7,0
maskappliedISO8bit_flucol594_kpcclusters_800nm_poc0_60745_20x_g55_1_MMStack_Pos0_t7_s2,2,99.85522994,53.20670359,0.913348443,5.58005988,109.505,47.7445,0.931985,5.5024,334.0,334.0,54.88730754,21.71935736,0.065167315,1.007981285,4.0,4.0,12694,18.6511,10291,384,26.7995,81,1.4018,0.0255,0.1769,0.1079,262144,7,0
maskappliedISO8bit_flucol594_kpcclusters_800nm_poc0_60745_20x_g55_1_MMStack_Pos0_t7_s20,20,99.43072801,59.19293072,0.912200843,5.38634006,109.105,50.632,0.92834,5.20555,332.0,332.0,58.59820626,29.18028754,0.062663224,1.078467227,40.0,40.0,13873,16.8961,11347,382,29.7042,97,1.4247,0.0264,0.237,0.1104,262144,7,0
maskappliedISO8bit_flucol594_kpcclusters_800nm_poc0_60745_20x_g55_1_MMStack_Pos0_t7_s21,21,93.55388081,59.71340994,0.910670124,5.53073323,100.219,53.054,0.925055,5.38515,322.0,322.0,57.57085662,27.36019045,0.065300983,1.032226309,42.0,42.0,13703,17.1305,11307,400,28.2675,96,1.4207,0.0283,0.2151,0.05716,262144,7,0
maskappliedISO8bit_flucol594_kpcclusters_800nm_poc0_60745_20x_g55_1_MMStack_Pos0_t7_s22,22,94.46219675,60.87035099,0.906259636,5.384896358,100.111,50.59,0.92499,5.21265,302.0,302.0,57.58935456,34.48565115,0.073365475,1.050799914,44.0,44.0,13438,17.5077,11085,313,35.4153,100,1.4175,0.0277,0.1984,0.07518,262144,7,0
maskappliedISO8bit_flucol594_kpcclusters_800nm_poc0_60745_20x_g55_1_MMStack_Pos0_t7_s23,23,98.94642416,58.46825382,0.911224128,5.399492966,108.89,50.631,0.92402,5.2772,327.0,327.0,55.9176816,26.98142308,0.062858599,0.975669816,46.0,46.0,13172,17.9017,10753,372,28.9059,76,1.4135,0.0268,0.1814,0.1078,262144,7,0
maskappliedISO8bit_flucol594_kpcclusters_800nm_poc0_60745_20x_g55_1_MMStack_Pos0_t7_s24,24,93.37398278,60.74791798,0.910624858,5.481401262,101.56,49.066,0.93398,5.32,317.0,317.0,59.15646529,31.50148851,0.074253994,1.029045523,48.0,48.0,13687,17.1528,11163,341,32.7361,118,1.4192,0.0293,0.1862,0.0896,262144,7,0
maskappliedISO8bit_flucol594_kpcclusters_800nm_poc0_60745_20x_g55_1_MMStack_Pos0_t7_s25,25,91.13750505,59.55116404,0.910139874,5.434546688,96.34,48.744,0.9251,5.3148,317.0,317.0,57.39248039,32.03667693,0.059595943,1.029170206,50.0,50.0,13270,17.7547,10866,372,29.2097,99,1.4142,0.0238,0.1824,0.07284,262144,7,0
maskappliedISO8bit_flucol594_kpcclusters_800nm_poc0_60745_20x_g55_1_MMStack_Pos0_t7_s26,26,102.6272782,61.16066667,0.911114314,5.441863072,111.175,52.0055,0.925125,5.3195,306.0,306.0,56.34688644,33.68225846,0.061156719,0.982089969,52.0,52.0,13253,17.78,10931,364,30.0302,87,1.4133,0.0237,0.2037,0.1115,262144,7,0
maskappliedISO8bit_flucol594_kpcclusters_800nm_poc0_60745_20x_g55_1_MMStack_Pos0_t7_s27,27,101.2662533,60.8072291,0.909667492,5.444858824,112.62,48.128,0.93043,5.3426,323.0,323.0,58.03270451,36.43811795,0.071302852,1.019119668,54.0,54.0,14728,15.7991,12181,392,31.074,116,1.4461,0.0307,0.2775,0.1146,262144,7,0
maskappliedISO8bit_flucol594_kpcclusters_800nm_poc0_60745_20x_g55_1_MMStack_Pos0_t7_s28,28,97.14014937,60.6631988,0.911970241,5.474098494,106.95,52.863,0.927285,5.39235,332.0,332.0,58.07096213,29.32421552,0.060241648,0.947561478,56.0,56.0,14723,15.8051,12055,405,29.7654,110,1.4454,0.0288,0.3751,0.0885,262144,7,0
maskappliedISO8bit_flucol594_kpcclusters_800nm_poc0_60745_20x_g55_1_MMStack_Pos0_t7_s3,3,97.14637581,58.60288387,0.907698419,5.553052581,106.735,47.4535,0.92086,5.3782,310.0,310.0,56.6689352,33.58383624,0.063157075,1.080455473,6.0,6.0,12442,19.0694,10125,398,25.4397,79,1.3998,0.0306,0.2003,0.1021,262144,7,0
maskappliedISO8bit_flucol594_kpcclusters_800nm_poc0_60745_20x_g55_1_MMStack_Pos0_t7_s4,4,102.9178941,57.2857709,0.905707121,5.688742105,112.52,49.853,0.92373,5.6137,323.0,323.0,54.24184423,26.17596599,0.072053013,1.04783063,8.0,8.0,12095,19.6738,9875,346,28.5405,65,1.3944,0.032,0.2161,0.1019,262144,7,0
maskappliedISO8bit_flucol594_kpcclusters_800nm_poc0_60745_20x_g55_1_MMStack_Pos0_t7_s5,5,101.0062577,55.59790769,0.907123508,5.748493846,109.86,46.86,0.92097,5.6137,325.0,325.0,55.41890387,26.84603106,0.071090897,1.13076557,10.0,10.0,12534,18.9147,10178,370,27.5081,79,1.4016,0.0227,0.2387,0.1088,262144,7,0
maskappliedISO8bit_flucol594_kpcclusters_800nm_poc0_60745_20x_g55_1_MMStack_Pos0_t7_s6,6,102.2325004,56.35565244,0.902970579,5.587889634,112.525,48.2285,0.91842,5.4435,328.0,328.0,55.30554426,25.09517906,0.072148064,1.057981572,12.0,12.0,12849,18.402,10482,400,26.205,92,1.4078,0.029,0.2646,0.09105,262144,7,0
maskappliedISO8bit_flucol594_kpcclusters_800nm_poc0_60745_20x_g55_1_MMStack_Pos0_t7_s7,7,103.9392348,54.84654955,0.915524414,5.730286486,114.34,47.24,0.92716,5.569,333.0,333.0,55.16102916,24.43264717,0.059053581,1.131395394,14.0,14.0,13192,17.8715,10739,377,28.4854,84,1.4166,0.0252,0.2925,0.09434,262144,7,0
maskappliedISO8bit_flucol594_kpcclusters_800nm_poc0_60745_20x_g55_1_MMStack_Pos0_t7_s8,8,97.27045486,57.33919749,0.906136332,5.667681818,102.72,47.678,0.92484,5.5439,319.0,319.0,54.37507164,27.42085428,0.066658205,1.083424597,16.0,16.0,12781,18.5105,10381,384,27.0339,81,1.4061,0.0271,0.3043,0.08563,262144,7,0
maskappliedISO8bit_flucol594_kpcclusters_800nm_poc0_60745_20x_g55_1_MMStack_Pos0_t7_s9,9,100.8664294,60.06972607,0.912689736,5.729856766,110.46,48.648,0.9294,5.5434,303.0,303.0,54.71064584,33.27779856,0.061729167,1.108529339,18.0,18.0,13559,17.3336,11160,419,26.6348,81,1.4176,0.0238,0.3201,0.08822,262144,7,0
maskappliedISO8bit_flucol594_kpcclusters_800nm_poc0_60745_20x_g55_1_MMStack_Pos0_t8_s1,1,98.61523176,57.29297288,0.902847593,5.624151525,105.12,47.893,0.92313,5.4464,295.0,295.0,55.44188579,27.04745479,0.075294249,1.054890009,2.0,2.0,12406,19.1305,10150,389,26.0925,67,1.3943,0.0257,0.1609,0.09852,262144,8,0
maskappliedISO8bit_flucol594_kpcclusters_800nm_poc0_60745_20x_g55_1_MMStack_Pos0_t8_s10,10,101.5591003,60.0795125,0.908413312,5.7117125,107.675,49.6665,0.92631,5.55145,320.0,320.0,54.07487412,36.10083355,0.069934023,1.14994067,20.0,20.0,13633,17.2287,11144,427,26.0984,98,1.4238,0.026,0.3333,0.104,262144,8,0
maskappliedISO8bit_flucol594_kpcclusters_800nm_poc0_60745_20x_g55_1_MMStack_Pos0_t8_s11,11,98.39628025,57.65734663,0.911749724,5.718997546,104.255,48.2975,0.92808,5.57115,326.0,326.0,56.29884446,28.35838781,0.064093357,1.114694438,22.0,22.0,13750,17.0651,11300,429,26.3403,86,1.423,0.0283,0.3707,0.09719,262144,8,0
maskappliedISO8bit_flucol594_kpcclusters_800nm_poc0_60745_20x_g55_1_MMStack_Pos0_t8_s12,12,108.2659383,63.53326552,0.902547524,5.750666207,119.075,52.1645,0.919865,5.5698,290.0,290.0,52.77217517,33.26225361,0.087525344,1.176373355,24.0,24.0,13752,17.0623,11355,432,26.2847,108,1.4251,0.0347,0.3706,0.1039,262144,8,0
maskappliedISO8bit_flucol594_kpcclusters_800nm_poc0_60745_20x_g55_1_MMStack_Pos0_t8_s13,13,106.0772074,58.60798071,0.906361736,5.786907395,118.51,49.019,0.92098,5.5383,311.0,311.0,54.29311557,29.38805453,0.068560306,1.128061577,26.0,26.0,13708,17.1235,11216,426,26.3286,91,1.4269,0.0273,0.3696,0.1165,262144,8,0
maskappliedISO8bit_flucol594_kpcclusters_800nm_poc0_60745_20x_g55_1_MMStack_Pos0_t8_s14,14,100.5706147,60.19595312,0.902781906,5.663667188,109.82,52.48,0.922025,5.55235,320.0,320.0,56.43114308,32.48466983,0.066912701,1.118978522,28.0,28.0,14168,16.5026,11500,448,25.6696,93,1.4355,0.0231,0.3737,0.09441,262144,8,0
maskappliedISO8bit_flucol594_kpcclusters_800nm_poc0_60745_20x_g55_1_MMStack_Pos0_t8_s15,15,100.2302328,61.52024149,0.906353932,5.578310526,109.8,49.327,0.92176,5.4604,323.0,323.0,56.94991427,33.30656549,0.061892355,1.019813098,30.0,30.0,14473,16.1127,11929,472,25.2733,104,1.4424,0.0244,0.3773,0.1167,262144,8,0
maskappliedISO8bit_flucol594_kpcclusters_800nm_poc0_60745_20x_g55_1_MMStack_Pos0_t8_s16,16,108.6751476,61.05478095,0.902575683,5.516528254,120.96,52.113,0.9198,5.4426,315.0,315.0,54.37907175,29.9277768,0.07120234,0.98683805,32.0,32.0,14167,16.5039,11554,463,24.9546,77,1.436,0.0207,0.3617,0.1293,262144,8,0
maskappliedISO8bit_flucol594_kpcclusters_800nm_poc0_60745_20x_g55_1_MMStack_Pos0_t8_s17,17,105.1726702,60.2824939,0.904059451,5.402437195,118.295,50.598,0.92434,5.24975,328.0,328.0,55.64141604,28.88638099,0.071208008,0.914066048,34.0,34.0,14649,15.8951,12023,444,27.0788,106,1.4446,0.026,0.3359,0.1242,262144,8,0
maskappliedISO8bit_flucol594_kpcclusters_800nm_poc0_60745_20x_g55_1_MMStack_Pos0_t8_s18,18,102.520152,60.28485321,0.899643058,5.479919878,112.17,49.986,0.92245,5.3968,327.0,327.0,56.47116524,30.38784618,0.079571045,1.041026508,36.0,36.0,13944,16.7998,11494,430,26.7302,97,1.4299,0.0237,0.2996,0.1356,262144,8,0
maskappliedISO8bit_flucol594_kpcclusters_800nm_poc0_60745_20x_g55_1_MMStack_Pos0_t8_s19,19,102.2365266,57.78436556,0.909592628,5.514974924,114.23,48.664,0.92373,5.3744,331.0,331.0,56.79463469,27.39491957,0.069108202,1.006417931,38.0,38.0,13769,17.0388,11368,398,28.5628,91,1.4269,0.0277,0.2678,0.09425,262144,8,0
maskappliedISO8bit_flucol594_kpcclusters_800nm_poc0_60745_20x_g55_1_MMStack_Pos0_t8_s2,2,101.5110409,55.79091749,0.910719373,5.489690099,111.8,48.253,0.93265,5.3685,303.0,303.0,55.09978241,27.37378958,0.075760236,1.066235075,4.0,4.0,12790,18.4961,10377,369,28.122,90,1.4036,0.0305,0.1712,0.1052,262144,8,0
maskappliedISO8bit_flucol594_kpcclusters_800nm_poc0_60745_20x_g55_1_MMStack_Pos0_t8_s20,20,101.3635266,60.54634688,0.913040687,5.489625938,109.67,51.621,0.923175,5.27815,320.0,320.0,57.31598552,30.93386526,0.055198656,1.11108364,40.0,40.0,13943,16.8012,11415,396,28.8258,104,1.4269,0.0296,0.2403,0.1196,262144,8,0
maskappliedISO8bit_flucol594_kpcclusters_800nm_poc0_60745_20x_g55_1_MMStack_Pos0_t8_s21,21,91.00196137,59.02745652,0.916294379,5.499348447,97.8625,49.039,0.926205,5.2803,322.0,322.0,58.94095844,33.57946073,0.060037145,1.087206553,42.0,42.0,13776,17.0291,11407,382,29.8613,104,1.423,0.0277,0.2166,0.05798,262144,8,0
maskappliedISO8bit_flucol594_kpcclusters_800nm_poc0_60745_20x_g55_1_MMStack_Pos0_t8_s22,22,92.72085236,61.02212292,0.912398738,5.52440598,99.728,51.378,0.92705,5.2753,301.0,301.0,57.49646162,30.43078242,0.058743001,1.094921923,44.0,44.0,13047,18.0924,10706,345,31.0319,89,1.4093,0.0271,0.2003,0.06482,262144,8,0
maskappliedISO8bit_flucol594_kpcclusters_800nm_poc0_60745_20x_g55_1_MMStack_Pos0_t8_s23,23,94.72858679,59.20518553,0.920405975,5.471270126,106.425,50.2155,0.93335,5.4079,318.0,318.0,59.51609464,31.83058356,0.055705134,0.995258606,46.0,46.0,12889,18.3387,10610,358,29.6369,83,1.4067,0.0255,0.1827,0.1054,262144,8,0
maskappliedISO8bit_flucol594_kpcclusters_800nm_poc0_60745_20x_g55_1_MMStack_Pos0_t8_s24,24,100.5344413,63.39088339,0.904870671,5.335209894,110.07,49.213,0.9261,5.2285,283.0,283.0,57.69623462,38.07102494,0.077145321,0.930901719,48.0,48.0,13403,17.5587,11004,362,30.3978,102,1.4158,0.0242,0.1851,0.08385,262144,8,0
maskappliedISO8bit_flucol594_kpcclusters_800nm_poc0_60745_20x_g55_1_MMStack_Pos0_t8_s25,25,95.12517695,62.70121429,0.907419416,5.363656818,104.04,50.018,0.927255,5.26925,308.0,308.0,59.58156719,35.60080032,0.073550671,1.028772646,50.0,50.0,13238,17.8025,10780,352,30.625,94,1.4142,0.0247,0.1822,0.08555,262144,8,0
maskappliedISO8bit_flucol594_kpcclusters_800nm_poc0_60745_20x_g55_1_MMStack_Pos0_t8_s26,26,96.64405882,61.61476677,0.907444153,5.351556869,106.7,51.448,0.92465,5.3232,313.0,313.0,56.24899526,31.74514462,0.064033068,0.903602188,52.0,52.0,13358,17.6246,11087,382,29.0236,93,1.414,0.0287,0.1956,0.1182,262144,8,0
maskappliedISO8bit_flucol594_kpcclusters_800nm_poc0_60745_20x_g55_1_MMStack_Pos0_t8_s27,27,102.0803503,60.88131761,0.91688,5.493072327,109.58,50.9395,0.934075,5.34605,318.0,318.0,56.31135807,32.02249214,0.064150789,1.051463056,54.0,54.0,14269,16.3716,11773,389,30.2648,84,1.4376,0.028,0.2684,0.127,262144,8,0
maskappliedISO8bit_flucol594_kpcclusters_800nm_poc0_60745_20x_g55_1_MMStack_Pos0_t8_s28,28,99.96479178,59.91234743,0.907735891,5.499770695,107.82,49.043,0.92571,5.3304,331.0,331.0,56.51658037,29.92814179,0.07378307,1.041629604,56.0,56.0,14644,15.9012,12075,406,29.7414,105,1.4431,0.0271,0.3754,0.1012,262144,8,0
maskappliedISO8bit_flucol594_kpcclusters_800nm_poc0_60745_20x_g55_1_MMStack_Pos0_t8_s3,3,102.211914,56.09953106,0.907888634,5.575353727,113.315,45.6135,0.921275,5.409,322.0,322.0,53.43163866,28.01718297,0.062874345,1.090507008,6.0,6.0,12270,19.3647,9921,382,25.9712,80,1.3967,0.0267,0.1967,0.1176,262144,8,0
maskappliedISO8bit_flucol594_kpcclusters_800nm_poc0_60745_20x_g55_1_MMStack_Pos0_t8_s4,4,98.23127112,55.47193313,0.907935562,5.59132462,102.26,47.938,0.92429,5.4808,329.0,329.0,54.6278774,23.75336962,0.067053188,0.997590457,8.0,8.0,12249,19.4013,9951,378,26.3254,85,1.3922,0.0264,0.2181,0.1072,262144,8,0
maskappliedISO8bit_flucol594_kpcclusters_800nm_poc0_60745_20x_g55_1_MMStack_Pos0_t8_s5,5,101.588476,59.19105298,0.903795132,5.651636755,107.32,47.472,0.920925,5.554,302.0,302.0,52.96392796,30.63867409,0.069382831,1.020998251,10.0,10.0,12090,19.6828,9917,362,27.395,68,1.3917,0.0244,0.2381,0.1148,262144,8,0
maskappliedISO8bit_flucol594_kpcclusters_800nm_poc0_60745_20x_g55_1_MMStack_Pos0_t8_s6,6,99.39252774,57.94542988,0.908677165,5.642168902,106.8,48.578,0.926595,5.5254,328.0,328.0,55.76191348,29.56373605,0.066532282,1.063287367,12.0,12.0,12954,18.2366,10603,409,25.9242,72,1.4106,0.026,0.2602,0.09849,262144,8,0
maskappliedISO8bit_flucol594_kpcclusters_800nm_poc0_60745_20x_g55_1_MMStack_Pos0_t8_s7,7,104.3021287,57.10567702,0.906370186,5.65235559,111.525,47.883,0.918115,5.528,322.0,322.0,53.9985286,27.10393212,0.065215776,0.982227442,14.0,14.0,12944,18.2522,10594,420,25.2238,83,1.4129,0.0288,0.2865,0.0997,262144,8,0
maskappliedISO8bit_flucol594_kpcclusters_800nm_poc0_60745_20x_g55_1_MMStack_Pos0_t8_s8,8,97.77039027,57.20009726,0.907650729,5.702684498,109.54,47.903,0.92892,5.5867,329.0,329.0,54.6165426,27.64149284,0.067104,1.119170998,16.0,16.0,13034,18.1124,10609,422,25.1398,82,1.4129,0.0264,0.2994,0.08896,262144,8,0
maskappliedISO8bit_flucol594_kpcclusters_800nm_poc0_60745_20x_g55_1_MMStack_Pos0_t8_s9,9,99.28795287,59.36677707,0.910672866,5.755134395,109.91,49.4125,0.92563,5.54235,314.0,314.0,55.34399268,27.84242345,0.072201943,1.265776931,18.0,18.0,13035,18.1109,10693,421,25.399,82,1.4142,0.0226,0.3128,0.08414,262144,8,0
maskappliedISO8bit_flucol594_kpcclusters_800nm_poc0_60745_20x_g55_1_MMStack_Pos0_t9_s1,1,101.6339768,54.26488994,0.910666289,5.537493082,113.04,45.601,0.925995,5.40255,318.0,318.0,55.6184041,27.74099511,0.064230272,1.081589781,2.0,2.0,12329,19.2625,10172,389,26.1491,64,1.3955,0.0246,0.1623,0.09686,262144,9,0
maskappliedISO8bit_flucol594_kpcclusters_800nm_poc0_60745_20x_g55_1_MMStack_Pos0_t9_s10,10,98.72540862,59.05109174,0.906058838,5.708192355,106.56,49.996,0.92393,5.5066,327.0,327.0,53.74813017,29.52703318,0.065033771,1.157343759,20.0,20.0,13465,17.4686,11004,430,25.5907,74,1.4221,0.0316,0.328,0.1045,262144,9,0
maskappliedISO8bit_flucol594_kpcclusters_800nm_poc0_60745_20x_g55_1_MMStack_Pos0_t9_s11,11,100.0635612,58.34323323,0.901448115,5.745559744,109.56,48.858,0.92057,5.6372,313.0,313.0,56.8276123,27.27831325,0.073212624,1.069745118,22.0,22.0,13866,16.9056,11411,463,24.6458,95,1.4268,0.0286,0.3699,0.09023,262144,9,0
maskappliedISO8bit_flucol594_kpcclusters_800nm_poc0_60745_20x_g55_1_MMStack_Pos0_t9_s12,12,102.0429772,59.11218123,0.902031327,5.718307767,108.43,50.357,0.91719,5.5738,309.0,309.0,54.85433144,28.75609184,0.067599653,1.130391785,24.0,24.0,13825,16.9617,11354,424,26.7783,96,1.4258,0.0212,0.3752,0.1058,262144,9,0
maskappliedISO8bit_flucol594_kpcclusters_800nm_poc0_60745_20x_g55_1_MMStack_Pos0_t9_s13,13,103.8369189,57.80366168,0.912075449,5.777682036,110.965,48.7285,0.92534,5.5422,334.0,334.0,53.78861765,30.16824502,0.064537216,1.275648892,26.0,26.0,13635,17.2259,11262,425,26.4988,98,1.4236,0.023,0.3688,0.1087,262144,9,0
maskappliedISO8bit_flucol594_kpcclusters_800nm_poc0_60745_20x_g55_1_MMStack_Pos0_t9_s14,14,102.0706354,57.91281953,0.912438728,5.731951479,110.61,50.127,0.924275,5.54505,338.0,338.0,54.25141196,26.31150605,0.060495488,1.232647441,28.0,28.0,13838,16.9438,11316,432,26.1944,91,1.4272,0.0194,0.3695,0.08846,262144,9,0
maskappliedISO8bit_flucol594_kpcclusters_800nm_poc0_60745_20x_g55_1_MMStack_Pos0_t9_s15,15,94.47967708,61.62393269,0.900392917,5.55506891,108.175,53.4935,0.92482,5.37685,312.0,312.0,59.25164459,30.00513374,0.079280565,1.097146408,30.0,30.0,14702,15.8306,11983,457,26.221,98,1.4439,0.0252,0.3789,0.1217,262144,9,0
maskappliedISO8bit_flucol594_kpcclusters_800nm_poc0_60745_20x_g55_1_MMStack_Pos0_t9_s16,16,105.8114893,59.21761739,0.906462725,5.579604928,118.83,47.99,0.92501,5.4448,345.0,345.0,55.03170637,32.54629443,0.07041136,1.052323782,32.0,32.0,14354,16.2628,11731,454,25.8392,113,1.436,0.0306,0.3602,0.1188,262144,9,0
maskappliedISO8bit_flucol594_kpcclusters_800nm_poc0_60745_20x_g55_1_MMStack_Pos0_t9_s17,17,101.7274181,58.51895389,0.907473919,5.434548991,116.05,49.151,0.92624,5.3037,347.0,347.0,57.0466051,29.76780834,0.076198617,0.986696643,34.0,34.0,13953,16.7877,11416,440,25.9455,99,1.4294,0.0237,0.34,0.1328,262144,9,0
maskappliedISO8bit_flucol594_kpcclusters_800nm_poc0_60745_20x_g55_1_MMStack_Pos0_t9_s18,18,98.95301994,60.34544311,0.908797665,5.503084132,109.95,49.7125,0.923615,5.38435,334.0,334.0,58.2402336,32.74970247,0.064297479,1.074098158,36.0,36.0,14027,16.6886,11570,436,26.5367,100,1.4311,0.0254,0.3148,0.1347,262144,9,0
maskappliedISO8bit_flucol594_kpcclusters_800nm_poc0_60745_20x_g55_1_MMStack_Pos0_t9_s19,19,102.5125728,57.82247335,0.911658966,5.499670219,115.02,47.373,0.93579,5.3739,319.0,319.0,56.3513977,29.58151138,0.07413939,1.000801332,38.0,38.0,14039,16.6726,11471,431,26.6148,103,1.4316,0.0223,0.2767,0.1022,262144,9,0
maskappliedISO8bit_flucol594_kpcclusters_800nm_poc0_60745_20x_g55_1_MMStack_Pos0_t9_s2,2,101.1646315,58.3487911,0.906754966,5.503646233,112.07,50.911,0.923205,5.4032,292.0,292.0,54.6848828,26.91320438,0.063260744,1.03181569,4.0,4.0,12857,18.3893,10524,357,29.479,92,1.4069,0.0246,0.1707,0.09727,262144,9,0
maskappliedISO8bit_flucol594_kpcclusters_800nm_poc0_60745_20x_g55_1_MMStack_Pos0_t9_s20,20,96.10876858,59.05266358,0.908650401,5.493875617,105.83,50.891,0.928835,5.3336,324.0,324.0,57.94906724,28.75414826,0.070465906,1.032694331,40.0,40.0,14253,16.3923,11569,395,29.2886,108,1.4316,0.0256,0.2463,0.1056,262144,9,0
maskappliedISO8bit_flucol594_kpcclusters_800nm_poc0_60745_20x_g55_1_MMStack_Pos0_t9_s21,21,91.61359303,59.42554574,0.913232366,5.558137539,98.366,50.746,0.92542,5.4595,317.0,317.0,58.49527855,30.0981176,0.057667625,1.082676276,42.0,42.0,13480,17.447,11117,380,29.2553,83,1.4177,0.0245,0.2212,0.06235,262144,9,0
maskappliedISO8bit_flucol594_kpcclusters_800nm_poc0_60745_20x_g55_1_MMStack_Pos0_t9_s22,22,96.58899614,59.72699673,0.907089477,5.430930392,104.21,51.618,0.92783,5.28215,306.0,306.0,58.94837319,27.48020156,0.069460945,0.997081333,44.0,44.0,13453,17.486,11148,343,32.5015,96,1.4177,0.0285,0.2038,0.05974,262144,9,0
maskappliedISO8bit_flucol594_kpcclusters_800nm_poc0_60745_20x_g55_1_MMStack_Pos0_t9_s23,23,94.97381608,61.20245098,0.908865523,5.474443464,103.645,51.712,0.926015,5.23835,306.0,306.0,57.71327046,30.11585506,0.065877396,1.102822323,46.0,46.0,12900,18.3213,10577,373,28.3566,80,1.4062,0.0302,0.1835,0.09125,262144,9,0
maskappliedISO8bit_flucol594_kpcclusters_800nm_poc0_60745_20x_g55_1_MMStack_Pos0_t9_s24,24,97.07091311,59.75127744,0.913197073,5.315830183,110.39,47.926,0.92551,5.1449,328.0,328.0,57.65040523,32.07576972,0.061289251,1.002526752,48.0,48.0,13133,17.9608,10741,387,27.7545,93,1.4112,0.0257,0.1834,0.09681,262144,9,0
maskappliedISO8bit_flucol594_kpcclusters_800nm_poc0_60745_20x_g55_1_MMStack_Pos0_t9_s25,25,92.8202279,59.13968525,0.919230689,5.447664918,98.746,50.18,0.9344,5.3307,305.0,305.0,58.54571554,31.7780306,0.056174953,1.112330052,50.0,50.0,12788,18.4993,10485,364,28.8049,86,1.4032,0.0262,0.1818,0.08002,262144,9,0
maskappliedISO8bit_flucol594_kpcclusters_800nm_poc0_60745_20x_g55_1_MMStack_Pos0_t9_s26,26,101.7572693,61.58736093,0.911623444,5.364563907,115.3,52.0315,0.931385,5.32605,302.0,302.0,57.78373879,35.18390369,0.073728684,1.015943764,52.0,52.0,13141,17.9486,10784,366,29.4645,102,1.4124,0.0239,0.1882,0.1003,262144,9,0
maskappliedISO8bit_flucol594_kpcclusters_800nm_poc0_60745_20x_g55_1_MMStack_Pos0_t9_s27,27,97.77159355,63.49424194,0.91199329,5.448442258,104.625,53.138,0.930505,5.3464,310.0,310.0,56.39620466,35.18369347,0.071931648,1.012884202,54.0,54.0,14284,16.3523,11684,351,33.2877,108,1.4358,0.0242,0.255,0.1224,262144,9,0
maskappliedISO8bit_flucol594_kpcclusters_800nm_poc0_60745_20x_g55_1_MMStack_Pos0_t9_s28,28,97.80198349,62.11359639,0.909518765,5.456847289,105.025,50.174,0.93046,5.32315,332.0,332.0,55.17425951,36.01472021,0.065440034,1.023468993,56.0,56.0,14610,15.9428,12117,432,28.0486,111,1.4452,0.028,0.3588,0.1074,262144,9,0
maskappliedISO8bit_flucol594_kpcclusters_800nm_poc0_60745_20x_g55_1_MMStack_Pos0_t9_s3,3,102.6953928,55.84297819,0.904208006,5.528542679,114.3,47.116,0.92197,5.3546,321.0,321.0,54.60693193,26.5360052,0.070796977,1.106920205,6.0,6.0,12576,18.8449,10181,358,28.4385,76,1.4005,0.026,0.1988,0.1128,262144,9,0
maskappliedISO8bit_flucol594_kpcclusters_800nm_poc0_60745_20x_g55_1_MMStack_Pos0_t9_s4,4,100.7202853,56.40943919,0.912094324,5.617597635,108.43,47.6215,0.927075,5.49175,296.0,296.0,52.74651792,26.89985127,0.058707846,1.079811765,8.0,8.0,12218,19.4556,10009,362,27.6492,68,1.3973,0.0273,0.2201,0.1071,262144,9,0
maskappliedISO8bit_flucol594_kpcclusters_800nm_poc0_60745_20x_g55_1_MMStack_Pos0_t9_s5,5,104.9871966,56.19282187,0.904982031,5.696881563,111.88,49.1675,0.921235,5.58235,320.0,320.0,53.97975514,25.51485988,0.064322337,1.054116905,10.0,10.0,11773,20.2666,9655,363,26.5978,71,1.3834,0.0255,0.2373,0.09588,262144,9,0
maskappliedISO8bit_flucol594_kpcclusters_800nm_poc0_60745_20x_g55_1_MMStack_Pos0_t9_s6,6,99.56875032,59.55685397,0.901686857,5.673955873,106.5,49.378,0.92205,5.4853,315.0,315.0,55.83552799,28.76503941,0.071183046,1.034982925,12.0,12.0,12783,18.5073,10455,404,25.8787,73,1.4048,0.0185,0.2555,0.08699,262144,9,0
maskappliedISO8bit_flucol594_kpcclusters_800nm_poc0_60745_20x_g55_1_MMStack_Pos0_t9_s7,7,101.968238,59.41220513,0.900412596,5.548989423,112.88,49.5975,0.921615,5.4433,312.0,312.0,55.44549853,30.5919322,0.074925337,1.005215718,14.0,14.0,12894,18.3308,10552,397,26.5793,78,1.4087,0.0259,0.2854,0.08599,262144,9,0
maskappliedISO8bit_flucol594_kpcclusters_800nm_poc0_60745_20x_g55_1_MMStack_Pos0_t9_s8,8,104.6046491,56.53209148,0.909661798,5.661590221,114.86,48.642,0.9204,5.5395,317.0,317.0,53.40098517,26.86095136,0.060502317,1.112215923,16.0,16.0,12695,18.6495,10295,406,25.3571,81,1.4059,0.0241,0.2987,0.09427,262144,9,0
maskappliedISO8bit_flucol594_kpcclusters_800nm_poc0_60745_20x_g55_1_MMStack_Pos0_t9_s9,9,100.1914054,57.67571203,0.910015222,5.554975633,111.985,48.736,0.923945,5.44455,316.0,316.0,55.43403454,27.60581306,0.064098867,1.129042717,18.0,18.0,13274,17.7488,10927,444,24.6104,76,1.4192,0.0234,0.3095,0.08543,262144,9,0
