image_name,slice,mean_HistANG,mean_HistLEN,mean_HistSTR,mean_HistWID,median_HistANG,median_HistLEN,median_HistSTR,median_HistWID,fibercount,fibercount,std_HistANG,std_HistLEN,std_HistSTR,std_HistWID,z_depth,z_depth,Area (microns^2),Lacunarity,Total Length (microns),Endpoints,HGU (microns),Branchpoints,Box-Counting Fractal Dimension,Curvature_40.0,% High Density Matrix,Alignment,TotalImageArea,timepoint,position
maskappliedISO8bit_flucol594_kpcclusters_800nm_poc0_60745_20x_g55_1_MMStack_Pos5_t10_s1,1,110.8221292,51.17371171,0.900597838,3.45457027,126.87,44.838,0.91296,3.4126,111.0,111.0,53.89150687,21.67588049,0.050892351,0.671859113,2.0,2.0,12379,19.1766,9995,503,19.8708,74,1.398,0.0259,0.2038,0.1059,262144,10,5
maskappliedISO8bit_flucol594_kpcclusters_800nm_poc0_60745_20x_g55_1_MMStack_Pos5_t10_s10,10,105.0077379,49.44683432,0.905229527,3.827715976,120.96,43.874,0.91327,3.6591,169.0,169.0,55.11753676,19.8997161,0.050149905,0.938574828,20.0,20.0,13434,17.5135,10789,506,21.3221,86,1.4186,0.0247,0.2703,0.1135,262144,10,5
maskappliedISO8bit_flucol594_kpcclusters_800nm_poc0_60745_20x_g55_1_MMStack_Pos5_t10_s11,11,103.5089976,47.43384553,0.887395447,3.748909756,116.57,44.16,0.91019,3.3599,123.0,123.0,54.23957127,16.24466475,0.075221036,1.171886988,22.0,22.0,11334,21.1291,9172,542,16.9225,47,1.3794,0.0233,0.2116,0.1149,262144,10,5
maskappliedISO8bit_flucol594_kpcclusters_800nm_poc0_60745_20x_g55_1_MMStack_Pos5_t10_s12,12,95.36924375,49.000375,0.894619,4.0928125,111.52,43.2395,0.910525,3.8268,80.0,80.0,59.38671984,20.01750409,0.076727674,1.407087228,24.0,24.0,9209,26.4662,7473,463,16.1404,41,1.3386,0.0216,0.1668,0.1485,262144,10,5
maskappliedISO8bit_flucol594_kpcclusters_800nm_poc0_60745_20x_g55_1_MMStack_Pos5_t10_s13,13,95.60506404,51.18062281,0.888758596,4.162864912,108.45,44.1745,0.90473,3.87945,114.0,114.0,60.61213266,20.49376923,0.073127992,1.259896445,26.0,26.0,11277,21.246,9159,481,19.0416,54,1.3852,0.0257,0.2251,0.1153,262144,10,5
maskappliedISO8bit_flucol594_kpcclusters_800nm_poc0_60745_20x_g55_1_MMStack_Pos5_t10_s14,14,106.4829595,53.6427973,0.893411351,4.000385135,118.74,44.293,0.906755,3.71995,148.0,148.0,55.28734476,26.3955215,0.055312124,1.155498033,28.0,28.0,12064,19.7295,9888,521,18.9789,62,1.3999,0.0227,0.2782,0.1213,262144,10,5
maskappliedISO8bit_flucol594_kpcclusters_800nm_poc0_60745_20x_g55_1_MMStack_Pos5_t10_s15,15,89.34709424,49.28980576,0.890992878,4.027930935,92.246,42.286,0.90505,3.804,139.0,139.0,58.11167702,19.08989347,0.061713429,1.218119739,30.0,30.0,11039,21.7472,9069,515,17.6097,42,1.3755,0.0277,0.2535,0.07784,262144,10,5
maskappliedISO8bit_flucol594_kpcclusters_800nm_poc0_60745_20x_g55_1_MMStack_Pos5_t10_s16,16,88.1258157,50.9067686,0.89329843,4.067759504,90.0,43.4,0.91339,3.7925,121.0,121.0,57.68559292,20.91326648,0.067329416,1.23394521,32.0,32.0,10108,23.9344,8257,463,17.8337,42,1.3602,0.0238,0.2207,0.05859,262144,10,5
maskappliedISO8bit_flucol594_kpcclusters_800nm_poc0_60745_20x_g55_1_MMStack_Pos5_t10_s17,17,94.73886068,51.43137607,0.892214274,4.124359829,95.711,45.009,0.90993,4.0673,117.0,117.0,59.86222233,20.75336879,0.070355326,1.225553062,34.0,34.0,10551,22.8455,8590,494,17.3887,49,1.3725,0.0228,0.2355,0.05403,262144,10,5
maskappliedISO8bit_flucol594_kpcclusters_800nm_poc0_60745_20x_g55_1_MMStack_Pos5_t10_s18,18,92.4147404,51.02880795,0.899608344,4.285684106,91.081,42.918,0.92017,3.955,151.0,151.0,59.11882051,22.94202281,0.061843485,1.278278691,36.0,36.0,11133,21.5467,9262,549,16.8707,57,1.3835,0.0259,0.2653,0.06328,262144,10,5
maskappliedISO8bit_flucol594_kpcclusters_800nm_poc0_60745_20x_g55_1_MMStack_Pos5_t10_s19,19,95.68155271,50.247,0.896268372,4.122482946,97.595,41.654,0.90659,4.0554,129.0,129.0,55.99743214,24.82081124,0.058324111,1.06051954,38.0,38.0,10252,23.5701,8457,437,19.3524,60,1.3614,0.0249,0.2167,0.05394,262144,10,5
maskappliedISO8bit_flucol594_kpcclusters_800nm_poc0_60745_20x_g55_1_MMStack_Pos5_t10_s2,2,98.90455242,47.16601613,0.902645726,3.551027419,112.17,42.0185,0.911355,3.48115,124.0,124.0,55.25853933,19.65497919,0.052471177,0.773244998,4.0,4.0,12731,18.5911,10324,533,19.3696,74,1.4072,0.0291,0.2241,0.09749,262144,10,5
maskappliedISO8bit_flucol594_kpcclusters_800nm_poc0_60745_20x_g55_1_MMStack_Pos5_t10_s20,20,91.28734444,53.69092063,0.856338413,3.953222222,101.69,45.939,0.88549,3.806,63.0,63.0,58.6955172,22.2619922,0.109732733,1.159572896,40.0,40.0,10036,24.1205,8190,413,19.8305,49,1.3618,0.026,0.1982,0.03014,262144,10,5
maskappliedISO8bit_flucol594_kpcclusters_800nm_poc0_60745_20x_g55_1_MMStack_Pos5_t10_s21,21,98.63658246,47.80445614,0.886676316,3.339715789,105.71,41.756,0.89986,3.0629,57.0,57.0,53.38201391,17.18161193,0.076329851,0.844194228,42.0,42.0,14509,16.0677,11908,653,18.2358,69,1.4442,0.0266,0.3417,0.02853,262144,10,5
maskappliedISO8bit_flucol594_kpcclusters_800nm_poc0_60745_20x_g55_1_MMStack_Pos5_t10_s22,22,113.8022697,43.85090909,0.872598485,2.680312121,125.71,39.028,0.88041,2.6285,33.0,33.0,52.46266606,14.02795713,0.064978272,0.412323506,44.0,44.0,15252,15.1876,12477,782,15.9552,67,1.4615,0.0319,0.3748,0.01268,262144,10,5
maskappliedISO8bit_flucol594_kpcclusters_800nm_poc0_60745_20x_g55_1_MMStack_Pos5_t10_s23,23,93.19575,41.21908333,0.911496667,2.4417125,95.52,38.0835,0.908615,2.3784,24.0,24.0,68.04584062,9.722351061,0.044172605,0.232502655,46.0,46.0,16963,13.4539,13970,811,17.2256,106,1.4871,0.0299,0.4189,0.03909,262144,10,5
maskappliedISO8bit_flucol594_kpcclusters_800nm_poc0_60745_20x_g55_1_MMStack_Pos5_t10_s24,24,84.04420571,39.04414286,0.911432857,2.451342857,91.848,36.374,0.91808,2.4269,35.0,35.0,66.39029431,7.8621199,0.049867367,0.2194398,48.0,48.0,17274,13.1757,14215,779,18.2478,94,1.4906,0.0396,0.4552,0.02283,262144,10,5
maskappliedISO8bit_flucol594_kpcclusters_800nm_poc0_60745_20x_g55_1_MMStack_Pos5_t10_s25,25,88.26595238,44.96247619,0.903512857,2.343185714,94.214,40.122,0.90559,2.3303,21.0,21.0,61.11666061,16.01864035,0.049220508,0.143386983,50.0,50.0,17774,12.7488,14671,769,19.078,107,1.4973,0.0296,0.4528,0.05044,262144,10,5
maskappliedISO8bit_flucol594_kpcclusters_800nm_poc0_60745_20x_g55_1_MMStack_Pos5_t10_s26,26,83.42408519,42.017,0.907993333,2.381737037,94.086,38.157,0.91763,2.3753,27.0,27.0,67.38000222,12.08898122,0.041337542,0.205779618,52.0,52.0,17554,12.9336,14551,773,18.8241,99,1.4952,0.0321,0.4616,0.06131,262144,10,5
maskappliedISO8bit_flucol594_kpcclusters_800nm_poc0_60745_20x_g55_1_MMStack_Pos5_t10_s27,27,83.7672875,44.07803125,0.915348125,2.403428125,73.288,37.9905,0.922965,2.37295,32.0,32.0,67.11872757,13.41946624,0.037841188,0.204471374,54.0,54.0,17565,12.9243,14630,755,19.3775,116,1.4917,0.0305,0.4923,0.04454,262144,10,5
maskappliedISO8bit_flucol594_kpcclusters_800nm_poc0_60745_20x_g55_1_MMStack_Pos5_t10_s28,28,108.76525,43.41075,0.927808125,2.34716875,141.765,43.692,0.939535,2.28205,16.0,16.0,63.27814058,7.477281646,0.042943424,0.221130515,56.0,56.0,17687,12.8213,14484,758,19.1082,109,1.4957,0.0316,0.4934,0.0599,262144,10,5
maskappliedISO8bit_flucol594_kpcclusters_800nm_poc0_60745_20x_g55_1_MMStack_Pos5_t10_s3,3,112.4749138,52.91417886,0.884524472,3.580076423,123.08,45.158,0.90467,3.484,123.0,123.0,50.22960012,23.41749952,0.084089144,0.719113274,6.0,6.0,13359,17.6231,10775,512,21.0449,80,1.4177,0.0243,0.2503,0.1349,262144,10,5
maskappliedISO8bit_flucol594_kpcclusters_800nm_poc0_60745_20x_g55_1_MMStack_Pos5_t10_s4,4,104.6356452,49.73388889,0.896439111,3.573340741,116.1,41.852,0.91154,3.5034,135.0,135.0,53.99468408,22.28755301,0.065918622,0.677412864,8.0,8.0,13437,17.5092,11035,508,21.7224,74,1.4228,0.0252,0.2379,0.1504,262144,10,5
maskappliedISO8bit_flucol594_kpcclusters_800nm_poc0_60745_20x_g55_1_MMStack_Pos5_t10_s5,5,107.2843156,50.07564407,0.897377203,3.478025424,121.68,42.7445,0.907685,3.39885,118.0,118.0,56.48776143,21.4729383,0.057143996,0.690302958,10.0,10.0,13307,17.6998,10846,534,20.3109,68,1.4178,0.0265,0.2416,0.1334,262144,10,5
maskappliedISO8bit_flucol594_kpcclusters_800nm_poc0_60745_20x_g55_1_MMStack_Pos5_t10_s6,6,110.7701651,49.52138158,0.898426842,3.477934211,120.525,41.915,0.91303,3.4589,152.0,152.0,52.74699573,19.86059435,0.063480435,0.619622659,12.0,12.0,13373,17.6026,10894,485,22.4619,79,1.4178,0.0297,0.2605,0.1372,262144,10,5
maskappliedISO8bit_flucol594_kpcclusters_800nm_poc0_60745_20x_g55_1_MMStack_Pos5_t10_s7,7,105.0417523,50.00431061,0.897000606,3.490525,119.535,42.6985,0.9091,3.3838,132.0,132.0,53.56170369,19.66351442,0.054957914,0.680036706,14.0,14.0,13188,17.8775,10744,526,20.4259,67,1.4173,0.0303,0.2362,0.1499,262144,10,5
maskappliedISO8bit_flucol594_kpcclusters_800nm_poc0_60745_20x_g55_1_MMStack_Pos5_t10_s8,8,114.6083475,51.44219375,0.89082025,3.634518125,126.71,44.8875,0.899985,3.5004,160.0,160.0,49.81892364,19.66990613,0.060845237,0.836275269,16.0,16.0,13631,17.2315,11166,564,19.7979,82,1.4266,0.0236,0.2911,0.1008,262144,10,5
maskappliedISO8bit_flucol594_kpcclusters_800nm_poc0_60745_20x_g55_1_MMStack_Pos5_t10_s9,9,107.5694739,51.73445963,0.889889068,3.78627205,120.26,42.5,0.90459,3.6595,161.0,161.0,51.12578649,23.20048827,0.058708942,0.949447289,18.0,18.0,14046,16.6633,11579,566,20.4576,87,1.4355,0.0299,0.3183,0.09659,262144,10,5
maskappliedISO8bit_flucol594_kpcclusters_800nm_poc0_60745_20x_g55_1_MMStack_Pos5_t11_s1,1,110.5498292,53.10298333,0.89750025,3.6306575,123.105,44.308,0.9099,3.5181,120.0,120.0,52.0032165,23.29255101,0.058197611,0.766567739,2.0,2.0,13062,18.0693,10539,483,21.8199,79,1.4117,0.0265,0.2342,0.1071,262144,11,5
maskappliedISO8bit_flucol594_kpcclusters_800nm_poc0_60745_20x_g55_1_MMStack_Pos5_t11_s10,10,101.1483333,54.6662,0.886916133,3.865310667,110.165,44.773,0.90463,3.6913,150.0,150.0,57.67423915,27.49592247,0.063634457,1.017792822,20.0,20.0,13425,17.5266,10896,543,20.0663,81,1.4232,0.0253,0.29,0.09484,262144,11,5
maskappliedISO8bit_flucol594_kpcclusters_800nm_poc0_60745_20x_g55_1_MMStack_Pos5_t11_s11,11,107.2352192,48.69422308,0.888464154,3.684163846,123.145,43.3535,0.900475,3.48005,130.0,130.0,55.20537304,22.81486305,0.059366723,1.176786246,22.0,22.0,11747,20.3159,9475,509,18.6149,62,1.3916,0.0275,0.2198,0.08347,262144,11,5
maskappliedISO8bit_flucol594_kpcclusters_800nm_poc0_60745_20x_g55_1_MMStack_Pos5_t11_s12,12,94.16293846,53.26135897,0.890306026,4.034070513,98.631,43.694,0.903555,3.71905,78.0,78.0,61.7908486,27.66537177,0.072446712,1.176249737,24.0,24.0,9009,27.0981,7286,420,17.3476,47,1.3316,0.0347,0.1648,0.132,262144,11,5
maskappliedISO8bit_flucol594_kpcclusters_800nm_poc0_60745_20x_g55_1_MMStack_Pos5_t11_s13,13,94.30860174,47.72027826,0.897571391,4.017678261,99.728,41.443,0.9126,3.5848,115.0,115.0,57.12958965,18.45559332,0.062202199,1.407036572,26.0,26.0,10713,22.4698,8788,509,17.2652,46,1.3717,0.0304,0.2081,0.1257,262144,11,5
maskappliedISO8bit_flucol594_kpcclusters_800nm_poc0_60745_20x_g55_1_MMStack_Pos5_t11_s14,14,99.33842458,51.07197183,0.895841972,4.244042958,101.975,44.1975,0.90755,3.9515,142.0,142.0,55.16496206,21.29859681,0.066042438,1.287290906,28.0,28.0,12072,19.7151,9925,519,19.1233,69,1.3967,0.0288,0.278,0.12,262144,11,5
maskappliedISO8bit_flucol594_kpcclusters_800nm_poc0_60745_20x_g55_1_MMStack_Pos5_t11_s15,15,96.8583036,51.73335252,0.899184317,4.006879137,100.08,42.828,0.90962,3.8258,139.0,139.0,59.25414753,22.30125298,0.059869784,1.159146892,30.0,30.0,11075,21.67,9164,553,16.5714,54,1.3771,0.0182,0.2541,0.08893,262144,11,5
maskappliedISO8bit_flucol594_kpcclusters_800nm_poc0_60745_20x_g55_1_MMStack_Pos5_t11_s16,16,94.92771148,51.93429508,0.886980984,4.178168852,97.1415,47.0455,0.901055,3.87875,122.0,122.0,61.17042046,21.59781499,0.057640915,1.337179649,32.0,32.0,10150,23.8271,8343,463,18.0194,48,1.3671,0.0283,0.2238,0.07693,262144,11,5
maskappliedISO8bit_flucol594_kpcclusters_800nm_poc0_60745_20x_g55_1_MMStack_Pos5_t11_s17,17,88.17979853,50.10713235,0.893613971,4.192247059,90.0,43.7575,0.910835,4.0067,136.0,136.0,58.00843333,19.90972094,0.069389391,1.258526121,34.0,34.0,10588,22.7587,8693,490,17.7408,46,1.3741,0.0244,0.2405,0.05842,262144,11,5
maskappliedISO8bit_flucol594_kpcclusters_800nm_poc0_60745_20x_g55_1_MMStack_Pos5_t11_s18,18,87.6837645,49.48256805,0.898037929,4.217398817,88.025,42.019,0.91033,4.0465,169.0,169.0,56.24023597,20.23735655,0.054908313,1.297842378,36.0,36.0,11580,20.6377,9562,483,19.7971,76,1.3979,0.0296,0.2644,0.05771,262144,11,5
maskappliedISO8bit_flucol594_kpcclusters_800nm_poc0_60745_20x_g55_1_MMStack_Pos5_t11_s19,19,89.42111894,53.81050758,0.892113636,4.177775,93.334,46.52,0.91019,3.9565,132.0,132.0,54.73803184,24.30141473,0.070997613,1.166627376,38.0,38.0,10482,23.0091,8552,483,17.706,48,1.3648,0.0307,0.2293,0.06447,262144,11,5
maskappliedISO8bit_flucol594_kpcclusters_800nm_poc0_60745_20x_g55_1_MMStack_Pos5_t11_s2,2,103.7504813,51.55285593,0.906971441,3.510109322,116.71,41.9655,0.911975,3.4579,118.0,118.0,57.49215919,24.39401873,0.04818081,0.651625578,4.0,4.0,13008,18.1526,10469,499,20.98,81,1.4096,0.0296,0.2195,0.09764,262144,11,5
maskappliedISO8bit_flucol594_kpcclusters_800nm_poc0_60745_20x_g55_1_MMStack_Pos5_t11_s20,20,83.47117955,52.20131818,0.880070682,4.0531625,90.651,45.366,0.900605,3.771,88.0,88.0,55.9179452,23.08076739,0.066313553,1.154595768,40.0,40.0,10053,24.0763,8154,411,19.8394,44,1.3583,0.0235,0.2017,0.05855,262144,11,5
maskappliedISO8bit_flucol594_kpcclusters_800nm_poc0_60745_20x_g55_1_MMStack_Pos5_t11_s21,21,88.75630882,45.05008824,0.878072794,3.356830882,91.4355,39.084,0.89123,3.19985,68.0,68.0,59.10066313,18.11187641,0.064513249,0.862627082,42.0,42.0,14464,16.124,11761,655,17.9557,82,1.4466,0.0258,0.3214,0.01999,262144,11,5
maskappliedISO8bit_flucol594_kpcclusters_800nm_poc0_60745_20x_g55_1_MMStack_Pos5_t11_s22,22,82.39774286,39.90132143,0.898720893,2.668826786,78.902,36.703,0.898135,2.54605,56.0,56.0,59.87610881,8.754308827,0.044338714,0.418393195,44.0,44.0,15563,14.8441,12753,743,17.1642,87,1.4612,0.0331,0.4476,0.01368,262144,11,5
maskappliedISO8bit_flucol594_kpcclusters_800nm_poc0_60745_20x_g55_1_MMStack_Pos5_t11_s23,23,86.5694963,40.67055556,0.914598889,2.3874,74.055,37.65,0.91511,2.2952,27.0,27.0,67.04392833,11.47712303,0.037092848,0.227534489,46.0,46.0,16876,13.5336,13845,790,17.5253,87,1.4858,0.0288,0.4369,0.02576,262144,11,5
maskappliedISO8bit_flucol594_kpcclusters_800nm_poc0_60745_20x_g55_1_MMStack_Pos5_t11_s24,24,84.86081797,48.54035593,0.909018814,2.437771186,75.256,43.151,0.91336,2.4106,59.0,59.0,63.28542616,17.91954182,0.046802432,0.25725045,48.0,48.0,17734,12.7821,14544,753,19.3147,123,1.4954,0.0343,0.5644,0.03536,262144,11,5
maskappliedISO8bit_flucol594_kpcclusters_800nm_poc0_60745_20x_g55_1_MMStack_Pos5_t11_s25,25,94.76066296,42.18444444,0.914295185,2.359666667,84.094,38.123,0.91751,2.3398,27.0,27.0,64.41180351,11.33225223,0.037881739,0.163445358,50.0,50.0,17568,12.9217,14617,748,19.5414,123,1.4936,0.0336,0.4652,0.02703,262144,11,5
maskappliedISO8bit_flucol594_kpcclusters_800nm_poc0_60745_20x_g55_1_MMStack_Pos5_t11_s26,26,67.12893103,44.99589655,0.911423793,2.370062069,55.954,45.302,0.92341,2.3449,29.0,29.0,59.27100169,10.77177601,0.048427385,0.144037654,52.0,52.0,17464,13.0106,14506,766,18.9373,105,1.4936,0.0345,0.4857,0.05942,262144,11,5
maskappliedISO8bit_flucol594_kpcclusters_800nm_poc0_60745_20x_g55_1_MMStack_Pos5_t11_s27,27,91.80799,40.93853333,0.907574,2.414436667,95.039,36.307,0.920405,2.3836,30.0,30.0,61.41655315,16.77944526,0.057806001,0.205400898,54.0,54.0,17823,12.7082,14748,757,19.4822,101,1.4974,0.0344,0.4678,0.04376,262144,11,5
maskappliedISO8bit_flucol594_kpcclusters_800nm_poc0_60745_20x_g55_1_MMStack_Pos5_t11_s28,28,80.18518333,43.7304375,0.896651875,2.392116667,75.914,37.8315,0.908425,2.3417,48.0,48.0,60.09349042,15.36777218,0.051190347,0.211250138,56.0,56.0,18009,12.5563,14917,817,18.2583,89,1.5009,0.0311,0.4945,0.04852,262144,11,5
maskappliedISO8bit_flucol594_kpcclusters_800nm_poc0_60745_20x_g55_1_MMStack_Pos5_t11_s3,3,105.9522591,49.29904724,0.889924016,3.398298425,114.9,41.599,0.90304,3.2536,127.0,127.0,52.21788654,19.28268883,0.064088497,0.691856747,6.0,6.0,13230,17.8144,10734,500,21.468,77,1.4145,0.0283,0.236,0.1273,262144,11,5
maskappliedISO8bit_flucol594_kpcclusters_800nm_poc0_60745_20x_g55_1_MMStack_Pos5_t11_s4,4,109.8732875,49.63554688,0.892193125,3.491307031,132.735,43.371,0.905575,3.37965,128.0,128.0,53.44342275,18.83224569,0.059859319,0.723467463,8.0,8.0,13395,17.5704,10963,540,20.3019,75,1.4162,0.0241,0.2231,0.1365,262144,11,5
maskappliedISO8bit_flucol594_kpcclusters_800nm_poc0_60745_20x_g55_1_MMStack_Pos5_t11_s5,5,111.5968959,50.51087273,0.895111394,3.543463636,126.38,45.019,0.90796,3.4593,165.0,165.0,52.83462332,20.21152068,0.060189505,0.715588636,10.0,10.0,13788,17.0125,11235,483,23.2609,93,1.4258,0.0254,0.2657,0.1409,262144,11,5
maskappliedISO8bit_flucol594_kpcclusters_800nm_poc0_60745_20x_g55_1_MMStack_Pos5_t11_s6,6,117.4585333,53.37579825,0.891737895,3.483114912,135.14,45.7855,0.906565,3.3089,114.0,114.0,53.19603087,23.31874229,0.054072664,0.722184995,12.0,12.0,13162,17.9168,10715,518,20.6853,70,1.4139,0.0282,0.24,0.1562,262144,11,5
maskappliedISO8bit_flucol594_kpcclusters_800nm_poc0_60745_20x_g55_1_MMStack_Pos5_t11_s7,7,114.7490364,49.14470455,0.898717727,3.630604545,127.56,43.4025,0.91495,3.4562,132.0,132.0,51.62014628,18.33408228,0.057539534,0.866711777,14.0,14.0,13327,17.6702,10904,554,19.6823,65,1.42,0.032,0.2403,0.1162,262144,11,5
maskappliedISO8bit_flucol594_kpcclusters_800nm_poc0_60745_20x_g55_1_MMStack_Pos5_t11_s8,8,107.1904429,49.07372857,0.892722929,3.583237857,118.97,41.9985,0.91276,3.4076,140.0,140.0,52.47903061,19.24857531,0.065368402,0.769057059,16.0,16.0,13461,17.4744,10882,508,21.4213,78,1.4198,0.0261,0.2507,0.1396,262144,11,5
maskappliedISO8bit_flucol594_kpcclusters_800nm_poc0_60745_20x_g55_1_MMStack_Pos5_t11_s9,9,110.120482,51.36481379,0.894353379,3.694869655,120.65,43.53,0.91159,3.5808,145.0,145.0,51.48906878,23.80867783,0.059238027,0.770298768,18.0,18.0,13560,17.3322,11164,578,19.3149,62,1.4263,0.0251,0.3017,0.0779,262144,11,5
maskappliedISO8bit_flucol594_kpcclusters_800nm_poc0_60745_20x_g55_1_MMStack_Pos5_t12_s1,1,104.2651205,52.0083937,0.898479055,3.55121811,116.57,44.589,0.90527,3.5217,127.0,127.0,54.80321226,22.19185539,0.051448101,0.707928314,2.0,2.0,12993,18.1759,10633,513,20.7271,80,1.4115,0.0286,0.2283,0.09324,262144,12,5
maskappliedISO8bit_flucol594_kpcclusters_800nm_poc0_60745_20x_g55_1_MMStack_Pos5_t12_s10,10,106.2528053,51.03861654,0.879145188,3.696322556,112.75,44.481,0.89485,3.4915,133.0,133.0,52.39886315,20.98733113,0.066608013,0.993771856,20.0,20.0,12917,18.2946,10486,552,18.9964,72,1.4118,0.0291,0.2651,0.08387,262144,12,5
maskappliedISO8bit_flucol594_kpcclusters_800nm_poc0_60745_20x_g55_1_MMStack_Pos5_t12_s11,11,101.7149077,50.84435043,0.890260342,3.995438462,107.93,43.476,0.90536,3.7199,117.0,117.0,53.56066283,21.97338902,0.070815691,1.189764323,22.0,22.0,11825,20.1687,9484,511,18.5597,60,1.389,0.0262,0.2174,0.09359,262144,12,5
maskappliedISO8bit_flucol594_kpcclusters_800nm_poc0_60745_20x_g55_1_MMStack_Pos5_t12_s12,12,103.690229,56.67759677,0.879457742,4.136012903,117.81,42.9255,0.898335,3.82105,62.0,62.0,54.27486574,31.66620402,0.075664411,1.253215809,24.0,24.0,8292,29.6142,6759,419,16.1313,30,1.3143,0.0267,0.1517,0.1388,262144,12,5
maskappliedISO8bit_flucol594_kpcclusters_800nm_poc0_60745_20x_g55_1_MMStack_Pos5_t12_s13,13,88.37113068,53.71006818,0.890577045,4.221743182,95.507,46.354,0.904275,3.95475,88.0,88.0,56.3032771,26.71443226,0.076869551,1.263224902,26.0,26.0,9450,25.7402,7625,452,16.8695,37,1.3372,0.0208,0.1749,0.1316,262144,12,5
maskappliedISO8bit_flucol594_kpcclusters_800nm_poc0_60745_20x_g55_1_MMStack_Pos5_t12_s14,14,103.707418,51.20864844,0.893479844,4.068157813,119.95,42.737,0.908385,3.7317,128.0,128.0,55.91643794,22.45180614,0.072617485,1.203721176,28.0,28.0,11084,21.6508,9283,488,19.0225,59,1.3763,0.0236,0.2327,0.1115,262144,12,5
maskappliedISO8bit_flucol594_kpcclusters_800nm_poc0_60745_20x_g55_1_MMStack_Pos5_t12_s15,15,96.38948095,50.08942063,0.885467063,4.11826746,98.192,43.5035,0.906385,3.74835,126.0,126.0,57.60655807,19.96716896,0.07271972,1.377221921,30.0,30.0,11239,21.3246,9276,468,19.8205,57,1.3792,0.0225,0.2411,0.0774,262144,12,5
maskappliedISO8bit_flucol594_kpcclusters_800nm_poc0_60745_20x_g55_1_MMStack_Pos5_t12_s16,16,87.43669697,51.75962626,0.890217677,4.0425,80.538,44.355,0.90144,3.7875,99.0,99.0,58.87560585,22.32570296,0.068845993,1.256626722,32.0,32.0,9537,25.4872,7797,447,17.443,38,1.3436,0.0241,0.2098,0.06819,262144,12,5
maskappliedISO8bit_flucol594_kpcclusters_800nm_poc0_60745_20x_g55_1_MMStack_Pos5_t12_s17,17,95.5574413,52.34200725,0.889177029,4.151923188,93.274,43.961,0.908465,3.95495,138.0,138.0,55.47158184,22.3547374,0.073540687,1.191245854,34.0,34.0,10357,23.3109,8530,488,17.4795,53,1.3665,0.0264,0.2459,0.06761,262144,12,5
maskappliedISO8bit_flucol594_kpcclusters_800nm_poc0_60745_20x_g55_1_MMStack_Pos5_t12_s18,18,89.73475725,52.4320458,0.892804427,4.127134351,90.818,47.639,0.90498,3.7723,131.0,131.0,56.72327817,20.39127566,0.060017487,1.31885787,36.0,36.0,10697,22.5064,8748,497,17.6016,55,1.3769,0.0273,0.2415,0.07865,262144,12,5
maskappliedISO8bit_flucol594_kpcclusters_800nm_poc0_60745_20x_g55_1_MMStack_Pos5_t12_s19,19,88.05293446,53.36644595,0.882054257,3.975984459,92.4375,45.8185,0.89753,3.74175,148.0,148.0,57.21058866,23.1741641,0.069083094,1.045954546,38.0,38.0,11308,21.1823,9412,514,18.3113,62,1.3844,0.023,0.2599,0.06993,262144,12,5
maskappliedISO8bit_flucol594_kpcclusters_800nm_poc0_60745_20x_g55_1_MMStack_Pos5_t12_s2,2,110.0229566,50.66427358,0.900463491,3.52009434,126.67,41.303,0.904375,3.43925,106.0,106.0,52.92860553,21.98479595,0.048849156,0.670203396,4.0,4.0,12332,19.2573,9928,496,20.0161,57,1.3995,0.0239,0.2107,0.1024,262144,12,5
maskappliedISO8bit_flucol594_kpcclusters_800nm_poc0_60745_20x_g55_1_MMStack_Pos5_t12_s20,20,92.56880444,55.9847,0.886490556,3.808307778,95.493,48.9465,0.89707,3.6641,90.0,90.0,54.32413035,28.42983953,0.06809894,0.919043281,40.0,40.0,11063,21.6956,9104,472,19.2881,53,1.3784,0.0202,0.236,0.06186,262144,12,5
maskappliedISO8bit_flucol594_kpcclusters_800nm_poc0_60745_20x_g55_1_MMStack_Pos5_t12_s21,21,98.8651075,46.6686625,0.878128,3.23419875,104.605,39.844,0.88933,3.1442,80.0,80.0,58.04759269,17.03949461,0.068598089,0.892391554,42.0,42.0,14286,16.3498,11735,658,17.8343,83,1.441,0.0293,0.3438,0.03712,262144,12,5
maskappliedISO8bit_flucol594_kpcclusters_800nm_poc0_60745_20x_g55_1_MMStack_Pos5_t12_s22,22,95.4965804,52.29286331,0.868579712,3.34183777,98.536,45.891,0.88645,3.25595,278.0,278.0,54.3810523,21.60638293,0.08121713,0.553459615,44.0,44.0,12425,19.0982,10356,322,32.1615,95,1.3915,0.0256,0.0515,0.03195,262144,12,5
maskappliedISO8bit_flucol594_kpcclusters_800nm_poc0_60745_20x_g55_1_MMStack_Pos5_t12_s23,23,104.39658,43.08673333,0.906716667,2.477213333,124.59,42.392,0.91239,2.3411,15.0,15.0,60.46370037,9.312517672,0.048577195,0.244060965,46.0,46.0,16232,14.1499,13388,783,17.0983,82,1.475,0.0267,0.4076,0.02835,262144,12,5
maskappliedISO8bit_flucol594_kpcclusters_800nm_poc0_60745_20x_g55_1_MMStack_Pos5_t12_s24,24,91.20218923,43.71523077,0.921769231,2.355173077,95.552,38.6,0.928775,2.32845,26.0,26.0,64.67468086,13.92414789,0.042005819,0.168382939,48.0,48.0,17710,12.8021,14688,793,18.5221,99,1.4976,0.0281,0.4407,0.0352,262144,12,5
maskappliedISO8bit_flucol594_kpcclusters_800nm_poc0_60745_20x_g55_1_MMStack_Pos5_t12_s25,25,104.6951353,44.44532353,0.917015,2.338076471,120.67,44.49,0.917915,2.261,34.0,34.0,68.19943818,11.30565835,0.026395525,0.213430322,50.0,50.0,17311,13.1433,14290,804,17.7736,108,1.4909,0.0342,0.477,0.04488,262144,12,5
maskappliedISO8bit_flucol594_kpcclusters_800nm_poc0_60745_20x_g55_1_MMStack_Pos5_t12_s26,26,94.04198158,41.30247368,0.906195526,2.397281579,95.24,36.298,0.91224,2.344,38.0,38.0,60.66222646,13.25686642,0.044906921,0.206800412,52.0,52.0,17905,12.6409,14740,708,20.8192,118,1.5005,0.0318,0.4643,0.03954,262144,12,5
maskappliedISO8bit_flucol594_kpcclusters_800nm_poc0_60745_20x_g55_1_MMStack_Pos5_t12_s27,27,90.15030857,48.33585714,0.906627143,2.329871429,85.914,45.812,0.91815,2.2876,35.0,35.0,66.57210182,15.22861925,0.048246064,0.136852257,54.0,54.0,17636,12.8642,14627,786,18.6094,99,1.4955,0.0354,0.4924,0.03947,262144,12,5
maskappliedISO8bit_flucol594_kpcclusters_800nm_poc0_60745_20x_g55_1_MMStack_Pos5_t12_s28,28,96.33785319,44.50229787,0.918915532,2.378808511,110.66,39.0,0.92348,2.3184,47.0,47.0,65.25644544,12.52930484,0.031152752,0.207267363,56.0,56.0,17581,12.9107,14656,766,19.1332,111,1.4951,0.0292,0.4835,0.05078,262144,12,5
maskappliedISO8bit_flucol594_kpcclusters_800nm_poc0_60745_20x_g55_1_MMStack_Pos5_t12_s3,3,104.2330862,47.6202069,0.894947793,3.683762069,123.18,42.151,0.9102,3.5227,145.0,145.0,55.7171315,17.41225961,0.0627027,0.824206822,6.0,6.0,13208,17.8474,10829,540,20.0537,83,1.4141,0.0284,0.2523,0.1103,262144,12,5
maskappliedISO8bit_flucol594_kpcclusters_800nm_poc0_60745_20x_g55_1_MMStack_Pos5_t12_s4,4,111.2578354,49.40744118,0.909626618,3.606513235,122.735,44.012,0.91874,3.48485,136.0,136.0,51.38621818,17.48242029,0.042347751,0.695181122,8.0,8.0,13308,17.6983,10881,517,21.0464,82,1.4189,0.025,0.2481,0.1059,262144,12,5
maskappliedISO8bit_flucol594_kpcclusters_800nm_poc0_60745_20x_g55_1_MMStack_Pos5_t12_s5,5,107.8109438,48.47752308,0.895273846,3.482333077,119.695,40.408,0.915335,3.4438,130.0,130.0,54.19997672,18.94775541,0.07140472,0.646765447,10.0,10.0,13107,18.0004,10713,545,19.6569,70,1.4147,0.0287,0.2263,0.1268,262144,12,5
maskappliedISO8bit_flucol594_kpcclusters_800nm_poc0_60745_20x_g55_1_MMStack_Pos5_t12_s6,6,103.4910777,48.9471223,0.890311511,3.473772662,114.57,40.266,0.89911,3.3887,139.0,139.0,54.80932027,22.01968659,0.049427852,0.660417744,12.0,12.0,13611,17.2598,11055,510,21.6765,77,1.4248,0.0212,0.2495,0.1275,262144,12,5
maskappliedISO8bit_flucol594_kpcclusters_800nm_poc0_60745_20x_g55_1_MMStack_Pos5_t12_s7,7,101.7507177,52.14928462,0.889301692,3.547512308,115.725,47.831,0.89684,3.4877,130.0,130.0,53.01659623,20.12611214,0.054529526,0.705080838,14.0,14.0,13299,17.7116,10997,527,20.8672,74,1.4191,0.0262,0.245,0.1138,262144,12,5
maskappliedISO8bit_flucol594_kpcclusters_800nm_poc0_60745_20x_g55_1_MMStack_Pos5_t12_s8,8,110.349508,48.37461111,0.895896358,3.566137654,120.095,42.554,0.90613,3.3495,162.0,162.0,50.12036504,18.71055818,0.060373519,0.768470221,16.0,16.0,13545,17.3536,11103,541,20.5231,84,1.4252,0.0223,0.2559,0.1187,262144,12,5
maskappliedISO8bit_flucol594_kpcclusters_800nm_poc0_60745_20x_g55_1_MMStack_Pos5_t12_s9,9,106.8493621,54.44978882,0.878137019,3.795702484,115.71,46.422,0.90119,3.6216,161.0,161.0,48.40491126,24.31224115,0.071852449,1.002895528,18.0,18.0,14263,16.3794,11608,579,20.0484,87,1.438,0.0284,0.3275,0.06725,262144,12,5
maskappliedISO8bit_flucol594_kpcclusters_800nm_poc0_60745_20x_g55_1_MMStack_Pos5_t13_s1,1,103.6971911,47.99205691,0.909143089,3.696958537,115.97,41.36,0.91261,3.5417,123.0,123.0,52.10742367,17.86705383,0.044574809,0.80978616,2.0,2.0,12514,18.9481,10175,530,19.1981,69,1.4025,0.0228,0.224,0.0824,262144,13,5
maskappliedISO8bit_flucol594_kpcclusters_800nm_poc0_60745_20x_g55_1_MMStack_Pos5_t13_s10,10,106.5642239,49.13462687,0.890503806,3.624508955,119.47,43.976,0.902495,3.40055,134.0,134.0,54.13841547,20.60421854,0.061950802,0.921823698,20.0,20.0,12976,18.2023,10482,567,18.4868,72,1.4137,0.0221,0.2634,0.08331,262144,13,5
maskappliedISO8bit_flucol594_kpcclusters_800nm_poc0_60745_20x_g55_1_MMStack_Pos5_t13_s11,11,100.3826483,51.01033051,0.886853136,3.789857627,111.065,42.3235,0.8987,3.60905,118.0,118.0,54.55930261,22.38262809,0.076550542,1.067157,22.0,22.0,11882,20.0624,9568,498,19.2129,50,1.3947,0.0285,0.2236,0.106,262144,13,5
maskappliedISO8bit_flucol594_kpcclusters_800nm_poc0_60745_20x_g55_1_MMStack_Pos5_t13_s12,12,104.8166197,52.80484848,0.887753788,4.396930303,112.05,42.6825,0.903335,4.40275,66.0,66.0,53.78241915,28.52925246,0.064985847,1.391804113,24.0,24.0,8575,28.5708,6940,416,16.6827,35,1.3182,0.0232,0.1469,0.1283,262144,13,5
maskappliedISO8bit_flucol594_kpcclusters_800nm_poc0_60745_20x_g55_1_MMStack_Pos5_t13_s13,13,92.855408,50.143,0.896993059,4.316858824,90.0,42.95,0.90445,3.9554,85.0,85.0,59.15255396,18.99267224,0.057728067,1.652591835,26.0,26.0,9042,26.9919,7345,428,17.1612,36,1.324,0.0234,0.1713,0.1372,262144,13,5
maskappliedISO8bit_flucol594_kpcclusters_800nm_poc0_60745_20x_g55_1_MMStack_Pos5_t13_s14,14,95.35867132,49.72527941,0.892904926,4.120764706,97.235,42.1775,0.902595,3.66475,136.0,136.0,56.28410081,21.48203504,0.056893933,1.344867794,28.0,28.0,11486,20.823,9436,525,17.9733,57,1.3814,0.0279,0.244,0.1003,262144,13,5
maskappliedISO8bit_flucol594_kpcclusters_800nm_poc0_60745_20x_g55_1_MMStack_Pos5_t13_s15,15,86.51070458,48.36306107,0.895077252,3.881261069,95.711,41.894,0.91061,3.4961,131.0,131.0,59.21182066,20.54416196,0.068918291,1.283239054,30.0,30.0,10984,21.8661,8845,499,17.7255,54,1.3748,0.0273,0.2267,0.06391,262144,13,5
maskappliedISO8bit_flucol594_kpcclusters_800nm_poc0_60745_20x_g55_1_MMStack_Pos5_t13_s16,16,92.68203042,50.02852083,0.88522625,3.941045833,99.409,42.8685,0.89126,3.6511,96.0,96.0,56.92945318,22.92204005,0.058938464,1.060242825,32.0,32.0,9908,24.4579,8132,455,17.8725,51,1.3585,0.0246,0.1955,0.08526,262144,13,5
maskappliedISO8bit_flucol594_kpcclusters_800nm_poc0_60745_20x_g55_1_MMStack_Pos5_t13_s17,17,91.15192401,51.08627737,0.883634526,4.178605839,94.899,43.391,0.91161,3.9558,137.0,137.0,58.30902949,22.25785574,0.090168878,1.168652259,34.0,34.0,10859,22.1408,8912,478,18.6444,63,1.3844,0.0267,0.2516,0.06697,262144,13,5
maskappliedISO8bit_flucol594_kpcclusters_800nm_poc0_60745_20x_g55_1_MMStack_Pos5_t13_s18,18,83.3719907,51.19787324,0.896545282,4.178316197,80.7495,43.4105,0.910725,3.86145,142.0,142.0,55.84055513,23.73221397,0.068480893,1.214013237,36.0,36.0,11000,21.8314,8952,512,17.4844,50,1.3818,0.0243,0.2554,0.07626,262144,13,5
maskappliedISO8bit_flucol594_kpcclusters_800nm_poc0_60745_20x_g55_1_MMStack_Pos5_t13_s19,19,84.94496664,56.8449542,0.885963588,4.078659542,83.089,47.731,0.89891,3.8775,131.0,131.0,59.78462112,26.54572659,0.065062855,1.029210025,38.0,38.0,10781,22.3155,8960,488,18.3607,56,1.3729,0.0218,0.2449,0.06783,262144,13,5
maskappliedISO8bit_flucol594_kpcclusters_800nm_poc0_60745_20x_g55_1_MMStack_Pos5_t13_s2,2,115.7140479,50.87152137,0.906439573,3.593836752,132.88,43.359,0.91458,3.5829,117.0,117.0,54.80345323,21.46775374,0.047456023,0.652396594,4.0,4.0,12275,19.356,9993,494,20.2287,82,1.397,0.0261,0.2125,0.1237,262144,13,5
maskappliedISO8bit_flucol594_kpcclusters_800nm_poc0_60745_20x_g55_1_MMStack_Pos5_t13_s20,20,93.53592583,50.25959167,0.88342475,3.7479225,96.3925,45.1635,0.899195,3.58095,120.0,120.0,55.45476566,19.65866259,0.065883059,0.968240663,40.0,40.0,12072,19.7151,9919,482,20.5788,73,1.3922,0.0299,0.268,0.04371,262144,13,5
maskappliedISO8bit_flucol594_kpcclusters_800nm_poc0_60745_20x_g55_1_MMStack_Pos5_t13_s21,21,102.809673,46.28790541,0.882447432,3.159983784,100.0255,41.303,0.88537,2.7991,74.0,74.0,54.05111966,15.1995622,0.051698712,0.958876758,42.0,42.0,13848,16.9302,11284,641,17.6037,60,1.4302,0.0321,0.3357,0.01468,262144,13,5
maskappliedISO8bit_flucol594_kpcclusters_800nm_poc0_60745_20x_g55_1_MMStack_Pos5_t13_s22,22,83.50700909,41.35606061,0.884504545,2.695648485,58.392,36.258,0.88688,2.4846,33.0,33.0,64.30155398,12.93746397,0.057324448,0.471816832,44.0,44.0,15544,14.8647,12732,739,17.2287,100,1.4648,0.03,0.3889,0.01804,262144,13,5
maskappliedISO8bit_flucol594_kpcclusters_800nm_poc0_60745_20x_g55_1_MMStack_Pos5_t13_s23,23,91.64892973,42.88540541,0.906940811,2.347654054,90.0,40.443,0.92364,2.3103,37.0,37.0,64.61493106,9.393785961,0.051669097,0.183411672,46.0,46.0,17020,13.4022,14018,781,17.9488,99,1.4869,0.0262,0.4396,0.03834,262144,13,5
maskappliedISO8bit_flucol594_kpcclusters_800nm_poc0_60745_20x_g55_1_MMStack_Pos5_t13_s24,24,78.52726667,42.34079167,0.905455,2.3344875,80.405,37.1635,0.926345,2.34245,24.0,24.0,59.5855041,11.30826564,0.06742529,0.135187383,48.0,48.0,17624,12.8743,14494,777,18.6538,98,1.4956,0.036,0.4379,0.06179,262144,13,5
maskappliedISO8bit_flucol594_kpcclusters_800nm_poc0_60745_20x_g55_1_MMStack_Pos5_t13_s25,25,100.0506525,41.715675,0.90939125,2.4574975,106.19,37.8895,0.926365,2.409,40.0,40.0,58.82608145,10.56964383,0.060258907,0.235492708,50.0,50.0,17578,12.9132,14486,749,19.3405,100,1.4923,0.0318,0.4656,0.04126,262144,13,5
maskappliedISO8bit_flucol594_kpcclusters_800nm_poc0_60745_20x_g55_1_MMStack_Pos5_t13_s26,26,77.8782881,42.40709524,0.922275476,2.399045238,87.108,38.945,0.91959,2.4152,42.0,42.0,60.11551284,12.57310033,0.031644629,0.169137572,52.0,52.0,17614,12.8828,14439,737,19.5916,116,1.4933,0.0356,0.4712,0.04123,262144,13,5
maskappliedISO8bit_flucol594_kpcclusters_800nm_poc0_60745_20x_g55_1_MMStack_Pos5_t13_s27,27,63.71870938,45.85840625,0.916957188,2.35626875,39.7525,36.9735,0.926465,2.299,32.0,32.0,61.00598012,18.21059733,0.033693378,0.181555736,54.0,54.0,17776,12.7471,14758,838,17.611,106,1.4964,0.0298,0.4859,0.04433,262144,13,5
maskappliedISO8bit_flucol594_kpcclusters_800nm_poc0_60745_20x_g55_1_MMStack_Pos5_t13_s28,28,96.09588125,44.42775,0.907828438,2.368040625,112.035,37.8865,0.929815,2.3434,32.0,32.0,68.0716176,15.79614931,0.067445651,0.194622174,56.0,56.0,17995,12.5677,14809,749,19.7717,111,1.4981,0.0292,0.5006,0.06081,262144,13,5
maskappliedISO8bit_flucol594_kpcclusters_800nm_poc0_60745_20x_g55_1_MMStack_Pos5_t13_s3,3,102.5966469,49.43903846,0.896695077,3.501317692,113.77,44.2615,0.90703,3.41985,130.0,130.0,55.27976508,19.1485201,0.05607431,0.712505635,6.0,6.0,13359,17.6231,10782,515,20.9359,87,1.4197,0.0327,0.2222,0.07652,262144,13,5
maskappliedISO8bit_flucol594_kpcclusters_800nm_poc0_60745_20x_g55_1_MMStack_Pos5_t13_s4,4,106.4543037,51.28989431,0.884760732,3.510269919,119.05,45.299,0.90263,3.4816,123.0,123.0,52.62490853,19.93956323,0.075114453,0.66328588,8.0,8.0,12905,18.3134,10469,504,20.7718,73,1.4072,0.0268,0.2322,0.1242,262144,13,5
maskappliedISO8bit_flucol594_kpcclusters_800nm_poc0_60745_20x_g55_1_MMStack_Pos5_t13_s5,5,111.4920977,48.78835938,0.905785391,3.550884375,125.325,43.7395,0.912775,3.4411,128.0,128.0,50.60366136,16.84137309,0.04756624,0.729781927,10.0,10.0,13308,17.6983,10914,494,22.0931,74,1.4196,0.0284,0.2341,0.1147,262144,13,5
maskappliedISO8bit_flucol594_kpcclusters_800nm_poc0_60745_20x_g55_1_MMStack_Pos5_t13_s6,6,106.8911507,48.31270946,0.897130811,3.539220946,124.5,44.75,0.90407,3.39185,148.0,148.0,54.94330761,16.60166241,0.047655336,0.670449498,12.0,12.0,13731,17.0915,11257,522,21.5651,75,1.4279,0.0278,0.2597,0.1162,262144,13,5
maskappliedISO8bit_flucol594_kpcclusters_800nm_poc0_60745_20x_g55_1_MMStack_Pos5_t13_s7,7,105.801983,47.88024823,0.895976383,3.551242553,117.82,43.552,0.91027,3.4104,141.0,141.0,53.83703013,15.93406935,0.058679192,0.732437202,14.0,14.0,13379,17.5938,11013,512,21.5098,63,1.4218,0.03,0.2491,0.1115,262144,13,5
maskappliedISO8bit_flucol594_kpcclusters_800nm_poc0_60745_20x_g55_1_MMStack_Pos5_t13_s8,8,104.4882063,49.29799219,0.892943906,3.598153906,111.665,43.1405,0.9003,3.5126,128.0,128.0,53.24112275,20.24784067,0.05686151,0.865874125,16.0,16.0,13828,16.9575,11157,530,21.0509,80,1.4286,0.0252,0.2498,0.1181,262144,13,5
maskappliedISO8bit_flucol594_kpcclusters_800nm_poc0_60745_20x_g55_1_MMStack_Pos5_t13_s9,9,107.9514117,50.89381218,0.886910152,3.782992893,118.22,44.817,0.90143,3.6227,197.0,197.0,50.90045511,20.49431074,0.066868711,0.920845043,18.0,18.0,14705,15.8269,11990,556,21.5647,92,1.4451,0.0275,0.3534,0.082,262144,13,5
maskappliedISO8bit_flucol594_kpcclusters_800nm_poc0_60745_20x_g55_1_MMStack_Pos5_t14_s1,1,107.8862453,49.57270504,0.900484676,3.612852518,114.78,45.867,0.92138,3.5553,139.0,139.0,51.38730963,18.38854707,0.075013215,0.760685622,2.0,2.0,13026,18.1247,10652,571,18.655,72,1.4146,0.0336,0.2356,0.09969,262144,14,5
maskappliedISO8bit_flucol594_kpcclusters_800nm_poc0_60745_20x_g55_1_MMStack_Pos5_t14_s10,10,109.079513,49.94658642,0.88976,3.769362963,117.27,42.794,0.89895,3.55835,162.0,162.0,51.24911036,20.94754171,0.057892496,0.896038346,20.0,20.0,13845,16.9343,11247,522,21.546,96,1.4309,0.0251,0.3198,0.09246,262144,14,5
maskappliedISO8bit_flucol594_kpcclusters_800nm_poc0_60745_20x_g55_1_MMStack_Pos5_t14_s11,11,105.6276325,49.04474603,0.890617619,3.931314286,115.71,42.985,0.91098,3.68225,126.0,126.0,52.13596105,21.32328467,0.070673284,1.25480712,22.0,22.0,11957,19.924,9632,537,17.9367,52,1.3958,0.0222,0.2301,0.1126,262144,14,5
maskappliedISO8bit_flucol594_kpcclusters_800nm_poc0_60745_20x_g55_1_MMStack_Pos5_t14_s12,12,91.36144507,52.31411268,0.884158732,4.123060563,95.194,41.56,0.91796,3.8378,71.0,71.0,59.39932506,26.90551526,0.089484728,1.344494797,24.0,24.0,8700,28.1316,7054,416,16.9567,38,1.3089,0.0205,0.1454,0.1147,262144,14,5
maskappliedISO8bit_flucol594_kpcclusters_800nm_poc0_60745_20x_g55_1_MMStack_Pos5_t14_s13,13,98.98050438,52.83690411,0.891663014,4.369958904,118.93,46.188,0.90023,4.0582,73.0,73.0,60.55861166,25.91434474,0.070311903,1.422231217,26.0,26.0,8528,28.7393,6957,403,17.263,36,1.3133,0.0187,0.156,0.1105,262144,14,5
maskappliedISO8bit_flucol594_kpcclusters_800nm_poc0_60745_20x_g55_1_MMStack_Pos5_t14_s14,14,99.56055524,52.90913333,0.892176095,4.218887619,106.39,46.783,0.90816,3.9505,105.0,105.0,54.75848928,24.10034882,0.063435197,1.361352104,28.0,28.0,10599,22.733,8722,478,18.2469,45,1.3684,0.0242,0.2176,0.09253,262144,14,5
maskappliedISO8bit_flucol594_kpcclusters_800nm_poc0_60745_20x_g55_1_MMStack_Pos5_t14_s15,15,89.62154149,51.52706383,0.884905851,4.12715,92.088,42.127,0.904625,3.65045,94.0,94.0,59.12724808,27.18843762,0.073937664,1.385130651,30.0,30.0,10850,22.1608,8938,491,18.2037,46,1.3706,0.023,0.2183,0.0881,262144,14,5
maskappliedISO8bit_flucol594_kpcclusters_800nm_poc0_60745_20x_g55_1_MMStack_Pos5_t14_s16,16,97.11743143,49.64954286,0.893407048,4.17610381,102.99,41.704,0.90915,3.8365,105.0,105.0,57.23934673,19.9586834,0.063473739,1.303166193,32.0,32.0,9977,24.2749,8133,447,18.1946,38,1.3583,0.026,0.2081,0.07211,262144,14,5
maskappliedISO8bit_flucol594_kpcclusters_800nm_poc0_60745_20x_g55_1_MMStack_Pos5_t14_s17,17,90.21441888,55.11802098,0.888512797,4.188388112,87.101,47.062,0.90384,4.061,143.0,143.0,56.24364344,22.80740205,0.075501026,1.224903631,34.0,34.0,10872,22.1119,8865,503,17.6243,51,1.3817,0.0221,0.2532,0.05785,262144,14,5
maskappliedISO8bit_flucol594_kpcclusters_800nm_poc0_60745_20x_g55_1_MMStack_Pos5_t14_s18,18,85.01272353,52.3496732,0.890555359,4.279064706,85.815,46.88,0.91184,3.8086,153.0,153.0,56.28949605,20.08567943,0.080884808,1.324394234,36.0,36.0,11430,20.9348,9253,488,18.9611,61,1.389,0.0268,0.2805,0.06961,262144,14,5
maskappliedISO8bit_flucol594_kpcclusters_800nm_poc0_60745_20x_g55_1_MMStack_Pos5_t14_s19,19,83.58212222,53.38968254,0.896529206,4.105221429,88.795,45.3515,0.90907,3.78205,126.0,126.0,59.50647121,24.19880351,0.063827789,1.114439736,38.0,38.0,10178,23.756,8371,442,18.9389,54,1.3595,0.0255,0.2316,0.07276,262144,14,5
maskappliedISO8bit_flucol594_kpcclusters_800nm_poc0_60745_20x_g55_1_MMStack_Pos5_t14_s2,2,114.845007,53.73613043,0.888978174,3.580885217,130.16,47.381,0.90851,3.603,115.0,115.0,52.53114947,22.03936867,0.075908198,0.718476466,4.0,4.0,12949,18.2444,10476,522,20.069,77,1.4118,0.0284,0.216,0.1231,262144,14,5
maskappliedISO8bit_flucol594_kpcclusters_800nm_poc0_60745_20x_g55_1_MMStack_Pos5_t14_s20,20,95.92882903,54.11670968,0.88857172,3.785509677,103.24,43.78,0.90258,3.5787,93.0,93.0,53.58790332,25.32412017,0.054516423,1.055979707,40.0,40.0,11205,21.3954,9271,484,19.155,61,1.37,0.022,0.2334,0.07054,262144,14,5
maskappliedISO8bit_flucol594_kpcclusters_800nm_poc0_60745_20x_g55_1_MMStack_Pos5_t14_s21,21,105.4223164,48.84169863,0.895087534,3.272683562,105.07,41.235,0.90599,2.9131,73.0,73.0,53.48477199,20.43464328,0.053542853,1.111249878,42.0,42.0,14440,16.1541,11864,670,17.7075,80,1.4469,0.0241,0.3779,0.03837,262144,14,5
maskappliedISO8bit_flucol594_kpcclusters_800nm_poc0_60745_20x_g55_1_MMStack_Pos5_t14_s22,22,104.7177727,43.17969697,0.909341515,2.594930303,103.67,39.921,0.92492,2.4877,33.0,33.0,51.39770317,17.80544337,0.052417475,0.434082415,44.0,44.0,14982,15.4973,12319,763,16.1455,81,1.4535,0.033,0.3667,0.03254,262144,14,5
maskappliedISO8bit_flucol594_kpcclusters_800nm_poc0_60745_20x_g55_1_MMStack_Pos5_t14_s23,23,105.5089643,41.85567857,0.916004286,2.348639286,122.38,36.3555,0.926265,2.33925,28.0,28.0,65.48027147,14.67783355,0.04797903,0.150659266,46.0,46.0,16806,13.5983,13807,760,18.1671,102,1.4822,0.0252,0.4245,0.03928,262144,14,5
maskappliedISO8bit_flucol594_kpcclusters_800nm_poc0_60745_20x_g55_1_MMStack_Pos5_t14_s24,24,85.76492222,39.74851852,0.900046667,2.385914815,98.13,37.517,0.90634,2.3639,27.0,27.0,60.70362773,8.774860756,0.067545347,0.189362679,48.0,48.0,17357,13.1031,14361,767,18.7236,108,1.4942,0.0358,0.4355,0.05186,262144,14,5
maskappliedISO8bit_flucol594_kpcclusters_800nm_poc0_60745_20x_g55_1_MMStack_Pos5_t14_s25,25,103.8714091,43.71931818,0.895789545,2.330740909,116.075,39.611,0.907535,2.3238,22.0,22.0,63.47770165,13.34646734,0.049516109,0.195932425,50.0,50.0,17680,12.8272,14644,790,18.5367,119,1.4939,0.0296,0.4624,0.0451,262144,14,5
maskappliedISO8bit_flucol594_kpcclusters_800nm_poc0_60745_20x_g55_1_MMStack_Pos5_t14_s26,26,96.34322857,43.4695,0.923473214,2.411325,105.37,37.1835,0.93985,2.36385,28.0,28.0,67.91965766,17.74608588,0.041300511,0.291273317,52.0,52.0,17859,12.6786,14570,778,18.7275,108,1.4978,0.0357,0.4829,0.04335,262144,14,5
maskappliedISO8bit_flucol594_kpcclusters_800nm_poc0_60745_20x_g55_1_MMStack_Pos5_t14_s27,27,95.70370698,49.98990698,0.907141163,2.404127907,99.462,43.316,0.91947,2.3801,43.0,43.0,70.00324389,21.08267299,0.058693673,0.218405907,54.0,54.0,17244,13.2021,14366,761,18.8778,89,1.4891,0.033,0.4771,0.04839,262144,14,5
maskappliedISO8bit_flucol594_kpcclusters_800nm_poc0_60745_20x_g55_1_MMStack_Pos5_t14_s28,28,95.74030465,45.04193023,0.912631163,2.3957,108.43,39.799,0.90985,2.3904,43.0,43.0,68.66150758,15.86400422,0.031157547,0.189383973,56.0,56.0,17446,13.0261,14477,765,18.9242,114,1.493,0.0322,0.4848,0.0503,262144,14,5
maskappliedISO8bit_flucol594_kpcclusters_800nm_poc0_60745_20x_g55_1_MMStack_Pos5_t14_s3,3,103.1847696,49.674192,0.8922732,3.571092,118.71,44.727,0.91045,3.4561,125.0,125.0,56.04993236,18.83345364,0.06747021,0.754188781,6.0,6.0,13086,18.0325,10633,527,20.1765,95,1.413,0.0273,0.2224,0.08867,262144,14,5
maskappliedISO8bit_flucol594_kpcclusters_800nm_poc0_60745_20x_g55_1_MMStack_Pos5_t14_s4,4,109.4252401,48.99491447,0.899850329,3.583001316,118.395,41.8945,0.912535,3.5169,152.0,152.0,51.76249303,18.87151955,0.050894335,0.636615723,8.0,8.0,13779,17.025,11181,488,22.9119,80,1.4279,0.0223,0.2645,0.08624,262144,14,5
maskappliedISO8bit_flucol594_kpcclusters_800nm_poc0_60745_20x_g55_1_MMStack_Pos5_t14_s5,5,101.6218771,48.12772143,0.900535214,3.558942857,119.77,41.0875,0.9135,3.51295,140.0,140.0,56.0755035,21.66745854,0.051493366,0.6944254,10.0,10.0,13511,17.4023,11023,529,20.8374,83,1.4213,0.0298,0.2488,0.1189,262144,14,5
maskappliedISO8bit_flucol594_kpcclusters_800nm_poc0_60745_20x_g55_1_MMStack_Pos5_t14_s6,6,114.3099248,49.43430345,0.897279241,3.625046207,130.29,43.336,0.9109,3.4885,145.0,145.0,53.25950867,18.47074504,0.057469917,0.727324054,12.0,12.0,13819,16.9699,11297,526,21.4772,79,1.4312,0.0251,0.2616,0.1452,262144,14,5
maskappliedISO8bit_flucol594_kpcclusters_800nm_poc0_60745_20x_g55_1_MMStack_Pos5_t14_s7,7,105.4525682,47.82536486,0.8963175,3.531609459,120.375,40.837,0.90191,3.5434,148.0,148.0,53.59644972,19.79437962,0.059035839,0.653140966,14.0,14.0,13023,18.1294,10764,517,20.8201,73,1.4117,0.0201,0.2465,0.1111,262144,14,5
maskappliedISO8bit_flucol594_kpcclusters_800nm_poc0_60745_20x_g55_1_MMStack_Pos5_t14_s8,8,101.589109,48.96116541,0.896305338,3.589207519,109.44,41.216,0.90931,3.6411,133.0,133.0,54.74024231,19.67356349,0.05807323,0.707415882,16.0,16.0,13341,17.6496,10884,556,19.5755,85,1.4225,0.0296,0.2531,0.1021,262144,14,5
maskappliedISO8bit_flucol594_kpcclusters_800nm_poc0_60745_20x_g55_1_MMStack_Pos5_t14_s9,9,107.75674,47.99208,0.888968,3.764749333,117.435,40.769,0.907005,3.48845,150.0,150.0,50.96119126,19.6493588,0.066648367,0.969146699,18.0,18.0,13719,17.1082,11199,515,21.7456,98,1.4271,0.0306,0.2899,0.09335,262144,14,5
maskappliedISO8bit_flucol594_kpcclusters_800nm_poc0_60745_20x_g55_1_MMStack_Pos5_t15_s1,1,101.961696,47.486296,0.89125096,3.676388,108.43,39.162,0.90924,3.6205,125.0,125.0,55.65089805,19.5336233,0.072799794,0.739977127,2.0,2.0,12703,18.6365,10375,552,18.7953,62,1.4085,0.0221,0.2252,0.1238,262144,15,5
maskappliedISO8bit_flucol594_kpcclusters_800nm_poc0_60745_20x_g55_1_MMStack_Pos5_t15_s10,10,103.2691531,49.84275309,0.891980123,3.661199383,116.625,43.464,0.904415,3.51305,162.0,162.0,53.30889967,19.6556822,0.063061404,1.00920281,20.0,20.0,13520,17.3894,10989,561,19.5882,88,1.4201,0.0229,0.3011,0.06292,262144,15,5
maskappliedISO8bit_flucol594_kpcclusters_800nm_poc0_60745_20x_g55_1_MMStack_Pos5_t15_s11,11,107.644376,48.33697521,0.901198843,3.907822314,120.96,43.084,0.91581,3.6189,121.0,121.0,54.74955727,19.0868957,0.064669883,1.232009997,22.0,22.0,11577,20.6436,9372,531,17.6497,48,1.3886,0.028,0.2186,0.1023,262144,15,5
maskappliedISO8bit_flucol594_kpcclusters_800nm_poc0_60745_20x_g55_1_MMStack_Pos5_t15_s12,12,99.5497492,53.54321839,0.883458966,4.17941954,104.42,43.595,0.89811,3.8203,87.0,87.0,58.45060051,27.20266335,0.061631343,1.325935841,24.0,24.0,9398,25.8937,7657,456,16.7917,39,1.3291,0.0256,0.1743,0.1257,262144,15,5
maskappliedISO8bit_flucol594_kpcclusters_800nm_poc0_60745_20x_g55_1_MMStack_Pos5_t15_s13,13,96.79413059,46.6124,0.879961882,4.338269412,103.63,40.723,0.90089,4.0953,85.0,85.0,53.24857558,23.717265,0.072695805,1.513563433,26.0,26.0,8469,28.9535,6886,423,16.279,36,1.3092,0.0194,0.1594,0.1268,262144,15,5
maskappliedISO8bit_flucol594_kpcclusters_800nm_poc0_60745_20x_g55_1_MMStack_Pos5_t15_s14,14,107.3766536,49.29165979,0.895560722,4.273569072,120.38,43.946,0.9058,3.688,97.0,97.0,56.52011988,21.61244184,0.063299439,1.605273162,28.0,28.0,10374,23.2694,8602,475,18.1095,53,1.3603,0.0277,0.2061,0.09034,262144,15,5
maskappliedISO8bit_flucol594_kpcclusters_800nm_poc0_60745_20x_g55_1_MMStack_Pos5_t15_s15,15,95.73126522,50.42215652,0.899823391,4.08648087,97.907,44.907,0.91379,3.7764,115.0,115.0,58.55113824,19.56095027,0.070402438,1.265463345,30.0,30.0,10661,22.5892,8826,502,17.5817,50,1.3638,0.0197,0.2331,0.09622,262144,15,5
maskappliedISO8bit_flucol594_kpcclusters_800nm_poc0_60745_20x_g55_1_MMStack_Pos5_t15_s16,16,93.93361518,47.92451786,0.88745875,4.243679464,99.981,39.4245,0.89968,3.8566,112.0,112.0,57.29164443,21.70159884,0.060466534,1.291451715,32.0,32.0,10164,23.7915,8304,482,17.2282,39,1.3674,0.0249,0.2151,0.07643,262144,15,5
maskappliedISO8bit_flucol594_kpcclusters_800nm_poc0_60745_20x_g55_1_MMStack_Pos5_t15_s17,17,89.25437826,50.71456522,0.896197754,4.171069565,91.3315,44.119,0.913625,3.95445,138.0,138.0,57.82855526,20.15047086,0.066316799,1.219962402,34.0,34.0,10775,22.329,8756,479,18.2797,59,1.3807,0.0224,0.2584,0.06359,262144,15,5
maskappliedISO8bit_flucol594_kpcclusters_800nm_poc0_60745_20x_g55_1_MMStack_Pos5_t15_s18,18,76.94326053,48.62326316,0.903048026,4.216067105,75.3455,42.8915,0.91833,3.95185,152.0,152.0,57.03892123,19.40347019,0.063647966,1.233283032,36.0,36.0,11046,21.7321,9062,529,17.1304,39,1.3866,0.0361,0.2659,0.07,262144,15,5
maskappliedISO8bit_flucol594_kpcclusters_800nm_poc0_60745_20x_g55_1_MMStack_Pos5_t15_s19,19,86.20993303,57.14158716,0.891815413,4.220637615,91.146,47.638,0.90789,4.1755,109.0,109.0,60.13361852,26.28946596,0.066019,1.089968265,38.0,38.0,10042,24.1049,8367,439,19.0592,50,1.3596,0.0182,0.2205,0.09314,262144,15,5
maskappliedISO8bit_flucol594_kpcclusters_800nm_poc0_60745_20x_g55_1_MMStack_Pos5_t15_s2,2,114.9285678,51.61752542,0.899351695,3.512861864,131.225,42.977,0.90597,3.4798,118.0,118.0,51.62699918,21.90796519,0.059644757,0.625302262,4.0,4.0,13039,18.1047,10560,534,19.7753,87,1.4116,0.0285,0.2169,0.1094,262144,15,5
maskappliedISO8bit_flucol594_kpcclusters_800nm_poc0_60745_20x_g55_1_MMStack_Pos5_t15_s20,20,78.27013582,53.71671642,0.883628507,3.891970149,77.471,46.39,0.89946,3.9524,67.0,67.0,59.52513286,24.79030186,0.074648809,1.098279286,40.0,40.0,9769,24.8344,8067,398,20.2688,50,1.3447,0.0319,0.1899,0.0829,262144,15,5
maskappliedISO8bit_flucol594_kpcclusters_800nm_poc0_60745_20x_g55_1_MMStack_Pos5_t15_s21,21,98.03249655,46.63198276,0.868223793,3.525934483,97.274,38.8655,0.886695,3.4583,58.0,58.0,57.42108674,18.41099453,0.088284027,1.153436048,42.0,42.0,14529,16.0429,11810,656,18.003,80,1.4446,0.0236,0.3228,0.03468,262144,15,5
maskappliedISO8bit_flucol594_kpcclusters_800nm_poc0_60745_20x_g55_1_MMStack_Pos5_t15_s22,22,99.98195789,44.26765789,0.900082105,2.853247368,108.485,38.1185,0.90335,2.69495,38.0,38.0,54.92453248,15.37447278,0.046293669,0.545330987,44.0,44.0,14898,15.596,12127,718,16.89,61,1.4505,0.0288,0.385,0.004219,262144,15,5
maskappliedISO8bit_flucol594_kpcclusters_800nm_poc0_60745_20x_g55_1_MMStack_Pos5_t15_s23,23,98.64436087,46.69030435,0.90393913,2.46473913,87.879,42.851,0.91415,2.4613,23.0,23.0,59.27202094,12.33353495,0.044279265,0.181599872,46.0,46.0,16559,13.831,13682,813,16.829,76,1.4843,0.0314,0.4264,0.03179,262144,15,5
maskappliedISO8bit_flucol594_kpcclusters_800nm_poc0_60745_20x_g55_1_MMStack_Pos5_t15_s24,24,96.989725,44.278,0.9124315,2.348005,93.912,38.907,0.92225,2.3594,20.0,20.0,68.05349679,13.60833678,0.031979268,0.106632671,48.0,48.0,17254,13.1933,14238,824,17.2791,101,1.4889,0.0304,0.4519,0.01883,262144,15,5
maskappliedISO8bit_flucol594_kpcclusters_800nm_poc0_60745_20x_g55_1_MMStack_Pos5_t15_s25,25,89.0650325,41.4569375,0.91739875,2.382459375,100.62,37.5225,0.9262,2.33645,32.0,32.0,64.11184506,10.2884199,0.057082444,0.197815424,50.0,50.0,18082,12.4976,14910,788,18.9213,113,1.5008,0.0354,0.4825,0.04471,262144,15,5
maskappliedISO8bit_flucol594_kpcclusters_800nm_poc0_60745_20x_g55_1_MMStack_Pos5_t15_s26,26,120.4711243,44.29410811,0.909634324,2.354194595,150.12,38.654,0.91678,2.313,37.0,37.0,57.36577304,14.28753232,0.039647319,0.243481666,52.0,52.0,17551,12.9362,14332,723,19.823,120,1.4947,0.0291,0.4707,0.03395,262144,15,5
maskappliedISO8bit_flucol594_kpcclusters_800nm_poc0_60745_20x_g55_1_MMStack_Pos5_t15_s27,27,95.95801667,45.31405556,0.923234444,2.405294444,123.175,41.562,0.92451,2.40955,36.0,36.0,68.6635181,14.24956152,0.037780677,0.172210199,54.0,54.0,18110,12.4751,15075,763,19.7575,113,1.501,0.0292,0.5247,0.0412,262144,15,5
maskappliedISO8bit_flucol594_kpcclusters_800nm_poc0_60745_20x_g55_1_MMStack_Pos5_t15_s28,28,90.71779524,46.47964286,0.915414048,2.470652381,102.173,39.303,0.924525,2.38405,42.0,42.0,63.16767401,16.65469104,0.042208887,0.290352767,56.0,56.0,17840,12.6942,14852,772,19.2383,105,1.4978,0.0326,0.505,0.0325,262144,15,5
maskappliedISO8bit_flucol594_kpcclusters_800nm_poc0_60745_20x_g55_1_MMStack_Pos5_t15_s3,3,104.8535225,51.445125,0.894439417,3.442605,111.445,45.043,0.912575,3.2937,120.0,120.0,53.05900338,19.29106465,0.064450141,0.671633735,6.0,6.0,13174,17.8987,10608,542,19.572,78,1.4142,0.0289,0.218,0.08214,262144,15,5
maskappliedISO8bit_flucol594_kpcclusters_800nm_poc0_60745_20x_g55_1_MMStack_Pos5_t15_s4,4,108.9701074,50.4485906,0.899845034,3.602702013,119.58,44.068,0.91436,3.4863,149.0,149.0,49.53150947,20.37510319,0.062368966,0.754471903,8.0,8.0,13524,17.3837,11054,525,21.0552,77,1.4215,0.0243,0.2668,0.117,262144,15,5
maskappliedISO8bit_flucol594_kpcclusters_800nm_poc0_60745_20x_g55_1_MMStack_Pos5_t15_s5,5,113.4987471,51.49901449,0.891427754,3.536126812,124.49,42.842,0.904015,3.37565,138.0,138.0,52.48554462,23.53481645,0.073238603,0.686015087,10.0,10.0,13444,17.499,10965,520,21.0865,83,1.426,0.0284,0.244,0.1431,262144,15,5
maskappliedISO8bit_flucol594_kpcclusters_800nm_poc0_60745_20x_g55_1_MMStack_Pos5_t15_s6,6,109.1775663,50.197,0.891875581,3.492120155,121.61,44.291,0.90874,3.3429,129.0,129.0,52.20895804,19.34744291,0.071343589,0.620275978,12.0,12.0,13590,17.2895,11010,505,21.802,74,1.4305,0.0242,0.2398,0.1032,262144,15,5
maskappliedISO8bit_flucol594_kpcclusters_800nm_poc0_60745_20x_g55_1_MMStack_Pos5_t15_s7,7,105.8661397,50.4188626,0.900336718,3.464218321,119.74,47.393,0.90603,3.3876,131.0,131.0,56.77895687,17.69509628,0.048450259,0.70346804,14.0,14.0,13230,17.8144,10915,515,21.1942,80,1.4175,0.0279,0.2397,0.1219,262144,15,5
maskappliedISO8bit_flucol594_kpcclusters_800nm_poc0_60745_20x_g55_1_MMStack_Pos5_t15_s8,8,103.3030962,49.97025758,0.900267273,3.523912879,115.885,44.877,0.907445,3.45925,132.0,132.0,54.8520153,19.14552361,0.052310187,0.638545485,16.0,16.0,13370,17.607,10988,582,18.8797,83,1.4219,0.0286,0.2443,0.1098,262144,15,5
maskappliedISO8bit_flucol594_kpcclusters_800nm_poc0_60745_20x_g55_1_MMStack_Pos5_t15_s9,9,111.2235877,49.24872258,0.893356839,3.705757419,121.43,43.357,0.91276,3.6206,155.0,155.0,50.96898301,19.2665098,0.062910784,0.835559255,18.0,18.0,13885,16.8797,11260,566,19.894,79,1.4322,0.0232,0.2966,0.07994,262144,15,5
maskappliedISO8bit_flucol594_kpcclusters_800nm_poc0_60745_20x_g55_1_MMStack_Pos5_t16_s1,1,101.0837452,48.76951587,0.897644127,3.636219841,110.395,42.579,0.909995,3.50325,126.0,126.0,55.75337543,21.44216686,0.055945595,0.806608177,2.0,2.0,13317,17.685,10911,545,20.0202,95,1.4184,0.0259,0.2471,0.08791,262144,16,5
maskappliedISO8bit_flucol594_kpcclusters_800nm_poc0_60745_20x_g55_1_MMStack_Pos5_t16_s10,10,106.7599519,49.86594375,0.8924415,3.771924375,120.61,42.325,0.90425,3.6561,160.0,160.0,51.68620468,21.1314038,0.058445606,0.957141228,20.0,20.0,14014,16.7059,11421,526,21.7129,95,1.432,0.0267,0.299,0.05929,262144,16,5
maskappliedISO8bit_flucol594_kpcclusters_800nm_poc0_60745_20x_g55_1_MMStack_Pos5_t16_s11,11,103.4147279,48.79682993,0.894908844,3.88677415,112.71,45.161,0.91405,3.5551,147.0,147.0,53.10506981,17.55385292,0.063095108,1.300928637,22.0,22.0,12404,19.1339,10008,511,19.5851,58,1.4016,0.0264,0.2491,0.1131,262144,16,5
maskappliedISO8bit_flucol594_kpcclusters_800nm_poc0_60745_20x_g55_1_MMStack_Pos5_t16_s12,12,108.5936652,51.66590909,0.890781212,4.334522727,107.93,44.844,0.904185,4.43185,66.0,66.0,48.46275805,19.27963519,0.062475182,1.177876237,24.0,24.0,8845,27.6376,7174,407,17.6265,34,1.3138,0.0266,0.159,0.1174,262144,16,5
maskappliedISO8bit_flucol594_kpcclusters_800nm_poc0_60745_20x_g55_1_MMStack_Pos5_t16_s13,13,98.52449767,47.68862791,0.887894535,4.23729186,105.745,41.167,0.901585,3.81975,86.0,86.0,55.24878605,20.3713328,0.069376855,1.541226441,26.0,26.0,8665,28.2533,6975,400,17.4375,27,1.3179,0.029,0.1594,0.1189,262144,16,5
maskappliedISO8bit_flucol594_kpcclusters_800nm_poc0_60745_20x_g55_1_MMStack_Pos5_t16_s14,14,82.03406632,52.43455789,0.896931579,4.26414,77.125,40.904,0.90429,3.8003,95.0,95.0,59.8274359,26.23145876,0.052237099,1.514454276,28.0,28.0,9666,25.1203,7922,437,18.1281,45,1.346,0.0285,0.1981,0.1028,262144,16,5
maskappliedISO8bit_flucol594_kpcclusters_800nm_poc0_60745_20x_g55_1_MMStack_Pos5_t16_s15,15,107.3436241,50.45222727,0.890614636,4.216493636,120.57,42.5105,0.91021,3.95545,110.0,110.0,55.96455457,24.44701408,0.067926797,1.370986212,30.0,30.0,10551,22.8455,8589,487,17.6366,58,1.3618,0.0195,0.2261,0.06805,262144,16,5
maskappliedISO8bit_flucol594_kpcclusters_800nm_poc0_60745_20x_g55_1_MMStack_Pos5_t16_s16,16,96.519287,51.05884,0.9044059,4.000493,99.3585,45.0755,0.91804,3.58815,100.0,100.0,56.49256317,22.14932947,0.048219031,1.285923757,32.0,32.0,10031,24.1335,8151,449,18.1537,54,1.3579,0.0207,0.2108,0.07829,262144,16,5
maskappliedISO8bit_flucol594_kpcclusters_800nm_poc0_60745_20x_g55_1_MMStack_Pos5_t16_s17,17,90.70108872,50.22383459,0.896138722,4.170344361,94.185,42.609,0.91583,3.9541,133.0,133.0,57.29799203,21.81687691,0.065419038,1.288022502,34.0,34.0,10854,22.1519,8921,468,19.062,55,1.381,0.0282,0.2466,0.07395,262144,16,5
maskappliedISO8bit_flucol594_kpcclusters_800nm_poc0_60745_20x_g55_1_MMStack_Pos5_t16_s18,18,88.14811847,53.24574522,0.884611274,4.184170064,88.182,44.323,0.90824,3.8082,157.0,157.0,58.11359972,26.75305226,0.080503977,1.321636543,36.0,36.0,11013,21.8032,9106,498,18.2851,44,1.3835,0.0314,0.2767,0.07453,262144,16,5
maskappliedISO8bit_flucol594_kpcclusters_800nm_poc0_60745_20x_g55_1_MMStack_Pos5_t16_s19,19,83.99122705,52.10560656,0.892912787,4.230590164,81.5635,47.29,0.90659,3.95665,122.0,122.0,59.09401617,22.08634071,0.064539034,1.142137422,38.0,38.0,9840,24.6407,8203,418,19.6244,62,1.351,0.0143,0.2258,0.07847,262144,16,5
maskappliedISO8bit_flucol594_kpcclusters_800nm_poc0_60745_20x_g55_1_MMStack_Pos5_t16_s2,2,116.0326602,52.27254887,0.89773812,3.604138346,132.27,47.402,0.90812,3.5547,133.0,133.0,51.88553386,21.44222439,0.05319838,0.683168697,4.0,4.0,13223,17.8249,10812,539,20.0594,72,1.416,0.0275,0.2403,0.1272,262144,16,5
maskappliedISO8bit_flucol594_kpcclusters_800nm_poc0_60745_20x_g55_1_MMStack_Pos5_t16_s20,20,87.62104727,55.2676,0.890190727,4.29192,88.315,47.453,0.89816,4.1923,55.0,55.0,59.00539908,22.45284755,0.055559661,1.121216835,40.0,40.0,9359,26.0099,7690,409,18.802,50,1.3401,0.0166,0.1749,0.07626,262144,16,5
maskappliedISO8bit_flucol594_kpcclusters_800nm_poc0_60745_20x_g55_1_MMStack_Pos5_t16_s21,21,100.9966889,48.68693333,0.885557111,3.829848889,113.75,43.251,0.89795,3.6396,45.0,45.0,56.61970207,17.24223138,0.048791548,1.188357622,42.0,42.0,14133,16.5484,11590,644,17.9969,68,1.4376,0.0256,0.2979,0.03829,262144,16,5
maskappliedISO8bit_flucol594_kpcclusters_800nm_poc0_60745_20x_g55_1_MMStack_Pos5_t16_s22,22,96.27615789,44.66968421,0.887965263,2.915165789,99.0675,38.498,0.90092,2.75435,38.0,38.0,51.44285917,16.49497088,0.061341153,0.717354888,44.0,44.0,15051,15.4171,12339,729,16.9259,77,1.4524,0.0275,0.3974,0.0246,262144,16,5
maskappliedISO8bit_flucol594_kpcclusters_800nm_poc0_60745_20x_g55_1_MMStack_Pos5_t16_s23,23,81.612585,41.4917,0.9097525,2.410895,84.4435,41.829,0.90737,2.342,20.0,20.0,57.74230087,7.769794483,0.033296386,0.203552196,46.0,46.0,17029,13.394,13896,812,17.1133,90,1.4835,0.0338,0.4338,0.02162,262144,16,5
maskappliedISO8bit_flucol594_kpcclusters_800nm_poc0_60745_20x_g55_1_MMStack_Pos5_t16_s24,24,79.65419091,43.55760606,0.910280909,2.457881818,72.031,40.309,0.91039,2.4109,33.0,33.0,64.33921817,16.27776021,0.030587713,0.262106604,48.0,48.0,17030,13.3931,14125,794,17.7897,120,1.4888,0.0302,0.4567,0.04498,262144,16,5
maskappliedISO8bit_flucol594_kpcclusters_800nm_poc0_60745_20x_g55_1_MMStack_Pos5_t16_s25,25,99.19499412,47.96620588,0.918985,2.368411765,106.235,41.5005,0.92353,2.3514,34.0,34.0,70.87454848,15.56778286,0.034900088,0.17322449,50.0,50.0,17296,13.1564,14278,802,17.803,99,1.4874,0.0308,0.4718,0.058,262144,16,5
maskappliedISO8bit_flucol594_kpcclusters_800nm_poc0_60745_20x_g55_1_MMStack_Pos5_t16_s26,26,66.45971842,42.56760526,0.914265,2.3784,32.15,38.547,0.91606,2.28875,38.0,38.0,69.13728514,13.67540629,0.031292502,0.260693338,52.0,52.0,17457,13.0166,14626,806,18.1464,102,1.4937,0.0306,0.4813,0.06126,262144,16,5
maskappliedISO8bit_flucol594_kpcclusters_800nm_poc0_60745_20x_g55_1_MMStack_Pos5_t16_s27,27,68.52237333,41.58464444,0.920995333,2.415542222,45.0,40.419,0.93059,2.4222,45.0,45.0,62.675815,9.017800471,0.048041853,0.210073046,54.0,54.0,17821,12.7099,14774,773,19.1125,90,1.4985,0.0328,0.4792,0.05016,262144,16,5
maskappliedISO8bit_flucol594_kpcclusters_800nm_poc0_60745_20x_g55_1_MMStack_Pos5_t16_s28,28,69.18972368,48.07763158,0.917406579,2.435084211,47.1795,43.99,0.9207,2.36845,38.0,38.0,67.00830332,12.64277108,0.044885853,0.22391964,56.0,56.0,17720,12.7937,14745,750,19.66,125,1.4989,0.035,0.4995,0.04562,262144,16,5
maskappliedISO8bit_flucol594_kpcclusters_800nm_poc0_60745_20x_g55_1_MMStack_Pos5_t16_s3,3,102.194425,50.56799242,0.893854167,3.38705,110.58,45.956,0.90903,3.30455,132.0,132.0,53.94552175,19.93252847,0.060098813,0.67008488,6.0,6.0,12641,18.7377,10297,557,18.4865,79,1.4064,0.0226,0.2164,0.07663,262144,16,5
maskappliedISO8bit_flucol594_kpcclusters_800nm_poc0_60745_20x_g55_1_MMStack_Pos5_t16_s4,4,106.0543619,52.44465254,0.889232881,3.465052542,107.94,45.95,0.89758,3.39185,118.0,118.0,51.20443432,20.50069475,0.062266878,0.632974774,8.0,8.0,13373,17.6026,10828,517,20.9439,92,1.4185,0.028,0.2381,0.1173,262144,16,5
maskappliedISO8bit_flucol594_kpcclusters_800nm_poc0_60745_20x_g55_1_MMStack_Pos5_t16_s5,5,109.6798331,50.30109023,0.898751429,3.546463158,124.33,45.649,0.90768,3.5051,133.0,133.0,53.10262314,16.96276832,0.04611431,0.673251143,10.0,10.0,13154,17.9289,10766,493,21.8377,83,1.4141,0.0258,0.2386,0.1372,262144,16,5
maskappliedISO8bit_flucol594_kpcclusters_800nm_poc0_60745_20x_g55_1_MMStack_Pos5_t16_s6,6,111.0865601,48.69773913,0.898890942,3.395711594,123.955,41.896,0.90897,3.3235,138.0,138.0,53.40857607,20.98948148,0.048592622,0.64721213,12.0,12.0,12901,18.3197,10504,546,19.2381,68,1.4122,0.0289,0.2368,0.1299,262144,16,5
maskappliedISO8bit_flucol594_kpcclusters_800nm_poc0_60745_20x_g55_1_MMStack_Pos5_t16_s7,7,108.3313573,47.83301399,0.898713916,3.480471329,127.75,39.58,0.90634,3.3951,143.0,143.0,56.80929506,19.0391576,0.055411424,0.72230227,14.0,14.0,13205,17.8519,10826,509,21.2692,78,1.4191,0.0256,0.2524,0.1267,262144,16,5
maskappliedISO8bit_flucol594_kpcclusters_800nm_poc0_60745_20x_g55_1_MMStack_Pos5_t16_s8,8,101.4524255,50.74540876,0.896659927,3.469347445,111.8,43.913,0.90606,3.4066,137.0,137.0,54.58637464,20.07209008,0.058934379,0.695811274,16.0,16.0,13764,17.0457,11284,542,20.8192,70,1.4294,0.0278,0.2544,0.09481,262144,16,5
maskappliedISO8bit_flucol594_kpcclusters_800nm_poc0_60745_20x_g55_1_MMStack_Pos5_t16_s9,9,105.2677371,50.33232727,0.886755455,3.644880606,109.65,42.049,0.90409,3.512,165.0,165.0,50.11993118,20.3119095,0.088452072,0.880871188,18.0,18.0,14076,16.6235,11499,572,20.1031,78,1.4362,0.0296,0.2895,0.07528,262144,16,5
maskappliedISO8bit_flucol594_kpcclusters_800nm_poc0_60745_20x_g55_1_MMStack_Pos5_t17_s1,1,100.8505305,53.52691603,0.894841069,3.713571756,104.93,46.076,0.91561,3.6246,131.0,131.0,53.73485447,24.17993617,0.073189058,0.842954082,2.0,2.0,13168,17.9077,10817,536,20.181,82,1.416,0.023,0.2686,0.08931,262144,17,5
maskappliedISO8bit_flucol594_kpcclusters_800nm_poc0_60745_20x_g55_1_MMStack_Pos5_t17_s10,10,106.4538971,51.07525854,0.892208537,3.898285366,114.66,44.832,0.90699,3.7325,205.0,205.0,48.94616424,20.51147429,0.06357858,1.038116136,20.0,20.0,14725,15.8027,12051,552,21.8315,93,1.4471,0.0286,0.382,0.04968,262144,17,5
maskappliedISO8bit_flucol594_kpcclusters_800nm_poc0_60745_20x_g55_1_MMStack_Pos5_t17_s11,11,106.2509,51.18805785,0.897274463,3.879880992,112.99,44.973,0.91147,3.6645,121.0,121.0,52.86348085,21.95590428,0.058690606,1.179159633,22.0,22.0,12167,19.5456,9846,525,18.7543,54,1.4008,0.0276,0.232,0.1186,262144,17,5
maskappliedISO8bit_flucol594_kpcclusters_800nm_poc0_60745_20x_g55_1_MMStack_Pos5_t17_s12,12,102.242184,52.869275,0.885916625,4.25950625,117.115,44.213,0.898295,4.07095,80.0,80.0,54.03567379,23.31317443,0.06864012,1.365019829,24.0,24.0,9205,26.4785,7447,447,16.66,31,1.3327,0.0228,0.1718,0.1116,262144,17,5
maskappliedISO8bit_flucol594_kpcclusters_800nm_poc0_60745_20x_g55_1_MMStack_Pos5_t17_s13,13,103.5708368,54.20786765,0.889403529,4.322577941,108.715,39.659,0.917055,3.955,68.0,68.0,54.40998677,37.30013614,0.0739297,1.359386022,26.0,26.0,8247,29.7867,6694,407,16.4472,30,1.3069,0.0293,0.1574,0.1217,262144,17,5
maskappliedISO8bit_flucol594_kpcclusters_800nm_poc0_60745_20x_g55_1_MMStack_Pos5_t17_s14,14,97.28120116,52.3124186,0.903745,4.260106977,100.705,41.525,0.913745,3.9553,86.0,86.0,56.65896711,28.46625043,0.055781473,1.495965457,28.0,28.0,8923,27.3786,7323,464,15.7823,27,1.3233,0.0276,0.1746,0.1244,262144,17,5
maskappliedISO8bit_flucol594_kpcclusters_800nm_poc0_60745_20x_g55_1_MMStack_Pos5_t17_s15,15,100.4879126,50.69275789,0.890181895,4.129058947,104.74,44.027,0.91298,3.9094,95.0,95.0,58.07191916,22.72866688,0.082524785,1.330632413,30.0,30.0,10207,23.6829,8356,505,16.5465,43,1.3556,0.0263,0.206,0.06332,262144,17,5
maskappliedISO8bit_flucol594_kpcclusters_800nm_poc0_60745_20x_g55_1_MMStack_Pos5_t17_s16,16,102.7697107,47.45070874,0.892233592,4.26348835,109.36,40.397,0.91628,3.9547,103.0,103.0,55.11101283,17.0039629,0.068902274,1.301971657,32.0,32.0,9801,24.7468,8048,488,16.4918,49,1.3561,0.022,0.2049,0.06608,262144,17,5
maskappliedISO8bit_flucol594_kpcclusters_800nm_poc0_60745_20x_g55_1_MMStack_Pos5_t17_s17,17,97.49981864,52.69398305,0.892913814,4.255059322,103.19,45.088,0.912895,3.9941,118.0,118.0,55.91740551,22.74414746,0.068999723,1.291280413,34.0,34.0,10792,22.2907,8859,505,17.5426,52,1.3763,0.0254,0.2413,0.05857,262144,17,5
maskappliedISO8bit_flucol594_kpcclusters_800nm_poc0_60745_20x_g55_1_MMStack_Pos5_t17_s18,18,86.75677541,51.00837838,0.902002027,4.223613514,85.21,41.5045,0.91183,3.8748,148.0,148.0,56.28222337,27.06367175,0.058260936,1.34229374,36.0,36.0,10602,22.726,8675,484,17.9236,46,1.3736,0.0228,0.244,0.06875,262144,17,5
maskappliedISO8bit_flucol594_kpcclusters_800nm_poc0_60745_20x_g55_1_MMStack_Pos5_t17_s19,19,79.88812455,57.35471818,0.896326182,4.096351818,79.1925,50.2805,0.90631,3.8546,110.0,110.0,56.88617226,26.78594812,0.056714264,1.166522177,38.0,38.0,9257,26.3186,7603,452,16.8208,38,1.3404,0.0172,0.2072,0.0779,262144,17,5
maskappliedISO8bit_flucol594_kpcclusters_800nm_poc0_60745_20x_g55_1_MMStack_Pos5_t17_s2,2,110.6468796,54.04754745,0.887372774,3.616971533,125.54,45.529,0.90662,3.6591,137.0,137.0,50.94897105,25.00511284,0.074740854,0.749729929,4.0,4.0,13663,17.1865,11186,496,22.5524,88,1.4245,0.0298,0.2565,0.1015,262144,17,5
maskappliedISO8bit_flucol594_kpcclusters_800nm_poc0_60745_20x_g55_1_MMStack_Pos5_t17_s20,20,95.32675556,53.08926389,0.877512778,4.102675,103.5,43.6555,0.89407,3.95345,72.0,72.0,59.28794614,26.09678901,0.06812434,0.998391138,40.0,40.0,9879,24.5356,8118,434,18.7051,44,1.3436,0.0282,0.1989,0.07344,262144,17,5
maskappliedISO8bit_flucol594_kpcclusters_800nm_poc0_60745_20x_g55_1_MMStack_Pos5_t17_s21,21,97.997624,44.66854667,0.8912736,3.343014667,99.273,40.477,0.89929,3.1618,75.0,75.0,54.76594174,16.10117062,0.060430694,1.020387278,42.0,42.0,14704,15.8281,12142,664,18.2861,70,1.4493,0.0276,0.3583,0.02622,262144,17,5
maskappliedISO8bit_flucol594_kpcclusters_800nm_poc0_60745_20x_g55_1_MMStack_Pos5_t17_s22,22,105.8402027,45.96324324,0.892627838,2.809608108,112.25,39.056,0.91095,2.6318,37.0,37.0,52.07417002,17.81154293,0.062781114,0.628653496,44.0,44.0,15375,15.0501,12676,740,17.1297,75,1.4645,0.0246,0.3752,0.04693,262144,17,5
maskappliedISO8bit_flucol594_kpcclusters_800nm_poc0_60745_20x_g55_1_MMStack_Pos5_t17_s23,23,57.39473333,40.01444444,0.91762963,2.429477778,23.429,37.216,0.91669,2.4119,27.0,27.0,62.14239772,8.78686605,0.03460602,0.219714337,46.0,46.0,17257,13.1906,14121,806,17.5199,120,1.489,0.034,0.4316,0.01198,262144,17,5
maskappliedISO8bit_flucol594_kpcclusters_800nm_poc0_60745_20x_g55_1_MMStack_Pos5_t17_s24,24,72.89918667,45.42106667,0.924560667,2.32486,28.61,39.657,0.9248,2.2534,15.0,15.0,71.42996724,17.53182849,0.02426796,0.189923949,48.0,48.0,17432,13.0381,14340,719,19.9444,96,1.4884,0.0303,0.4364,0.03671,262144,17,5
maskappliedISO8bit_flucol594_kpcclusters_800nm_poc0_60745_20x_g55_1_MMStack_Pos5_t17_s25,25,100.7663806,41.922,0.917413889,2.363991667,108.65,38.106,0.92964,2.3869,36.0,36.0,70.26293949,10.4885711,0.056415325,0.18190558,50.0,50.0,17603,12.8921,14427,781,18.4725,110,1.4961,0.0343,0.4563,0.06387,262144,17,5
maskappliedISO8bit_flucol594_kpcclusters_800nm_poc0_60745_20x_g55_1_MMStack_Pos5_t17_s26,26,89.17995476,40.80247619,0.920383333,2.401640476,100.535,37.142,0.92643,2.3588,42.0,42.0,68.57609073,9.919924964,0.042761063,0.249170881,52.0,52.0,17701,12.8096,14506,743,19.5236,102,1.4958,0.0253,0.4662,0.04731,262144,17,5
maskappliedISO8bit_flucol594_kpcclusters_800nm_poc0_60745_20x_g55_1_MMStack_Pos5_t17_s27,27,96.11969,45.47328571,0.9121,2.399428571,98.8165,41.517,0.9295,2.3767,42.0,42.0,58.71112307,13.68636881,0.048365306,0.216832189,54.0,54.0,17837,12.6967,14734,709,20.7814,108,1.4945,0.0327,0.4902,0.05092,262144,17,5
maskappliedISO8bit_flucol594_kpcclusters_800nm_poc0_60745_20x_g55_1_MMStack_Pos5_t17_s28,28,91.44011667,45.22408333,0.902651875,2.466525,93.0045,40.932,0.917575,2.41905,48.0,48.0,66.67660094,12.53554435,0.059978568,0.205883212,56.0,56.0,18127,12.4616,15078,727,20.74,112,1.5037,0.0324,0.5016,0.06043,262144,17,5
maskappliedISO8bit_flucol594_kpcclusters_800nm_poc0_60745_20x_g55_1_MMStack_Pos5_t17_s3,3,100.2725174,51.89138843,0.895275455,3.559469421,107.24,44.058,0.90796,3.5122,121.0,121.0,55.37044798,22.01097454,0.05862843,0.718459139,6.0,6.0,12917,18.2946,10409,523,19.9025,79,1.4085,0.0322,0.2383,0.07718,262144,17,5
maskappliedISO8bit_flucol594_kpcclusters_800nm_poc0_60745_20x_g55_1_MMStack_Pos5_t17_s4,4,110.4681812,50.04847651,0.898907987,3.6662,124.16,43.605,0.90725,3.5403,149.0,149.0,53.00482473,21.83178764,0.056025262,0.726073174,8.0,8.0,13725,17.0998,11172,499,22.3888,98,1.4263,0.03,0.278,0.1046,262144,17,5
maskappliedISO8bit_flucol594_kpcclusters_800nm_poc0_60745_20x_g55_1_MMStack_Pos5_t17_s5,5,104.9764254,50.67780159,0.902368254,3.528115873,118.24,44.7905,0.90545,3.4473,126.0,126.0,52.970055,19.78217552,0.041358225,0.649482048,10.0,10.0,13009,18.151,10664,516,20.6667,70,1.4137,0.0254,0.2401,0.1048,262144,17,5
maskappliedISO8bit_flucol594_kpcclusters_800nm_poc0_60745_20x_g55_1_MMStack_Pos5_t17_s6,6,104.5555953,50.62754688,0.896308281,3.559653906,120.095,43.0445,0.90896,3.4999,128.0,128.0,55.5829488,19.77721802,0.062054868,0.640400377,12.0,12.0,13531,17.3737,10933,494,22.1316,83,1.4224,0.0288,0.2413,0.124,262144,17,5
maskappliedISO8bit_flucol594_kpcclusters_800nm_poc0_60745_20x_g55_1_MMStack_Pos5_t17_s7,7,109.9545078,48.75298582,0.896703688,3.537036879,125.84,41.832,0.90831,3.4317,141.0,141.0,54.34946363,19.65568563,0.056098665,0.694164777,14.0,14.0,13239,17.801,10834,509,21.2849,66,1.4185,0.0212,0.2382,0.1206,262144,17,5
maskappliedISO8bit_flucol594_kpcclusters_800nm_poc0_60745_20x_g55_1_MMStack_Pos5_t17_s8,8,108.1723913,48.50956667,0.889885067,3.504856,118.355,42.746,0.894775,3.3499,150.0,150.0,49.11878663,17.88734967,0.060034655,0.733513369,16.0,16.0,13530,17.3751,11102,554,20.0397,72,1.4233,0.0282,0.2597,0.08438,262144,17,5
maskappliedISO8bit_flucol594_kpcclusters_800nm_poc0_60745_20x_g55_1_MMStack_Pos5_t17_s9,9,110.9165148,49.39797531,0.88652716,3.544709877,122.88,43.2355,0.90128,3.37375,162.0,162.0,46.50456238,18.82516461,0.069084079,0.773035975,18.0,18.0,14145,16.5327,11617,558,20.819,85,1.4348,0.0327,0.2802,0.07987,262144,17,5
maskappliedISO8bit_flucol594_kpcclusters_800nm_poc0_60745_20x_g55_1_MMStack_Pos5_t18_s1,1,103.2730224,49.87044898,0.891435306,3.678572789,104.93,43.229,0.90839,3.581,147.0,147.0,53.2425678,21.59165683,0.06318192,0.797528728,2.0,2.0,13397,17.5674,10977,537,20.4413,81,1.4193,0.0263,0.2862,0.0824,262144,18,5
maskappliedISO8bit_flucol594_kpcclusters_800nm_poc0_60745_20x_g55_1_MMStack_Pos5_t18_s10,10,107.1182026,53.20037821,0.880244359,3.771974359,112.805,46.153,0.898215,3.688,156.0,156.0,51.38353485,21.21331109,0.071247886,0.874640423,20.0,20.0,13798,16.9988,11261,568,19.8257,82,1.428,0.0233,0.3189,0.05956,262144,18,5
maskappliedISO8bit_flucol594_kpcclusters_800nm_poc0_60745_20x_g55_1_MMStack_Pos5_t18_s11,11,99.81199857,47.13366429,0.887162429,3.759250714,108.66,42.2675,0.90469,3.5067,140.0,140.0,52.98709365,17.16471754,0.063768027,0.957257892,22.0,22.0,12864,18.3782,10434,554,18.8339,90,1.4125,0.0317,0.2636,0.08691,262144,18,5
maskappliedISO8bit_flucol594_kpcclusters_800nm_poc0_60745_20x_g55_1_MMStack_Pos5_t18_s12,12,98.08993415,50.57778049,0.886301585,4.164578049,105.145,43.213,0.90395,3.9889,82.0,82.0,54.37756049,25.28111467,0.072283168,1.241463986,24.0,24.0,9632,25.216,7783,455,17.1055,40,1.3414,0.0224,0.1836,0.1461,262144,18,5
maskappliedISO8bit_flucol594_kpcclusters_800nm_poc0_60745_20x_g55_1_MMStack_Pos5_t18_s13,13,102.9670279,49.91164384,0.889374795,4.531775342,117.55,45.077,0.90171,4.4465,73.0,73.0,55.51139266,16.73948562,0.079406858,1.437789963,26.0,26.0,7803,31.5954,6268,395,15.8684,34,1.2867,0.0246,0.1515,0.1504,262144,18,5
maskappliedISO8bit_flucol594_kpcclusters_800nm_poc0_60745_20x_g55_1_MMStack_Pos5_t18_s14,14,92.05711932,52.76977273,0.881174659,4.332653409,97.832,41.702,0.90676,3.95285,88.0,88.0,59.27976266,27.66210718,0.083463194,1.528913615,28.0,28.0,9317,26.1362,7600,468,16.2393,42,1.3389,0.0301,0.1915,0.0942,262144,18,5
maskappliedISO8bit_flucol594_kpcclusters_800nm_poc0_60745_20x_g55_1_MMStack_Pos5_t18_s15,15,98.73573077,52.33897802,0.89614967,4.271998901,105.71,44.964,0.90919,3.6695,91.0,91.0,54.36663534,24.57223964,0.059007403,1.496794903,30.0,30.0,9833,24.6597,8016,488,16.4262,38,1.3558,0.0279,0.2041,0.07003,262144,18,5
maskappliedISO8bit_flucol594_kpcclusters_800nm_poc0_60745_20x_g55_1_MMStack_Pos5_t18_s16,16,90.66954951,49.83035922,0.880422233,4.053069903,96.911,42.395,0.90177,3.669,103.0,103.0,59.78734011,24.26629319,0.083823708,1.188524229,32.0,32.0,9627,25.2302,7838,495,15.8343,42,1.3524,0.0189,0.2103,0.08718,262144,18,5
maskappliedISO8bit_flucol594_kpcclusters_800nm_poc0_60745_20x_g55_1_MMStack_Pos5_t18_s17,17,91.80607868,50.53134559,0.890279779,4.150926471,93.0535,43.406,0.905195,3.73925,136.0,136.0,57.48105711,24.99994953,0.070990152,1.336198539,34.0,34.0,10766,22.3493,8780,492,17.8455,55,1.3754,0.026,0.247,0.05469,262144,18,5
maskappliedISO8bit_flucol594_kpcclusters_800nm_poc0_60745_20x_g55_1_MMStack_Pos5_t18_s18,18,95.29198951,51.41158042,0.89090986,4.172581818,96.116,43.854,0.91,3.9503,143.0,143.0,59.06056178,21.8340878,0.070489768,1.200562164,36.0,36.0,10420,23.1579,8580,441,19.4558,55,1.3713,0.0292,0.2509,0.07951,262144,18,5
maskappliedISO8bit_flucol594_kpcclusters_800nm_poc0_60745_20x_g55_1_MMStack_Pos5_t18_s19,19,87.331675,55.86264583,0.896528021,3.991123958,94.41,48.077,0.90718,3.83055,96.0,96.0,56.54940214,23.78833706,0.062654037,1.161900039,38.0,38.0,9227,26.4106,7527,396,19.0076,58,1.3305,0.0251,0.1946,0.08042,262144,18,5
maskappliedISO8bit_flucol594_kpcclusters_800nm_poc0_60745_20x_g55_1_MMStack_Pos5_t18_s2,2,107.7028274,48.86560484,0.894249435,3.672109677,124.8,40.8855,0.902535,3.60035,124.0,124.0,52.87278573,20.12806633,0.053916317,0.752058478,4.0,4.0,12941,18.2569,10605,538,19.7119,68,1.4121,0.0308,0.2363,0.09216,262144,18,5
maskappliedISO8bit_flucol594_kpcclusters_800nm_poc0_60745_20x_g55_1_MMStack_Pos5_t18_s20,20,94.78029861,53.34583333,0.885133056,3.833084722,90.0,44.1695,0.902195,3.57565,72.0,72.0,56.50423036,26.73540151,0.064083467,1.255821132,40.0,40.0,12256,19.3891,10055,477,21.0797,76,1.3947,0.0272,0.2522,0.06302,262144,18,5
maskappliedISO8bit_flucol594_kpcclusters_800nm_poc0_60745_20x_g55_1_MMStack_Pos5_t18_s21,21,112.0243359,47.42315625,0.881139687,3.043589062,124.765,41.9585,0.892565,2.81485,64.0,64.0,54.17607283,18.18114987,0.061688963,0.766838494,42.0,42.0,15175,15.2748,12459,690,18.0565,78,1.4576,0.0357,0.3805,0.02125,262144,18,5
maskappliedISO8bit_flucol594_kpcclusters_800nm_poc0_60745_20x_g55_1_MMStack_Pos5_t18_s22,22,100.5845455,40.12036364,0.892577879,2.677821212,116.57,37.965,0.90569,2.4019,33.0,33.0,58.80010563,8.396386852,0.0556607,0.623206432,44.0,44.0,15800,14.5915,12885,747,17.249,82,1.4632,0.0366,0.4069,0.0119,262144,18,5
maskappliedISO8bit_flucol594_kpcclusters_800nm_poc0_60745_20x_g55_1_MMStack_Pos5_t18_s23,23,94.0172,37.74378947,0.912808947,2.449957895,90.0,36.448,0.92795,2.4355,19.0,19.0,65.89326844,7.209846086,0.048745477,0.157095399,46.0,46.0,16813,13.5918,13839,756,18.3056,106,1.4822,0.0336,0.4226,0.03982,262144,18,5
maskappliedISO8bit_flucol594_kpcclusters_800nm_poc0_60745_20x_g55_1_MMStack_Pos5_t18_s24,24,78.77138333,43.88086667,0.905048333,2.402576667,57.466,38.897,0.905645,2.3965,30.0,30.0,70.86573623,14.60901379,0.041901452,0.219432665,48.0,48.0,17469,13.0063,14331,805,17.8025,111,1.4938,0.0336,0.4419,0.03136,262144,18,5
maskappliedISO8bit_flucol594_kpcclusters_800nm_poc0_60745_20x_g55_1_MMStack_Pos5_t18_s25,25,73.97608846,42.99184615,0.907095,2.379815385,40.511,36.496,0.911485,2.34205,26.0,26.0,71.15561191,14.41570754,0.042830679,0.151703536,50.0,50.0,17721,12.7929,14531,743,19.5572,105,1.4949,0.0322,0.4595,0.04865,262144,18,5
maskappliedISO8bit_flucol594_kpcclusters_800nm_poc0_60745_20x_g55_1_MMStack_Pos5_t18_s26,26,79.84755,45.52447059,0.907944706,2.335235294,65.1185,38.7135,0.92126,2.3021,34.0,34.0,71.85293514,18.96992861,0.077155281,0.185600272,52.0,52.0,17533,12.9515,14548,756,19.2434,109,1.492,0.0301,0.4617,0.05819,262144,18,5
maskappliedISO8bit_flucol594_kpcclusters_800nm_poc0_60745_20x_g55_1_MMStack_Pos5_t18_s27,27,84.77617458,44.76242373,0.917405763,2.399984746,78.024,39.215,0.92629,2.3854,59.0,59.0,70.90392415,12.33934027,0.046265728,0.174080212,54.0,54.0,17804,12.7239,14863,782,19.0064,110,1.4952,0.028,0.4976,0.05908,262144,18,5
maskappliedISO8bit_flucol594_kpcclusters_800nm_poc0_60745_20x_g55_1_MMStack_Pos5_t18_s28,28,87.66904375,44.51783333,0.920069375,2.4360125,73.1285,42.4795,0.930805,2.3934,48.0,48.0,64.81709943,11.81322479,0.044314309,0.235497296,56.0,56.0,17612,12.8844,14580,760,19.1842,113,1.4914,0.0321,0.4983,0.04161,262144,18,5
maskappliedISO8bit_flucol594_kpcclusters_800nm_poc0_60745_20x_g55_1_MMStack_Pos5_t18_s3,3,111.6852516,50.53391935,0.898353387,3.555430645,119.295,43.2865,0.90742,3.51075,124.0,124.0,48.47481304,20.81912302,0.050085404,0.726995585,6.0,6.0,12867,18.3734,10368,525,19.7486,76,1.4059,0.0246,0.226,0.07819,262144,18,5
maskappliedISO8bit_flucol594_kpcclusters_800nm_poc0_60745_20x_g55_1_MMStack_Pos5_t18_s4,4,103.217475,46.90877857,0.902728429,3.488451429,112.24,40.8035,0.91286,3.3992,140.0,140.0,53.15624302,18.3090581,0.056310058,0.747808474,8.0,8.0,13189,17.876,10704,534,20.0449,88,1.4169,0.0237,0.2498,0.09622,262144,18,5
maskappliedISO8bit_flucol594_kpcclusters_800nm_poc0_60745_20x_g55_1_MMStack_Pos5_t18_s5,5,116.5477994,46.40421528,0.895085833,3.517127083,131.63,40.8125,0.90251,3.41815,144.0,144.0,48.91982427,16.43988262,0.060684107,0.650269558,10.0,10.0,13568,17.3208,11010,555,19.8378,94,1.4253,0.029,0.2492,0.1213,262144,18,5
maskappliedISO8bit_flucol594_kpcclusters_800nm_poc0_60745_20x_g55_1_MMStack_Pos5_t18_s6,6,107.8434702,48.21023664,0.907212977,3.497615267,125.91,42.834,0.91513,3.37,131.0,131.0,54.24650633,16.219138,0.041562908,0.624392204,12.0,12.0,13455,17.4831,10914,545,20.0257,76,1.4258,0.0239,0.2444,0.1162,262144,18,5
maskappliedISO8bit_flucol594_kpcclusters_800nm_poc0_60745_20x_g55_1_MMStack_Pos5_t18_s7,7,100.9110355,49.74122464,0.893973696,3.533536957,109.89,45.045,0.899185,3.35025,138.0,138.0,54.85531702,19.5483325,0.05009365,0.777980376,14.0,14.0,13471,17.4599,10907,498,21.9016,72,1.4205,0.0266,0.2521,0.1248,262144,18,5
maskappliedISO8bit_flucol594_kpcclusters_800nm_poc0_60745_20x_g55_1_MMStack_Pos5_t18_s8,8,108.2420462,54.8708951,0.890823776,3.553595804,119.28,49.252,0.90569,3.4566,143.0,143.0,52.71921794,22.19508985,0.06236451,0.680347315,16.0,16.0,13455,17.4831,11061,504,21.9464,74,1.4216,0.0275,0.2713,0.1009,262144,18,5
maskappliedISO8bit_flucol594_kpcclusters_800nm_poc0_60745_20x_g55_1_MMStack_Pos5_t18_s9,9,108.5069634,52.02842759,0.881885931,3.589315862,122.2,44.487,0.8977,3.5114,145.0,145.0,48.73530226,21.20931663,0.069204522,0.757175697,18.0,18.0,13795,17.0029,11348,555,20.4468,73,1.4264,0.0252,0.2785,0.07397,262144,18,5
maskappliedISO8bit_flucol594_kpcclusters_800nm_poc0_60745_20x_g55_1_MMStack_Pos5_t19_s1,1,95.53022,50.51822963,0.893926096,3.826251111,105.02,44.017,0.90763,3.7571,135.0,135.0,58.04931989,20.0953663,0.097854272,0.824798619,2.0,2.0,13817,16.9726,11355,521,21.7946,92,1.4278,0.0241,0.2816,0.08689,262144,19,5
maskappliedISO8bit_flucol594_kpcclusters_800nm_poc0_60745_20x_g55_1_MMStack_Pos5_t19_s10,10,97.40233704,50.3064709,0.896243492,3.812702646,104.04,44.186,0.90573,3.6447,189.0,189.0,53.38014808,18.84099742,0.051156534,0.861311877,20.0,20.0,14380,16.2298,11766,567,20.7513,95,1.4415,0.0283,0.3393,0.04881,262144,19,5
maskappliedISO8bit_flucol594_kpcclusters_800nm_poc0_60745_20x_g55_1_MMStack_Pos5_t19_s11,11,99.37188896,50.96826623,0.880070455,3.873333117,100.171,44.13,0.89702,3.7012,154.0,154.0,55.45892387,20.1093077,0.079413404,1.079599627,22.0,22.0,13374,17.6011,10790,542,19.9077,76,1.4199,0.0344,0.2835,0.09554,262144,19,5
maskappliedISO8bit_flucol594_kpcclusters_800nm_poc0_60745_20x_g55_1_MMStack_Pos5_t19_s12,12,104.0487938,48.99582474,0.884241443,4.057145361,112.17,40.925,0.89865,3.707,97.0,97.0,51.30761477,22.05770067,0.065293216,1.322905187,24.0,24.0,10175,23.7636,8183,519,15.7669,42,1.3553,0.0253,0.2,0.1182,262144,19,5
maskappliedISO8bit_flucol594_kpcclusters_800nm_poc0_60745_20x_g55_1_MMStack_Pos5_t19_s13,13,104.045145,53.02706667,0.8698595,4.420771667,106.885,49.693,0.88728,4.20315,60.0,60.0,52.85679211,19.69727384,0.079640236,1.277207691,26.0,26.0,7371,33.5644,5983,376,15.9122,30,1.2753,0.023,0.1472,0.1192,262144,19,5
maskappliedISO8bit_flucol594_kpcclusters_800nm_poc0_60745_20x_g55_1_MMStack_Pos5_t19_s14,14,95.89889494,54.64062025,0.881430506,4.251865823,97.352,45.042,0.89978,4.1511,79.0,79.0,57.27820573,30.98660555,0.070548419,1.25303728,28.0,28.0,8729,28.0315,7120,428,16.6355,45,1.3197,0.0265,0.1741,0.1175,262144,19,5
maskappliedISO8bit_flucol594_kpcclusters_800nm_poc0_60745_20x_g55_1_MMStack_Pos5_t19_s15,15,95.29692935,48.10639252,0.886415047,4.373776636,97.667,41.53,0.9006,4.0975,107.0,107.0,53.8517061,17.98605116,0.071182249,1.509253925,30.0,30.0,10136,23.8628,8234,473,17.408,36,1.3613,0.0285,0.2118,0.04937,262144,19,5
maskappliedISO8bit_flucol594_kpcclusters_800nm_poc0_60745_20x_g55_1_MMStack_Pos5_t19_s16,16,91.53603218,52.69282759,0.895021724,4.213657471,87.614,46.712,0.90868,4.0959,87.0,87.0,57.21480114,24.24300135,0.063866403,1.178940865,32.0,32.0,9493,25.6146,7723,456,16.9364,40,1.346,0.0225,0.1933,0.1077,262144,19,5
maskappliedISO8bit_flucol594_kpcclusters_800nm_poc0_60745_20x_g55_1_MMStack_Pos5_t19_s17,17,89.405136,50.032104,0.88509168,4.3194344,96.981,43.862,0.90133,4.0554,125.0,125.0,59.27263712,19.3353472,0.070048436,1.358152669,34.0,34.0,10533,22.888,8588,481,17.8545,44,1.3738,0.0225,0.241,0.06793,262144,19,5
maskappliedISO8bit_flucol594_kpcclusters_800nm_poc0_60745_20x_g55_1_MMStack_Pos5_t19_s18,18,81.63511566,50.14216912,0.897882206,4.186506618,78.2975,42.044,0.91345,3.9224,136.0,136.0,59.85709236,22.19851704,0.065987581,1.32487895,36.0,36.0,10564,22.8149,8551,466,18.3498,51,1.3703,0.0337,0.2483,0.07632,262144,19,5
maskappliedISO8bit_flucol594_kpcclusters_800nm_poc0_60745_20x_g55_1_MMStack_Pos5_t19_s19,19,75.80722577,53.87459794,0.889808763,4.025270103,70.017,43.11,0.91301,3.7407,97.0,97.0,55.77694337,28.06823956,0.077942858,1.248879012,38.0,38.0,9310,26.1574,7561,419,18.0453,46,1.3274,0.0235,0.1952,0.07183,262144,19,5
maskappliedISO8bit_flucol594_kpcclusters_800nm_poc0_60745_20x_g55_1_MMStack_Pos5_t19_s2,2,101.7331966,52.90621379,0.888641862,3.66501931,104.38,46.505,0.90019,3.5743,145.0,145.0,53.80288542,23.66651552,0.07494104,0.712951645,4.0,4.0,13473,17.4571,11016,550,20.0291,81,1.4224,0.0231,0.2692,0.0877,262144,19,5
maskappliedISO8bit_flucol594_kpcclusters_800nm_poc0_60745_20x_g55_1_MMStack_Pos5_t19_s20,20,104.0684068,47.28680822,0.869290959,3.655346575,117.35,40.765,0.88982,3.4837,73.0,73.0,56.58648202,18.17308796,0.077936367,1.073244087,40.0,40.0,11186,21.4351,9096,460,19.7739,59,1.3696,0.0235,0.2113,0.06198,262144,19,5
maskappliedISO8bit_flucol594_kpcclusters_800nm_poc0_60745_20x_g55_1_MMStack_Pos5_t19_s21,21,105.2906642,46.1854717,0.889617358,3.352915094,107.24,43.382,0.90346,2.7976,53.0,53.0,55.86116729,12.43548949,0.064100593,1.249914966,42.0,42.0,14179,16.4883,11712,660,17.7455,83,1.4383,0.0284,0.3541,0.0187,262144,19,5
maskappliedISO8bit_flucol594_kpcclusters_800nm_poc0_60745_20x_g55_1_MMStack_Pos5_t19_s22,22,104.788529,39.46612903,0.902373548,2.6041,112.48,37.645,0.91012,2.3926,31.0,31.0,52.96529017,8.237581887,0.045065848,0.524217252,44.0,44.0,15775,14.6177,12921,729,17.7243,95,1.4684,0.0224,0.3908,0.02103,262144,19,5
maskappliedISO8bit_flucol594_kpcclusters_800nm_poc0_60745_20x_g55_1_MMStack_Pos5_t19_s23,23,87.27782366,41.71253659,0.911316829,2.505763415,88.152,37.073,0.92331,2.4669,41.0,41.0,57.08439928,11.33938131,0.047852794,0.26815515,46.0,46.0,16543,13.8463,13663,763,17.9069,89,1.4794,0.0313,0.4556,0.04192,262144,19,5
maskappliedISO8bit_flucol594_kpcclusters_800nm_poc0_60745_20x_g55_1_MMStack_Pos5_t19_s24,24,80.7145561,43.98021951,0.902780976,2.4034,85.515,38.705,0.91087,2.3772,41.0,41.0,63.24474785,14.40164774,0.069651755,0.226380683,48.0,48.0,17644,12.8575,14412,811,17.7707,95,1.4941,0.0339,0.4473,0.03806,262144,19,5
maskappliedISO8bit_flucol594_kpcclusters_800nm_poc0_60745_20x_g55_1_MMStack_Pos5_t19_s25,25,99.67574737,44.22323684,0.908003158,2.386918421,101.391,37.9265,0.919735,2.34265,38.0,38.0,59.55365007,16.10867514,0.038108301,0.197952942,50.0,50.0,17492,12.9866,14494,787,18.4168,110,1.4947,0.0317,0.4801,0.04903,262144,19,5
maskappliedISO8bit_flucol594_kpcclusters_800nm_poc0_60745_20x_g55_1_MMStack_Pos5_t19_s26,26,114.7437267,39.52573333,0.912248,2.400503333,137.015,34.8685,0.924345,2.36125,30.0,30.0,62.21452496,10.26473049,0.069905452,0.195451181,52.0,52.0,17432,13.0381,14442,743,19.4374,105,1.4892,0.0282,0.4594,0.05312,262144,19,5
maskappliedISO8bit_flucol594_kpcclusters_800nm_poc0_60745_20x_g55_1_MMStack_Pos5_t19_s27,27,88.93832788,50.39847788,0.897437434,2.982095575,84.7995,43.3035,0.913495,2.9086,226.0,226.0,58.23476715,20.22891359,0.069267687,0.488728613,54.0,54.0,18873,11.8899,15581,629,24.7711,137,1.5095,0.0332,0.7898,0.0549,262144,19,5
maskappliedISO8bit_flucol594_kpcclusters_800nm_poc0_60745_20x_g55_1_MMStack_Pos5_t19_s28,28,92.39182,46.62371831,0.912128592,2.442450704,87.58,39.943,0.92107,2.4092,71.0,71.0,68.8128877,18.41175892,0.041419863,0.254529565,56.0,56.0,17861,12.6769,14815,813,18.2226,98,1.4968,0.0298,0.5406,0.04304,262144,19,5
maskappliedISO8bit_flucol594_kpcclusters_800nm_poc0_60745_20x_g55_1_MMStack_Pos5_t19_s3,3,108.3936419,52.01645161,0.893852984,3.468848387,111.11,46.028,0.90834,3.35115,124.0,124.0,51.9568783,22.61814932,0.068694475,0.664573076,6.0,6.0,12976,18.2023,10589,539,19.6456,81,1.41,0.0271,0.2306,0.0809,262144,19,5
maskappliedISO8bit_flucol594_kpcclusters_800nm_poc0_60745_20x_g55_1_MMStack_Pos5_t19_s4,4,102.9400695,51.8086381,0.887947762,3.829137143,114.35,45.8605,0.905095,3.7371,210.0,210.0,53.34018906,20.62833596,0.067365097,0.79322565,8.0,8.0,15080,15.3836,12228,541,22.6026,110,1.4513,0.0308,0.3876,0.08807,262144,19,5
maskappliedISO8bit_flucol594_kpcclusters_800nm_poc0_60745_20x_g55_1_MMStack_Pos5_t19_s5,5,115.5169349,48.54325397,0.904351905,3.53812619,128.2,43.3485,0.91335,3.4961,126.0,126.0,49.81060249,18.45714833,0.049511667,0.658763898,10.0,10.0,13000,18.165,10578,516,20.5,80,1.4161,0.0228,0.2391,0.109,262144,19,5
maskappliedISO8bit_flucol594_kpcclusters_800nm_poc0_60745_20x_g55_1_MMStack_Pos5_t19_s6,6,103.9737748,48.38462937,0.895787063,3.527255245,114.23,42.377,0.90949,3.4595,143.0,143.0,52.89632605,18.44862177,0.055424719,0.654015273,12.0,12.0,13181,17.8881,10774,535,20.1383,76,1.4194,0.0272,0.2479,0.1097,262144,19,5
maskappliedISO8bit_flucol594_kpcclusters_800nm_poc0_60745_20x_g55_1_MMStack_Pos5_t19_s7,7,106.9405293,51.79084962,0.882415113,3.461640602,124.11,44.67,0.89952,3.4049,133.0,133.0,54.97393115,23.55917502,0.076047188,0.685646405,14.0,14.0,13648,17.2076,11029,550,20.0527,72,1.4237,0.0285,0.2555,0.1208,262144,19,5
maskappliedISO8bit_flucol594_kpcclusters_800nm_poc0_60745_20x_g55_1_MMStack_Pos5_t19_s8,8,98.03426188,49.20093125,0.897844,3.565794375,111.8,42.3185,0.907075,3.5782,160.0,160.0,56.06635553,19.62721781,0.050518776,0.737985271,16.0,16.0,13577,17.308,11110,527,21.0816,72,1.4239,0.0304,0.2662,0.1078,262144,19,5
maskappliedISO8bit_flucol594_kpcclusters_800nm_poc0_60745_20x_g55_1_MMStack_Pos5_t19_s9,9,104.5431755,48.58244898,0.894631088,3.512845578,110.73,41.807,0.90605,3.4183,147.0,147.0,52.02463423,20.99269149,0.072897553,0.723799653,18.0,18.0,13650,17.2048,11131,569,19.5624,72,1.427,0.0288,0.2663,0.08503,262144,19,5
maskappliedISO8bit_flucol594_kpcclusters_800nm_poc0_60745_20x_g55_1_MMStack_Pos5_t1_s1,1,109.4311532,51.54530496,0.89555766,3.566414184,119.74,44.386,0.91332,3.5753,141.0,141.0,51.22849248,20.91072763,0.064570512,0.718171599,2.0,2.0,12958,18.2304,10549,478,22.069,84,1.4096,0.0222,0.2366,0.1794,262144,1,5
maskappliedISO8bit_flucol594_kpcclusters_800nm_poc0_60745_20x_g55_1_MMStack_Pos5_t1_s10,10,110.5131216,47.82311029,0.901785809,3.817245588,123.065,39.824,0.91001,3.64935,136.0,136.0,54.70487805,20.46622227,0.050959948,0.978953836,20.0,20.0,12511,18.9532,10200,540,18.8889,61,1.4051,0.0279,0.2361,0.1249,262144,1,5
maskappliedISO8bit_flucol594_kpcclusters_800nm_poc0_60745_20x_g55_1_MMStack_Pos5_t1_s11,11,109.9167304,51.00521519,0.892978608,4.234291139,124.22,45.639,0.90976,4.00385,158.0,158.0,55.47453477,21.53891252,0.069358614,1.139677723,22.0,22.0,12789,18.4977,10479,552,18.9837,66,1.4141,0.0353,0.283,0.118,262144,1,5
maskappliedISO8bit_flucol594_kpcclusters_800nm_poc0_60745_20x_g55_1_MMStack_Pos5_t1_s12,12,99.01186726,52.12938415,0.88359128,3.972368293,110.405,44.367,0.903425,3.75845,164.0,164.0,60.32608068,23.47533394,0.081693875,1.040764612,24.0,24.0,12002,19.8418,9969,487,20.4702,71,1.3951,0.0233,0.2812,0.1266,262144,1,5
maskappliedISO8bit_flucol594_kpcclusters_800nm_poc0_60745_20x_g55_1_MMStack_Pos5_t1_s13,13,100.1876304,53.58810145,0.897638768,3.993144928,113.975,44.5025,0.911965,3.79275,138.0,138.0,57.25807543,26.42630205,0.053682354,1.150693451,26.0,26.0,11759,20.2931,9622,494,19.4777,76,1.39,0.0257,0.2534,0.1148,262144,1,5
maskappliedISO8bit_flucol594_kpcclusters_800nm_poc0_60745_20x_g55_1_MMStack_Pos5_t1_s14,14,94.74495727,53.33109917,0.894655785,3.980914876,99.728,45.605,0.91506,3.581,121.0,121.0,59.51640109,25.32280695,0.066317874,1.195698123,28.0,28.0,10859,22.1408,8861,463,19.1382,63,1.3736,0.0275,0.2222,0.07477,262144,1,5
maskappliedISO8bit_flucol594_kpcclusters_800nm_poc0_60745_20x_g55_1_MMStack_Pos5_t1_s15,15,89.70184681,50.57296296,0.894962667,3.986699259,92.386,44.897,0.91402,3.706,135.0,135.0,54.06452056,20.43718751,0.069422167,1.074118644,30.0,30.0,10716,22.4629,8742,476,18.3655,47,1.3705,0.0239,0.2201,0.06025,262144,1,5
maskappliedISO8bit_flucol594_kpcclusters_800nm_poc0_60745_20x_g55_1_MMStack_Pos5_t1_s16,16,97.62059744,50.56842949,0.895357115,3.987992949,104.905,43.0965,0.90761,3.6532,156.0,156.0,55.22384793,20.79328776,0.058459505,1.148434239,32.0,32.0,11698,20.4094,9488,500,18.976,81,1.387,0.0225,0.2493,0.08557,262144,1,5
maskappliedISO8bit_flucol594_kpcclusters_800nm_poc0_60745_20x_g55_1_MMStack_Pos5_t1_s17,17,97.3304664,52.126976,0.9008232,4.1138984,100.3,44.592,0.91338,3.8729,125.0,125.0,54.41641455,23.82986786,0.055962529,1.090456571,34.0,34.0,11059,21.7042,9026,469,19.2452,48,1.3714,0.0172,0.2325,0.07016,262144,1,5
maskappliedISO8bit_flucol594_kpcclusters_800nm_poc0_60745_20x_g55_1_MMStack_Pos5_t1_s18,18,84.66326311,54.24491803,0.873593197,4.12295082,82.781,46.1355,0.884605,4.0489,122.0,122.0,55.28777455,24.35885206,0.072884138,1.006005421,36.0,36.0,9816,24.7059,7940,427,18.5948,55,1.3437,0.0275,0.2101,0.04656,262144,1,5
maskappliedISO8bit_flucol594_kpcclusters_800nm_poc0_60745_20x_g55_1_MMStack_Pos5_t1_s19,19,94.55311667,52.23025758,0.875165606,4.112340909,104.32,47.706,0.890595,4.09085,66.0,66.0,57.74586749,18.6782771,0.079724647,1.038911268,38.0,38.0,8088,30.4116,6529,327,19.9664,42,1.3028,0.0307,0.1609,0.03801,262144,1,5
maskappliedISO8bit_flucol594_kpcclusters_800nm_poc0_60745_20x_g55_1_MMStack_Pos5_t1_s2,2,117.7840885,50.15197842,0.900547986,3.516779856,128.05,43.608,0.90902,3.3708,139.0,139.0,46.77542117,20.57121232,0.052725774,0.746545351,4.0,4.0,12975,18.2038,10596,470,22.5447,71,1.4125,0.0309,0.2343,0.1872,262144,1,5
maskappliedISO8bit_flucol594_kpcclusters_800nm_poc0_60745_20x_g55_1_MMStack_Pos5_t1_s20,20,101.3379846,47.08526923,0.874567308,3.038130769,115.685,41.922,0.894585,2.68935,52.0,52.0,54.26194852,17.5244244,0.067277118,0.747705407,40.0,40.0,15494,14.9191,12704,646,19.6656,93,1.4609,0.0288,0.3114,0.02945,262144,1,5
maskappliedISO8bit_flucol594_kpcclusters_800nm_poc0_60745_20x_g55_1_MMStack_Pos5_t1_s21,21,92.9823087,43.38517391,0.883778696,2.642156522,92.045,40.061,0.89428,2.5087,23.0,23.0,53.61980599,11.83829436,0.060511603,0.502331784,42.0,42.0,15901,14.4861,13028,733,17.7735,100,1.4663,0.032,0.3864,0.03373,262144,1,5
maskappliedISO8bit_flucol594_kpcclusters_800nm_poc0_60745_20x_g55_1_MMStack_Pos5_t1_s22,22,55.37331579,44.33615789,0.904882105,2.3413,23.629,38.026,0.90232,2.273,19.0,19.0,48.59025248,15.48022335,0.039864086,0.262544009,44.0,44.0,17254,13.1933,14089,778,18.1093,108,1.4878,0.0296,0.4377,0.0208,262144,1,5
maskappliedISO8bit_flucol594_kpcclusters_800nm_poc0_60745_20x_g55_1_MMStack_Pos5_t1_s23,23,87.99748889,42.14772222,0.902474444,2.413283333,76.528,35.264,0.935515,2.33095,18.0,18.0,60.13388905,12.52081146,0.073193876,0.243509743,46.0,46.0,17471,13.0046,14366,781,18.3944,103,1.4933,0.031,0.4588,0.04832,262144,1,5
maskappliedISO8bit_flucol594_kpcclusters_800nm_poc0_60745_20x_g55_1_MMStack_Pos5_t1_s24,24,114.7384909,40.09754545,0.904862273,2.386286364,122.035,38.558,0.905685,2.375,22.0,22.0,54.27300592,8.472990755,0.035439554,0.189152959,48.0,48.0,17672,12.8339,14493,767,18.8957,103,1.4958,0.0283,0.4671,0.0376,262144,1,5
maskappliedISO8bit_flucol594_kpcclusters_800nm_poc0_60745_20x_g55_1_MMStack_Pos5_t1_s25,25,75.82140526,43.13573684,0.906995263,2.357897368,74.6155,38.3505,0.91353,2.3086,38.0,38.0,53.99113367,14.0067546,0.049918766,0.2221547,50.0,50.0,17834,12.6992,14792,766,19.3107,119,1.4956,0.0294,0.4723,0.04241,262144,1,5
maskappliedISO8bit_flucol594_kpcclusters_800nm_poc0_60745_20x_g55_1_MMStack_Pos5_t1_s26,26,85.74322258,42.79306452,0.924554839,2.340229032,80.538,37.379,0.92658,2.292,31.0,31.0,61.98523641,13.93568832,0.027613101,0.157849265,52.0,52.0,17143,13.2917,14090,784,17.9719,107,1.4867,0.032,0.4955,0.03965,262144,1,5
maskappliedISO8bit_flucol594_kpcclusters_800nm_poc0_60745_20x_g55_1_MMStack_Pos5_t1_s27,27,90.51906154,45.86711538,0.911213077,2.44275,94.0155,42.6675,0.913095,2.4077,26.0,26.0,65.938065,14.78068848,0.035698092,0.230824306,54.0,54.0,17939,12.6131,14897,772,19.2966,113,1.4997,0.031,0.5066,0.03427,262144,1,5
maskappliedISO8bit_flucol594_kpcclusters_800nm_poc0_60745_20x_g55_1_MMStack_Pos5_t1_s28,28,82.22509375,45.208875,0.9188875,2.314371875,73.155,42.128,0.92038,2.2742,32.0,32.0,58.47139664,12.28402852,0.040706543,0.156806561,56.0,56.0,17364,13.097,14352,752,19.0851,81,1.4923,0.0339,0.4933,0.04822,262144,1,5
maskappliedISO8bit_flucol594_kpcclusters_800nm_poc0_60745_20x_g55_1_MMStack_Pos5_t1_s3,3,116.3274078,50.33263025,0.902748235,3.484638655,133.7,43.009,0.90775,3.3892,119.0,119.0,52.01026443,22.36286655,0.048256565,0.593911388,6.0,6.0,12804,18.4737,10371,501,20.7006,72,1.4084,0.02,0.2314,0.1958,262144,1,5
maskappliedISO8bit_flucol594_kpcclusters_800nm_poc0_60745_20x_g55_1_MMStack_Pos5_t1_s4,4,116.9288295,52.31810072,0.898258633,3.579372662,128.42,46.161,0.91493,3.5352,139.0,139.0,49.59958285,20.80471216,0.057240309,0.728903803,8.0,8.0,12547,18.893,10285,475,21.6526,84,1.4013,0.0192,0.2253,0.1723,262144,1,5
maskappliedISO8bit_flucol594_kpcclusters_800nm_poc0_60745_20x_g55_1_MMStack_Pos5_t1_s5,5,109.4746186,50.86747945,0.900967329,3.602408219,128.05,44.781,0.91044,3.49435,146.0,146.0,52.15805854,20.62814343,0.051825613,0.756521091,10.0,10.0,13873,16.8961,11290,528,21.3826,88,1.4308,0.0228,0.2511,0.1828,262144,1,5
maskappliedISO8bit_flucol594_kpcclusters_800nm_poc0_60745_20x_g55_1_MMStack_Pos5_t1_s6,6,114.6236681,51.89213497,0.887778466,3.667581595,122.35,44.426,0.90362,3.5324,163.0,163.0,46.36723698,23.20435923,0.064271484,0.789200756,12.0,12.0,14523,16.0503,11796,535,22.0486,91,1.4388,0.0288,0.2925,0.1573,262144,1,5
maskappliedISO8bit_flucol594_kpcclusters_800nm_poc0_60745_20x_g55_1_MMStack_Pos5_t1_s7,7,108.9277135,51.4528773,0.886106196,3.735036196,121.14,43.219,0.89397,3.6538,163.0,163.0,51.5410796,20.00175204,0.057548659,0.750170147,14.0,14.0,13792,17.007,11303,547,20.6636,88,1.426,0.0282,0.2925,0.1495,262144,1,5
maskappliedISO8bit_flucol594_kpcclusters_800nm_poc0_60745_20x_g55_1_MMStack_Pos5_t1_s8,8,109.0366836,52.91692617,0.892035772,3.604724832,123.69,45.873,0.90884,3.457,149.0,149.0,52.20779502,21.33880863,0.058055857,0.760580827,16.0,16.0,13446,17.4961,10915,520,20.9904,82,1.4229,0.0254,0.2587,0.1325,262144,1,5
maskappliedISO8bit_flucol594_kpcclusters_800nm_poc0_60745_20x_g55_1_MMStack_Pos5_t1_s9,9,110.0451231,49.28133129,0.890463865,3.72750184,131.91,42.753,0.91343,3.4996,163.0,163.0,56.73683248,19.9579833,0.073017546,0.869524153,18.0,18.0,13752,17.0623,11239,577,19.4783,92,1.4282,0.0246,0.2817,0.1107,262144,1,5
maskappliedISO8bit_flucol594_kpcclusters_800nm_poc0_60745_20x_g55_1_MMStack_Pos5_t20_s1,1,107.7090262,51.30906154,0.899943231,3.728424615,118.045,47.2455,0.908635,3.5505,130.0,130.0,55.40129387,18.09743399,0.053718071,0.905892381,2.0,2.0,13217,17.8339,10806,502,21.5259,84,1.4167,0.0218,0.2719,0.09591,262144,20,5
maskappliedISO8bit_flucol594_kpcclusters_800nm_poc0_60745_20x_g55_1_MMStack_Pos5_t20_s10,10,106.8599778,48.78099367,0.887148671,3.804175316,112.55,40.299,0.90546,3.66845,158.0,158.0,47.85033474,20.94769585,0.067701132,0.903887336,20.0,20.0,13368,17.6099,11000,575,19.1304,81,1.4236,0.0312,0.3051,0.0589,262144,20,5
maskappliedISO8bit_flucol594_kpcclusters_800nm_poc0_60745_20x_g55_1_MMStack_Pos5_t20_s11,11,109.1002585,50.63332927,0.892565427,3.928204878,118.555,46.1315,0.902585,3.6529,164.0,164.0,52.01467984,18.53920375,0.053096083,1.112694682,22.0,22.0,13255,17.7771,10628,543,19.5727,78,1.4178,0.024,0.2787,0.06842,262144,20,5
maskappliedISO8bit_flucol594_kpcclusters_800nm_poc0_60745_20x_g55_1_MMStack_Pos5_t20_s12,12,95.39750783,49.09035849,0.886966321,4.076820755,103.295,44.29,0.90843,3.85435,106.0,106.0,54.79656348,18.30842234,0.072466769,1.308526829,24.0,24.0,10149,23.8296,8261,494,16.7227,36,1.3625,0.0181,0.208,0.141,262144,20,5
maskappliedISO8bit_flucol594_kpcclusters_800nm_poc0_60745_20x_g55_1_MMStack_Pos5_t20_s13,13,95.88955926,50.34223457,0.891671481,4.229939506,101.69,41.952,0.90004,4.0622,81.0,81.0,55.51808905,22.4893251,0.060277316,1.219748167,26.0,26.0,7884,31.2502,6291,396,15.8864,31,1.2915,0.0224,0.1578,0.1461,262144,20,5
maskappliedISO8bit_flucol594_kpcclusters_800nm_poc0_60745_20x_g55_1_MMStack_Pos5_t20_s14,14,102.8322231,52.83255128,0.877002436,4.39830641,100.1815,45.58,0.890355,4.1347,78.0,78.0,51.05294462,22.35838455,0.090296868,1.432507291,28.0,28.0,8505,28.8225,6878,408,16.8578,37,1.3235,0.018,0.1697,0.1042,262144,20,5
maskappliedISO8bit_flucol594_kpcclusters_800nm_poc0_60745_20x_g55_1_MMStack_Pos5_t20_s15,15,96.11920481,48.55013462,0.889451058,4.4224125,98.6385,42.22,0.904395,4.26,104.0,104.0,54.50179749,18.49105758,0.070181579,1.462610486,30.0,30.0,9886,24.5168,8113,487,16.6591,51,1.3575,0.0295,0.21,0.06481,262144,20,5
maskappliedISO8bit_flucol594_kpcclusters_800nm_poc0_60745_20x_g55_1_MMStack_Pos5_t20_s16,16,86.79017386,52.34131818,0.887998295,4.373,87.3115,41.043,0.89642,3.95425,88.0,88.0,60.28852244,26.38669879,0.056888986,1.419077164,32.0,32.0,9560,25.421,7793,438,17.7922,36,1.347,0.0263,0.2034,0.08871,262144,20,5
maskappliedISO8bit_flucol594_kpcclusters_800nm_poc0_60745_20x_g55_1_MMStack_Pos5_t20_s17,17,79.7327132,50.10864754,0.888932541,4.271359016,75.5835,43.6015,0.90795,3.95435,122.0,122.0,56.67681589,19.04621232,0.07089416,1.377376064,34.0,34.0,10541,22.8691,8518,444,19.1847,47,1.3616,0.025,0.2443,0.07628,262144,20,5
maskappliedISO8bit_flucol594_kpcclusters_800nm_poc0_60745_20x_g55_1_MMStack_Pos5_t20_s18,18,81.12462773,53.56366364,0.900472818,4.390397273,83.4385,48.8925,0.915215,4.0948,110.0,110.0,58.38976316,22.31356278,0.053289192,1.366106676,36.0,36.0,9779,24.8069,8080,454,17.7974,66,1.3532,0.0183,0.235,0.08522,262144,20,5
maskappliedISO8bit_flucol594_kpcclusters_800nm_poc0_60745_20x_g55_1_MMStack_Pos5_t20_s19,19,84.58281237,48.65098969,0.894285464,4.328268041,82.694,43.457,0.90317,4.1114,97.0,97.0,57.87878772,19.63231931,0.065496176,1.315013368,38.0,38.0,8568,28.5958,7023,371,18.9299,47,1.3219,0.0243,0.1888,0.1011,262144,20,5
maskappliedISO8bit_flucol594_kpcclusters_800nm_poc0_60745_20x_g55_1_MMStack_Pos5_t20_s2,2,104.9903937,48.59357937,0.897973889,3.613555556,117.385,43.307,0.911845,3.5054,126.0,126.0,57.36080567,18.25012697,0.052027214,0.7168974,4.0,4.0,12629,18.7574,10301,566,18.1996,60,1.404,0.0266,0.228,0.1029,262144,20,5
maskappliedISO8bit_flucol594_kpcclusters_800nm_poc0_60745_20x_g55_1_MMStack_Pos5_t20_s20,20,95.44374306,49.47227778,0.885113333,3.906773611,107.585,42.5085,0.89263,3.7719,72.0,72.0,55.69194729,23.35218998,0.059123629,1.106553442,40.0,40.0,12624,18.7656,10325,490,21.0714,78,1.405,0.022,0.2579,0.05114,262144,20,5
maskappliedISO8bit_flucol594_kpcclusters_800nm_poc0_60745_20x_g55_1_MMStack_Pos5_t20_s21,21,110.3672854,48.24070833,0.866574167,2.944354167,114.36,42.0605,0.87925,2.74965,48.0,48.0,53.02074787,17.14188836,0.096010492,0.683370538,42.0,42.0,14701,15.8318,12081,704,17.1605,76,1.4478,0.0282,0.3667,0.02299,262144,20,5
maskappliedISO8bit_flucol594_kpcclusters_800nm_poc0_60745_20x_g55_1_MMStack_Pos5_t20_s22,22,113.2546545,46.59159091,0.884552273,2.615959091,123.815,43.7435,0.900945,2.3898,22.0,22.0,47.90342711,15.06355565,0.059491718,0.563662585,44.0,44.0,16195,14.1868,13421,767,17.498,87,1.4758,0.0299,0.3969,0.03902,262144,20,5
maskappliedISO8bit_flucol594_kpcclusters_800nm_poc0_60745_20x_g55_1_MMStack_Pos5_t20_s23,23,67.04963438,39.97128125,0.91361875,2.4006875,54.268,37.727,0.91917,2.364,32.0,32.0,60.53709838,10.92703666,0.036391167,0.221730968,46.0,46.0,17317,13.138,14112,767,18.399,93,1.4884,0.0379,0.4494,0.04676,262144,20,5
maskappliedISO8bit_flucol594_kpcclusters_800nm_poc0_60745_20x_g55_1_MMStack_Pos5_t20_s24,24,80.70739583,46.21666667,0.900797083,2.378158333,67.5,40.5325,0.91032,2.3521,24.0,24.0,69.42134057,15.08859803,0.046931323,0.179297585,48.0,48.0,17584,12.9082,14556,803,18.127,118,1.4934,0.0305,0.4399,0.04598,262144,20,5
maskappliedISO8bit_flucol594_kpcclusters_800nm_poc0_60745_20x_g55_1_MMStack_Pos5_t20_s25,25,101.392,44.96402564,0.894401282,2.433658974,116.57,40.674,0.9033,2.3588,39.0,39.0,64.2674454,12.78213731,0.062855371,0.230897386,50.0,50.0,17955,12.6001,14904,772,19.3057,123,1.4988,0.0315,0.4682,0.04842,262144,20,5
maskappliedISO8bit_flucol594_kpcclusters_800nm_poc0_60745_20x_g55_1_MMStack_Pos5_t20_s26,26,90.97006364,48.80972727,0.910907576,2.381909091,92.203,42.682,0.91072,2.3672,33.0,33.0,67.27348108,17.31664548,0.034614642,0.174415131,52.0,52.0,17803,12.7248,14790,791,18.6979,110,1.4973,0.031,0.4826,0.06748,262144,20,5
maskappliedISO8bit_flucol594_kpcclusters_800nm_poc0_60745_20x_g55_1_MMStack_Pos5_t20_s27,27,99.24007073,44.21990244,0.899732195,2.376604878,110.14,38.992,0.91085,2.3442,41.0,41.0,68.11105107,14.46418252,0.059282929,0.190607829,54.0,54.0,17932,12.6188,14919,757,19.7081,109,1.4982,0.0319,0.4982,0.04286,262144,20,5
maskappliedISO8bit_flucol594_kpcclusters_800nm_poc0_60745_20x_g55_1_MMStack_Pos5_t20_s28,28,88.31634323,49.04651613,0.918672903,2.333864516,93.504,38.239,0.91767,2.264,31.0,31.0,60.58018277,20.80384428,0.038239286,0.192261877,56.0,56.0,18001,12.5628,14812,731,20.2627,108,1.4999,0.0295,0.4866,0.07312,262144,20,5
maskappliedISO8bit_flucol594_kpcclusters_800nm_poc0_60745_20x_g55_1_MMStack_Pos5_t20_s3,3,108.2179421,51.64971053,0.89276114,3.559490351,128.065,45.021,0.897525,3.51005,114.0,114.0,55.46154193,21.63296015,0.054028433,0.685093789,6.0,6.0,12857,18.3893,10442,524,19.9275,77,1.4064,0.0234,0.2242,0.09206,262144,20,5
maskappliedISO8bit_flucol594_kpcclusters_800nm_poc0_60745_20x_g55_1_MMStack_Pos5_t20_s4,4,103.5393177,49.75560769,0.900656462,3.540206154,108.53,43.3945,0.914665,3.4585,130.0,130.0,53.67260666,19.82873538,0.054249125,0.754798389,8.0,8.0,13528,17.378,10990,504,21.8056,103,1.4194,0.0265,0.2511,0.09418,262144,20,5
maskappliedISO8bit_flucol594_kpcclusters_800nm_poc0_60745_20x_g55_1_MMStack_Pos5_t20_s5,5,107.5197669,48.55956716,0.896503806,3.444041791,115.24,43.013,0.908265,3.38605,134.0,134.0,52.94766911,20.02577415,0.05640539,0.639382448,10.0,10.0,13204,17.8534,10845,529,20.5009,79,1.4133,0.0297,0.24,0.0924,262144,20,5
maskappliedISO8bit_flucol594_kpcclusters_800nm_poc0_60745_20x_g55_1_MMStack_Pos5_t20_s6,6,101.3992906,48.92702878,0.896526978,3.412984892,110.28,41.805,0.90982,3.2955,139.0,139.0,56.02875906,19.3088499,0.053628121,0.608598718,12.0,12.0,13517,17.3937,11063,518,21.3571,82,1.4191,0.0277,0.2442,0.1056,262144,20,5
maskappliedISO8bit_flucol594_kpcclusters_800nm_poc0_60745_20x_g55_1_MMStack_Pos5_t20_s7,7,103.4177599,49.88523567,0.89326465,3.487336943,116.57,43.069,0.90696,3.4249,157.0,157.0,56.58406827,19.32475185,0.05806845,0.674120116,14.0,14.0,13548,17.3493,11038,529,20.8658,71,1.4205,0.0308,0.2656,0.1013,262144,20,5
maskappliedISO8bit_flucol594_kpcclusters_800nm_poc0_60745_20x_g55_1_MMStack_Pos5_t20_s8,8,102.5222295,47.6179589,0.897761575,3.584017123,112.84,40.7845,0.907585,3.4965,146.0,146.0,53.69602294,18.62318394,0.057616085,0.730946356,16.0,16.0,13611,17.2598,11193,511,21.9041,71,1.4246,0.0324,0.2714,0.08299,262144,20,5
maskappliedISO8bit_flucol594_kpcclusters_800nm_poc0_60745_20x_g55_1_MMStack_Pos5_t20_s9,9,104.7485332,51.53061194,0.890148284,3.593774627,117.145,45.5545,0.90594,3.4767,134.0,134.0,49.30669921,19.19510055,0.058190047,0.704261406,18.0,18.0,14091,16.6037,11447,542,21.1199,87,1.4331,0.0266,0.2675,0.09059,262144,20,5
maskappliedISO8bit_flucol594_kpcclusters_800nm_poc0_60745_20x_g55_1_MMStack_Pos5_t21_s1,1,102.5836704,52.11913836,0.895899182,3.765508805,105.95,42.56,0.91321,3.6612,159.0,159.0,57.49606922,24.11617825,0.080932733,0.794777614,2.0,2.0,13742,17.0762,11323,552,20.5127,78,1.4294,0.0297,0.3093,0.05319,262144,21,5
maskappliedISO8bit_flucol594_kpcclusters_800nm_poc0_60745_20x_g55_1_MMStack_Pos5_t21_s10,10,104.3306203,48.41808784,0.894934932,3.719033784,108.895,41.932,0.90572,3.6098,148.0,148.0,51.10482929,20.20053177,0.059539458,0.818714241,20.0,20.0,13730,17.0929,11163,578,19.3131,70,1.4307,0.029,0.2853,0.064,262144,21,5
maskappliedISO8bit_flucol594_kpcclusters_800nm_poc0_60745_20x_g55_1_MMStack_Pos5_t21_s11,11,108.1086525,53.669575,0.884231688,3.9288025,113.795,46.843,0.90579,3.62715,160.0,160.0,51.34648288,23.81067744,0.077616477,1.107755937,22.0,22.0,13758,17.054,11218,564,19.8901,92,1.4274,0.0261,0.3032,0.05375,262144,21,5
maskappliedISO8bit_flucol594_kpcclusters_800nm_poc0_60745_20x_g55_1_MMStack_Pos5_t21_s12,12,102.640421,49.08365546,0.898726975,4.127066387,110.14,40.283,0.91131,3.8976,119.0,119.0,55.3255717,21.81048783,0.055251549,1.322462393,24.0,24.0,10214,23.6653,8261,472,17.5021,37,1.3544,0.026,0.2103,0.1189,262144,21,5
maskappliedISO8bit_flucol594_kpcclusters_800nm_poc0_60745_20x_g55_1_MMStack_Pos5_t21_s13,13,96.17037101,55.33624638,0.893518551,4.445527536,100.46,42.976,0.90826,4.408,69.0,69.0,52.79205032,26.87243561,0.05921054,1.331430765,26.0,26.0,7799,31.6126,6234,389,16.0257,28,1.2919,0.0251,0.1555,0.1237,262144,21,5
maskappliedISO8bit_flucol594_kpcclusters_800nm_poc0_60745_20x_g55_1_MMStack_Pos5_t21_s14,14,98.27862048,50.13080723,0.906642169,4.570515663,98.531,43.058,0.91858,4.5689,83.0,83.0,51.53689748,19.27722224,0.047617461,1.481704866,28.0,28.0,8635,28.3584,6974,413,16.8862,35,1.3189,0.0294,0.1776,0.1101,262144,21,5
maskappliedISO8bit_flucol594_kpcclusters_800nm_poc0_60745_20x_g55_1_MMStack_Pos5_t21_s15,15,97.07571045,51.27288636,0.892312159,4.411145455,104.415,45.0585,0.91155,4.1021,88.0,88.0,55.10909372,18.83242785,0.064456449,1.465280044,30.0,30.0,9462,25.705,7708,468,16.4701,33,1.3462,0.0251,0.2004,0.05449,262144,21,5
maskappliedISO8bit_flucol594_kpcclusters_800nm_poc0_60745_20x_g55_1_MMStack_Pos5_t21_s16,16,93.68643663,49.48527723,0.904762574,4.385114851,98.13,42.967,0.91969,4.2855,101.0,101.0,56.95805293,21.08742918,0.058718784,1.353690781,32.0,32.0,9167,26.5966,7518,458,16.4148,43,1.339,0.0143,0.2013,0.08618,262144,21,5
maskappliedISO8bit_flucol594_kpcclusters_800nm_poc0_60745_20x_g55_1_MMStack_Pos5_t21_s17,17,82.35947381,50.40430952,0.889945873,4.238948413,83.299,42.9515,0.90215,3.95475,126.0,126.0,54.69421878,20.14641612,0.066383854,1.213169129,34.0,34.0,10461,23.0593,8544,462,18.4935,43,1.3682,0.0206,0.237,0.0877,262144,21,5
maskappliedISO8bit_flucol594_kpcclusters_800nm_poc0_60745_20x_g55_1_MMStack_Pos5_t21_s18,18,86.71958818,53.80559091,0.888110909,4.345219091,84.4265,47.6265,0.90475,3.95425,110.0,110.0,56.88210753,23.36349674,0.075597863,1.362546503,36.0,36.0,9919,24.4286,8165,438,18.6416,58,1.3527,0.023,0.2368,0.1222,262144,21,5
maskappliedISO8bit_flucol594_kpcclusters_800nm_poc0_60745_20x_g55_1_MMStack_Pos5_t21_s19,19,84.03645358,56.13084211,0.895553158,4.233701053,73.856,47.129,0.90827,3.9575,95.0,95.0,58.20132903,26.81365294,0.061803284,1.14744025,38.0,38.0,8291,29.618,6761,363,18.6253,43,1.3117,0.0213,0.1884,0.1069,262144,21,5
maskappliedISO8bit_flucol594_kpcclusters_800nm_poc0_60745_20x_g55_1_MMStack_Pos5_t21_s2,2,108.8356803,48.75150365,0.896435328,3.642758394,114.44,43.676,0.90349,3.5701,137.0,137.0,53.4012854,18.54172868,0.05304487,0.759295425,4.0,4.0,13268,17.7577,10873,579,18.7789,59,1.4179,0.021,0.2655,0.06934,262144,21,5
maskappliedISO8bit_flucol594_kpcclusters_800nm_poc0_60745_20x_g55_1_MMStack_Pos5_t21_s20,20,94.20374203,50.63991304,0.865896667,3.753001449,104.04,44.56,0.87668,3.6831,69.0,69.0,60.33750223,29.08959573,0.077153835,1.057124529,40.0,40.0,11485,20.825,9480,456,20.7895,81,1.3787,0.0241,0.2305,0.03588,262144,21,5
maskappliedISO8bit_flucol594_kpcclusters_800nm_poc0_60745_20x_g55_1_MMStack_Pos5_t21_s21,21,92.1718,47.8498,0.868996364,3.16558,94.574,42.933,0.87778,2.9607,55.0,55.0,59.94082584,15.48524677,0.068448483,0.760903968,42.0,42.0,14971,15.5102,12346,685,18.0234,84,1.4549,0.0289,0.3903,0.001596,262144,21,5
maskappliedISO8bit_flucol594_kpcclusters_800nm_poc0_60745_20x_g55_1_MMStack_Pos5_t21_s22,22,98.55962258,45.4356129,0.89162129,2.643929032,90.0,39.32,0.89442,2.5165,31.0,31.0,56.16999234,15.74455485,0.047090287,0.521175764,44.0,44.0,15645,14.7558,12803,745,17.1852,73,1.4645,0.0309,0.4153,0.03348,262144,21,5
maskappliedISO8bit_flucol594_kpcclusters_800nm_poc0_60745_20x_g55_1_MMStack_Pos5_t21_s23,23,90.56575135,42.46459459,0.910753243,2.412883784,97.595,37.867,0.91804,2.3139,37.0,37.0,62.30680466,15.73582806,0.043319958,0.239229095,46.0,46.0,17029,13.394,14024,756,18.5503,81,1.4865,0.0349,0.4348,0.02875,262144,21,5
maskappliedISO8bit_flucol594_kpcclusters_800nm_poc0_60745_20x_g55_1_MMStack_Pos5_t21_s24,24,87.65744667,42.8028,0.904771,2.425443333,85.074,37.4895,0.924805,2.3752,30.0,30.0,65.92910766,16.08941314,0.055616779,0.208350318,48.0,48.0,17773,12.7496,14580,761,19.159,110,1.4946,0.0292,0.4645,0.04931,262144,21,5
maskappliedISO8bit_flucol594_kpcclusters_800nm_poc0_60745_20x_g55_1_MMStack_Pos5_t21_s25,25,95.48477941,47.33438235,0.913997941,2.416932353,114.105,43.9055,0.923525,2.446,34.0,34.0,68.61040488,13.68814689,0.039118242,0.168107537,50.0,50.0,17612,12.8844,14577,811,17.9741,114,1.4944,0.0309,0.4673,0.04067,262144,21,5
maskappliedISO8bit_flucol594_kpcclusters_800nm_poc0_60745_20x_g55_1_MMStack_Pos5_t21_s26,26,75.91058148,47.91781481,0.937855556,2.419974074,71.94,42.505,0.93837,2.3849,27.0,27.0,68.64306334,17.40128326,0.018301043,0.175628057,52.0,52.0,18053,12.5209,14832,798,18.5865,91,1.4997,0.0337,0.474,0.03991,262144,21,5
maskappliedISO8bit_flucol594_kpcclusters_800nm_poc0_60745_20x_g55_1_MMStack_Pos5_t21_s27,27,79.15724884,42.92767442,0.91547907,2.466032558,83.66,40.792,0.91318,2.3964,43.0,43.0,66.49893178,10.31169566,0.038512931,0.247059931,54.0,54.0,17618,12.8794,14479,723,20.0263,118,1.4955,0.0337,0.4752,0.04423,262144,21,5
maskappliedISO8bit_flucol594_kpcclusters_800nm_poc0_60745_20x_g55_1_MMStack_Pos5_t21_s28,28,101.8906791,46.57813953,0.918566977,2.477346512,104.93,44.281,0.92573,2.4878,43.0,43.0,66.43050732,14.79087581,0.037300439,0.22296653,56.0,56.0,17702,12.8088,14660,770,19.039,121,1.4979,0.0313,0.4979,0.0459,262144,21,5
maskappliedISO8bit_flucol594_kpcclusters_800nm_poc0_60745_20x_g55_1_MMStack_Pos5_t21_s3,3,107.751161,51.17316102,0.896031695,3.599841525,120.935,45.7315,0.908195,3.5469,118.0,118.0,52.78987773,21.20926282,0.055721489,0.649273233,6.0,6.0,12735,18.5846,10373,533,19.4615,69,1.4038,0.0224,0.2282,0.101,262144,21,5
maskappliedISO8bit_flucol594_kpcclusters_800nm_poc0_60745_20x_g55_1_MMStack_Pos5_t21_s4,4,97.48435014,51.87663514,0.887283716,3.577872297,104.955,44.279,0.90333,3.4172,148.0,148.0,55.44817187,21.01525928,0.06413507,0.756727955,8.0,8.0,13589,17.291,10940,539,20.2968,86,1.4233,0.0246,0.2538,0.06929,262144,21,5
maskappliedISO8bit_flucol594_kpcclusters_800nm_poc0_60745_20x_g55_1_MMStack_Pos5_t21_s5,5,108.4100145,45.93054605,0.891743092,3.544332237,113.32,43.5145,0.90403,3.5073,152.0,152.0,50.75847844,14.47469351,0.056359422,0.692725944,10.0,10.0,13199,17.861,10723,587,18.2675,75,1.4143,0.0295,0.2521,0.1054,262144,21,5
maskappliedISO8bit_flucol594_kpcclusters_800nm_poc0_60745_20x_g55_1_MMStack_Pos5_t21_s6,6,113.1176737,51.43040789,0.895074013,3.521767763,126.47,41.7215,0.91477,3.41765,152.0,152.0,49.47153924,24.69060655,0.066856134,0.610530767,12.0,12.0,13474,17.4556,11022,503,21.9125,83,1.4209,0.0296,0.2684,0.08277,262144,21,5
maskappliedISO8bit_flucol594_kpcclusters_800nm_poc0_60745_20x_g55_1_MMStack_Pos5_t21_s7,7,107.4945076,51.76778788,0.893417652,3.599035606,115.435,45.195,0.908315,3.5226,132.0,132.0,52.71315796,21.29416397,0.052346687,0.684196696,14.0,14.0,13450,17.4903,10908,526,20.7376,85,1.4206,0.023,0.2628,0.1104,262144,21,5
maskappliedISO8bit_flucol594_kpcclusters_800nm_poc0_60745_20x_g55_1_MMStack_Pos5_t21_s8,8,103.5780411,47.13031206,0.896702199,3.457784397,119.25,39.594,0.90457,3.458,141.0,141.0,55.1474508,17.31536688,0.050788188,0.668451341,16.0,16.0,13720,17.1068,11279,505,22.3347,94,1.4296,0.0242,0.2539,0.1096,262144,21,5
maskappliedISO8bit_flucol594_kpcclusters_800nm_poc0_60745_20x_g55_1_MMStack_Pos5_t21_s9,9,101.4956915,49.47002837,0.888419007,3.529629787,112.83,41.528,0.90088,3.3887,141.0,141.0,50.59876759,20.51882958,0.066178499,0.775107724,18.0,18.0,13523,17.3851,10971,532,20.6222,79,1.4219,0.0294,0.2534,0.1034,262144,21,5
maskappliedISO8bit_flucol594_kpcclusters_800nm_poc0_60745_20x_g55_1_MMStack_Pos5_t22_s1,1,104.5407166,51.11334416,0.897287922,3.651295455,109.3,44.8545,0.914925,3.448,154.0,154.0,53.86900821,19.26393171,0.065749377,0.814685611,2.0,2.0,13406,17.5543,11009,498,22.1064,90,1.42,0.0256,0.2833,0.08674,262144,22,5
maskappliedISO8bit_flucol594_kpcclusters_800nm_poc0_60745_20x_g55_1_MMStack_Pos5_t22_s10,10,109.0269711,48.7557341,0.8847,3.741052601,119.98,42.444,0.89235,3.5946,173.0,173.0,48.14208919,19.93086532,0.06070821,0.892868807,20.0,20.0,13910,16.8458,11362,557,20.3986,78,1.432,0.0286,0.3182,0.05624,262144,22,5
maskappliedISO8bit_flucol594_kpcclusters_800nm_poc0_60745_20x_g55_1_MMStack_Pos5_t22_s11,11,99.96145786,50.31099371,0.881226792,3.967840881,105.0,42.452,0.90262,3.7526,159.0,159.0,53.94758364,23.62019547,0.08136713,1.076231013,22.0,22.0,12508,18.9582,10112,532,19.0075,71,1.4033,0.0241,0.2758,0.09424,262144,22,5
maskappliedISO8bit_flucol594_kpcclusters_800nm_poc0_60745_20x_g55_1_MMStack_Pos5_t22_s12,12,98.17999011,51.3081978,0.890954396,4.318384615,103.57,45.128,0.90833,4.1208,91.0,91.0,52.6146453,21.22789371,0.063321263,1.195845168,24.0,24.0,9087,26.8484,7307,474,15.4156,32,1.3231,0.0326,0.187,0.1382,262144,22,5
maskappliedISO8bit_flucol594_kpcclusters_800nm_poc0_60745_20x_g55_1_MMStack_Pos5_t22_s13,13,95.56401667,51.54276389,0.885999583,4.323983333,94.6135,45.0785,0.899655,4.3585,72.0,72.0,51.43739329,19.93678137,0.066688258,1.264209896,26.0,26.0,7298,33.9201,5893,386,15.2668,30,1.2764,0.0211,0.1481,0.1589,262144,22,5
maskappliedISO8bit_flucol594_kpcclusters_800nm_poc0_60745_20x_g55_1_MMStack_Pos5_t22_s14,14,89.0038134,49.22737113,0.889625052,4.520969072,88.898,43.943,0.90804,4.4074,97.0,97.0,50.82388409,16.36130631,0.074522807,1.297127518,28.0,28.0,8516,28.7826,6938,407,17.0467,34,1.3175,0.0216,0.1776,0.136,262144,22,5
maskappliedISO8bit_flucol594_kpcclusters_800nm_poc0_60745_20x_g55_1_MMStack_Pos5_t22_s15,15,96.65516636,51.28362727,0.887952273,4.291810909,98.086,44.275,0.907715,4.20265,110.0,110.0,51.80467345,21.22749739,0.067586621,1.251119136,30.0,30.0,10262,23.5452,8432,474,17.789,42,1.3641,0.0231,0.2145,0.05362,262144,22,5
maskappliedISO8bit_flucol594_kpcclusters_800nm_poc0_60745_20x_g55_1_MMStack_Pos5_t22_s16,16,81.55538197,51.6512377,0.890097377,4.183653279,75.715,42.751,0.90753,4.09225,122.0,122.0,55.52683335,25.08245545,0.070541254,1.084503108,32.0,32.0,10147,23.8347,8221,482,17.056,52,1.3669,0.0313,0.2268,0.09058,262144,22,5
maskappliedISO8bit_flucol594_kpcclusters_800nm_poc0_60745_20x_g55_1_MMStack_Pos5_t22_s17,17,91.32372955,48.92538182,0.901953,4.327986364,87.25,42.1645,0.914325,3.95855,110.0,110.0,59.00626217,19.23714927,0.063766008,1.311911174,34.0,34.0,9646,25.1765,7939,483,16.4369,42,1.3468,0.0345,0.2212,0.09468,262144,22,5
maskappliedISO8bit_flucol594_kpcclusters_800nm_poc0_60745_20x_g55_1_MMStack_Pos5_t22_s18,18,86.41446109,53.99596739,0.889832935,4.354048913,82.431,47.264,0.905725,4.02555,92.0,92.0,55.03074626,25.27214375,0.058658439,1.359102351,36.0,36.0,8328,29.4775,6799,377,18.0345,31,1.3115,0.0224,0.2028,0.06009,262144,22,5
maskappliedISO8bit_flucol594_kpcclusters_800nm_poc0_60745_20x_g55_1_MMStack_Pos5_t22_s19,19,79.96562162,53.69244595,0.883422297,4.477863514,73.4445,46.7835,0.89818,4.33965,74.0,74.0,54.61645667,23.42400827,0.056339998,1.217479157,38.0,38.0,6864,36.1913,5535,267,20.7303,38,1.2887,0.0252,0.1611,0.1069,262144,22,5
maskappliedISO8bit_flucol594_kpcclusters_800nm_poc0_60745_20x_g55_1_MMStack_Pos5_t22_s2,2,106.1976457,49.83327132,0.899084729,3.63605814,123.69,44.56,0.91433,3.5431,129.0,129.0,54.37635434,19.04066699,0.063170243,0.770952535,4.0,4.0,13476,17.4527,11009,537,20.5009,82,1.4243,0.026,0.2662,0.08644,262144,22,5
maskappliedISO8bit_flucol594_kpcclusters_800nm_poc0_60745_20x_g55_1_MMStack_Pos5_t22_s20,20,89.54131477,49.87022727,0.877465568,3.907720455,90.774,43.935,0.895405,3.7912,88.0,88.0,57.97050546,18.64815141,0.065589445,1.049041895,40.0,40.0,12425,19.0982,10126,526,19.251,55,1.4001,0.0289,0.2782,0.02153,262144,22,5
maskappliedISO8bit_flucol594_kpcclusters_800nm_poc0_60745_20x_g55_1_MMStack_Pos5_t22_s21,21,98.86578627,44.67054902,0.890273529,3.161007843,103.71,38.786,0.89632,3.0224,51.0,51.0,56.43029314,18.3134559,0.046316182,0.71239373,42.0,42.0,15533,14.8766,12589,721,17.4605,91,1.4659,0.0281,0.3958,0.003904,262144,22,5
maskappliedISO8bit_flucol594_kpcclusters_800nm_poc0_60745_20x_g55_1_MMStack_Pos5_t22_s22,22,106.1216969,45.41859375,0.891995625,2.634965625,109.08,43.924,0.91126,2.5127,32.0,32.0,59.25551582,12.90758325,0.078634756,0.415032839,44.0,44.0,16355,14.0284,13276,710,18.6986,86,1.4754,0.0335,0.4072,0.02891,262144,22,5
maskappliedISO8bit_flucol594_kpcclusters_800nm_poc0_60745_20x_g55_1_MMStack_Pos5_t22_s23,23,101.7996625,49.98703125,0.920358438,2.441753125,108.7,42.286,0.91226,2.43795,32.0,32.0,61.04792013,23.20170138,0.040948791,0.220240984,46.0,46.0,17357,13.1031,14239,811,17.5573,96,1.49,0.0294,0.4372,0.03099,262144,22,5
maskappliedISO8bit_flucol594_kpcclusters_800nm_poc0_60745_20x_g55_1_MMStack_Pos5_t22_s24,24,81.43697273,39.89404545,0.918590909,2.451031818,52.359,35.6835,0.93442,2.4342,22.0,22.0,64.48121003,12.03563383,0.060457618,0.202690961,48.0,48.0,17293,13.159,14262,758,18.8153,90,1.4906,0.035,0.4392,0.03781,262144,22,5
maskappliedISO8bit_flucol594_kpcclusters_800nm_poc0_60745_20x_g55_1_MMStack_Pos5_t22_s25,25,103.4622265,43.92014286,0.914218367,2.430071429,95.356,39.603,0.92804,2.3976,49.0,49.0,61.64736083,18.34921675,0.04367927,0.187814669,50.0,50.0,17424,13.045,14333,768,18.6628,94,1.4904,0.0343,0.4659,0.06254,262144,22,5
maskappliedISO8bit_flucol594_kpcclusters_800nm_poc0_60745_20x_g55_1_MMStack_Pos5_t22_s26,26,94.9200963,44.39894444,0.925112407,2.4851,100.023,37.6575,0.93389,2.43465,54.0,54.0,70.15467805,15.76177521,0.046430273,0.231338364,52.0,52.0,17476,13.0003,14449,760,19.0118,86,1.4942,0.0349,0.4753,0.03804,262144,22,5
maskappliedISO8bit_flucol594_kpcclusters_800nm_poc0_60745_20x_g55_1_MMStack_Pos5_t22_s27,27,86.64450435,43.57828261,0.92393913,2.49856087,88.7275,40.866,0.936525,2.48065,46.0,46.0,67.14225994,13.09706599,0.040722998,0.219795365,54.0,54.0,18053,12.5209,15002,740,20.273,114,1.5032,0.0341,0.4945,0.04158,262144,22,5
maskappliedISO8bit_flucol594_kpcclusters_800nm_poc0_60745_20x_g55_1_MMStack_Pos5_t22_s28,28,95.05071633,41.63216327,0.915167347,2.494983673,97.125,38.02,0.92704,2.4777,49.0,49.0,71.70640888,9.908989148,0.058024453,0.247263366,56.0,56.0,17804,12.7239,14831,746,19.8807,126,1.4965,0.0335,0.5001,0.01963,262144,22,5
maskappliedISO8bit_flucol594_kpcclusters_800nm_poc0_60745_20x_g55_1_MMStack_Pos5_t22_s3,3,104.1023828,49.45069403,0.891589851,3.628509701,122.455,44.431,0.90437,3.62245,134.0,134.0,55.73742886,19.031052,0.072332324,0.733089793,6.0,6.0,12919,18.2914,10513,510,20.6137,76,1.4072,0.0234,0.237,0.1118,262144,22,5
maskappliedISO8bit_flucol594_kpcclusters_800nm_poc0_60745_20x_g55_1_MMStack_Pos5_t22_s4,4,95.80717405,52.87496183,0.890021374,3.611203053,104.53,46.396,0.90707,3.4737,131.0,131.0,54.88188841,20.71323031,0.062091941,0.760480472,8.0,8.0,13652,17.2019,11050,519,21.2909,93,1.4217,0.022,0.2581,0.06793,262144,22,5
maskappliedISO8bit_flucol594_kpcclusters_800nm_poc0_60745_20x_g55_1_MMStack_Pos5_t22_s5,5,109.2249766,47.73044138,0.897390828,3.470110345,120.38,42.039,0.91048,3.4239,145.0,145.0,50.53947899,18.02890428,0.056271959,0.648815075,10.0,10.0,12867,18.3734,10412,505,20.6178,88,1.4075,0.0231,0.2345,0.1191,262144,22,5
maskappliedISO8bit_flucol594_kpcclusters_800nm_poc0_60745_20x_g55_1_MMStack_Pos5_t22_s6,6,101.0291404,50.19565068,0.893034932,3.428387671,109.385,43.259,0.90752,3.29315,146.0,146.0,54.77485632,19.07369471,0.055315026,0.662876606,12.0,12.0,13358,17.6246,10840,527,20.5693,80,1.4157,0.0276,0.246,0.09877,262144,22,5
maskappliedISO8bit_flucol594_kpcclusters_800nm_poc0_60745_20x_g55_1_MMStack_Pos5_t22_s7,7,111.2689385,48.92587179,0.888586218,3.564489103,121.845,44.739,0.90125,3.44835,156.0,156.0,56.12795455,17.60128218,0.057304379,0.666613045,14.0,14.0,13957,16.7823,11366,484,23.4835,86,1.4306,0.027,0.2707,0.1087,262144,22,5
maskappliedISO8bit_flucol594_kpcclusters_800nm_poc0_60745_20x_g55_1_MMStack_Pos5_t22_s8,8,104.839802,51.03533333,0.89150517,3.524130612,122.47,44.522,0.91003,3.4338,147.0,147.0,55.94776848,21.78481471,0.068547355,0.666071093,16.0,16.0,13455,17.4831,11018,533,20.6717,85,1.4219,0.0199,0.2695,0.1194,262144,22,5
maskappliedISO8bit_flucol594_kpcclusters_800nm_poc0_60745_20x_g55_1_MMStack_Pos5_t22_s9,9,98.84766048,51.09523387,0.893593145,3.615723387,110.09,44.4405,0.904805,3.4922,124.0,124.0,53.25301755,19.64500611,0.061321732,0.738582889,18.0,18.0,13111,17.9943,10726,546,19.6447,77,1.4145,0.0272,0.2527,0.09823,262144,22,5
maskappliedISO8bit_flucol594_kpcclusters_800nm_poc0_60745_20x_g55_1_MMStack_Pos5_t23_s1,1,102.0040532,49.50467722,0.892222785,3.832487342,103.35,42.4635,0.90488,3.77505,158.0,158.0,56.19361738,21.24986532,0.061710478,0.831978906,2.0,2.0,14286,16.3498,11798,515,22.9087,79,1.4339,0.0303,0.3074,0.06438,262144,23,5
maskappliedISO8bit_flucol594_kpcclusters_800nm_poc0_60745_20x_g55_1_MMStack_Pos5_t23_s10,10,108.3189717,47.69276812,0.882836014,3.718703623,121.61,40.304,0.89976,3.59125,138.0,138.0,49.79336305,20.29142601,0.071769431,0.859074811,20.0,20.0,12874,18.3624,10559,572,18.4598,57,1.4134,0.027,0.2731,0.06574,262144,23,5
maskappliedISO8bit_flucol594_kpcclusters_800nm_poc0_60745_20x_g55_1_MMStack_Pos5_t23_s11,11,98.16957769,50.26356923,0.890740769,3.821437692,103.855,43.062,0.90232,3.66095,130.0,130.0,55.31775711,19.38372734,0.063296379,1.030245163,22.0,22.0,12106,19.6541,9838,547,17.9854,58,1.3962,0.0323,0.2413,0.1072,262144,23,5
maskappliedISO8bit_flucol594_kpcclusters_800nm_poc0_60745_20x_g55_1_MMStack_Pos5_t23_s12,12,95.80949756,48.3497561,0.896679756,4.257528049,95.5335,45.154,0.910145,4.1546,82.0,82.0,52.26434988,17.94637124,0.050904376,1.38590023,24.0,24.0,9183,26.5468,7434,480,15.4875,33,1.3319,0.0259,0.1846,0.1405,262144,23,5
maskappliedISO8bit_flucol594_kpcclusters_800nm_poc0_60745_20x_g55_1_MMStack_Pos5_t23_s13,13,99.77465753,49.01556164,0.893100137,4.262150685,96.71,39.291,0.90737,4.0874,73.0,73.0,53.19933933,20.24609814,0.068368796,1.360126434,26.0,26.0,6894,36.0251,5536,343,16.1399,27,1.2544,0.0296,0.1446,0.152,262144,23,5
maskappliedISO8bit_flucol594_kpcclusters_800nm_poc0_60745_20x_g55_1_MMStack_Pos5_t23_s14,14,93.77354691,50.05545679,0.879860741,4.516319753,92.203,40.763,0.89477,4.2187,81.0,81.0,50.49484201,24.85429055,0.074295244,1.482099669,28.0,28.0,8072,30.4758,6599,412,16.017,33,1.2981,0.0211,0.1736,0.1018,262144,23,5
maskappliedISO8bit_flucol594_kpcclusters_800nm_poc0_60745_20x_g55_1_MMStack_Pos5_t23_s15,15,94.01988857,51.95694286,0.89102019,4.694340952,99.039,45.212,0.9065,4.4345,105.0,105.0,56.31347346,22.55954685,0.07699759,1.495730605,30.0,30.0,9864,24.5759,8160,479,17.0355,37,1.3529,0.0204,0.2221,0.07439,262144,23,5
maskappliedISO8bit_flucol594_kpcclusters_800nm_poc0_60745_20x_g55_1_MMStack_Pos5_t23_s16,16,86.98544874,51.5165042,0.902069076,4.258556303,79.695,42.229,0.91139,4.0606,119.0,119.0,59.37120375,23.21020289,0.052388017,1.160916148,32.0,32.0,10321,23.3992,8586,487,17.6304,65,1.3752,0.0257,0.2339,0.1046,262144,23,5
maskappliedISO8bit_flucol594_kpcclusters_800nm_poc0_60745_20x_g55_1_MMStack_Pos5_t23_s17,17,83.87348636,53.74114545,0.893768909,4.287914545,88.718,43.6185,0.908235,4.07915,110.0,110.0,55.76911433,25.75100364,0.070655946,1.313958552,34.0,34.0,9926,24.4099,8166,483,16.9068,37,1.3601,0.0221,0.2232,0.08465,262144,23,5
maskappliedISO8bit_flucol594_kpcclusters_800nm_poc0_60745_20x_g55_1_MMStack_Pos5_t23_s18,18,78.76782347,52.11821429,0.892216837,4.36834898,69.35,44.122,0.90673,3.9257,98.0,98.0,55.14511313,21.51173199,0.060115153,1.403218235,36.0,36.0,8528,28.7393,6963,381,18.2756,42,1.3194,0.02,0.2044,0.07801,262144,23,5
maskappliedISO8bit_flucol594_kpcclusters_800nm_poc0_60745_20x_g55_1_MMStack_Pos5_t23_s19,19,81.22473082,55.44431765,0.892537294,4.44202,70.301,46.579,0.89833,4.5281,85.0,85.0,58.53291419,25.85648651,0.058819861,1.051954946,38.0,38.0,6694,37.1612,5432,285,19.0596,32,1.2892,0.0266,0.163,0.09912,262144,23,5
maskappliedISO8bit_flucol594_kpcclusters_800nm_poc0_60745_20x_g55_1_MMStack_Pos5_t23_s2,2,99.63316827,46.01891975,0.896909444,3.636131481,105.96,39.7715,0.90642,3.47325,162.0,162.0,55.33816207,16.89963229,0.047409284,0.829777492,4.0,4.0,13539,17.3622,11096,561,19.779,73,1.423,0.0308,0.2819,0.08456,262144,23,5
maskappliedISO8bit_flucol594_kpcclusters_800nm_poc0_60745_20x_g55_1_MMStack_Pos5_t23_s20,20,102.4551875,48.40728571,0.902220357,4.066489286,104.148,40.2965,0.91148,4.11415,56.0,56.0,54.84455406,20.0319201,0.055689091,1.113899282,40.0,40.0,8228,29.8601,6718,324,20.7346,59,1.2972,0.0305,0.1809,0.04834,262144,23,5
maskappliedISO8bit_flucol594_kpcclusters_800nm_poc0_60745_20x_g55_1_MMStack_Pos5_t23_s21,21,95.01700333,47.07735,0.873948167,3.050678333,92.787,44.094,0.905275,3.0339,60.0,60.0,54.99493166,16.8689558,0.081120882,0.463409092,42.0,42.0,15955,14.4303,12974,703,18.4552,99,1.4688,0.0309,0.3464,0.01763,262144,23,5
maskappliedISO8bit_flucol594_kpcclusters_800nm_poc0_60745_20x_g55_1_MMStack_Pos5_t23_s22,22,85.45668333,41.51225,0.889567778,2.588541667,74.513,36.6975,0.9024,2.52975,36.0,36.0,55.75155193,10.73109816,0.058964847,0.371731841,44.0,44.0,16639,13.7548,13554,764,17.7408,83,1.4798,0.0262,0.3982,0.02917,262144,23,5
maskappliedISO8bit_flucol594_kpcclusters_800nm_poc0_60745_20x_g55_1_MMStack_Pos5_t23_s23,23,102.4714968,46.78358065,0.901125484,2.438490323,122.35,42.021,0.9079,2.3923,31.0,31.0,65.08871964,15.46334181,0.049967233,0.239001746,46.0,46.0,17396,13.0693,14390,799,18.01,105,1.4919,0.0342,0.4237,0.03585,262144,23,5
maskappliedISO8bit_flucol594_kpcclusters_800nm_poc0_60745_20x_g55_1_MMStack_Pos5_t23_s24,24,78.91251773,43.18468182,0.904056591,2.454436364,82.647,38.8935,0.920375,2.4297,44.0,44.0,60.0363815,13.31300901,0.075945879,0.204277831,48.0,48.0,17959,12.5969,14903,799,18.6521,98,1.4994,0.0338,0.448,0.03857,262144,23,5
maskappliedISO8bit_flucol594_kpcclusters_800nm_poc0_60745_20x_g55_1_MMStack_Pos5_t23_s25,25,64.69279697,44.779,0.920961818,2.404248485,35.538,41.372,0.91882,2.447,33.0,33.0,66.26920257,12.02311876,0.023952538,0.192001774,50.0,50.0,17452,13.0209,14491,767,18.8931,114,1.4915,0.0301,0.4623,0.04174,262144,23,5
maskappliedISO8bit_flucol594_kpcclusters_800nm_poc0_60745_20x_g55_1_MMStack_Pos5_t23_s26,26,97.98952,45.1034,0.910402286,2.442548571,103.32,38.869,0.92101,2.4781,35.0,35.0,67.68995665,17.18674694,0.052043166,0.198063769,52.0,52.0,17718,12.7954,14689,756,19.4299,107,1.495,0.0347,0.4726,0.04279,262144,23,5
maskappliedISO8bit_flucol594_kpcclusters_800nm_poc0_60745_20x_g55_1_MMStack_Pos5_t23_s27,27,85.52631064,47.31655319,0.918221702,2.418708511,81.674,41.302,0.92274,2.4222,47.0,47.0,69.73973411,16.8837822,0.037240665,0.196030088,54.0,54.0,17951,12.6034,14783,752,19.6582,112,1.4977,0.029,0.508,0.04336,262144,23,5
maskappliedISO8bit_flucol594_kpcclusters_800nm_poc0_60745_20x_g55_1_MMStack_Pos5_t23_s28,28,94.86231481,43.96707407,0.912325185,2.459725926,108.58,40.406,0.92686,2.4547,54.0,54.0,67.25187172,12.18449459,0.044779966,0.190508533,56.0,56.0,17676,12.8306,14544,731,19.896,106,1.4939,0.0318,0.512,0.0545,262144,23,5
maskappliedISO8bit_flucol594_kpcclusters_800nm_poc0_60745_20x_g55_1_MMStack_Pos5_t23_s3,3,105.0987798,51.47327731,0.893606555,3.54422521,121.33,43.748,0.90763,3.4279,119.0,119.0,52.60659746,21.93031384,0.057420167,0.684478902,6.0,6.0,12735,18.5846,10304,540,19.0815,78,1.4081,0.0325,0.2299,0.08093,262144,23,5
maskappliedISO8bit_flucol594_kpcclusters_800nm_poc0_60745_20x_g55_1_MMStack_Pos5_t23_s4,4,96.80267639,50.07553383,0.883657218,3.485776692,108.73,42.411,0.90045,3.3638,133.0,133.0,54.75080176,21.94137314,0.07069619,0.694803707,8.0,8.0,13404,17.5572,10864,507,21.428,97,1.4174,0.0294,0.24,0.06927,262144,23,5
maskappliedISO8bit_flucol594_kpcclusters_800nm_poc0_60745_20x_g55_1_MMStack_Pos5_t23_s5,5,106.6905497,49.7340559,0.886373292,3.543041615,111.37,43.672,0.90534,3.4229,161.0,161.0,50.84847981,19.06155565,0.0644343,0.719464705,10.0,10.0,13586,17.2952,11035,514,21.4689,91,1.4226,0.0221,0.2722,0.1034,262144,23,5
maskappliedISO8bit_flucol594_kpcclusters_800nm_poc0_60745_20x_g55_1_MMStack_Pos5_t23_s6,6,102.3058053,51.84069925,0.896001278,3.542158647,108.87,44.973,0.90807,3.3887,133.0,133.0,56.24289092,21.57109445,0.058298321,0.743185111,12.0,12.0,13330,17.6658,11013,516,21.343,88,1.4178,0.0199,0.2477,0.09816,262144,23,5
maskappliedISO8bit_flucol594_kpcclusters_800nm_poc0_60745_20x_g55_1_MMStack_Pos5_t23_s7,7,100.1510673,47.78064189,0.894478311,3.518806757,106.525,42.126,0.89955,3.4582,148.0,148.0,56.27537479,18.57295321,0.048271349,0.672970166,14.0,14.0,13791,17.0084,11182,493,22.6815,91,1.4239,0.0306,0.2569,0.103,262144,23,5
maskappliedISO8bit_flucol594_kpcclusters_800nm_poc0_60745_20x_g55_1_MMStack_Pos5_t23_s8,8,99.87375849,48.47063522,0.887215535,3.576211321,115.68,42.088,0.89947,3.4396,159.0,159.0,56.14555514,17.3427897,0.065094301,0.777983795,16.0,16.0,13823,16.9644,11271,540,20.8722,92,1.4312,0.0278,0.2743,0.09562,262144,23,5
maskappliedISO8bit_flucol594_kpcclusters_800nm_poc0_60745_20x_g55_1_MMStack_Pos5_t23_s9,9,107.4414771,51.37643312,0.889887707,3.613074522,116.57,42.802,0.90929,3.489,157.0,157.0,50.00212719,23.91408024,0.077026377,0.738133803,18.0,18.0,13606,17.2669,11078,536,20.6679,84,1.4263,0.0292,0.2845,0.08957,262144,23,5
maskappliedISO8bit_flucol594_kpcclusters_800nm_poc0_60745_20x_g55_1_MMStack_Pos5_t24_s1,1,96.63291895,50.84766013,0.899826405,3.631246405,102.99,43.268,0.90945,3.5576,153.0,153.0,57.78234758,21.444138,0.057580912,0.725413343,2.0,2.0,13587,17.2938,11112,503,22.0915,88,1.4203,0.0272,0.2786,0.08698,262144,24,5
maskappliedISO8bit_flucol594_kpcclusters_800nm_poc0_60745_20x_g55_1_MMStack_Pos5_t24_s10,10,104.9197082,47.35462264,0.890470566,3.769112579,111.8,42.031,0.90125,3.6034,159.0,159.0,48.08189869,16.49308064,0.061815071,0.881119364,20.0,20.0,13123,17.976,10659,555,19.2054,87,1.4175,0.0229,0.2723,0.08765,262144,24,5
maskappliedISO8bit_flucol594_kpcclusters_800nm_poc0_60745_20x_g55_1_MMStack_Pos5_t24_s11,11,103.1335043,48.62229104,0.896529328,3.954161194,112.53,42.6625,0.910115,3.65585,134.0,134.0,50.86427227,20.18295127,0.059538239,1.067883392,22.0,22.0,11474,20.8469,9338,537,17.3892,52,1.3831,0.0284,0.2331,0.1117,262144,24,5
maskappliedISO8bit_flucol594_kpcclusters_800nm_poc0_60745_20x_g55_1_MMStack_Pos5_t24_s12,12,106.4102319,49.71027536,0.890572754,4.184334783,121.61,43.113,0.90473,3.9602,69.0,69.0,51.75098691,21.63386162,0.079412871,1.071887474,24.0,24.0,8358,29.3646,6676,424,15.7453,24,1.307,0.0195,0.1651,0.1153,262144,24,5
maskappliedISO8bit_flucol594_kpcclusters_800nm_poc0_60745_20x_g55_1_MMStack_Pos5_t24_s13,13,99.21140845,48.48769014,0.889680141,4.514538028,97.853,42.248,0.90045,4.4813,71.0,71.0,48.47858195,18.30082091,0.071230187,1.345334303,26.0,26.0,6742,36.8824,5488,344,15.9535,34,1.2561,0.0286,0.143,0.1305,262144,24,5
maskappliedISO8bit_flucol594_kpcclusters_800nm_poc0_60745_20x_g55_1_MMStack_Pos5_t24_s14,14,89.66844828,47.79350575,0.889574713,4.56584023,91.71,41.864,0.90484,4.3157,87.0,87.0,53.36323415,15.91230076,0.061008824,1.444529123,28.0,28.0,8070,30.4839,6517,385,16.9273,36,1.3006,0.0195,0.1816,0.1112,262144,24,5
maskappliedISO8bit_flucol594_kpcclusters_800nm_poc0_60745_20x_g55_1_MMStack_Pos5_t24_s15,15,96.8596125,51.69500962,0.885486538,4.643619231,96.565,47.4875,0.906745,4.57435,104.0,104.0,57.7942048,18.29505916,0.071536286,1.386514354,30.0,30.0,9314,26.1453,7780,479,16.2422,40,1.3452,0.0272,0.2225,0.07236,262144,24,5
maskappliedISO8bit_flucol594_kpcclusters_800nm_poc0_60745_20x_g55_1_MMStack_Pos5_t24_s16,16,83.12953197,51.88687402,0.890045591,4.331084252,84.428,48.21,0.91174,3.9579,127.0,127.0,56.85521823,20.5689877,0.078006025,1.227133726,32.0,32.0,9451,25.7373,7819,482,16.222,42,1.3534,0.0195,0.2322,0.1073,262144,24,5
maskappliedISO8bit_flucol594_kpcclusters_800nm_poc0_60745_20x_g55_1_MMStack_Pos5_t24_s17,17,86.27904645,49.89099194,0.885615,4.218572581,83.338,42.725,0.91225,3.8016,124.0,124.0,58.97570321,20.11866173,0.076161783,1.409180658,34.0,34.0,9993,24.2329,8151,450,18.1133,47,1.3597,0.02,0.2276,0.07979,262144,24,5
maskappliedISO8bit_flucol594_kpcclusters_800nm_poc0_60745_20x_g55_1_MMStack_Pos5_t24_s18,18,78.954839,52.06053,0.8928973,4.451232,73.9395,43.7175,0.91095,4.1826,100.0,100.0,54.43083499,24.41161324,0.064400916,1.406833334,36.0,36.0,8254,29.7597,6649,382,17.4058,31,1.3247,0.0242,0.1974,0.07431,262144,24,5
maskappliedISO8bit_flucol594_kpcclusters_800nm_poc0_60745_20x_g55_1_MMStack_Pos5_t24_s19,19,75.83820385,56.01560256,0.879051923,4.484374359,68.809,45.086,0.896435,4.39585,78.0,78.0,54.74741012,26.49961438,0.072426643,1.137456298,38.0,38.0,6788,36.6189,5483,283,19.3746,35,1.3069,0.0215,0.1769,0.1258,262144,24,5
maskappliedISO8bit_flucol594_kpcclusters_800nm_poc0_60745_20x_g55_1_MMStack_Pos5_t24_s2,2,98.22792455,50.38467066,0.894967186,3.746128144,106.5,43.524,0.91491,3.6315,167.0,167.0,56.48672812,21.16602086,0.067685837,0.852664986,4.0,4.0,14121,16.5642,11632,524,22.1985,95,1.4295,0.0255,0.3136,0.08238,262144,24,5
maskappliedISO8bit_flucol594_kpcclusters_800nm_poc0_60745_20x_g55_1_MMStack_Pos5_t24_s20,20,91.09398667,57.52893333,0.865113667,4.119621667,87.7595,49.4755,0.89338,3.8504,60.0,60.0,53.42141542,25.55055215,0.092889257,1.10378193,40.0,40.0,8719,28.0659,7115,413,17.2276,39,1.3028,0.0289,0.1975,0.04511,262144,24,5
maskappliedISO8bit_flucol594_kpcclusters_800nm_poc0_60745_20x_g55_1_MMStack_Pos5_t24_s21,21,88.74197833,45.68208333,0.888288833,3.20919,89.6285,42.074,0.888985,3.02975,60.0,60.0,53.93790529,14.86665752,0.057208026,0.78753474,42.0,42.0,15242,15.1989,12582,695,18.1036,94,1.4607,0.0286,0.3555,0.0421,262144,24,5
maskappliedISO8bit_flucol594_kpcclusters_800nm_poc0_60745_20x_g55_1_MMStack_Pos5_t24_s22,22,94.45107647,44.20317647,0.882192549,2.649603922,110.32,40.584,0.89303,2.5954,51.0,51.0,59.11326922,13.41227904,0.06000596,0.381937524,44.0,44.0,16440,13.9456,13403,763,17.5662,105,1.475,0.0254,0.4064,0.01327,262144,24,5
maskappliedISO8bit_flucol594_kpcclusters_800nm_poc0_60745_20x_g55_1_MMStack_Pos5_t24_s23,23,72.53262414,44.84503448,0.915032414,2.405858621,47.203,39.359,0.91783,2.3148,29.0,29.0,66.31295515,13.21240106,0.040277866,0.213108495,46.0,46.0,16717,13.6813,13933,821,16.9708,105,1.4834,0.0361,0.4298,0.01344,262144,24,5
maskappliedISO8bit_flucol594_kpcclusters_800nm_poc0_60745_20x_g55_1_MMStack_Pos5_t24_s24,24,86.5838075,46.332775,0.8970555,2.3093375,93.651,42.4745,0.909545,2.3128,40.0,40.0,70.11410513,14.06114194,0.042976946,0.13008201,48.0,48.0,17576,12.9149,14519,719,20.1933,110,1.4949,0.0332,0.4532,0.05325,262144,24,5
maskappliedISO8bit_flucol594_kpcclusters_800nm_poc0_60745_20x_g55_1_MMStack_Pos5_t24_s25,25,90.42219574,48.22704255,0.914396383,2.364395745,96.34,40.786,0.92068,2.2979,47.0,47.0,69.95391802,16.48808112,0.037757773,0.2325483,50.0,50.0,17331,13.1258,14181,747,18.9839,96,1.4881,0.0367,0.475,0.02256,262144,24,5
maskappliedISO8bit_flucol594_kpcclusters_800nm_poc0_60745_20x_g55_1_MMStack_Pos5_t24_s26,26,82.01283636,47.29638636,0.914451591,2.348931818,68.0145,44.647,0.917615,2.3287,44.0,44.0,71.51795809,14.72807648,0.034485833,0.182811732,52.0,52.0,17069,13.358,14197,763,18.6068,100,1.489,0.0303,0.4829,0.06784,262144,24,5
maskappliedISO8bit_flucol594_kpcclusters_800nm_poc0_60745_20x_g55_1_MMStack_Pos5_t24_s27,27,64.2469024,47.37552,0.9092688,2.363922,36.8085,41.572,0.91956,2.3388,50.0,50.0,65.16561885,20.56490234,0.058022914,0.192816065,54.0,54.0,17783,12.7413,14723,781,18.8515,103,1.5026,0.0283,0.4989,0.04726,262144,24,5
maskappliedISO8bit_flucol594_kpcclusters_800nm_poc0_60745_20x_g55_1_MMStack_Pos5_t24_s28,28,111.4521391,44.79419565,0.900333478,2.371980435,130.77,38.7615,0.91189,2.4109,46.0,46.0,62.85290374,14.0795732,0.051891781,0.19091033,56.0,56.0,17759,12.7612,14699,754,19.4947,104,1.4961,0.0359,0.4854,0.061,262144,24,5
maskappliedISO8bit_flucol594_kpcclusters_800nm_poc0_60745_20x_g55_1_MMStack_Pos5_t24_s3,3,102.6428606,51.39992126,0.892277559,3.541895276,110.67,46.679,0.90585,3.5591,127.0,127.0,51.879341,19.47533484,0.060834579,0.638274632,6.0,6.0,12866,18.375,10520,507,20.7495,81,1.4076,0.0274,0.2482,0.08566,262144,24,5
maskappliedISO8bit_flucol594_kpcclusters_800nm_poc0_60745_20x_g55_1_MMStack_Pos5_t24_s4,4,95.74299695,49.4599542,0.894694962,3.486212214,105.8,41.056,0.90692,3.4245,131.0,131.0,56.5025432,20.21361449,0.052600191,0.737561122,8.0,8.0,13401,17.5616,10761,563,19.1137,75,1.4184,0.0233,0.2416,0.07369,262144,24,5
maskappliedISO8bit_flucol594_kpcclusters_800nm_poc0_60745_20x_g55_1_MMStack_Pos5_t24_s5,5,105.5646818,47.6821049,0.892198042,3.418976224,114.44,40.861,0.9066,3.317,143.0,143.0,53.18516094,16.21883387,0.054897596,0.622084334,10.0,10.0,13300,17.7101,10850,540,20.0926,83,1.4195,0.0274,0.2456,0.09581,262144,24,5
maskappliedISO8bit_flucol594_kpcclusters_800nm_poc0_60745_20x_g55_1_MMStack_Pos5_t24_s6,6,107.1089034,47.97797241,0.895703931,3.435697241,121.43,42.845,0.90824,3.2896,145.0,145.0,52.85448135,15.80608189,0.055632932,0.662542929,12.0,12.0,13033,18.1139,10708,520,20.5923,77,1.416,0.0261,0.2551,0.09723,262144,24,5
maskappliedISO8bit_flucol594_kpcclusters_800nm_poc0_60745_20x_g55_1_MMStack_Pos5_t24_s7,7,101.3542629,50.36896753,0.902137273,3.606600649,118.83,45.159,0.91061,3.49405,154.0,154.0,56.88366541,18.56430585,0.05023808,0.718225689,14.0,14.0,13857,16.9179,11352,535,21.2187,71,1.4294,0.0318,0.2799,0.08752,262144,24,5
maskappliedISO8bit_flucol594_kpcclusters_800nm_poc0_60745_20x_g55_1_MMStack_Pos5_t24_s8,8,97.70821233,51.64567123,0.888864247,3.600064384,104.88,45.1435,0.900565,3.48305,146.0,146.0,55.71868608,21.83150559,0.062248679,0.795884838,16.0,16.0,13678,17.1654,11219,559,20.0698,75,1.4299,0.0293,0.281,0.09545,262144,24,5
maskappliedISO8bit_flucol594_kpcclusters_800nm_poc0_60745_20x_g55_1_MMStack_Pos5_t24_s9,9,105.2792632,48.19833129,0.894432025,3.603222086,118.18,44.116,0.90479,3.5678,163.0,163.0,52.64451752,15.64367871,0.055391475,0.786375956,18.0,18.0,13633,17.2287,10963,535,20.4916,79,1.4234,0.0314,0.2828,0.07569,262144,24,5
maskappliedISO8bit_flucol594_kpcclusters_800nm_poc0_60745_20x_g55_1_MMStack_Pos5_t25_s1,1,97.51768171,50.70409756,0.888517256,3.603180488,99.2175,43.062,0.913705,3.38725,164.0,164.0,54.43919883,19.99116082,0.08175977,0.858286078,2.0,2.0,13223,17.8249,10906,495,22.0323,75,1.4169,0.0301,0.2683,0.06903,262144,25,5
maskappliedISO8bit_flucol594_kpcclusters_800nm_poc0_60745_20x_g55_1_MMStack_Pos5_t25_s10,10,108.3727122,53.41464748,0.886029712,3.620699281,117.82,46.757,0.90054,3.3975,139.0,139.0,50.91225555,22.34223917,0.060530498,0.826726262,20.0,20.0,12798,18.4833,10310,549,18.7796,70,1.4073,0.0259,0.2746,0.08441,262144,25,5
maskappliedISO8bit_flucol594_kpcclusters_800nm_poc0_60745_20x_g55_1_MMStack_Pos5_t25_s11,11,100.8975,52.12648462,0.885294308,3.878283846,106.17,45.4655,0.897055,3.6114,130.0,130.0,53.00575705,24.2279868,0.065509286,1.139458847,22.0,22.0,11725,20.3578,9462,538,17.5874,56,1.3857,0.0267,0.2421,0.1335,262144,25,5
maskappliedISO8bit_flucol594_kpcclusters_800nm_poc0_60745_20x_g55_1_MMStack_Pos5_t25_s12,12,100.498153,50.52268675,0.895751205,4.287161446,106.5,39.914,0.92099,4.2676,83.0,83.0,51.95878568,26.96361784,0.073469547,1.342394711,24.0,24.0,8519,28.7718,6867,437,15.714,26,1.3192,0.0297,0.1753,0.09631,262144,25,5
maskappliedISO8bit_flucol594_kpcclusters_800nm_poc0_60745_20x_g55_1_MMStack_Pos5_t25_s13,13,92.80314058,49.01557971,0.896736377,4.793002899,96.882,47.238,0.90833,4.4527,69.0,69.0,52.32044594,16.15909717,0.066266566,1.46740804,26.0,26.0,6961,35.6591,5648,371,15.2237,33,1.2591,0.021,0.1501,0.12,262144,25,5
maskappliedISO8bit_flucol594_kpcclusters_800nm_poc0_60745_20x_g55_1_MMStack_Pos5_t25_s14,14,99.64660202,47.3059798,0.889218485,4.530027273,107.24,41.64,0.90531,4.2393,99.0,99.0,53.38832104,18.08869822,0.069589895,1.446554973,28.0,28.0,8433,29.0856,6901,382,18.0654,33,1.3134,0.0248,0.1951,0.1097,262144,25,5
maskappliedISO8bit_flucol594_kpcclusters_800nm_poc0_60745_20x_g55_1_MMStack_Pos5_t25_s15,15,95.0345075,49.447875,0.889644917,4.39668,96.242,43.5435,0.90364,4.07765,120.0,120.0,57.02812767,23.02404662,0.068028391,1.412838555,30.0,30.0,9488,25.6291,7816,450,17.3689,46,1.351,0.0228,0.2261,0.07267,262144,25,5
maskappliedISO8bit_flucol594_kpcclusters_800nm_poc0_60745_20x_g55_1_MMStack_Pos5_t25_s16,16,85.63120242,51.87141129,0.89208121,4.315198387,84.026,45.958,0.903445,3.95085,124.0,124.0,56.70059462,23.46478177,0.06307421,1.365854572,32.0,32.0,9868,24.5652,8073,461,17.5119,37,1.3657,0.0191,0.2433,0.09676,262144,25,5
maskappliedISO8bit_flucol594_kpcclusters_800nm_poc0_60745_20x_g55_1_MMStack_Pos5_t25_s17,17,73.48629596,51.68334343,0.893379495,4.273408081,65.433,43.141,0.9116,3.9882,99.0,99.0,56.30650697,21.84552108,0.064104648,1.452797967,34.0,34.0,9158,26.6247,7540,431,17.4942,52,1.328,0.0185,0.1983,0.07213,262144,25,5
maskappliedISO8bit_flucol594_kpcclusters_800nm_poc0_60745_20x_g55_1_MMStack_Pos5_t25_s18,18,71.80664667,52.54712222,0.889933444,4.334997778,59.3605,42.215,0.909235,4.12345,90.0,90.0,53.38103319,24.46531725,0.074011162,1.417932674,36.0,36.0,8137,30.2164,6606,354,18.661,32,1.2955,0.0229,0.1841,0.09227,262144,25,5
maskappliedISO8bit_flucol594_kpcclusters_800nm_poc0_60745_20x_g55_1_MMStack_Pos5_t25_s19,19,84.64032958,59.61343662,0.872180282,4.348007042,79.808,52.67,0.8812,4.3652,71.0,71.0,56.31284189,25.61820655,0.062992754,1.18128544,38.0,38.0,5982,41.8223,4823,243,19.8477,34,1.2562,0.0193,0.1419,0.1061,262144,25,5
maskappliedISO8bit_flucol594_kpcclusters_800nm_poc0_60745_20x_g55_1_MMStack_Pos5_t25_s2,2,100.9786863,48.1643681,0.902320123,3.718631288,104.47,41.983,0.91232,3.5951,163.0,163.0,54.43000183,19.43225438,0.064465031,0.765563028,4.0,4.0,13727,17.097,11274,584,19.3048,86,1.4274,0.028,0.2909,0.08293,262144,25,5
maskappliedISO8bit_flucol594_kpcclusters_800nm_poc0_60745_20x_g55_1_MMStack_Pos5_t25_s20,20,100.7190373,50.42009804,0.887954314,4.19174902,96.992,42.184,0.90046,3.9514,51.0,51.0,55.87221369,24.96661982,0.069535528,1.366257771,40.0,40.0,10303,23.4436,8447,449,18.8129,48,1.3505,0.0262,0.1881,0.02189,262144,25,5
maskappliedISO8bit_flucol594_kpcclusters_800nm_poc0_60745_20x_g55_1_MMStack_Pos5_t25_s21,21,95.39185085,43.95277966,0.868703729,2.979933898,96.116,40.042,0.88997,2.7595,59.0,59.0,60.79869468,14.49802148,0.07481079,0.721012292,42.0,42.0,15914,14.4726,13008,714,18.2185,95,1.4678,0.0261,0.3543,0.009263,262144,25,5
maskappliedISO8bit_flucol594_kpcclusters_800nm_poc0_60745_20x_g55_1_MMStack_Pos5_t25_s22,22,76.606474,44.15316,0.892235,2.50276,70.495,40.806,0.90597,2.45875,50.0,50.0,56.95147101,15.98583915,0.06310819,0.309785983,44.0,44.0,15904,14.483,13108,773,16.9573,102,1.4682,0.0244,0.3987,0.02113,262144,25,5
maskappliedISO8bit_flucol594_kpcclusters_800nm_poc0_60745_20x_g55_1_MMStack_Pos5_t25_s23,23,84.41568696,42.10904348,0.902541739,2.351919565,90.04,39.4005,0.902215,2.30895,46.0,46.0,60.25397495,12.46336828,0.037754211,0.199685758,46.0,46.0,17012,13.4094,13955,770,18.1234,102,1.489,0.0247,0.4458,0.03461,262144,25,5
maskappliedISO8bit_flucol594_kpcclusters_800nm_poc0_60745_20x_g55_1_MMStack_Pos5_t25_s24,24,91.30031211,46.37873684,0.911943947,2.372844737,89.0805,40.087,0.92384,2.3485,38.0,38.0,66.3819179,16.54624579,0.044011836,0.214926504,48.0,48.0,17642,12.8591,14526,787,18.4574,109,1.4977,0.0265,0.4667,0.04545,262144,25,5
maskappliedISO8bit_flucol594_kpcclusters_800nm_poc0_60745_20x_g55_1_MMStack_Pos5_t25_s25,25,72.41779434,42.97783019,0.915972075,2.359269811,43.603,38.329,0.91909,2.345,53.0,53.0,68.07840985,14.13131824,0.03726413,0.207206868,50.0,50.0,17802,12.7256,14640,739,19.8106,108,1.4964,0.0278,0.4565,0.03035,262144,25,5
maskappliedISO8bit_flucol594_kpcclusters_800nm_poc0_60745_20x_g55_1_MMStack_Pos5_t25_s26,26,89.86454915,45.10916949,0.916908644,2.348479661,98.842,40.786,0.91394,2.313,59.0,59.0,67.62273543,13.41529646,0.032766853,0.185611173,52.0,52.0,18009,12.5563,14929,767,19.4641,140,1.5028,0.0329,0.4993,0.05123,262144,25,5
maskappliedISO8bit_flucol594_kpcclusters_800nm_poc0_60745_20x_g55_1_MMStack_Pos5_t25_s27,27,78.29347314,49.72642857,0.907736429,2.42559,73.4765,41.6275,0.912685,2.3611,70.0,70.0,65.99291103,25.2989079,0.054561617,0.266008772,54.0,54.0,17926,12.6237,14886,776,19.183,108,1.4971,0.0289,0.5031,0.03464,262144,25,5
maskappliedISO8bit_flucol594_kpcclusters_800nm_poc0_60745_20x_g55_1_MMStack_Pos5_t25_s28,28,101.0172475,46.86901639,0.902474262,2.351,120.96,41.005,0.90764,2.3387,61.0,61.0,65.37667234,17.24633077,0.041875146,0.171409974,56.0,56.0,17632,12.8676,14559,784,18.5702,92,1.494,0.036,0.4947,0.06257,262144,25,5
maskappliedISO8bit_flucol594_kpcclusters_800nm_poc0_60745_20x_g55_1_MMStack_Pos5_t25_s3,3,99.43914776,49.31056716,0.893732612,3.524619403,108.915,43.737,0.90453,3.38905,134.0,134.0,58.67052505,20.14468762,0.062654901,0.678775534,6.0,6.0,13200,17.8595,10835,544,19.9173,74,1.4156,0.0271,0.2452,0.08271,262144,25,5
maskappliedISO8bit_flucol594_kpcclusters_800nm_poc0_60745_20x_g55_1_MMStack_Pos5_t25_s4,4,96.12849328,47.47295522,0.901048507,3.402601493,110.08,41.4185,0.91212,3.36875,134.0,134.0,58.56029304,17.37152871,0.056773642,0.703341711,8.0,8.0,13495,17.4253,10922,525,20.8038,80,1.4215,0.0294,0.2399,0.06902,262144,25,5
maskappliedISO8bit_flucol594_kpcclusters_800nm_poc0_60745_20x_g55_1_MMStack_Pos5_t25_s5,5,106.1081,47.90565625,0.89970025,3.472703125,115.885,42.336,0.911415,3.3709,160.0,160.0,52.07590297,17.17393583,0.054490387,0.71845386,10.0,10.0,13141,17.9486,10609,583,18.1973,85,1.4187,0.0254,0.2659,0.07916,262144,25,5
maskappliedISO8bit_flucol594_kpcclusters_800nm_poc0_60745_20x_g55_1_MMStack_Pos5_t25_s6,6,107.032124,45.64636552,0.896412552,3.514046897,117.41,39.612,0.90342,3.4011,145.0,145.0,54.35090735,17.45993472,0.053147458,0.660090102,12.0,12.0,13062,18.0693,10685,554,19.287,73,1.4159,0.026,0.2575,0.09352,262144,25,5
maskappliedISO8bit_flucol594_kpcclusters_800nm_poc0_60745_20x_g55_1_MMStack_Pos5_t25_s7,7,103.3461945,50.34232192,0.890119384,3.437792466,109.205,42.9905,0.90418,3.3373,146.0,146.0,52.56687706,21.03282197,0.064546019,0.669051812,14.0,14.0,13440,17.5048,10982,549,20.0036,80,1.4207,0.0236,0.2637,0.08173,262144,25,5
maskappliedISO8bit_flucol594_kpcclusters_800nm_poc0_60745_20x_g55_1_MMStack_Pos5_t25_s8,8,101.0051137,49.62066906,0.895142734,3.594038129,103.24,42.675,0.90431,3.5579,139.0,139.0,54.50037357,22.94468653,0.051102993,0.754194552,16.0,16.0,13050,18.0877,10682,547,19.5283,77,1.4115,0.0265,0.2705,0.09862,262144,25,5
maskappliedISO8bit_flucol594_kpcclusters_800nm_poc0_60745_20x_g55_1_MMStack_Pos5_t25_s9,9,108.3139016,51.956512,0.89001208,3.639652,117.35,44.34,0.90643,3.5365,125.0,125.0,52.11200491,19.6997091,0.070327899,0.809426422,18.0,18.0,13282,17.7369,10888,541,20.1257,71,1.4214,0.0267,0.2666,0.09263,262144,25,5
maskappliedISO8bit_flucol594_kpcclusters_800nm_poc0_60745_20x_g55_1_MMStack_Pos5_t2_s1,1,106.9387898,54.62083333,0.904033651,3.592913492,112.925,47.3375,0.910875,3.54275,126.0,126.0,52.17133935,22.79744101,0.045908904,0.654568881,2.0,2.0,12872,18.3655,10515,521,20.1823,73,1.4078,0.0274,0.2301,0.1666,262144,2,5
maskappliedISO8bit_flucol594_kpcclusters_800nm_poc0_60745_20x_g55_1_MMStack_Pos5_t2_s10,10,101.3208674,52.15029078,0.89721156,3.827466667,112.71,49.213,0.91194,3.6885,141.0,141.0,59.07518842,19.7616106,0.052606411,0.914220593,20.0,20.0,12585,18.83,10259,541,18.963,59,1.403,0.0238,0.2613,0.1248,262144,2,5
maskappliedISO8bit_flucol594_kpcclusters_800nm_poc0_60745_20x_g55_1_MMStack_Pos5_t2_s11,11,101.4079036,53.07308982,0.886247964,4.084379641,114.62,45.595,0.89467,3.8465,167.0,167.0,60.40074194,25.82319464,0.064705121,1.005793196,22.0,22.0,13237,17.804,10849,525,20.6648,103,1.423,0.0213,0.3004,0.1152,262144,2,5
maskappliedISO8bit_flucol594_kpcclusters_800nm_poc0_60745_20x_g55_1_MMStack_Pos5_t2_s12,12,101.1663927,54.14773184,0.892805587,4.134725698,118.74,44.433,0.90572,3.9546,179.0,179.0,59.33547468,26.81476822,0.066357001,1.093385966,24.0,24.0,12759,18.5459,10505,533,19.7092,63,1.4112,0.0245,0.3124,0.1122,262144,2,5
maskappliedISO8bit_flucol594_kpcclusters_800nm_poc0_60745_20x_g55_1_MMStack_Pos5_t2_s13,13,101.1411174,55.74329221,0.891106818,4.120548052,114.44,45.5925,0.91116,3.93855,154.0,154.0,59.04092364,27.70077904,0.060477589,1.059391721,26.0,26.0,11943,19.9497,9913,530,18.7038,56,1.396,0.029,0.2866,0.1059,262144,2,5
maskappliedISO8bit_flucol594_kpcclusters_800nm_poc0_60745_20x_g55_1_MMStack_Pos5_t2_s14,14,99.61700472,54.74081102,0.898369685,3.849190551,110.28,46.284,0.90996,3.6684,127.0,127.0,57.42464684,28.74109266,0.057362741,1.020971377,28.0,28.0,10968,21.9009,9066,485,18.6928,70,1.3699,0.023,0.2365,0.08572,262144,2,5
maskappliedISO8bit_flucol594_kpcclusters_800nm_poc0_60745_20x_g55_1_MMStack_Pos5_t2_s15,15,88.88305038,51.2711374,0.897269847,3.95861374,97.651,46.928,0.91182,3.689,131.0,131.0,60.00334243,21.1740121,0.062031437,1.197867535,30.0,30.0,10469,23.0401,8661,474,18.2722,46,1.3676,0.0169,0.2154,0.06475,262144,2,5
maskappliedISO8bit_flucol594_kpcclusters_800nm_poc0_60745_20x_g55_1_MMStack_Pos5_t2_s16,16,85.78015282,52.32223239,0.880075134,3.951857746,93.1795,46.15,0.90448,3.6211,142.0,142.0,57.26461456,23.53641878,0.10589096,1.307928303,32.0,32.0,11438,20.9188,9251,471,19.6412,69,1.3796,0.026,0.247,0.07004,262144,2,5
maskappliedISO8bit_flucol594_kpcclusters_800nm_poc0_60745_20x_g55_1_MMStack_Pos5_t2_s17,17,96.94757386,51.70726144,0.899338105,4.15105098,102.53,44.59,0.91375,3.9595,153.0,153.0,55.97316308,24.2313322,0.056059584,1.188844869,34.0,34.0,11718,20.3711,9531,498,19.1386,54,1.3877,0.0252,0.2488,0.06424,262144,2,5
maskappliedISO8bit_flucol594_kpcclusters_800nm_poc0_60745_20x_g55_1_MMStack_Pos5_t2_s18,18,88.56805745,58.23853191,0.889211809,4.429615957,90.666,51.849,0.90492,4.3859,94.0,94.0,55.0417906,28.31270378,0.065033946,1.125079618,36.0,36.0,9533,25.4987,7737,425,18.2047,52,1.3362,0.0264,0.1957,0.04896,262144,2,5
maskappliedISO8bit_flucol594_kpcclusters_800nm_poc0_60745_20x_g55_1_MMStack_Pos5_t2_s19,19,83.16611176,56.02251471,0.881489853,4.326510294,86.454,47.743,0.892295,4.03615,68.0,68.0,54.77151318,25.58185656,0.069146856,1.290179258,38.0,38.0,8668,28.2428,7016,346,20.2775,47,1.323,0.0247,0.1707,0.04966,262144,2,5
maskappliedISO8bit_flucol594_kpcclusters_800nm_poc0_60745_20x_g55_1_MMStack_Pos5_t2_s2,2,115.1879464,53.43948182,0.904805455,3.601275455,132.935,46.7,0.917615,3.43685,110.0,110.0,50.76751612,23.2064767,0.046002137,0.789496634,4.0,4.0,12511,18.9532,10211,455,22.4418,80,1.3981,0.0239,0.2098,0.1669,262144,2,5
maskappliedISO8bit_flucol594_kpcclusters_800nm_poc0_60745_20x_g55_1_MMStack_Pos5_t2_s20,20,101.2788709,50.46583636,0.883145818,3.56662,113.55,44.932,0.88985,3.4135,55.0,55.0,57.76833025,19.5165288,0.063019317,0.952087155,40.0,40.0,15184,15.2646,12298,631,19.4897,91,1.4556,0.0291,0.2924,0.01894,262144,2,5
maskappliedISO8bit_flucol594_kpcclusters_800nm_poc0_60745_20x_g55_1_MMStack_Pos5_t2_s21,21,118.7345086,45.7348,0.896354286,2.596225714,120.26,41.374,0.90922,2.5007,35.0,35.0,48.42658965,16.03066889,0.057990749,0.362080832,42.0,42.0,16521,13.8674,13487,754,17.8873,76,1.4823,0.0295,0.3706,0.02062,262144,2,5
maskappliedISO8bit_flucol594_kpcclusters_800nm_poc0_60745_20x_g55_1_MMStack_Pos5_t2_s22,22,90.943385,42.1909,0.9189145,2.42856,98.4845,40.509,0.930765,2.45125,20.0,20.0,56.88691671,11.18369141,0.040553227,0.313469763,44.0,44.0,16868,13.541,13733,725,18.9421,85,1.482,0.0317,0.4387,0.03179,262144,2,5
maskappliedISO8bit_flucol594_kpcclusters_800nm_poc0_60745_20x_g55_1_MMStack_Pos5_t2_s23,23,100.2013353,41.50323529,0.917310588,2.372129412,97.696,40.844,0.92509,2.3342,17.0,17.0,57.74356048,9.511705238,0.031840923,0.199579218,46.0,46.0,17345,13.1136,14073,786,17.9046,116,1.489,0.0301,0.4599,0.01469,262144,2,5
maskappliedISO8bit_flucol594_kpcclusters_800nm_poc0_60745_20x_g55_1_MMStack_Pos5_t2_s24,24,87.34874444,36.01177778,0.932744444,2.408488889,95.042,34.981,0.92043,2.2668,9.0,9.0,51.15783849,3.389858069,0.033377685,0.203563108,48.0,48.0,17533,12.9515,14447,759,19.0343,95,1.4925,0.0332,0.4419,0.03431,262144,2,5
maskappliedISO8bit_flucol594_kpcclusters_800nm_poc0_60745_20x_g55_1_MMStack_Pos5_t2_s25,25,89.32279429,44.27885714,0.894062571,2.426211429,93.691,41.574,0.90775,2.3656,35.0,35.0,57.89194472,11.22256279,0.060850543,0.201523955,50.0,50.0,17761,12.7596,14599,789,18.5032,105,1.4965,0.0296,0.5111,0.04036,262144,2,5
maskappliedISO8bit_flucol594_kpcclusters_800nm_poc0_60745_20x_g55_1_MMStack_Pos5_t2_s26,26,113.6888333,42.96454167,0.911352083,2.423408333,125.495,39.9635,0.9229,2.4033,24.0,24.0,55.49737046,11.50089358,0.050176005,0.195202655,52.0,52.0,17729,12.7862,14738,754,19.5464,105,1.4964,0.0369,0.4878,0.02246,262144,2,5
maskappliedISO8bit_flucol594_kpcclusters_800nm_poc0_60745_20x_g55_1_MMStack_Pos5_t2_s27,27,93.86860357,41.15632143,0.913822143,2.375435714,80.6225,35.4075,0.91985,2.3293,28.0,28.0,61.2771659,14.40741561,0.037587869,0.223915011,54.0,54.0,17516,12.966,14334,785,18.2599,107,1.4966,0.0338,0.4894,0.03689,262144,2,5
maskappliedISO8bit_flucol594_kpcclusters_800nm_poc0_60745_20x_g55_1_MMStack_Pos5_t2_s28,28,91.79564194,41.7026129,0.900479355,2.371809677,88.21,40.754,0.90567,2.3629,31.0,31.0,51.20694098,7.670590362,0.06199271,0.18127998,56.0,56.0,17903,12.6425,14960,766,19.53,114,1.4966,0.0371,0.4813,0.04954,262144,2,5
maskappliedISO8bit_flucol594_kpcclusters_800nm_poc0_60745_20x_g55_1_MMStack_Pos5_t2_s3,3,120.5999899,52.73963025,0.891997059,3.576021008,134.05,45.612,0.90752,3.5562,119.0,119.0,50.65448822,21.73304334,0.067341219,0.648134545,6.0,6.0,13084,18.0355,10699,514,20.8152,71,1.4151,0.0231,0.2319,0.1754,262144,2,5
maskappliedISO8bit_flucol594_kpcclusters_800nm_poc0_60745_20x_g55_1_MMStack_Pos5_t2_s4,4,119.5599403,49.75808333,0.895897292,3.516279167,131.925,44.1195,0.90742,3.4266,144.0,144.0,48.59277376,20.60192458,0.046305833,0.734976332,8.0,8.0,13064,18.0662,10624,499,21.2906,79,1.4105,0.0243,0.2283,0.1936,262144,2,5
maskappliedISO8bit_flucol594_kpcclusters_800nm_poc0_60745_20x_g55_1_MMStack_Pos5_t2_s5,5,107.4419978,50.69483582,0.895465373,3.452158209,117.315,44.0035,0.905415,3.3885,134.0,134.0,50.91074678,21.67190906,0.054965125,0.628746027,10.0,10.0,13095,18.0187,10757,493,21.8195,73,1.4143,0.0276,0.2284,0.174,262144,2,5
maskappliedISO8bit_flucol594_kpcclusters_800nm_poc0_60745_20x_g55_1_MMStack_Pos5_t2_s6,6,109.3844626,50.76010884,0.904239864,3.604755782,122.2,43.896,0.90973,3.5488,147.0,147.0,50.66002024,21.75505023,0.046617883,0.711749957,12.0,12.0,13909,16.8471,11289,507,22.2663,86,1.4351,0.0273,0.262,0.163,262144,2,5
maskappliedISO8bit_flucol594_kpcclusters_800nm_poc0_60745_20x_g55_1_MMStack_Pos5_t2_s7,7,119.5322182,51.3025473,0.887196622,3.684687838,126.87,43.597,0.899565,3.61765,148.0,148.0,44.84357792,21.24827976,0.065668135,0.708184741,14.0,14.0,13410,17.5485,10826,517,20.94,88,1.4204,0.0251,0.2808,0.1504,262144,2,5
maskappliedISO8bit_flucol594_kpcclusters_800nm_poc0_60745_20x_g55_1_MMStack_Pos5_t2_s8,8,114.7388419,52.04725625,0.888362563,3.59697125,126.72,45.262,0.90197,3.521,160.0,160.0,50.05557486,20.93116079,0.068298763,0.774020236,16.0,16.0,13462,17.473,10922,511,21.3738,84,1.4198,0.0232,0.2544,0.1374,262144,2,5
maskappliedISO8bit_flucol594_kpcclusters_800nm_poc0_60745_20x_g55_1_MMStack_Pos5_t2_s9,9,106.4740463,50.20726316,0.892592924,3.774849123,120.96,43.315,0.9026,3.5127,171.0,171.0,57.33189354,21.3611501,0.063005023,0.946952879,18.0,18.0,13114,17.9897,10625,516,20.5911,69,1.4144,0.0238,0.2676,0.1347,262144,2,5
maskappliedISO8bit_flucol594_kpcclusters_800nm_poc0_60745_20x_g55_1_MMStack_Pos5_t3_s1,1,115.2290868,51.15280165,0.893782231,3.527615702,124.7,46.23,0.91313,3.4794,121.0,121.0,47.82614407,20.37264202,0.072174751,0.732514937,2.0,2.0,13053,18.0831,10590,520,20.3654,74,1.4142,0.0244,0.2236,0.1586,262144,3,5
maskappliedISO8bit_flucol594_kpcclusters_800nm_poc0_60745_20x_g55_1_MMStack_Pos5_t3_s10,10,108.6600092,51.01223308,0.886749098,3.6929,126.03,43.459,0.90563,3.5062,133.0,133.0,58.10004938,23.11756469,0.061113889,0.906922765,20.0,20.0,12440,19.0727,10264,576,17.8194,62,1.4046,0.0292,0.2442,0.1226,262144,3,5
maskappliedISO8bit_flucol594_kpcclusters_800nm_poc0_60745_20x_g55_1_MMStack_Pos5_t3_s11,11,107.0223635,51.09590541,0.896774797,4.040127703,120.2,44.652,0.914485,3.8124,148.0,148.0,55.99798811,22.27825485,0.071181182,1.117984068,22.0,22.0,12514,18.9481,10282,523,19.6597,71,1.4045,0.0258,0.264,0.1304,262144,3,5
maskappliedISO8bit_flucol594_kpcclusters_800nm_poc0_60745_20x_g55_1_MMStack_Pos5_t3_s12,12,98.59212063,51.67865608,0.893896825,4.235206349,114.59,44.068,0.90984,3.9487,189.0,189.0,58.00483347,25.14952657,0.072305472,1.236289033,24.0,24.0,12670,18.6902,10409,544,19.1342,75,1.4067,0.0307,0.3109,0.1054,262144,3,5
maskappliedISO8bit_flucol594_kpcclusters_800nm_poc0_60745_20x_g55_1_MMStack_Pos5_t3_s13,13,93.61496933,52.12425333,0.8891504,4.028577333,102.615,43.2075,0.905815,3.87005,150.0,150.0,59.87597067,22.83604125,0.071104686,1.112146106,26.0,26.0,11214,21.3766,9306,517,18.0,61,1.3759,0.025,0.2602,0.1161,262144,3,5
maskappliedISO8bit_flucol594_kpcclusters_800nm_poc0_60745_20x_g55_1_MMStack_Pos5_t3_s14,14,100.3203672,51.35069403,0.889011716,3.952527612,120.215,45.453,0.897455,3.7123,134.0,134.0,60.61170162,22.48931224,0.062720988,1.169596163,28.0,28.0,11282,21.2357,9171,489,18.7546,61,1.3812,0.0236,0.2423,0.112,262144,3,5
maskappliedISO8bit_flucol594_kpcclusters_800nm_poc0_60745_20x_g55_1_MMStack_Pos5_t3_s15,15,101.0046747,52.66744444,0.899254444,3.849652525,109.86,44.99,0.91222,3.6587,99.0,99.0,59.18313777,23.22466439,0.067716528,0.998327579,30.0,30.0,10100,23.9549,8354,443,18.8578,57,1.3602,0.0289,0.1972,0.07083,262144,3,5
maskappliedISO8bit_flucol594_kpcclusters_800nm_poc0_60745_20x_g55_1_MMStack_Pos5_t3_s16,16,89.03570294,50.31724706,0.888831706,4.042651176,89.7225,42.1245,0.904235,3.72475,170.0,170.0,57.60627596,21.32979849,0.061318445,1.193843808,32.0,32.0,11444,20.9068,9389,476,19.7248,61,1.3813,0.0265,0.2511,0.06069,262144,3,5
maskappliedISO8bit_flucol594_kpcclusters_800nm_poc0_60745_20x_g55_1_MMStack_Pos5_t3_s17,17,91.847495,49.5727,0.899768286,4.051415,95.1035,44.434,0.9119,3.84035,140.0,140.0,55.23105047,19.331709,0.058077766,1.280147274,34.0,34.0,11658,20.4863,9377,497,18.8672,57,1.3842,0.0222,0.2399,0.07534,262144,3,5
maskappliedISO8bit_flucol594_kpcclusters_800nm_poc0_60745_20x_g55_1_MMStack_Pos5_t3_s18,18,82.19897459,50.54091803,0.901746803,4.203892623,85.5065,43.0975,0.91169,3.94995,122.0,122.0,57.66188379,22.30006718,0.060955734,1.335030599,36.0,36.0,10928,21.9884,8748,482,18.1494,55,1.3668,0.0196,0.221,0.05166,262144,3,5
maskappliedISO8bit_flucol594_kpcclusters_800nm_poc0_60745_20x_g55_1_MMStack_Pos5_t3_s19,19,94.65711098,52.93876829,0.892695488,4.090562195,98.8605,46.3245,0.895225,4.04675,82.0,82.0,57.79504794,24.80736189,0.050267989,0.92051776,38.0,38.0,8314,29.5305,6631,360,18.4194,43,1.3047,0.0295,0.1631,0.05154,262144,3,5
maskappliedISO8bit_flucol594_kpcclusters_800nm_poc0_60745_20x_g55_1_MMStack_Pos5_t3_s2,2,107.3173508,51.27882258,0.908288548,3.698390323,122.04,43.6335,0.917605,3.68185,124.0,124.0,53.24868294,22.2729182,0.048610517,0.739792042,4.0,4.0,13038,18.1062,10632,469,22.6695,80,1.4117,0.0278,0.2282,0.1612,262144,3,5
maskappliedISO8bit_flucol594_kpcclusters_800nm_poc0_60745_20x_g55_1_MMStack_Pos5_t3_s20,20,110.9817966,51.33425424,0.86099339,3.731361017,129.35,47.567,0.88716,3.5579,59.0,59.0,53.96132428,20.3057873,0.085270123,1.014779966,40.0,40.0,14239,16.4103,11624,599,19.4057,76,1.4393,0.0313,0.2692,0.02028,262144,3,5
maskappliedISO8bit_flucol594_kpcclusters_800nm_poc0_60745_20x_g55_1_MMStack_Pos5_t3_s21,21,98.58628,44.055925,0.87460725,2.80036,111.57,39.333,0.89536,2.701,40.0,40.0,56.1185621,11.51844865,0.061177222,0.51163826,42.0,42.0,15776,14.6167,12923,700,18.4614,95,1.4678,0.0286,0.3865,0.0414,262144,3,5
maskappliedISO8bit_flucol594_kpcclusters_800nm_poc0_60745_20x_g55_1_MMStack_Pos5_t3_s22,22,114.4404286,38.65707143,0.90936,2.406871429,131.635,35.362,0.927635,2.40615,14.0,14.0,43.44180222,8.074950822,0.052323122,0.186384627,44.0,44.0,16806,13.5983,13578,779,17.43,99,1.4827,0.0296,0.4009,0.02494,262144,3,5
maskappliedISO8bit_flucol594_kpcclusters_800nm_poc0_60745_20x_g55_1_MMStack_Pos5_t3_s23,23,69.29578636,39.07777273,0.918780909,2.440154545,65.446,35.9645,0.91962,2.39595,22.0,22.0,58.02896815,8.610846363,0.033207702,0.238222396,46.0,46.0,17192,13.2481,14133,785,18.0038,91,1.4921,0.0338,0.4552,0.03528,262144,3,5
maskappliedISO8bit_flucol594_kpcclusters_800nm_poc0_60745_20x_g55_1_MMStack_Pos5_t3_s24,24,85.91204444,42.4747037,0.919106296,2.32682963,87.064,40.215,0.92485,2.309,27.0,27.0,54.88360542,10.92536841,0.037959743,0.151832407,48.0,48.0,17812,12.7173,14710,782,18.8107,125,1.496,0.0322,0.4768,0.02742,262144,3,5
maskappliedISO8bit_flucol594_kpcclusters_800nm_poc0_60745_20x_g55_1_MMStack_Pos5_t3_s25,25,77.18864545,41.93372727,0.920046818,2.4316,87.087,39.0125,0.92861,2.4232,22.0,22.0,59.84048223,13.52290613,0.039556035,0.191810977,50.0,50.0,17561,12.9277,14517,748,19.4078,114,1.495,0.0328,0.492,0.02156,262144,3,5
maskappliedISO8bit_flucol594_kpcclusters_800nm_poc0_60745_20x_g55_1_MMStack_Pos5_t3_s26,26,97.0472746,46.1017619,0.921312698,2.453606349,96.52,39.81,0.92317,2.3684,63.0,63.0,58.51839333,17.37961091,0.03825857,0.272415219,52.0,52.0,17938,12.6139,14886,757,19.6645,107,1.4982,0.0265,0.5712,0.03884,262144,3,5
maskappliedISO8bit_flucol594_kpcclusters_800nm_poc0_60745_20x_g55_1_MMStack_Pos5_t3_s27,27,91.83637368,48.12813158,0.903661053,2.366631579,89.479,40.1565,0.908645,2.33195,38.0,38.0,56.52624763,21.5583041,0.045705129,0.207575691,54.0,54.0,17489,12.9891,14474,754,19.1963,111,1.4909,0.0322,0.5389,0.0191,262144,3,5
maskappliedISO8bit_flucol594_kpcclusters_800nm_poc0_60745_20x_g55_1_MMStack_Pos5_t3_s28,28,62.65685789,40.55452632,0.927605789,2.392826316,51.072,37.084,0.92429,2.3282,19.0,19.0,59.42553943,8.808994957,0.025346836,0.217197542,56.0,56.0,18066,12.5104,14751,712,20.7177,113,1.4995,0.031,0.5203,0.01617,262144,3,5
maskappliedISO8bit_flucol594_kpcclusters_800nm_poc0_60745_20x_g55_1_MMStack_Pos5_t3_s3,3,118.2158457,50.87517857,0.899083143,3.561767143,129.345,46.014,0.90875,3.42085,140.0,140.0,49.51544629,18.52502723,0.049805573,0.78503638,6.0,6.0,13171,17.9032,10737,512,20.9707,74,1.4173,0.0242,0.2357,0.1725,262144,3,5
maskappliedISO8bit_flucol594_kpcclusters_800nm_poc0_60745_20x_g55_1_MMStack_Pos5_t3_s4,4,105.8206572,49.88591724,0.897765172,3.608893793,115.87,42.848,0.91231,3.5079,145.0,145.0,54.38597225,20.78955525,0.055903774,0.637110222,8.0,8.0,13628,17.2358,10967,485,22.6124,91,1.4222,0.0249,0.2518,0.1615,262144,3,5
maskappliedISO8bit_flucol594_kpcclusters_800nm_poc0_60745_20x_g55_1_MMStack_Pos5_t3_s5,5,110.6263716,50.21467164,0.903846642,3.538007463,120.92,43.7395,0.912235,3.3988,134.0,134.0,50.21934792,19.60704514,0.044919049,0.723740846,10.0,10.0,12884,18.3466,10567,500,21.134,80,1.4084,0.0261,0.2273,0.1549,262144,3,5
maskappliedISO8bit_flucol594_kpcclusters_800nm_poc0_60745_20x_g55_1_MMStack_Pos5_t3_s6,6,115.6186606,52.22184286,0.9007055,3.543607857,131.19,45.23,0.912855,3.5324,140.0,140.0,50.4085604,24.92464039,0.059911786,0.694745501,12.0,12.0,13548,17.3493,10997,528,20.8277,75,1.4242,0.0252,0.2471,0.1609,262144,3,5
maskappliedISO8bit_flucol594_kpcclusters_800nm_poc0_60745_20x_g55_1_MMStack_Pos5_t3_s7,7,114.0956867,50.70703165,0.888680127,3.637389873,124.905,45.1815,0.89683,3.5622,158.0,158.0,48.89392614,20.86887806,0.052589797,0.708333236,14.0,14.0,14253,16.3923,11698,519,22.5395,97,1.4368,0.0263,0.3083,0.1076,262144,3,5
maskappliedISO8bit_flucol594_kpcclusters_800nm_poc0_60745_20x_g55_1_MMStack_Pos5_t3_s8,8,108.2701006,51.56750633,0.896362089,3.713536076,125.99,44.821,0.909945,3.66095,158.0,158.0,52.35122286,20.87842543,0.062798181,0.783962044,16.0,16.0,13445,17.4976,10925,515,21.2136,75,1.4203,0.0299,0.2681,0.1137,262144,3,5
maskappliedISO8bit_flucol594_kpcclusters_800nm_poc0_60745_20x_g55_1_MMStack_Pos5_t3_s9,9,104.9715794,53.53674468,0.886529716,3.746438298,120.26,45.142,0.90143,3.5592,141.0,141.0,53.61264547,24.4782011,0.06652456,0.850698616,18.0,18.0,13256,17.7756,10846,543,19.9742,74,1.4158,0.0244,0.2644,0.112,262144,3,5
maskappliedISO8bit_flucol594_kpcclusters_800nm_poc0_60745_20x_g55_1_MMStack_Pos5_t4_s1,1,106.3974802,53.36016667,0.904994841,3.561287302,115.265,49.62,0.917865,3.5029,126.0,126.0,53.86016274,22.82710395,0.052315474,0.698774874,2.0,2.0,12950,18.2429,10549,537,19.6443,68,1.4109,0.0281,0.2337,0.154,262144,4,5
maskappliedISO8bit_flucol594_kpcclusters_800nm_poc0_60745_20x_g55_1_MMStack_Pos5_t4_s10,10,99.52024167,50.6859359,0.889578397,3.754948718,111.04,42.1895,0.90517,3.49495,156.0,156.0,56.11383688,22.05336307,0.074560037,1.005817491,20.0,20.0,12896,18.3276,10607,554,19.1462,61,1.411,0.0266,0.2598,0.1127,262144,4,5
maskappliedISO8bit_flucol594_kpcclusters_800nm_poc0_60745_20x_g55_1_MMStack_Pos5_t4_s11,11,103.2894062,54.435625,0.895789712,3.987503846,120.015,46.48,0.909505,3.74395,104.0,104.0,57.19360762,24.42632653,0.060677474,1.050715052,22.0,22.0,11582,20.6338,9337,514,18.1654,50,1.3861,0.0257,0.22,0.1347,262144,4,5
maskappliedISO8bit_flucol594_kpcclusters_800nm_poc0_60745_20x_g55_1_MMStack_Pos5_t4_s12,12,96.53400539,52.39035526,0.885409803,4.046632895,100.776,46.819,0.904585,3.7592,152.0,152.0,58.83399901,21.09539104,0.076081718,1.140409294,24.0,24.0,11948,19.9405,9771,491,19.9002,62,1.4013,0.0237,0.2655,0.1209,262144,4,5
maskappliedISO8bit_flucol594_kpcclusters_800nm_poc0_60745_20x_g55_1_MMStack_Pos5_t4_s13,13,99.19901409,53.46824161,0.899355034,4.317890604,112.71,47.458,0.90803,4.0959,149.0,149.0,58.86782118,24.44111129,0.057951221,1.266668274,26.0,26.0,12139,19.5953,10061,496,20.2843,65,1.3978,0.0247,0.2859,0.1227,262144,4,5
maskappliedISO8bit_flucol594_kpcclusters_800nm_poc0_60745_20x_g55_1_MMStack_Pos5_t4_s14,14,98.17835152,53.51692424,0.879605227,3.979770455,104.385,46.332,0.9025,3.85285,132.0,132.0,59.11583647,23.66877016,0.075471379,1.004098574,28.0,28.0,11632,20.5365,9586,475,20.1811,62,1.386,0.0236,0.251,0.07228,262144,4,5
maskappliedISO8bit_flucol594_kpcclusters_800nm_poc0_60745_20x_g55_1_MMStack_Pos5_t4_s15,15,89.68103396,52.03183962,0.897185943,3.870375472,95.317,43.9095,0.911395,3.68195,106.0,106.0,58.56757109,23.26646886,0.056588701,1.141295651,30.0,30.0,9715,24.9835,7912,445,17.7798,44,1.3476,0.0186,0.1949,0.08409,262144,4,5
maskappliedISO8bit_flucol594_kpcclusters_800nm_poc0_60745_20x_g55_1_MMStack_Pos5_t4_s16,16,97.1003465,49.66739416,0.896930219,3.917407299,101.63,43.527,0.91268,3.6671,137.0,137.0,55.80566091,17.79687283,0.062804661,1.134281582,32.0,32.0,10733,22.4242,8763,477,18.3711,61,1.3729,0.0269,0.2319,0.05061,262144,4,5
maskappliedISO8bit_flucol594_kpcclusters_800nm_poc0_60745_20x_g55_1_MMStack_Pos5_t4_s17,17,94.08343506,50.8107987,0.893606883,4.095159091,97.765,43.169,0.9112,3.88865,154.0,154.0,58.03742031,20.78321767,0.065240079,1.112355198,34.0,34.0,11547,20.7024,9407,508,18.5177,61,1.3834,0.0231,0.2564,0.06952,262144,4,5
maskappliedISO8bit_flucol594_kpcclusters_800nm_poc0_60745_20x_g55_1_MMStack_Pos5_t4_s18,18,97.44383433,51.54512687,0.891405149,4.194780597,98.706,45.488,0.9061,3.95735,134.0,134.0,56.8543949,19.30338398,0.061813321,1.231030904,36.0,36.0,11052,21.7192,9027,466,19.3712,62,1.3719,0.0232,0.2359,0.06218,262144,4,5
maskappliedISO8bit_flucol594_kpcclusters_800nm_poc0_60745_20x_g55_1_MMStack_Pos5_t4_s19,19,89.82125226,53.57717204,0.88485957,4.048689247,100.2,48.794,0.90422,3.8815,93.0,93.0,61.62644268,22.35373324,0.08772582,1.039573407,38.0,38.0,9045,26.9823,7321,383,19.1149,35,1.336,0.0155,0.1905,0.04192,262144,4,5
maskappliedISO8bit_flucol594_kpcclusters_800nm_poc0_60745_20x_g55_1_MMStack_Pos5_t4_s2,2,117.7590435,49.61994203,0.901981739,3.594384058,130.315,43.671,0.91105,3.5097,138.0,138.0,48.61006446,19.24524181,0.052347328,0.671484327,4.0,4.0,13165,17.9123,10700,492,21.748,75,1.4166,0.0272,0.2351,0.1681,262144,4,5
maskappliedISO8bit_flucol594_kpcclusters_800nm_poc0_60745_20x_g55_1_MMStack_Pos5_t4_s20,20,91.12961695,48.27384746,0.881193559,3.95449322,90.0,46.228,0.89815,3.6733,59.0,59.0,55.32843255,15.7715522,0.066307631,1.091964256,40.0,40.0,13195,17.867,10750,534,20.1311,90,1.4152,0.0298,0.2445,0.05386,262144,4,5
maskappliedISO8bit_flucol594_kpcclusters_800nm_poc0_60745_20x_g55_1_MMStack_Pos5_t4_s21,21,89.48033889,46.46636111,0.880969722,2.979458333,92.3185,40.2485,0.897185,2.9224,36.0,36.0,52.23695211,16.45728598,0.069568529,0.591300959,42.0,42.0,15582,14.8236,12775,731,17.4761,94,1.4666,0.0293,0.3513,0.01223,262144,4,5
maskappliedISO8bit_flucol594_kpcclusters_800nm_poc0_60745_20x_g55_1_MMStack_Pos5_t4_s22,22,86.42612963,38.89807407,0.908822593,2.484014815,75.174,38.257,0.91688,2.4228,27.0,27.0,53.09066427,7.552028753,0.051983536,0.254589987,44.0,44.0,16350,14.0333,13381,750,17.8413,85,1.4751,0.0416,0.4053,0.02035,262144,4,5
maskappliedISO8bit_flucol594_kpcclusters_800nm_poc0_60745_20x_g55_1_MMStack_Pos5_t4_s23,23,59.90779,44.8957,0.910238,2.3576,58.632,40.4255,0.92084,2.3204,10.0,10.0,44.62113246,14.14469917,0.044007303,0.126195507,46.0,46.0,17116,13.3158,14055,778,18.0656,98,1.4879,0.0321,0.4324,0.0498,262144,4,5
maskappliedISO8bit_flucol594_kpcclusters_800nm_poc0_60745_20x_g55_1_MMStack_Pos5_t4_s24,24,95.5054087,43.8443913,0.919361304,2.405830435,102.34,41.717,0.91911,2.3897,23.0,23.0,59.21996883,9.09197013,0.034682154,0.153111964,48.0,48.0,17531,12.9532,14386,770,18.6831,114,1.4931,0.0343,0.4667,0.03501,262144,4,5
maskappliedISO8bit_flucol594_kpcclusters_800nm_poc0_60745_20x_g55_1_MMStack_Pos5_t4_s25,25,95.48380357,46.11503571,0.926991786,2.407217857,97.235,39.0625,0.925205,2.34325,28.0,28.0,66.40487263,15.84365999,0.029735643,0.190860984,50.0,50.0,17792,12.7339,14625,752,19.4481,112,1.4984,0.039,0.473,0.02742,262144,4,5
maskappliedISO8bit_flucol594_kpcclusters_800nm_poc0_60745_20x_g55_1_MMStack_Pos5_t4_s26,26,101.42415,40.86154545,0.916890909,2.388681818,93.154,35.5405,0.92258,2.39005,22.0,22.0,57.12561534,10.84335678,0.044107468,0.194869277,52.0,52.0,17796,12.7306,14638,790,18.5291,121,1.4977,0.0335,0.487,0.03892,262144,4,5
maskappliedISO8bit_flucol594_kpcclusters_800nm_poc0_60745_20x_g55_1_MMStack_Pos5_t4_s27,27,85.0731297,44.53933333,0.929686364,2.410530303,90.0,41.634,0.94379,2.3425,33.0,33.0,69.82712408,15.77217029,0.041046453,0.225539944,54.0,54.0,17587,12.9056,14584,765,19.0641,104,1.494,0.0315,0.5061,0.02684,262144,4,5
maskappliedISO8bit_flucol594_kpcclusters_800nm_poc0_60745_20x_g55_1_MMStack_Pos5_t4_s28,28,71.81692667,44.43403333,0.907104,2.34249,89.5665,41.361,0.90827,2.2593,30.0,30.0,51.79509429,11.67470358,0.052726205,0.241517228,56.0,56.0,17637,12.8634,14626,776,18.8479,121,1.4957,0.0296,0.5009,0.04017,262144,4,5
maskappliedISO8bit_flucol594_kpcclusters_800nm_poc0_60745_20x_g55_1_MMStack_Pos5_t4_s3,3,115.2379401,50.80085915,0.899329085,3.558359155,125.73,44.7075,0.9146,3.45005,142.0,142.0,50.1629423,20.41473384,0.059339339,0.759934787,6.0,6.0,13576,17.3094,11115,482,23.0602,74,1.4226,0.0271,0.2279,0.1685,262144,4,5
maskappliedISO8bit_flucol594_kpcclusters_800nm_poc0_60745_20x_g55_1_MMStack_Pos5_t4_s4,4,110.6428061,51.09735878,0.894634885,3.525572519,126.57,43.788,0.90519,3.4104,131.0,131.0,53.68784398,20.06777041,0.058292174,0.767373744,8.0,8.0,13042,18.1001,10528,503,20.9304,79,1.4139,0.027,0.2325,0.1777,262144,4,5
maskappliedISO8bit_flucol594_kpcclusters_800nm_poc0_60745_20x_g55_1_MMStack_Pos5_t4_s5,5,109.9763179,48.8921453,0.900209744,3.504047863,123.02,41.471,0.91481,3.4567,117.0,117.0,51.50645412,20.36028275,0.060686973,0.672496411,10.0,10.0,12615,18.7804,10261,523,19.6195,67,1.4035,0.0266,0.2183,0.1477,262144,4,5
maskappliedISO8bit_flucol594_kpcclusters_800nm_poc0_60745_20x_g55_1_MMStack_Pos5_t4_s6,6,111.9157455,49.47804895,0.900226923,3.577016084,120.34,44.578,0.91208,3.4474,143.0,143.0,47.97945018,17.80866734,0.0491386,0.712878244,12.0,12.0,13808,16.985,11144,539,20.6753,78,1.428,0.0204,0.2448,0.1501,262144,4,5
maskappliedISO8bit_flucol594_kpcclusters_800nm_poc0_60745_20x_g55_1_MMStack_Pos5_t4_s7,7,106.4635946,52.35492216,0.888103593,3.740034132,116.57,46.198,0.90407,3.6025,167.0,167.0,47.3711198,21.17680174,0.071845525,0.792466611,14.0,14.0,14311,16.3177,11709,540,21.6833,102,1.4389,0.0248,0.3127,0.134,262144,4,5
maskappliedISO8bit_flucol594_kpcclusters_800nm_poc0_60745_20x_g55_1_MMStack_Pos5_t4_s8,8,103.246177,49.80168919,0.889971216,3.657850676,116.74,40.95,0.899405,3.5064,148.0,148.0,57.37670744,21.74433265,0.063057323,0.81404028,16.0,16.0,12804,18.4737,10457,498,20.998,69,1.4094,0.0285,0.2476,0.1387,262144,4,5
maskappliedISO8bit_flucol594_kpcclusters_800nm_poc0_60745_20x_g55_1_MMStack_Pos5_t4_s9,9,99.67003889,52.2232037,0.890763827,3.775273457,107.22,47.7685,0.899055,3.69725,162.0,162.0,54.90441783,20.44431463,0.057982212,0.837377305,18.0,18.0,13430,17.5194,10916,522,20.9119,93,1.421,0.0302,0.2804,0.1102,262144,4,5
maskappliedISO8bit_flucol594_kpcclusters_800nm_poc0_60745_20x_g55_1_MMStack_Pos5_t5_s1,1,109.1730982,53.84361261,0.889410991,3.539640541,119.98,47.428,0.91064,3.4369,111.0,111.0,50.87828543,23.05537211,0.107993222,0.725184698,2.0,2.0,12826,18.4386,10365,533,19.4465,75,1.4067,0.0252,0.215,0.1416,262144,5,5
maskappliedISO8bit_flucol594_kpcclusters_800nm_poc0_60745_20x_g55_1_MMStack_Pos5_t5_s10,10,110.6155939,49.36794558,0.897201497,3.765729252,122.01,43.251,0.91104,3.511,147.0,147.0,54.91353946,19.93434263,0.061452385,0.911597358,20.0,20.0,12732,18.5895,10436,544,19.1838,72,1.409,0.0281,0.2614,0.11,262144,5,5
maskappliedISO8bit_flucol594_kpcclusters_800nm_poc0_60745_20x_g55_1_MMStack_Pos5_t5_s11,11,105.8302019,52.87237963,0.889496204,3.987676852,121.63,43.943,0.907355,3.6798,108.0,108.0,57.23307941,28.81300756,0.07105894,1.029218425,22.0,22.0,11600,20.5987,9400,527,17.8368,51,1.3901,0.0321,0.2205,0.126,262144,5,5
maskappliedISO8bit_flucol594_kpcclusters_800nm_poc0_60745_20x_g55_1_MMStack_Pos5_t5_s12,12,91.74915294,51.50536601,0.885367778,4.036575817,96.882,43.598,0.90452,3.7065,153.0,153.0,57.35760843,20.21743075,0.066828178,1.153786405,24.0,24.0,12225,19.4433,10014,522,19.1839,68,1.4091,0.0275,0.2621,0.1154,262144,5,5
maskappliedISO8bit_flucol594_kpcclusters_800nm_poc0_60745_20x_g55_1_MMStack_Pos5_t5_s13,13,102.7820051,52.63084058,0.892710362,4.085516667,113.29,44.652,0.907895,3.8312,138.0,138.0,55.7030218,25.58963082,0.070237784,1.129359225,26.0,26.0,11867,20.0902,9831,555,17.7135,60,1.3916,0.025,0.2671,0.0961,262144,5,5
maskappliedISO8bit_flucol594_kpcclusters_800nm_poc0_60745_20x_g55_1_MMStack_Pos5_t5_s14,14,95.84225252,56.36056835,0.879775468,4.020528777,100.3,48.703,0.894,3.8611,139.0,139.0,59.62154796,28.62056494,0.069517794,1.063158286,28.0,28.0,11481,20.8329,9520,487,19.5483,53,1.3803,0.0266,0.2667,0.1019,262144,5,5
maskappliedISO8bit_flucol594_kpcclusters_800nm_poc0_60745_20x_g55_1_MMStack_Pos5_t5_s15,15,100.5991149,52.41181818,0.891583802,3.882290083,103.67,44.359,0.90526,3.6025,121.0,121.0,57.21630318,25.34752424,0.066390394,1.054032943,30.0,30.0,10463,23.0545,8565,453,18.9073,50,1.3651,0.0222,0.2166,0.07185,262144,5,5
maskappliedISO8bit_flucol594_kpcclusters_800nm_poc0_60745_20x_g55_1_MMStack_Pos5_t5_s16,16,98.71544385,51.05008462,0.904393538,4.063006154,102.685,44.1245,0.917875,3.8178,130.0,130.0,54.5063691,18.94320035,0.061339334,1.113748498,32.0,32.0,10455,23.0736,8521,502,16.9741,44,1.3675,0.0248,0.228,0.04738,262144,5,5
maskappliedISO8bit_flucol594_kpcclusters_800nm_poc0_60745_20x_g55_1_MMStack_Pos5_t5_s17,17,92.79953606,51.71912121,0.899242485,4.104888485,97.496,46.355,0.91779,3.6999,165.0,165.0,56.46907216,20.54381079,0.061687393,1.274911351,34.0,34.0,11278,21.2439,9236,457,20.2101,75,1.3884,0.0201,0.263,0.05869,262144,5,5
maskappliedISO8bit_flucol594_kpcclusters_800nm_poc0_60745_20x_g55_1_MMStack_Pos5_t5_s18,18,92.4488662,55.72349296,0.88889838,4.07471338,90.6225,47.9895,0.908315,3.895,142.0,142.0,53.91245834,26.72385874,0.075110011,1.093340027,36.0,36.0,11485,20.825,9392,499,18.8216,46,1.3822,0.0208,0.2561,0.05129,262144,5,5
maskappliedISO8bit_flucol594_kpcclusters_800nm_poc0_60745_20x_g55_1_MMStack_Pos5_t5_s19,19,81.77921647,58.38428235,0.884661529,4.098551765,85.914,46.468,0.90282,4.0344,85.0,85.0,53.58842766,29.68905134,0.082385131,1.089435239,38.0,38.0,9414,25.8463,7534,364,20.6978,44,1.3383,0.0247,0.1837,0.03352,262144,5,5
maskappliedISO8bit_flucol594_kpcclusters_800nm_poc0_60745_20x_g55_1_MMStack_Pos5_t5_s2,2,109.7220985,51.08083459,0.901913835,3.563815038,116.57,43.612,0.91313,3.4554,133.0,133.0,49.49535355,26.0617998,0.052027389,0.668695382,4.0,4.0,12928,18.2773,10513,490,21.4551,63,1.4101,0.0255,0.2347,0.1564,262144,5,5
maskappliedISO8bit_flucol594_kpcclusters_800nm_poc0_60745_20x_g55_1_MMStack_Pos5_t5_s20,20,98.73313115,47.32947541,0.886037541,3.926190164,107.1,37.727,0.89041,3.8206,61.0,61.0,56.0066393,21.81058512,0.050245847,1.059312448,40.0,40.0,12972,18.2085,10504,532,19.7444,93,1.4172,0.0277,0.2343,0.02702,262144,5,5
maskappliedISO8bit_flucol594_kpcclusters_800nm_poc0_60745_20x_g55_1_MMStack_Pos5_t5_s21,21,89.46405625,45.39525,0.883017708,3.092520833,96.1595,41.3735,0.89732,2.9587,48.0,48.0,53.86058302,12.03876935,0.057808177,0.625414112,42.0,42.0,15650,14.7505,12786,702,18.2137,93,1.4635,0.0268,0.3978,0.0124,262144,5,5
maskappliedISO8bit_flucol594_kpcclusters_800nm_poc0_60745_20x_g55_1_MMStack_Pos5_t5_s22,22,87.46865,37.64985714,0.928802143,2.554435714,88.212,35.564,0.92908,2.48425,14.0,14.0,49.00747969,6.000819549,0.045379269,0.349404668,44.0,44.0,16299,14.0835,13345,751,17.7696,108,1.4766,0.0334,0.3795,0.02513,262144,5,5
maskappliedISO8bit_flucol594_kpcclusters_800nm_poc0_60745_20x_g55_1_MMStack_Pos5_t5_s23,23,84.3625,38.7756,0.932655333,2.4255,98.842,37.584,0.92491,2.4329,15.0,15.0,70.15950588,7.218837541,0.024996802,0.154904487,46.0,46.0,17028,13.3949,13981,762,18.3478,83,1.4864,0.0284,0.4342,0.03588,262144,5,5
maskappliedISO8bit_flucol594_kpcclusters_800nm_poc0_60745_20x_g55_1_MMStack_Pos5_t5_s24,24,74.1798619,42.86733333,0.918467143,2.397266667,75.379,38.697,0.93146,2.3289,21.0,21.0,58.64524344,9.797358951,0.045616708,0.185288286,48.0,48.0,16932,13.4822,13923,769,18.1053,93,1.4873,0.0308,0.4696,0.03627,262144,5,5
maskappliedISO8bit_flucol594_kpcclusters_800nm_poc0_60745_20x_g55_1_MMStack_Pos5_t5_s25,25,90.07115833,44.32069444,0.9173075,2.331727778,95.8915,41.365,0.918925,2.32085,36.0,36.0,55.26271815,13.66768578,0.038284551,0.1620758,50.0,50.0,17702,12.8088,14617,718,20.3579,100,1.4927,0.0345,0.5175,0.04398,262144,5,5
maskappliedISO8bit_flucol594_kpcclusters_800nm_poc0_60745_20x_g55_1_MMStack_Pos5_t5_s26,26,88.145048,42.58676,0.8969,2.3439,70.56,39.631,0.90396,2.299,25.0,25.0,55.93595921,15.17189859,0.040809476,0.184066614,52.0,52.0,17694,12.8155,14530,735,19.7687,96,1.495,0.0364,0.4868,0.03811,262144,5,5
maskappliedISO8bit_flucol594_kpcclusters_800nm_poc0_60745_20x_g55_1_MMStack_Pos5_t5_s27,27,92.48595185,40.51814815,0.917237407,2.438333333,102.72,38.827,0.9355,2.4298,27.0,27.0,60.09405583,7.363047898,0.053275759,0.20620622,54.0,54.0,17606,12.8895,14574,743,19.6151,102,1.4939,0.0357,0.4926,0.03562,262144,5,5
maskappliedISO8bit_flucol594_kpcclusters_800nm_poc0_60745_20x_g55_1_MMStack_Pos5_t5_s28,28,95.18400688,52.171,0.901780313,2.4050875,100.3445,53.318,0.920585,2.3722,32.0,32.0,61.84489995,15.40703026,0.057122695,0.23719193,56.0,56.0,17562,12.9268,14598,738,19.7805,114,1.492,0.0327,0.5124,0.02728,262144,5,5
maskappliedISO8bit_flucol594_kpcclusters_800nm_poc0_60745_20x_g55_1_MMStack_Pos5_t5_s3,3,117.243617,53.07915556,0.910951556,3.486805926,131.19,42.205,0.91759,3.4352,135.0,135.0,50.39795835,28.80247344,0.038901011,0.677872686,6.0,6.0,13299,17.7116,10734,468,22.9359,68,1.4155,0.0296,0.2278,0.1908,262144,5,5
maskappliedISO8bit_flucol594_kpcclusters_800nm_poc0_60745_20x_g55_1_MMStack_Pos5_t5_s4,4,109.8485925,51.54957143,0.89684102,3.502767347,118.39,46.65,0.90629,3.4347,147.0,147.0,51.73539734,20.03258985,0.05170511,0.634016892,8.0,8.0,13567,17.3222,11065,507,21.8245,73,1.4215,0.0283,0.2503,0.1658,262144,5,5
maskappliedISO8bit_flucol594_kpcclusters_800nm_poc0_60745_20x_g55_1_MMStack_Pos5_t5_s5,5,110.2227449,49.77817391,0.899511667,3.51232971,126.315,45.2955,0.90811,3.35965,138.0,138.0,49.40767699,19.38186225,0.053761485,0.742054897,10.0,10.0,13001,18.1634,10659,535,19.9234,82,1.4132,0.0225,0.237,0.1432,262144,5,5
maskappliedISO8bit_flucol594_kpcclusters_800nm_poc0_60745_20x_g55_1_MMStack_Pos5_t5_s6,6,120.0652348,49.45993077,0.899408923,3.535634615,130.685,43.738,0.907205,3.3912,130.0,130.0,44.85281629,20.32556441,0.054453994,0.704611224,12.0,12.0,13374,17.6011,10869,544,19.9798,66,1.4191,0.0286,0.2247,0.1532,262144,5,5
maskappliedISO8bit_flucol594_kpcclusters_800nm_poc0_60745_20x_g55_1_MMStack_Pos5_t5_s7,7,110.0501164,54.05511864,0.885892712,3.628915254,119.58,44.779,0.89659,3.5482,177.0,177.0,46.52588887,28.91340821,0.057789507,0.746811696,14.0,14.0,14481,16.1027,11789,537,21.9534,127,1.4423,0.0277,0.3209,0.0995,262144,5,5
maskappliedISO8bit_flucol594_kpcclusters_800nm_poc0_60745_20x_g55_1_MMStack_Pos5_t5_s8,8,112.4154131,50.45703125,0.893322,3.660588125,119.255,44.5155,0.904175,3.57215,160.0,160.0,48.09936842,20.08262873,0.054645783,0.739878052,16.0,16.0,13400,17.5631,10910,555,19.6577,76,1.4255,0.0301,0.282,0.1327,262144,5,5
maskappliedISO8bit_flucol594_kpcclusters_800nm_poc0_60745_20x_g55_1_MMStack_Pos5_t5_s9,9,107.5243837,47.79668072,0.899109036,3.650989157,120.655,44.38,0.909715,3.5947,166.0,166.0,55.21932904,16.41972682,0.050214489,0.80101971,18.0,18.0,13641,17.2174,11017,522,21.1054,75,1.4263,0.0285,0.2648,0.1074,262144,5,5
maskappliedISO8bit_flucol594_kpcclusters_800nm_poc0_60745_20x_g55_1_MMStack_Pos5_t6_s1,1,103.8576614,52.23270079,0.889023622,3.604422047,115.11,45.367,0.91471,3.4858,127.0,127.0,55.74330744,22.90169927,0.067378955,0.715567626,2.0,2.0,12740,18.5765,10324,520,19.8538,75,1.4097,0.0267,0.2269,0.1432,262144,6,5
maskappliedISO8bit_flucol594_kpcclusters_800nm_poc0_60745_20x_g55_1_MMStack_Pos5_t6_s10,10,103.6152335,52.13937267,0.88853646,3.683550311,118.61,44.298,0.89758,3.5024,161.0,161.0,56.94308459,25.28107328,0.064041869,0.877760158,20.0,20.0,12633,18.7508,10315,530,19.4623,78,1.4056,0.025,0.2618,0.1226,262144,6,5
maskappliedISO8bit_flucol594_kpcclusters_800nm_poc0_60745_20x_g55_1_MMStack_Pos5_t6_s11,11,104.0473197,51.08616239,0.899780769,3.957529915,118.89,46.348,0.91434,3.7046,117.0,117.0,57.23804007,19.88251966,0.052838823,1.177028203,22.0,22.0,11288,21.2233,9189,531,17.3051,55,1.3803,0.0227,0.2164,0.1112,262144,6,5
maskappliedISO8bit_flucol594_kpcclusters_800nm_poc0_60745_20x_g55_1_MMStack_Pos5_t6_s12,12,101.9500657,50.35967153,0.88243854,4.071859854,107.93,40.852,0.89462,3.7093,137.0,137.0,56.3522954,23.63344183,0.068327898,1.139934878,24.0,24.0,11563,20.671,9472,542,17.476,51,1.3835,0.0296,0.2557,0.1167,262144,6,5
maskappliedISO8bit_flucol594_kpcclusters_800nm_poc0_60745_20x_g55_1_MMStack_Pos5_t6_s13,13,108.8392589,51.34384247,0.895530959,4.100236986,127.955,45.1195,0.909085,3.9526,146.0,146.0,56.35600552,22.03050582,0.056098492,1.062950738,26.0,26.0,11934,19.9662,9864,525,18.7886,72,1.3975,0.0253,0.2779,0.1093,262144,6,5
maskappliedISO8bit_flucol594_kpcclusters_800nm_poc0_60745_20x_g55_1_MMStack_Pos5_t6_s14,14,92.43831849,51.04321918,0.901864589,4.041865753,102.355,43.1955,0.916325,3.76195,146.0,146.0,58.79718268,22.51602934,0.062461098,1.178843916,28.0,28.0,11262,21.2769,9310,498,18.6948,68,1.379,0.0252,0.2651,0.09354,262144,6,5
maskappliedISO8bit_flucol594_kpcclusters_800nm_poc0_60745_20x_g55_1_MMStack_Pos5_t6_s15,15,96.66302481,51.37223256,0.892180155,4.032645736,101.59,43.638,0.90952,3.8218,129.0,129.0,55.47425111,21.56499375,0.074283364,1.141304754,30.0,30.0,10415,23.1699,8537,490,17.4224,52,1.3616,0.0226,0.2193,0.08534,262144,6,5
maskappliedISO8bit_flucol594_kpcclusters_800nm_poc0_60745_20x_g55_1_MMStack_Pos5_t6_s16,16,91.61208,48.110125,0.898703333,4.0517025,90.0,42.326,0.910145,3.8792,120.0,120.0,55.19495641,18.30455201,0.060285704,1.093425462,32.0,32.0,10767,22.3471,8769,493,17.787,50,1.3717,0.0262,0.2276,0.05165,262144,6,5
maskappliedISO8bit_flucol594_kpcclusters_800nm_poc0_60745_20x_g55_1_MMStack_Pos5_t6_s17,17,94.90846786,51.77291071,0.873947202,4.0679125,93.335,45.633,0.899395,3.76135,168.0,168.0,55.27586875,20.24628104,0.085939761,1.233645318,34.0,34.0,11480,20.8349,9439,485,19.4619,60,1.3906,0.0278,0.268,0.04985,262144,6,5
maskappliedISO8bit_flucol594_kpcclusters_800nm_poc0_60745_20x_g55_1_MMStack_Pos5_t6_s18,18,100.3848664,50.97277397,0.894551438,4.054722603,102.685,43.9905,0.90864,3.85125,146.0,146.0,53.62605211,19.94706253,0.05718925,1.085168553,36.0,36.0,11588,20.6221,9572,492,19.4553,60,1.3872,0.0255,0.2679,0.06257,262144,6,5
maskappliedISO8bit_flucol594_kpcclusters_800nm_poc0_60745_20x_g55_1_MMStack_Pos5_t6_s19,19,86.86522475,56.10779208,0.889899802,3.955279208,88.315,45.845,0.8997,3.8134,101.0,101.0,58.47746875,26.00313235,0.058061077,0.952889396,38.0,38.0,9887,24.5141,7947,381,20.8583,55,1.3441,0.0211,0.1979,0.04669,262144,6,5
maskappliedISO8bit_flucol594_kpcclusters_800nm_poc0_60745_20x_g55_1_MMStack_Pos5_t6_s2,2,113.9513535,50.56210078,0.898726667,3.577013953,122.62,43.012,0.90787,3.4909,129.0,129.0,50.70204843,19.50764857,0.051373594,0.673436921,4.0,4.0,13028,18.1217,10529,498,21.1426,86,1.4127,0.0269,0.2306,0.1629,262144,6,5
maskappliedISO8bit_flucol594_kpcclusters_800nm_poc0_60745_20x_g55_1_MMStack_Pos5_t6_s20,20,88.03173228,47.72478481,0.882025949,3.956565823,84.644,41.658,0.90685,3.8457,79.0,79.0,56.68823312,19.08157996,0.080793351,1.125132314,40.0,40.0,11754,20.3026,9491,478,19.8556,62,1.3858,0.0269,0.2188,0.0422,262144,6,5
maskappliedISO8bit_flucol594_kpcclusters_800nm_poc0_60745_20x_g55_1_MMStack_Pos5_t6_s21,21,97.99851698,44.28422642,0.892299245,3.287318868,98.13,38.973,0.90513,3.2257,53.0,53.0,57.94127126,13.16392538,0.059142243,0.893313333,42.0,42.0,15039,15.431,12407,697,17.8006,71,1.4531,0.0344,0.356,0.01509,262144,6,5
maskappliedISO8bit_flucol594_kpcclusters_800nm_poc0_60745_20x_g55_1_MMStack_Pos5_t6_s22,22,94.18951739,39.32508696,0.900327391,2.524447826,98.881,38.08,0.91616,2.3904,23.0,23.0,62.50524855,7.155492235,0.046952909,0.376747332,44.0,44.0,15861,14.5276,12930,716,18.0587,104,1.4709,0.0328,0.4043,0.01976,262144,6,5
maskappliedISO8bit_flucol594_kpcclusters_800nm_poc0_60745_20x_g55_1_MMStack_Pos5_t6_s23,23,136.824,48.071,0.917676316,2.393442105,151.61,45.786,0.92539,2.3603,19.0,19.0,34.53131085,15.58164193,0.040220958,0.167561971,46.0,46.0,16976,13.4421,14052,794,17.6977,100,1.4878,0.0321,0.4485,0.03213,262144,6,5
maskappliedISO8bit_flucol594_kpcclusters_800nm_poc0_60745_20x_g55_1_MMStack_Pos5_t6_s24,24,82.62410333,43.16423333,0.915574333,2.325133333,86.5035,38.738,0.918115,2.29225,30.0,30.0,50.35398484,14.37252505,0.037056697,0.175455587,48.0,48.0,17928,12.6221,14748,756,19.5079,107,1.5004,0.0307,0.454,0.04697,262144,6,5
maskappliedISO8bit_flucol594_kpcclusters_800nm_poc0_60745_20x_g55_1_MMStack_Pos5_t6_s25,25,126.2486781,40.80459375,0.92170125,2.434640625,143.785,36.4665,0.92889,2.4092,32.0,32.0,52.69804944,11.72229218,0.03926379,0.195076482,50.0,50.0,17916,12.6319,14624,739,19.7889,118,1.498,0.0336,0.4987,0.04261,262144,6,5
maskappliedISO8bit_flucol594_kpcclusters_800nm_poc0_60745_20x_g55_1_MMStack_Pos5_t6_s26,26,71.84990455,40.24068182,0.915540909,2.405386364,61.6975,36.8275,0.91907,2.3478,22.0,22.0,65.78473446,9.125075857,0.04411658,0.239400878,52.0,52.0,17787,12.738,14638,722,20.2742,125,1.4971,0.0327,0.4671,0.03577,262144,6,5
maskappliedISO8bit_flucol594_kpcclusters_800nm_poc0_60745_20x_g55_1_MMStack_Pos5_t6_s27,27,88.16593143,41.32085714,0.910646571,2.410077143,84.472,38.964,0.91137,2.3926,35.0,35.0,64.53739783,11.98426926,0.041881216,0.184922246,54.0,54.0,17817,12.7132,14644,720,20.3389,106,1.4982,0.0342,0.4981,0.04448,262144,6,5
maskappliedISO8bit_flucol594_kpcclusters_800nm_poc0_60745_20x_g55_1_MMStack_Pos5_t6_s28,28,83.634772,41.51688,0.9132252,2.382812,91.507,40.086,0.92611,2.381,25.0,25.0,58.13557788,8.741089618,0.044046439,0.1782472,56.0,56.0,17540,12.9455,14468,749,19.3164,123,1.4953,0.0309,0.4804,0.04078,262144,6,5
maskappliedISO8bit_flucol594_kpcclusters_800nm_poc0_60745_20x_g55_1_MMStack_Pos5_t6_s3,3,108.2399597,52.75813333,0.903884444,3.505546667,119.05,45.253,0.91258,3.4222,135.0,135.0,50.40603766,23.27601823,0.051669391,0.708192614,6.0,6.0,13182,17.8866,10735,511,21.0078,78,1.4154,0.0242,0.2269,0.1794,262144,6,5
maskappliedISO8bit_flucol594_kpcclusters_800nm_poc0_60745_20x_g55_1_MMStack_Pos5_t6_s4,4,113.7637657,50.02233333,0.899240942,3.510526087,125.19,45.3785,0.912795,3.4783,138.0,138.0,50.0045793,22.00520746,0.055955956,0.713322297,8.0,8.0,13278,17.7428,10792,515,20.9553,63,1.4177,0.0282,0.2374,0.1611,262144,6,5
maskappliedISO8bit_flucol594_kpcclusters_800nm_poc0_60745_20x_g55_1_MMStack_Pos5_t6_s5,5,108.5454338,48.74697122,0.901164388,3.600103597,115.82,41.906,0.91112,3.6041,139.0,139.0,52.04911597,20.65398246,0.05096857,0.633416494,10.0,10.0,13253,17.78,10859,509,21.334,92,1.4172,0.0222,0.2483,0.1356,262144,6,5
maskappliedISO8bit_flucol594_kpcclusters_800nm_poc0_60745_20x_g55_1_MMStack_Pos5_t6_s6,6,114.6331009,51.52548718,0.904487692,3.508295726,128.96,46.324,0.91713,3.3577,117.0,117.0,46.74756924,23.01505706,0.050312955,0.643774242,12.0,12.0,13112,17.9928,10744,542,19.8229,68,1.4136,0.0299,0.2299,0.1475,262144,6,5
maskappliedISO8bit_flucol594_kpcclusters_800nm_poc0_60745_20x_g55_1_MMStack_Pos5_t6_s7,7,114.3527025,48.47106918,0.891957799,3.54978239,125.91,42.13,0.90275,3.4776,159.0,159.0,46.96122915,19.82715295,0.06120669,0.730633864,14.0,14.0,13737,17.0831,11095,515,21.5437,71,1.4269,0.0305,0.2831,0.1268,262144,6,5
maskappliedISO8bit_flucol594_kpcclusters_800nm_poc0_60745_20x_g55_1_MMStack_Pos5_t6_s8,8,110.4012953,52.12082105,0.884257421,3.774200526,120.53,45.4935,0.903865,3.6615,190.0,190.0,50.89379773,22.12748922,0.06983444,0.812519445,16.0,16.0,14380,16.2298,11775,519,22.6879,101,1.4382,0.0302,0.341,0.09398,262144,6,5
maskappliedISO8bit_flucol594_kpcclusters_800nm_poc0_60745_20x_g55_1_MMStack_Pos5_t6_s9,9,112.4913955,48.71496154,0.891308077,3.69033141,128.89,43.779,0.89843,3.51045,156.0,156.0,52.92782966,17.03569437,0.05034107,0.875090426,18.0,18.0,13584,17.2981,11128,551,20.196,86,1.4234,0.0277,0.2579,0.1113,262144,6,5
maskappliedISO8bit_flucol594_kpcclusters_800nm_poc0_60745_20x_g55_1_MMStack_Pos5_t7_s1,1,106.8039975,48.06829661,0.900979746,3.530185593,121.065,42.5715,0.91029,3.43515,118.0,118.0,55.24583466,18.61461229,0.049947177,0.726425385,2.0,2.0,12136,19.6006,9782,493,19.8418,59,1.3935,0.0244,0.2041,0.08897,262144,7,5
maskappliedISO8bit_flucol594_kpcclusters_800nm_poc0_60745_20x_g55_1_MMStack_Pos5_t7_s10,10,109.6236237,51.88296711,0.891061053,3.721721053,124.435,47.046,0.900205,3.639,152.0,152.0,52.35856828,19.6739869,0.067660891,0.932706602,20.0,20.0,13416,17.5397,10899,541,20.146,68,1.4241,0.0248,0.2593,0.115,262144,7,5
maskappliedISO8bit_flucol594_kpcclusters_800nm_poc0_60745_20x_g55_1_MMStack_Pos5_t7_s11,11,108.9238053,52.77346903,0.886067788,3.875180531,120.07,46.182,0.9033,3.4973,113.0,113.0,54.98983391,21.44152139,0.066739614,1.171057719,22.0,22.0,11130,21.553,9224,530,17.4038,41,1.3764,0.0262,0.214,0.09366,262144,7,5
maskappliedISO8bit_flucol594_kpcclusters_800nm_poc0_60745_20x_g55_1_MMStack_Pos5_t7_s12,12,96.76144094,51.13017323,0.882371339,4.000962992,105.95,46.153,0.89889,3.7972,127.0,127.0,58.7258715,21.51563854,0.068873152,1.152175743,24.0,24.0,10961,21.9162,9020,524,17.2137,53,1.3788,0.0303,0.2279,0.119,262144,7,5
maskappliedISO8bit_flucol594_kpcclusters_800nm_poc0_60745_20x_g55_1_MMStack_Pos5_t7_s13,13,98.93002294,50.34614706,0.894920706,4.196939412,109.065,42.7235,0.91426,3.958,170.0,170.0,58.6337434,23.36781115,0.071810945,1.231630253,26.0,26.0,12051,19.753,9843,543,18.1271,58,1.3969,0.0248,0.2874,0.1198,262144,7,5
maskappliedISO8bit_flucol594_kpcclusters_800nm_poc0_60745_20x_g55_1_MMStack_Pos5_t7_s14,14,95.22996475,51.8181223,0.893746906,4.00643741,104.04,44.44,0.9116,3.8607,139.0,139.0,59.86270489,21.25574688,0.065498215,1.077206759,28.0,28.0,11236,21.3308,9290,479,19.3946,59,1.3802,0.0183,0.2617,0.097,262144,7,5
maskappliedISO8bit_flucol594_kpcclusters_800nm_poc0_60745_20x_g55_1_MMStack_Pos5_t7_s15,15,100.2537402,53.26769231,0.885184274,3.971484615,105.75,44.303,0.89916,3.6464,117.0,117.0,55.16970403,27.32548641,0.066336459,1.275238164,30.0,30.0,10433,23.1265,8472,478,17.7238,42,1.3661,0.0279,0.2223,0.06473,262144,7,5
maskappliedISO8bit_flucol594_kpcclusters_800nm_poc0_60745_20x_g55_1_MMStack_Pos5_t7_s16,16,86.33076066,49.61,0.901608033,4.160540164,87.222,41.788,0.915935,3.95275,122.0,122.0,57.24982362,22.00262314,0.062657974,1.23745788,32.0,32.0,10414,23.1724,8526,514,16.5875,51,1.3636,0.0295,0.2203,0.04952,262144,7,5
maskappliedISO8bit_flucol594_kpcclusters_800nm_poc0_60745_20x_g55_1_MMStack_Pos5_t7_s17,17,92.25396676,49.19830216,0.899734388,4.146271942,95.44,42.63,0.90855,3.8029,139.0,139.0,57.85110737,18.44632338,0.053999384,1.24181614,34.0,34.0,11167,21.475,9244,471,19.6263,66,1.3837,0.029,0.2423,0.06396,262144,7,5
maskappliedISO8bit_flucol594_kpcclusters_800nm_poc0_60745_20x_g55_1_MMStack_Pos5_t7_s18,18,98.60232,53.06146154,0.898244846,4.08816,97.7455,47.6315,0.911905,3.73325,130.0,130.0,56.4595357,22.15781819,0.067207091,1.312468626,36.0,36.0,10884,22.0854,9007,471,19.1231,57,1.3712,0.0234,0.237,0.07057,262144,7,5
maskappliedISO8bit_flucol594_kpcclusters_800nm_poc0_60745_20x_g55_1_MMStack_Pos5_t7_s19,19,82.4895581,55.15067619,0.883308857,4.061559048,79.046,47.022,0.90015,4.0285,105.0,105.0,54.07802805,24.05210512,0.068430264,0.955426869,38.0,38.0,9523,25.5276,7796,402,19.393,46,1.3336,0.0259,0.1928,0.03864,262144,7,5
maskappliedISO8bit_flucol594_kpcclusters_800nm_poc0_60745_20x_g55_1_MMStack_Pos5_t7_s2,2,106.181159,48.84944444,0.901546319,3.592734722,118.21,45.025,0.914555,3.48875,144.0,144.0,53.15234737,15.66950973,0.053561126,0.850954946,4.0,4.0,13349,17.6378,10715,492,21.7785,86,1.4187,0.031,0.2496,0.1285,262144,7,5
maskappliedISO8bit_flucol594_kpcclusters_800nm_poc0_60745_20x_g55_1_MMStack_Pos5_t7_s20,20,94.22191684,58.56592982,0.862403333,4.120133333,99.866,52.124,0.88257,3.955,57.0,57.0,55.5996776,31.62891699,0.087026416,1.0176856,40.0,40.0,10610,22.7073,8618,409,21.0709,59,1.3556,0.0209,0.1934,0.02516,262144,7,5
maskappliedISO8bit_flucol594_kpcclusters_800nm_poc0_60745_20x_g55_1_MMStack_Pos5_t7_s21,21,88.041125,47.4542,0.875789,3.39882,91.6905,41.583,0.893635,3.1893,60.0,60.0,54.21048239,18.22119986,0.076772136,0.824417405,42.0,42.0,14750,15.7725,12112,632,19.1646,88,1.4476,0.0348,0.3102,0.0292,262144,7,5
maskappliedISO8bit_flucol594_kpcclusters_800nm_poc0_60745_20x_g55_1_MMStack_Pos5_t7_s22,22,89.74425152,45.17509091,0.891684545,2.649684848,100.12,41.09,0.91095,2.5558,33.0,33.0,58.11892409,16.21930329,0.088815118,0.488800828,44.0,44.0,16787,13.6159,13708,720,19.0389,109,1.4828,0.0335,0.4172,0.03334,262144,7,5
maskappliedISO8bit_flucol594_kpcclusters_800nm_poc0_60745_20x_g55_1_MMStack_Pos5_t7_s23,23,96.18164286,40.88414286,0.896625238,2.32722381,103.63,37.372,0.9086,2.2999,21.0,21.0,52.64378095,10.62557142,0.04304037,0.147794816,46.0,46.0,17041,13.3832,14023,780,17.9782,105,1.4858,0.0333,0.4165,0.03714,262144,7,5
maskappliedISO8bit_flucol594_kpcclusters_800nm_poc0_60745_20x_g55_1_MMStack_Pos5_t7_s24,24,88.7353875,41.2843125,0.924258125,2.34086875,81.2025,38.601,0.934495,2.31235,16.0,16.0,73.48593402,9.422402651,0.026516632,0.163357873,48.0,48.0,17587,12.9056,14462,724,19.9751,118,1.4928,0.0245,0.451,0.03198,262144,7,5
maskappliedISO8bit_flucol594_kpcclusters_800nm_poc0_60745_20x_g55_1_MMStack_Pos5_t7_s25,25,90.37717308,42.53592308,0.932872308,2.433273077,99.9295,41.434,0.933895,2.36615,26.0,26.0,64.19663431,8.800520566,0.031981261,0.264982238,50.0,50.0,17583,12.909,14514,768,18.8984,108,1.496,0.0313,0.5009,0.04039,262144,7,5
maskappliedISO8bit_flucol594_kpcclusters_800nm_poc0_60745_20x_g55_1_MMStack_Pos5_t7_s26,26,85.40975455,42.12086364,0.935305,2.460795455,97.963,36.727,0.93965,2.4097,22.0,22.0,72.58839631,15.18378539,0.035938492,0.192722201,52.0,52.0,17673,12.8331,14575,731,19.9384,114,1.4946,0.0325,0.4928,0.04016,262144,7,5
maskappliedISO8bit_flucol594_kpcclusters_800nm_poc0_60745_20x_g55_1_MMStack_Pos5_t7_s27,27,109.8238871,42.56403226,0.907319677,2.479116129,126.87,37.265,0.92195,2.4641,31.0,31.0,60.4723815,12.08309145,0.055651412,0.242903593,54.0,54.0,17541,12.9447,14425,743,19.4145,100,1.4905,0.0349,0.4864,0.02871,262144,7,5
maskappliedISO8bit_flucol594_kpcclusters_800nm_poc0_60745_20x_g55_1_MMStack_Pos5_t7_s28,28,94.74371714,40.1478,0.91816,2.396457143,95.44,38.094,0.92025,2.331,35.0,35.0,57.62548733,9.782561183,0.048455061,0.196929209,56.0,56.0,18019,12.5483,14914,759,19.6495,105,1.4974,0.0369,0.4977,0.04882,262144,7,5
maskappliedISO8bit_flucol594_kpcclusters_800nm_poc0_60745_20x_g55_1_MMStack_Pos5_t7_s3,3,107.2217308,50.60050376,0.90044188,3.537597744,122.47,42.069,0.91734,3.5367,133.0,133.0,51.71438577,23.2138936,0.057721711,0.648724537,6.0,6.0,13377,17.5967,10945,506,21.6304,88,1.4153,0.0288,0.2302,0.142,262144,7,5
maskappliedISO8bit_flucol594_kpcclusters_800nm_poc0_60745_20x_g55_1_MMStack_Pos5_t7_s4,4,113.3219375,49.96628571,0.895941905,3.551109524,130.805,41.5925,0.901105,3.4654,126.0,126.0,51.77271263,22.94118006,0.046111772,0.688948303,8.0,8.0,13024,18.1278,10659,470,22.6787,75,1.4118,0.0249,0.2372,0.1384,262144,7,5
maskappliedISO8bit_flucol594_kpcclusters_800nm_poc0_60745_20x_g55_1_MMStack_Pos5_t7_s5,5,107.2720599,52.61008759,0.891898759,3.609627737,119.05,49.087,0.89957,3.5952,137.0,137.0,54.74119248,21.86848467,0.057577859,0.657364698,10.0,10.0,13599,17.2768,11080,513,21.5984,75,1.4271,0.0265,0.2519,0.1475,262144,7,5
maskappliedISO8bit_flucol594_kpcclusters_800nm_poc0_60745_20x_g55_1_MMStack_Pos5_t7_s6,6,118.3416155,52.8335814,0.895083721,3.684044186,128.52,44.828,0.91198,3.4921,129.0,129.0,48.1266138,23.76384659,0.061937243,0.816996133,12.0,12.0,12938,18.2616,10643,507,20.9921,77,1.4112,0.024,0.2536,0.1452,262144,7,5
maskappliedISO8bit_flucol594_kpcclusters_800nm_poc0_60745_20x_g55_1_MMStack_Pos5_t7_s7,7,113.2094551,49.46900735,0.900690809,3.573108088,122.375,43.042,0.907395,3.46735,136.0,136.0,49.64934678,20.0401077,0.044895688,0.7766915,14.0,14.0,14258,16.3858,11577,539,21.4787,87,1.4384,0.0298,0.2534,0.1439,262144,7,5
maskappliedISO8bit_flucol594_kpcclusters_800nm_poc0_60745_20x_g55_1_MMStack_Pos5_t7_s8,8,103.596813,48.99989189,0.889038703,3.663153514,112.17,43.385,0.9011,3.5542,185.0,185.0,52.28747309,18.7122296,0.064073287,0.788599502,16.0,16.0,14205,16.4544,11649,531,21.9379,81,1.4368,0.0326,0.3172,0.09965,262144,7,5
maskappliedISO8bit_flucol594_kpcclusters_800nm_poc0_60745_20x_g55_1_MMStack_Pos5_t7_s9,9,101.9747627,48.74757333,0.886876067,3.664796667,117.6,43.522,0.89975,3.4501,150.0,150.0,54.20494808,17.38479567,0.064859439,0.847031685,18.0,18.0,13280,17.7398,10726,507,21.1558,84,1.4206,0.034,0.2533,0.1083,262144,7,5
maskappliedISO8bit_flucol594_kpcclusters_800nm_poc0_60745_20x_g55_1_MMStack_Pos5_t8_s1,1,104.7611895,52.28276271,0.891841102,3.696225424,119.785,46.9555,0.89759,3.5996,118.0,118.0,52.92746485,22.73600585,0.057679496,0.736188777,2.0,2.0,12876,18.3592,10390,469,22.1535,94,1.4118,0.0285,0.2281,0.1064,262144,8,5
maskappliedISO8bit_flucol594_kpcclusters_800nm_poc0_60745_20x_g55_1_MMStack_Pos5_t8_s10,10,106.8103712,48.13053205,0.893624679,3.831683974,122.0,41.7295,0.91218,3.5865,156.0,156.0,54.16885105,19.15308455,0.077539629,0.951688885,20.0,20.0,13087,18.0309,10691,570,18.7561,65,1.4187,0.0269,0.2512,0.09106,262144,8,5
maskappliedISO8bit_flucol594_kpcclusters_800nm_poc0_60745_20x_g55_1_MMStack_Pos5_t8_s11,11,100.0195784,49.07310345,0.885617586,3.920222414,116.015,42.3875,0.90162,3.72055,116.0,116.0,55.13752105,18.86303471,0.074611847,1.230150103,22.0,22.0,11179,21.4498,9166,521,17.5931,50,1.3792,0.0251,0.2071,0.1087,262144,8,5
maskappliedISO8bit_flucol594_kpcclusters_800nm_poc0_60745_20x_g55_1_MMStack_Pos5_t8_s12,12,96.98452451,52.26005882,0.885642941,4.191776471,106.845,44.5625,0.912255,3.95265,102.0,102.0,56.60867523,21.25147677,0.078017565,1.303101017,24.0,24.0,10771,22.338,8717,533,16.3546,40,1.3778,0.0229,0.2021,0.1439,262144,8,5
maskappliedISO8bit_flucol594_kpcclusters_800nm_poc0_60745_20x_g55_1_MMStack_Pos5_t8_s13,13,98.37229524,53.45360544,0.894140612,4.148237415,102.34,44.313,0.90984,3.8417,147.0,147.0,58.63707646,25.67545357,0.07825783,1.159903498,26.0,26.0,11709,20.3883,9675,509,19.0079,63,1.39,0.0282,0.2678,0.1254,262144,8,5
maskappliedISO8bit_flucol594_kpcclusters_800nm_poc0_60745_20x_g55_1_MMStack_Pos5_t8_s14,14,102.4055057,51.22324204,0.891979236,4.111821656,110.32,43.737,0.90969,3.9546,157.0,157.0,55.37046273,22.7678572,0.07101511,1.123367788,28.0,28.0,11959,19.9203,9927,528,18.8011,83,1.3925,0.0239,0.2767,0.1026,262144,8,5
maskappliedISO8bit_flucol594_kpcclusters_800nm_poc0_60745_20x_g55_1_MMStack_Pos5_t8_s15,15,97.69393958,51.94854861,0.891366528,3.931747917,98.914,46.0565,0.904775,3.71615,144.0,144.0,56.68230524,21.3842523,0.062529997,1.15819508,30.0,30.0,10922,22.0016,8913,460,19.3761,73,1.3725,0.0255,0.2494,0.08466,262144,8,5
maskappliedISO8bit_flucol594_kpcclusters_800nm_poc0_60745_20x_g55_1_MMStack_Pos5_t8_s16,16,96.17735667,47.30985,0.905054583,4.032945,92.953,40.5565,0.919675,3.78775,120.0,120.0,58.46515512,19.47881166,0.06251684,1.217467127,32.0,32.0,10000,24.2145,8285,429,19.3124,65,1.3647,0.0252,0.222,0.05918,262144,8,5
maskappliedISO8bit_flucol594_kpcclusters_800nm_poc0_60745_20x_g55_1_MMStack_Pos5_t8_s17,17,96.24825584,49.97701299,0.894111299,4.088181169,99.215,44.988,0.913075,3.702,154.0,154.0,59.87363018,20.08809585,0.083147518,1.230182936,34.0,34.0,11169,21.4708,9083,469,19.3667,63,1.3851,0.0287,0.2485,0.04495,262144,8,5
maskappliedISO8bit_flucol594_kpcclusters_800nm_poc0_60745_20x_g55_1_MMStack_Pos5_t8_s18,18,96.87422113,52.36376056,0.891128239,4.258024648,95.6705,45.8895,0.90778,3.9562,142.0,142.0,55.29694235,22.3292768,0.062255647,1.330532575,36.0,36.0,11081,21.6572,9176,506,18.1344,61,1.3743,0.0251,0.2432,0.06521,262144,8,5
maskappliedISO8bit_flucol594_kpcclusters_800nm_poc0_60745_20x_g55_1_MMStack_Pos5_t8_s19,19,85.72712737,55.6262,0.891996,4.199727368,88.025,46.129,0.90508,4.2036,95.0,95.0,55.50341204,27.1322058,0.071112945,0.941480653,38.0,38.0,10025,24.1491,8156,403,20.2382,52,1.3557,0.0236,0.193,0.06934,262144,8,5
maskappliedISO8bit_flucol594_kpcclusters_800nm_poc0_60745_20x_g55_1_MMStack_Pos5_t8_s2,2,109.5812029,53.62890647,0.891052806,3.502341007,125.71,46.17,0.9081,3.441,139.0,139.0,52.08810829,24.1349156,0.068632945,0.735085403,4.0,4.0,13441,17.5034,10856,537,20.216,84,1.4175,0.0254,0.2442,0.1443,262144,8,5
maskappliedISO8bit_flucol594_kpcclusters_800nm_poc0_60745_20x_g55_1_MMStack_Pos5_t8_s20,20,88.64776912,53.68979412,0.887433088,4.209811765,89.1085,45.56,0.900705,4.14335,68.0,68.0,57.41509769,22.68272446,0.060762446,1.17015939,40.0,40.0,10355,23.3158,8484,451,18.8115,44,1.3714,0.0238,0.1854,0.06772,262144,8,5
maskappliedISO8bit_flucol594_kpcclusters_800nm_poc0_60745_20x_g55_1_MMStack_Pos5_t8_s21,21,98.74579216,48.32321569,0.885391765,3.634823529,104.04,40.666,0.88935,3.4926,51.0,51.0,55.64809871,23.6505198,0.04807437,1.036181544,42.0,42.0,14898,15.596,11989,660,18.1652,73,1.4489,0.0295,0.3427,0.02571,262144,8,5
maskappliedISO8bit_flucol594_kpcclusters_800nm_poc0_60745_20x_g55_1_MMStack_Pos5_t8_s22,22,95.14084571,41.76528571,0.888275143,2.664797143,92.49,38.166,0.89582,2.5819,35.0,35.0,58.69297736,10.06394173,0.045178142,0.431103833,44.0,44.0,15537,14.8723,12660,677,18.7001,88,1.4635,0.0328,0.3825,0.01824,262144,8,5
maskappliedISO8bit_flucol594_kpcclusters_800nm_poc0_60745_20x_g55_1_MMStack_Pos5_t8_s23,23,116.6639667,39.31306667,0.914921333,2.421333333,122.01,37.869,0.91629,2.4222,15.0,15.0,61.46598449,7.693426072,0.0425977,0.217896115,46.0,46.0,17244,13.2021,14083,748,18.8275,97,1.4905,0.0276,0.4108,0.02971,262144,8,5
maskappliedISO8bit_flucol594_kpcclusters_800nm_poc0_60745_20x_g55_1_MMStack_Pos5_t8_s24,24,78.99394259,44.71574074,0.909364444,2.472462963,73.6275,40.22,0.924755,2.43055,54.0,54.0,62.46869017,15.7783786,0.067270884,0.289064519,48.0,48.0,17358,13.1023,14319,795,18.0113,86,1.491,0.0303,0.5678,0.03341,262144,8,5
maskappliedISO8bit_flucol594_kpcclusters_800nm_poc0_60745_20x_g55_1_MMStack_Pos5_t8_s25,25,81.56477692,45.17826923,0.908243077,2.392380769,83.4825,40.197,0.919935,2.3684,26.0,26.0,51.61423653,15.68390717,0.050516191,0.183770792,50.0,50.0,17736,12.7804,14628,772,18.9482,118,1.4964,0.0346,0.4546,0.05634,262144,8,5
maskappliedISO8bit_flucol594_kpcclusters_800nm_poc0_60745_20x_g55_1_MMStack_Pos5_t8_s26,26,73.768224,44.42924,0.88533,2.470076,91.848,38.993,0.9121,2.4277,25.0,25.0,62.73542633,13.68928102,0.123962918,0.271064331,52.0,52.0,17896,12.6482,14722,743,19.8143,109,1.4966,0.0315,0.4896,0.03465,262144,8,5
maskappliedISO8bit_flucol594_kpcclusters_800nm_poc0_60745_20x_g55_1_MMStack_Pos5_t8_s27,27,108.1531629,40.43685714,0.930004286,2.412742857,111.8,37.574,0.9336,2.3664,21.0,21.0,62.13320024,11.17027354,0.033215624,0.253654843,54.0,54.0,17815,12.7148,14598,736,19.8342,108,1.4977,0.0317,0.4712,0.0383,262144,8,5
maskappliedISO8bit_flucol594_kpcclusters_800nm_poc0_60745_20x_g55_1_MMStack_Pos5_t8_s28,28,100.9591273,47.8795,0.916077273,2.305677273,114.11,44.3395,0.92601,2.311,22.0,22.0,68.78455312,17.14538859,0.040653288,0.105953098,56.0,56.0,17719,12.7946,14634,749,19.5381,91,1.4971,0.0293,0.4706,0.04765,262144,8,5
maskappliedISO8bit_flucol594_kpcclusters_800nm_poc0_60745_20x_g55_1_MMStack_Pos5_t8_s3,3,118.5923946,50.88173077,0.902801538,3.512156154,131.81,43.189,0.910235,3.4393,130.0,130.0,49.6822322,19.13726684,0.046261699,0.631238081,6.0,6.0,12848,18.4036,10502,476,22.063,75,1.4056,0.0242,0.2291,0.1397,262144,8,5
maskappliedISO8bit_flucol594_kpcclusters_800nm_poc0_60745_20x_g55_1_MMStack_Pos5_t8_s4,4,110.6614804,51.58793919,0.898280405,3.681675676,125.2,44.063,0.916745,3.55495,148.0,148.0,52.43485343,23.333125,0.070282739,0.840209279,8.0,8.0,13991,16.7367,11302,501,22.5589,91,1.4307,0.0241,0.2715,0.1532,262144,8,5
maskappliedISO8bit_flucol594_kpcclusters_800nm_poc0_60745_20x_g55_1_MMStack_Pos5_t8_s5,5,105.6948418,48.32779433,0.900140993,3.492312057,120.26,44.571,0.90957,3.4123,141.0,141.0,54.4541624,17.3141551,0.048703448,0.650315878,10.0,10.0,13304,17.7042,10818,540,20.0333,59,1.4183,0.025,0.2442,0.1511,262144,8,5
maskappliedISO8bit_flucol594_kpcclusters_800nm_poc0_60745_20x_g55_1_MMStack_Pos5_t8_s6,6,115.9321965,49.95435252,0.901856763,3.592307914,125.22,44.726,0.91039,3.5037,139.0,139.0,47.83875875,18.91362888,0.055854399,0.714502202,12.0,12.0,12932,18.271,10669,494,21.5972,76,1.4072,0.0319,0.2408,0.151,262144,8,5
maskappliedISO8bit_flucol594_kpcclusters_800nm_poc0_60745_20x_g55_1_MMStack_Pos5_t8_s7,7,112.0145143,50.10989286,0.89532,3.544709286,126.5,45.5885,0.90025,3.44955,140.0,140.0,49.25345131,18.79145153,0.049373824,0.67529725,14.0,14.0,14106,16.5839,11417,531,21.5009,85,1.4338,0.0299,0.2553,0.1276,262144,8,5
maskappliedISO8bit_flucol594_kpcclusters_800nm_poc0_60745_20x_g55_1_MMStack_Pos5_t8_s8,8,109.7085325,52.42263402,0.889830825,3.822969072,122.595,45.701,0.896975,3.693,194.0,194.0,52.72313257,22.47300866,0.056556025,0.864575007,16.0,16.0,14697,15.8366,12113,552,21.9438,102,1.4465,0.0301,0.36,0.08142,262144,8,5
maskappliedISO8bit_flucol594_kpcclusters_800nm_poc0_60745_20x_g55_1_MMStack_Pos5_t8_s9,9,105.8032735,50.32357419,0.893884194,3.710554839,118.89,43.942,0.90755,3.5525,155.0,155.0,52.6255177,19.13742666,0.073549159,0.900731171,18.0,18.0,13388,17.5806,10954,523,20.9446,79,1.4263,0.0293,0.2706,0.1044,262144,8,5
maskappliedISO8bit_flucol594_kpcclusters_800nm_poc0_60745_20x_g55_1_MMStack_Pos5_t9_s1,1,110.7586027,51.58164602,0.898591947,3.546049558,128.05,46.159,0.9158,3.3993,113.0,113.0,54.99599168,19.5002186,0.057594741,0.789443927,2.0,2.0,12309,19.297,9913,498,19.9056,68,1.3987,0.0244,0.2092,0.1012,262144,9,5
maskappliedISO8bit_flucol594_kpcclusters_800nm_poc0_60745_20x_g55_1_MMStack_Pos5_t9_s10,10,96.84896966,49.90564138,0.880265862,3.761223448,101.59,45.037,0.89386,3.5144,145.0,145.0,56.30571606,19.53660286,0.066840214,0.958810267,20.0,20.0,13286,17.7309,10758,527,20.4137,76,1.421,0.0274,0.2613,0.1167,262144,9,5
maskappliedISO8bit_flucol594_kpcclusters_800nm_poc0_60745_20x_g55_1_MMStack_Pos5_t9_s11,11,103.2610756,49.36743511,0.899170458,3.743438168,119.54,44.625,0.91331,3.5263,131.0,131.0,55.0061542,18.06192272,0.06220982,0.964592009,22.0,22.0,11687,20.4305,9496,501,18.9541,64,1.3907,0.0269,0.2211,0.1103,262144,9,5
maskappliedISO8bit_flucol594_kpcclusters_800nm_poc0_60745_20x_g55_1_MMStack_Pos5_t9_s12,12,98.95744327,50.27965385,0.889178462,4.258764423,102.09,44.695,0.90418,4.09535,104.0,104.0,56.08000675,18.43389062,0.064361562,1.265195023,24.0,24.0,10101,23.9524,8260,488,16.9262,44,1.3519,0.0218,0.1898,0.1318,262144,9,5
maskappliedISO8bit_flucol594_kpcclusters_800nm_poc0_60745_20x_g55_1_MMStack_Pos5_t9_s13,13,104.3478265,50.25224503,0.894028874,4.105576821,112.07,43.478,0.90474,3.7519,151.0,151.0,56.47598963,19.22381538,0.060867502,1.242213113,26.0,26.0,11828,20.1631,9805,485,20.2165,71,1.3932,0.0236,0.2612,0.13,262144,9,5
maskappliedISO8bit_flucol594_kpcclusters_800nm_poc0_60745_20x_g55_1_MMStack_Pos5_t9_s14,14,110.2871425,50.6259085,0.895539935,4.04047451,126.87,43.404,0.9105,3.7032,153.0,153.0,54.88699582,19.60064022,0.064418164,1.157236637,28.0,28.0,12013,19.8218,9949,511,19.4697,75,1.3976,0.0257,0.2666,0.1103,262144,9,5
maskappliedISO8bit_flucol594_kpcclusters_800nm_poc0_60745_20x_g55_1_MMStack_Pos5_t9_s15,15,87.91632545,50.62022764,0.897150244,4.012496748,88.603,45.416,0.90841,3.6711,123.0,123.0,55.99507539,20.34057968,0.056996427,1.30353508,30.0,30.0,11050,21.7235,8905,499,17.8457,52,1.3749,0.0293,0.2432,0.07776,262144,9,5
maskappliedISO8bit_flucol594_kpcclusters_800nm_poc0_60745_20x_g55_1_MMStack_Pos5_t9_s16,16,83.98762281,49.62386842,0.897422018,4.122300877,74.5415,43.7505,0.910775,3.80745,114.0,114.0,59.53165465,18.74619638,0.058957798,1.20269591,32.0,32.0,10452,23.0808,8499,473,17.9683,58,1.3745,0.0291,0.2246,0.065,262144,9,5
maskappliedISO8bit_flucol594_kpcclusters_800nm_poc0_60745_20x_g55_1_MMStack_Pos5_t9_s17,17,92.3125792,49.52796,0.90036224,4.1021064,96.582,43.386,0.9121,3.8374,125.0,125.0,57.72327907,21.53730985,0.059399387,1.148763907,34.0,34.0,10484,23.0043,8583,476,18.0315,52,1.3731,0.019,0.2286,0.05002,262144,9,5
maskappliedISO8bit_flucol594_kpcclusters_800nm_poc0_60745_20x_g55_1_MMStack_Pos5_t9_s18,18,87.52322639,51.57453472,0.896759444,4.035922222,88.556,43.596,0.903555,3.761,144.0,144.0,60.32332575,22.73950113,0.070012081,1.103280535,36.0,36.0,11240,21.3225,9175,509,18.0255,40,1.3855,0.0255,0.2423,0.05213,262144,9,5
maskappliedISO8bit_flucol594_kpcclusters_800nm_poc0_60745_20x_g55_1_MMStack_Pos5_t9_s19,19,92.82040756,52.92294958,0.893032017,4.049347059,93.447,43.093,0.91154,3.9516,119.0,119.0,55.21685528,26.11612123,0.067369327,1.111896335,38.0,38.0,10546,22.8573,8611,485,17.7546,50,1.3731,0.0262,0.2148,0.07316,262144,9,5
maskappliedISO8bit_flucol594_kpcclusters_800nm_poc0_60745_20x_g55_1_MMStack_Pos5_t9_s2,2,107.9477568,48.6230339,0.905549153,3.55519322,121.79,41.3445,0.914825,3.4586,118.0,118.0,55.2508348,20.93453743,0.047919971,0.776726272,4.0,4.0,12607,18.7936,10168,517,19.6673,65,1.402,0.0317,0.2078,0.1342,262144,9,5
maskappliedISO8bit_flucol594_kpcclusters_800nm_poc0_60745_20x_g55_1_MMStack_Pos5_t9_s20,20,92.58249898,53.19985714,0.878170204,3.955296939,100.121,44.4295,0.89142,3.6644,98.0,98.0,57.96976578,25.83585868,0.061359384,1.112245687,40.0,40.0,12322,19.2745,9997,518,19.2992,61,1.3993,0.0259,0.2995,0.05286,262144,9,5
maskappliedISO8bit_flucol594_kpcclusters_800nm_poc0_60745_20x_g55_1_MMStack_Pos5_t9_s21,21,97.55251159,46.69750725,0.887353478,3.43766087,99.866,41.086,0.90274,3.3243,69.0,69.0,56.59347197,18.14298937,0.051410525,0.874192804,42.0,42.0,14854,15.6481,12122,667,18.1739,88,1.4513,0.0312,0.3286,0.04275,262144,9,5
maskappliedISO8bit_flucol594_kpcclusters_800nm_poc0_60745_20x_g55_1_MMStack_Pos5_t9_s22,22,102.1637,43.34321739,0.876412174,2.550343478,101.07,40.624,0.88455,2.5778,23.0,23.0,56.00601031,14.1996373,0.068756114,0.220086585,44.0,44.0,15657,14.743,12769,754,16.935,83,1.4642,0.0316,0.3802,0.02139,262144,9,5
maskappliedISO8bit_flucol594_kpcclusters_800nm_poc0_60745_20x_g55_1_MMStack_Pos5_t9_s23,23,102.906075,41.0105,0.91064375,2.347666667,102.305,39.5715,0.91185,2.3416,24.0,24.0,60.66144665,12.73234437,0.037982164,0.175793965,46.0,46.0,17005,13.4158,14033,803,17.4757,103,1.4882,0.0291,0.413,0.02665,262144,9,5
maskappliedISO8bit_flucol594_kpcclusters_800nm_poc0_60745_20x_g55_1_MMStack_Pos5_t9_s24,24,76.58597917,39.486,0.918190417,2.4124125,75.6785,37.14,0.9244,2.3668,24.0,24.0,68.73863168,10.12619752,0.047714817,0.209457787,48.0,48.0,17115,13.3167,14180,783,18.1098,111,1.4877,0.0309,0.4556,0.01767,262144,9,5
maskappliedISO8bit_flucol594_kpcclusters_800nm_poc0_60745_20x_g55_1_MMStack_Pos5_t9_s25,25,120.0903333,46.476,0.899409333,2.413666667,133.67,46.562,0.91307,2.424,15.0,15.0,55.31637326,12.07306804,0.050511706,0.200261415,50.0,50.0,17781,12.743,14625,781,18.726,107,1.4971,0.0327,0.4549,0.05123,262144,9,5
maskappliedISO8bit_flucol594_kpcclusters_800nm_poc0_60745_20x_g55_1_MMStack_Pos5_t9_s26,26,96.29164839,42.02480645,0.923442581,2.402593548,98.471,37.778,0.92551,2.36,31.0,31.0,67.44990568,11.12638127,0.031876282,0.224166731,52.0,52.0,18124,12.464,14821,751,19.735,110,1.5025,0.0378,0.4661,0.03037,262144,9,5
maskappliedISO8bit_flucol594_kpcclusters_800nm_poc0_60745_20x_g55_1_MMStack_Pos5_t9_s27,27,83.2136063,42.13637037,0.917878889,2.390292593,96.116,37.194,0.9237,2.3675,27.0,27.0,60.32265001,11.99475321,0.038261034,0.161143414,54.0,54.0,18363,12.2757,15183,775,19.591,123,1.5077,0.0329,0.4962,0.04937,262144,9,5
maskappliedISO8bit_flucol594_kpcclusters_800nm_poc0_60745_20x_g55_1_MMStack_Pos5_t9_s28,28,76.244844,47.27052,0.89211,2.362796,88.152,44.724,0.91833,2.3179,25.0,25.0,62.62035579,17.33433975,0.090612785,0.147466453,56.0,56.0,18028,12.541,14808,748,19.7968,122,1.5012,0.0332,0.492,0.02988,262144,9,5
maskappliedISO8bit_flucol594_kpcclusters_800nm_poc0_60745_20x_g55_1_MMStack_Pos5_t9_s3,3,114.2521746,50.52051587,0.89537746,3.441263492,126.25,46.479,0.90649,3.3149,126.0,126.0,51.77882307,19.39909566,0.058743245,0.628809526,6.0,6.0,12546,18.8947,10275,495,20.7576,75,1.4032,0.025,0.2264,0.1518,262144,9,5
maskappliedISO8bit_flucol594_kpcclusters_800nm_poc0_60745_20x_g55_1_MMStack_Pos5_t9_s4,4,108.1527014,53.57016667,0.895391667,3.603111111,126.195,44.357,0.90574,3.55445,144.0,144.0,54.13661916,25.39712862,0.055559972,0.680391657,8.0,8.0,13664,17.1851,11127,479,23.2296,80,1.4244,0.027,0.271,0.1511,262144,9,5
maskappliedISO8bit_flucol594_kpcclusters_800nm_poc0_60745_20x_g55_1_MMStack_Pos5_t9_s5,5,103.2406165,51.26449351,0.891730519,3.571378571,125.15,45.532,0.90112,3.4232,154.0,154.0,59.21229889,18.67926788,0.056667457,0.777993975,10.0,10.0,13986,16.7434,11352,513,22.1287,84,1.4297,0.0276,0.2711,0.1532,262144,9,5
maskappliedISO8bit_flucol594_kpcclusters_800nm_poc0_60745_20x_g55_1_MMStack_Pos5_t9_s6,6,110.7884284,49.25527536,0.899324058,3.507360145,127.865,41.135,0.91155,3.4267,138.0,138.0,55.73676463,19.1811655,0.065999688,0.676279674,12.0,12.0,13195,17.867,10890,511,21.3112,64,1.4149,0.0267,0.2454,0.1413,262144,9,5
maskappliedISO8bit_flucol594_kpcclusters_800nm_poc0_60745_20x_g55_1_MMStack_Pos5_t9_s7,7,104.3085087,48.54874016,0.900213386,3.622730709,113.96,40.963,0.913,3.5004,127.0,127.0,51.77285564,18.88676983,0.06241704,0.73793766,14.0,14.0,13472,17.4585,10905,562,19.4039,84,1.423,0.024,0.2342,0.1339,262144,9,5
maskappliedISO8bit_flucol594_kpcclusters_800nm_poc0_60745_20x_g55_1_MMStack_Pos5_t9_s8,8,98.83223239,49.34757042,0.903180775,3.563655634,106.42,42.8875,0.91262,3.41665,142.0,142.0,52.19822574,18.47550785,0.053939326,0.777159498,16.0,16.0,13421,17.5324,10870,531,20.4708,91,1.4256,0.0257,0.268,0.08263,262144,9,5
maskappliedISO8bit_flucol594_kpcclusters_800nm_poc0_60745_20x_g55_1_MMStack_Pos5_t9_s9,9,106.1296791,48.15299419,0.885480756,3.718926744,116.57,42.8185,0.90424,3.52665,172.0,172.0,51.71836743,17.93852373,0.070253224,0.888907089,18.0,18.0,13359,17.6231,10965,553,19.8282,77,1.4185,0.0294,0.2912,0.1036,262144,9,5
