image_name,slice,mean_HistANG,mean_HistLEN,mean_HistSTR,mean_HistWID,median_HistANG,median_HistLEN,median_HistSTR,median_HistWID,n_HistANG,std_HistANG,std_HistLEN,std_HistSTR,std_HistWID,z_depth_HistANG,Area (microns^2),Lacunarity,Total Length (microns),Endpoints,HGU (microns),Branchpoints,Box-Counting Fractal Dimension,Curvature_40.0,% High Density Matrix,Alignment,TotalImageArea,texture_mean_asmmean.,texture_mean_contrastmean.,texture_mean_correlationmean.,texture_mean_dissimilaritymean.,texture_mean_glcmmeanmean.,texture_mean_glcmvariancemean.,texture_mean_homogeneitymean.,texture_median_asmmean.,texture_median_contrastmean.,texture_median_correlationmean.,texture_median_dissimilaritymean.,texture_median_glcmmeanmean.,texture_median_glcmvariancemean.,texture_median_homogeneitymean.,texture_std_asmmean.,texture_std_contrastmean.,texture_std_correlationmean.,texture_std_dissimilaritymean.,texture_std_glcmmeanmean.,texture_std_glcmvariancemean.,texture_std_homogeneitymean.,concentration,type,roi,texture3d_mean_autoc,texture3d_mean_corrm,texture3d_mean_corrp,texture3d_mean_cprom,texture3d_mean_cshad,texture3d_mean_denth,texture3d_mean_dissi,texture3d_mean_dvarh,texture3d_mean_energ,texture3d_mean_entro,texture3d_mean_homom,texture3d_mean_homop,texture3d_mean_idmnc,texture3d_mean_indnc,texture3d_mean_inf1h,texture3d_mean_inf2h,texture3d_mean_maxpr,texture3d_mean_savgh,texture3d_mean_senth,texture3d_mean_sosvh,texture3d_mean_svarh,texture3d_median_autoc,texture3d_median_corrm,texture3d_median_corrp,texture3d_median_cprom,texture3d_median_cshad,texture3d_median_denth,texture3d_median_dissi,texture3d_median_dvarh,texture3d_median_energ,texture3d_median_entro,texture3d_median_homom,texture3d_median_homop,texture3d_median_idmnc,texture3d_median_indnc,texture3d_median_inf1h,texture3d_median_inf2h,texture3d_median_maxpr,texture3d_median_savgh,texture3d_median_senth,texture3d_median_sosvh,texture3d_median_svarh,texture3d_std_autoc,texture3d_std_contr,texture3d_std_corrm,texture3d_std_corrp,texture3d_std_cprom,texture3d_std_cshad,texture3d_std_denth,texture3d_std_dissi,texture3d_std_energ,texture3d_std_entro,texture3d_std_homom,texture3d_std_homop,texture3d_std_idmnc,texture3d_std_indnc,texture3d_std_inf1h,texture3d_std_inf2h,texture3d_std_maxpr,texture3d_std_savgh,texture3d_std_senth,texture3d_std_sosvh,texture3d_std_svarh,distance3d,neighbor3d,bin_num3d
appliedMASKiso_flu_1mgml_roi1_8bit.ome,1,67.73730588,62.71588235,0.914933529,3.880352941,69.444,44.395,0.91865,3.6728,17,47.14118627,36.03834439,0.046700007,0.7472079,1,2449,51.521,2041,57,35.807,13,1.1355,0.0154,0.0713,0.1884,131072,0.571846902,1512.605469,0.381140113,16.86145401,18.80333138,1377.791748,0.742114544,0.551433802,1552.366089,0.421773374,17.11932945,17.49537086,1465.519653,0.750340402,0.263716757,928.6878662,0.165282786,10.46558189,14.54953289,904.4402466,0.178374037,1mgml,flu,roi1,2016.265291,42802.95979,31383.63481,172.6945306,65476.02608,63944.92347,2673.268379,1921.829586,1360.999926,63786.58958,3679.649661,3684.384775,3680.932153,3684.584482,33624.13127,2024.04745,3576.458471,2931.553679,63986.38059,3418.927793,759.2391701,397,38556,31102,15,65535,65470,755,480,92,65159,844,848,858,854,33640,93,787,628,65433,1028,43,3432.272552,3335.751038,16475.44707,2246.470357,508.4485151,394.6176994,3897.888791,4285.241642,3117.377186,3610.357112,5804.009187,5801.292851,5832.214024,5831.372848,182.2825979,5307.694377,5692.614263,4801.353347,3719.129795,4657.848492,2100.537038,D1,N8,t
appliedMASKiso_flu_1mgml_roi1_8bit.ome,2,74.95613077,63.34969231,0.927725385,4.282923077,73.009,39.402,0.93416,4.4899,13,59.75645637,57.00510807,0.035414414,0.837649535,2,2483,50.7882,2072,63,32.8889,10,1.1374,0.016,0.0773,0.2058,131072,0.569990933,1495.11438,0.392286628,16.75449944,18.61474228,1409.750122,0.744350612,0.536976874,1595.395142,0.419225574,17.79815865,17.93386841,1537.706299,0.7409482,0.251094639,883.5944824,0.182304293,9.934587479,13.21251106,887.5422363,0.164497048,1mgml,flu,roi1,2204.823673,43542.45172,31361.39758,209.9116503,65466.19482,63775.16033,2981.693786,2137.617371,1424.519243,63634.19902,4008.444547,4013.865353,4019.038938,4021.561043,33625.03751,2447.840144,3844.721618,3203.043795,63826.98837,3727.423961,793.7512018,476,38556,31102,16,65535,65470,857,557,104,65159,1000,1002,1002,1003,33640,96.5,949,745,65433,1225,46.5,3774.024356,3655.580533,16645.27894,2279.36209,826.20188,552.5559697,4322.460171,4704.050332,3252.781556,3990.43523,6328.683418,6326.188037,6370.843724,6368.360299,126.5928721,5825.510319,6090.125408,5261.406106,4111.506633,5003.236631,2499.257653,D1,N8,t
appliedMASKiso_flu_1mgml_roi1_8bit.ome,3,80.1425625,69.0845,0.9057725,3.673225,71.5825,49.742,0.91636,3.60335,16,58.08042262,49.00142506,0.046210994,0.647384291,3,2483,50.7882,2024,52,38.9231,6,1.1559,0.0114,0.0776,0.3025,131072,0.561736107,1532.345825,0.417772353,17.06720543,19.59477997,1500.335815,0.738440633,0.536907971,1641.140381,0.436259449,18.06583214,18.62386513,1560.380859,0.741588771,0.254009664,892.9337769,0.167023987,10.02084923,13.97559834,963.4692383,0.167295784,1mgml,flu,roi1,2375.005452,43805.15691,31391.62829,225.8232139,65460.57524,63670.43671,3122.038942,2272.205889,1576.044391,63534.83601,4276.510282,4280.64726,4263.311197,4269.743952,33625.85492,2048.324074,4193.061158,3423.351863,63725.19851,4014.138258,779.1664531,576,38556,31102,13,65535,65470,1000,661,142,65159,1197,1198,1201,1199,33640,86,1112,898,65433,1474,37,4130.687484,4140.984412,16784.81204,2273.125413,816.709293,566.0448192,4672.465821,5137.515394,3609.675347,4293.4647,6784.635754,6775.389771,6823.253841,6820.397792,122.1027289,5339.938659,6607.942338,5694.140743,4435.945698,5313.668093,2445.925392,D1,N8,t
appliedMASKiso_flu_1mgml_roi1_8bit.ome,4,92.58478947,64.56905263,0.920207895,3.546994737,72.474,42.649,0.92731,3.3243,19,54.92307952,45.56400133,0.032068675,0.839712847,4,2550,49.4012,2116,54,39.1852,13,1.1654,0.0218,0.0881,0.2358,131072,0.528247356,1602.635376,0.409188867,18.07465172,22.19732666,1532.651123,0.708016157,0.508080542,1671.59082,0.446009785,18.61941528,18.92409897,1497.305664,0.722618937,0.281109273,953.1524658,0.156701237,10.90353775,17.19061279,1000.593079,0.198310956,1mgml,flu,roi1,2527.118915,44679.76171,31450.57138,265.2635967,65434.85096,63380.51775,3328.888853,2377.487394,1806.315579,63255.08326,4646.033819,4653.719708,4632.21254,4639.538598,33624.86523,1967.278817,4470.081174,3680.295829,63448.3949,4083.61122,1015.169608,600,45777,31102,12,65535,65470,1061,700,152,65159,1252,1254,1256,1257,33640,86,1139,936,65433,1532,58,4442.748915,4296.106732,16804.60084,2280.12505,820.0147026,669.4911982,5332.825265,5505.869205,4148.437786,4924.611775,7424.394039,7421.237945,7465.00463,7463.313737,109.1007396,5083.658445,7091.75247,6173.69912,5051.065633,5256.577594,3014.781468,D1,N8,t
appliedMASKiso_flu_1mgml_roi1_8bit.ome,5,97.94117647,67.14570588,0.936208235,3.885782353,83.418,60.63,0.93766,3.9044,17,60.95673614,26.00164229,0.024448993,0.826736693,5,2505,50.3245,2087,61,34.2131,7,1.1635,0.0202,0.0816,0.2097,131072,0.538995206,1530.921021,0.405112267,17.34683418,22.47087288,1508.930908,0.71238178,0.562304974,1518.75354,0.458717525,16.82177925,16.40779686,1361.020264,0.757650435,0.290166974,907.0133057,0.164667547,10.54740143,19.00752831,1046.207397,0.208655596,1mgml,flu,roi1,2528.815282,45210.3392,31453.80644,370.6604072,65412.15044,63345.54766,3316.527886,2383.879627,1937.929552,63221.18293,4606.169386,4612.810179,4590.443514,4597.903088,33623.0098,1975.513428,4514.778159,3665.339322,63413.81388,3999.476083,1229.228216,570,47875.5,31102,13,65535,65470,1020,661,128,65159,1165,1172,1186,1183,33638,86,1085,887,65433,1463,42,4630.543308,4413.59119,16770.09529,2346.866665,1105.770558,825.9256877,5628.701206,5633.691782,4824.878953,5247.988314,7718.138654,7714.526818,7728.803063,7732.18216,178.8829722,5204.465907,7542.90055,6412.943589,5358.102668,5239.751506,3648.724781,D1,N8,t
appliedMASKiso_flu_1mgml_roi1_8bit.ome,6,80.59838889,57.62216667,0.91254,3.577977778,67.4595,46.836,0.919615,3.2604,18,57.46448654,30.64712575,0.029521195,0.909213493,6,2110,60.1199,1797,52,34.5577,11,1.1255,0.0121,0.0701,0.1364,131072,0.569005191,1490.49231,0.386143625,16.69161797,20.58197784,1473.889771,0.735591471,0.597902834,1436.68457,0.405506015,15.67497444,14.47348213,1222.698242,0.78010273,0.278888375,899.7149658,0.173972517,10.37824345,18.25784874,1102.841064,0.19664146,1mgml,flu,roi1,2458.229871,45538.97698,31423.92689,450.2222529,65405.88033,63416.96737,3195.547355,2328.384102,1734.251829,63309.01443,4398.172305,4402.207535,4388.679633,4394.613665,33622.46465,2182.765548,4295.272528,3531.097737,63495.18653,3935.192165,1113.408865,536,49777,31102,13,65535,65470,939,609,109,65159,1105.5,1111,1119,1118,33637,86,1031,836.5,65433,1382,28,4724.612624,4575.723459,16533.66465,2393.211984,1458.71322,962.907774,5606.590913,5715.525548,4360.577752,5151.082169,7628.979132,7619.006512,7667.442282,7665.417026,135.4547549,5711.251537,7321.846838,6442.780809,5287.429331,5338.157062,3532.599818,D1,N8,t
appliedMASKiso_flu_1mgml_roi1_8bit.ome,7,87.64923529,55.87447059,0.924927647,3.987570588,84.289,52.146,0.9272,4.0259,17,54.78716433,25.42836708,0.043245273,0.762292419,7,2059,61.6586,1787,57,31.3509,12,1.1191,0.0091,0.0669,0.03719,131072,0.610004902,1378.899048,0.375515848,15.34386921,17.82114601,1338.196289,0.765704274,0.639022231,1310.721191,0.385990739,14.26458168,12.39022923,1068.37085,0.804791272,0.263567835,883.105896,0.173416436,10.14444923,16.61777878,1060.959106,0.182869017,1mgml,flu,roi1,2478.595112,46036.86317,31380.47183,369.7346594,65424.67825,63393.21587,3191.608735,2326.899169,1629.892497,63288.33522,4431.000549,4434.962948,4415.955333,4422.803841,33621.63563,2616.987635,4362.371369,3557.356344,63469.73505,4066.607122,932.1373327,588,50700,31102,11,65535,65470,979,648,108,65159,1209,1216,1217,1218,33632,96,1139,916,65433,1510,24,4717.173317,4494.58543,16421.18095,2351.722481,1195.851692,834.7939094,5597.5676,5649.178967,4096.545197,5147.734896,7607.661156,7596.451186,7639.085435,7638.205368,131.9270143,6146.588203,7353.909597,6429.120978,5293.5444,5474.53998,3080.846622,D1,N8,t
appliedMASKiso_flu_1mgml_roi1_8bit.ome,8,88.548925,57.924375,0.9295575,3.901325,89.2045,47.264,0.940735,3.83385,16,59.37067554,33.8215855,0.041987953,1.064372918,8,2474,50.9802,2091,66,31.6818,11,1.1483,0.0105,0.0782,0.0408,131072,0.623944819,1275.619507,0.365222037,14.37874889,16.48626709,1219.712036,0.777006328,0.663190305,1163.030518,0.362261623,12.92228889,11.86168766,1023.601624,0.820118964,0.252235353,809.7385864,0.187768385,9.360752106,15.46120644,949.3736572,0.173753887,1mgml,flu,roi1,2601.078696,47579.6647,31454.56274,342.8270378,65416.86565,63140.50558,3425.032879,2482.489254,1762.957775,63055.88444,4718.154783,4723.325278,4720.746899,4725.157268,33620.9696,1898.589533,4555.611915,3768.653644,63227.62371,4192.45396,1043.267815,657,51807,31102,10,65535,65453,1081,700,118,65159,1365,1371,1367,1368,33627,79,1248,1024,65433,1677,28,4808.357393,4657.324237,16533.6781,2460.294077,1126.05384,845.6104699,6036.084354,5917.654212,4515.109068,5595.485658,7964.74001,7957.040963,8016.312873,8012.97771,121.2848665,5060.701584,7666.676879,6653.920174,5738.850628,5430.653666,3361.234943,D1,N8,t
appliedMASKiso_flu_1mgml_roi1_8bit.ome,9,73.32339286,70.95042857,0.929759286,4.046571429,66.0435,47.372,0.938975,4.2574,14,47.84724966,54.15801528,0.02700396,0.946856368,9,2658,47.3126,2226,56,39.75,10,1.1601,0.0149,0.0793,0.04085,131072,0.631218791,1237.208984,0.391794711,13.90983963,16.18376541,1232.684448,0.783534884,0.662369609,1163.967529,0.405467123,12.94068336,12.09530449,1052.145752,0.819456875,0.24244611,762.6889038,0.189251691,8.792194366,14.64196777,930.8192749,0.164594442,1mgml,flu,roi1,2756.948907,47435.82104,31332.59724,355.8060016,65402.56403,62967.91092,3588.988609,2604.957952,1888.342545,62890.27998,4968.74162,4973.93987,4963.495584,4969.398575,33618.81812,2436.508016,4828.556228,3978.624718,63058.74734,4391.191811,1105.179899,747,51824,31102,11,65535,65429,1183,778,142,65159,1548,1557,1557,1558,33624,86,1438,1163,65413,1893,27,4987.379679,4770.990918,16276.14087,2292.125182,1039.185758,856.1720483,6318.35948,6058.958553,4821.125738,5886.756798,8232.076064,8224.230334,8263.992049,8263.895549,152.4352016,6272.802375,7982.284493,6884.563651,6022.284051,5515.210171,3509.950233,D1,N8,t
appliedMASKiso_flu_1mgml_roi1_8bit.ome,10,91.24486667,63.36125,0.925514167,3.547808333,84.1705,42.8295,0.92488,3.48125,12,45.75026895,40.71912419,0.033719831,0.829800719,10,2016,63.0164,1666,48,34.7083,7,1.0931,0.0109,0.0577,0.01451,131072,0.70406884,1026.977051,0.448156595,11.05026627,13.25436401,1135.54187,0.83252424,0.761285067,857.5264282,0.520664096,9.043606758,9.13164711,887.4544067,0.876287341,0.217203632,724.3016357,0.190108374,7.955015659,12.40690327,913.5037842,0.138843313,1mgml,flu,roi1,2688.008875,46721.36342,31364.94849,260.8791141,65430.86788,63142.97118,3115.385503,2288.418908,1940.188428,62991.90279,4787.927219,4793.183524,4678.263835,4700.883547,33622.50352,2461.438703,5001.642924,3813.45551,63196.95271,4430.102561,885.7091983,764,51713,31102,8,65535,65435,1061,700,172.5,65159,1568,1574,1532,1541,33627,87,1573,1166,65416,1926,29,4849.632105,4240.983229,15862.52263,2362.580403,820.5531254,707.7207016,5913.56914,5315.896999,5010.617532,5637.173434,7937.559174,7931.935628,7795.466371,7823.370964,113.3365923,5994.392239,8179.672918,6593.086745,5697.868156,5677.713695,3018.865946,D1,N8,t
appliedMASKiso_flu_1mgml_roi1_8bit.ome,11,99.977,64.4745625,0.931305625,3.75549375,87.1085,63.1365,0.931475,3.87165,16,47.85084469,28.22198276,0.031495979,0.666389391,11,2085,60.8647,1722,56,30.75,5,1.1046,0.0099,0.0597,0.09127,131072,0.703479707,1007.053406,0.467297405,10.91348839,13.2496233,1140.478882,0.832526565,0.755579829,810.2974854,0.519806802,8.661561012,9.5846138,936.0091553,0.873570681,0.212114334,716.0216064,0.198595047,7.894847393,11.90240765,879.0341187,0.135548845,1mgml,flu,roi1,2730.362118,46860.44259,31351.06193,272.9946368,65427.77412,63123.51853,3215.470899,2366.560054,1908.65325,62980.77813,4839.509062,4844.252514,4743.488183,4763.884063,33621.76711,2391.230731,5026.366548,3871.003514,63180.05515,4490.163913,902.8663966,807,51766,31102,10,65535,65433,1102,726,180,65159,1652,1657,1606,1614,33627,92,1682,1230,65415,2036,29,4840.295984,4339.101927,16050.13968,2377.424777,867.4210745,725.0353815,5914.099498,5445.385858,4932.435002,5639.996168,7909.928297,7903.794662,7809.845786,7830.80195,157.3842899,5950.584997,8091.348265,6597.722986,5710.352411,5654.97789,3107.662456,D1,N8,t
appliedMASKiso_flu_1mgml_roi1_8bit.ome,12,101.9865,72.86183333,0.929171667,4.022825,82.4795,62.0485,0.92882,3.701,12,45.222568,37.51314785,0.027290241,1.086213562,12,2386,52.9342,1960,51,38.4314,10,1.1114,0.0144,0.0768,0.04597,131072,0.654835701,1135.510986,0.423862308,12.75319195,14.83885574,1168.460083,0.800660133,0.70104003,955.8417969,0.47545734,10.62660027,11.71873856,1085.260986,0.842395663,0.228095144,741.7212524,0.205224931,8.455536842,12.76111507,824.6055908,0.1520897,1mgml,flu,roi1,2792.495473,47825.51154,31273.14574,286.4780288,65415.41653,62977.67205,3492.893898,2539.341486,1937.014679,62877.80478,5019.369818,5025.355654,4977.996586,4989.881845,33620.94727,2441.538173,5005.668877,4009.856476,63059.71449,4494.681034,1033.70365,817,51923,31102,11,65535,65429,1204,791,170,65159,1681,1688,1657,1665,33627,104,1655,1258,65412,2059,37,4887.991399,4506.295574,16494.20191,2397.992894,951.2429021,799.3185378,6230.419879,5785.126225,4995.227604,5872.506517,8165.12833,8163.761911,8141.631094,8151.287764,153.6037406,6035.258897,8039.640443,6766.4756,5962.149953,5539.636837,3478.639399,D1,N8,t
appliedMASKiso_flu_1mgml_roi1_8bit.ome,13,88.2495,56.5880625,0.905146875,4.01584375,96.6605,49.2585,0.919495,4.03645,16,59.74026008,29.56239864,0.046751043,0.968473055,13,2475,50.9588,1981,64,30.9531,9,1.1316,0.013,0.0799,0.08277,131072,0.647533476,1206.154663,0.387382537,13.48107147,14.63304329,1141.128296,0.795959651,0.697815776,1003.019958,0.432292372,11.13252831,10.92281914,972.4333496,0.840421796,0.231068522,796.1914063,0.187846929,8.998893738,12.33852577,822.1588745,0.152588263,1mgml,flu,roi1,2692.692597,48433.11459,31359.64729,281.8578555,65423.35031,63043.30992,3362.057852,2463.30398,1864.647796,62930.39996,4858.596227,4863.67887,4805.258041,4818.817718,33619.70172,2712.592952,4896.33446,3867.464872,63116.3694,4408.529006,957.6426217,707.5,51993,31102,9,65535,65436,1041,687,152,65159,1461,1469,1434,1442,33626,97,1465,1087,65418,1801,35,4814.810515,4564.613419,16412.20122,2562.131794,1035.779167,804.4080971,6074.210174,5722.799116,4893.245597,5718.251218,7998.668575,7991.203548,7967.215005,7977.079095,150.2477852,6470.475702,8011.26437,6638.917972,5816.838741,5609.136771,3299.641133,D1,N8,t
appliedMASKiso_flu_1mgml_roi1_8bit.ome,14,99.11377895,56.69252632,0.917860526,3.759331579,127.57,49.727,0.93825,3.8932,19,57.09057692,30.37402876,0.046148537,0.897820363,14,3033,41.2156,2411,68,35.4559,15,1.1921,0.0134,0.0915,0.1109,131072,0.619790018,1289.304688,0.374725074,14.55222988,15.85137939,1195.575317,0.777485371,0.679312348,1111.946777,0.376568705,12.4022274,10.68451023,924.8787842,0.82949841,0.234444112,764.1942749,0.164869443,8.789377213,13.3563242,858.1413574,0.158286542,1mgml,flu,roi1,2784.855434,48852.24153,31388.87553,351.2489494,65401.60744,62919.0696,3540.18085,2602.556088,1925.612911,62823.84928,5015.389823,5020.487105,4970.368481,4982.722497,33620.28883,2558.028986,4959.216531,3998.236341,63005.3424,4469.644168,1085.540952,769,52023,31102,13,65535,65420,1143,765,155,65159,1574,1580,1537,1547,33624,93,1573,1174,65402,1939,29,4990.602887,4789.472694,16521.32157,2591.702802,1233.001726,927.8634842,6352.811905,5965.362572,5110.050629,5965.098696,8250.019908,8242.961967,8235.854657,8243.372928,121.0890582,6115.831762,8101.508045,6867.208131,6069.565205,5632.02993,3672.051329,D1,N8,t
appliedMASKiso_flu_1mgml_roi1_8bit.ome,15,109.5071895,54.82773684,0.897178421,3.736784211,127.69,45.615,0.90968,3.3936,19,50.34510786,24.64268574,0.062468061,1.012493844,15,2868,43.7019,2282,66,34.5758,13,1.1693,0.0097,0.0815,0.09249,131072,0.639186442,1252.638184,0.407659382,13.8555851,15.64112091,1240.743164,0.790485084,0.694794536,1088.991943,0.413554788,11.90030193,10.46032524,924.5426636,0.83809793,0.232491672,775.7250977,0.162954092,8.761259079,13.61637592,939.5067139,0.154334113,1mgml,flu,roi1,2852.241891,47863.82152,31324.85853,371.3225148,65402.6158,63029.14196,3404.225864,2529.104006,1983.292761,62908.41354,5019.715182,5023.430937,4929.00891,4948.565139,33620.41856,2191.447368,5193.336248,4029.517643,63103.00809,4638.017393,1022.70243,845,51963,31102,12,65535,65429,1183,778,174,65159,1678,1688,1643,1656,33627,93,1736,1274,65411,2132,26,5106.428622,4682.689561,16622.82659,2451.150923,1215.050643,912.9267514,6210.313541,5806.478125,5117.087316,5838.214032,8226.982739,8217.184315,8155.960939,8172.067548,138.0282174,5590.428607,8317.518596,6910.11616,5926.82825,5796.606823,3436.536845,D1,N8,t
appliedMASKiso_flu_1mgml_roi1_8bit.ome,16,96.3883,55.92966667,0.930754444,4.066294444,117.23,48.9285,0.93476,3.7136,18,58.15755878,32.14860429,0.024165449,1.13397665,16,2908,43.0732,2298,84,27.3571,5,1.1882,0.0156,0.0813,0.08086,131072,0.635535777,1253.049805,0.435202509,13.81342697,16.2759819,1309.203979,0.788405836,0.690661192,1099.900635,0.472916692,11.93385315,10.99734592,989.5774536,0.836740732,0.23421438,772.3323364,0.164361626,8.747299194,14.01304531,982.0713501,0.15551199,1mgml,flu,roi1,2884.959699,47876.18874,31333.66337,390.2981446,65393.11019,63027.92521,3369.890508,2521.581161,2037.396307,62898.31741,5037.132783,5040.76026,4912.688629,4937.701225,33621.99461,2177.280788,5287.725171,4043.368037,63100.98509,4712.47891,1019.247374,864,51996,31102,7,65535,65428,1204,804,191,65159,1704,1713,1645,1657,33627,96,1817,1287,65408,2185,32,5208.144904,4774.466957,16632.90283,2492.105231,1335.619173,1004.508377,6223.276325,5815.448511,5305.744245,5847.48783,8249.656113,8239.113852,8140.662301,8162.329545,130.8905839,5297.652974,8428.519927,6961.589129,5924.814238,5896.86094,3494.698895,D1,N8,t
appliedMASKiso_flu_1mgml_roi1_8bit.ome,17,102.2902368,60.78657895,0.89907,3.918705263,116,45.741,0.9077,3.5597,19,53.28900244,34.95973357,0.062571353,1.196362442,17,2670,47.091,2181,66,33.0455,7,1.1629,0.0149,0.0859,0.1398,131072,0.609640062,1310.709106,0.451175064,14.56280613,17.84715271,1389.418335,0.77016443,0.655714989,1178.356689,0.469949484,12.84850216,12.66726589,1120.790894,0.815560758,0.242791906,781.802124,0.153838724,8.931192398,15.01522636,1002.232849,0.164803386,1mgml,flu,roi1,2982.585913,47732.76641,31274.36034,453.8303299,65373.15505,62950.55726,3464.193024,2609.656422,2146.147036,62810.46853,5194.187729,5197.237161,5061.202002,5087.655093,33621.70432,2509.966382,5482.788939,4171.464428,63016.78651,4828.111173,1122.089899,939,51974,31102,8,65535,65425,1245,830,217,65157,1861,1870,1783,1801,33627,112,1980,1397,65404,2350,31,5369.938549,4997.973362,16684.63947,2492.836304,1475.097317,1109.454485,6399.155294,5986.109236,5654.594377,6046.244116,8450.559585,8437.778319,8336.274989,8358.570806,132.4335658,6007.735481,8697.95193,7147.447251,6115.9456,5980.384031,3847.431081,D1,N8,t
appliedMASKiso_flu_1mgml_roi1_8bit.ome,18,108.8247647,57.48782353,0.920428235,3.743994118,128.66,48.196,0.91819,3.7997,17,55.8288134,31.96168137,0.027531829,0.814360194,18,2586,48.6856,2119,62,34.1774,9,1.1526,0.0139,0.0777,0.1719,131072,0.613938808,1313.909058,0.441493452,14.43628788,17.96115685,1409.797119,0.772708297,0.656067967,1191.17334,0.468056828,12.83830357,12.69365788,1130.702637,0.816249967,0.248904899,802.3701782,0.166456893,9.057810783,15.39041424,1054.208496,0.166843489,1mgml,flu,roi1,2916.300835,47247.65026,31268.87662,449.5499207,65382.67688,63064.01965,3252.611097,2487.259517,2149.081677,62888.42937,5040.363978,5042.681492,4861.159149,4894.848137,33622.9106,2270.994467,5478.027619,4041.891367,63109.84685,4776.524321,1099.642016,852,51915,31102,8,65535,65429,1102,726,194,65153,1696,1701,1613,1627,33627,86,1872,1266,65404,2156,26,5364.621665,4907.221255,16472.95385,2475.669051,1387.142856,1043.022324,6264.726718,5816.488662,5686.035953,5968.612356,8364.74931,8352.057406,8200.278882,8230.632993,145.7117967,5481.710594,8758.693553,7082.939486,6019.857635,6108.059964,3763.488068,D1,N8,t
appliedMASKiso_flu_1mgml_roi1_8bit.ome,19,118.6709917,69.47758333,0.91971,3.853675,143.845,57.3755,0.91299,3.95285,12,52.71841002,42.29945822,0.026300702,0.803113021,19,2618,48.0661,2127,76,27.9868,9,1.1519,0.0174,0.0712,0.1612,131072,0.614548922,1329.849731,0.434882343,14.53281021,18.49612427,1468.272217,0.771904528,0.632323921,1276.145508,0.454546452,13.81739521,13.2707386,1156.686035,0.801814258,0.25615254,832.4285278,0.190411657,9.327815056,16.25949478,1133.159546,0.171756074,1mgml,flu,roi1,2833.775765,47546.04713,31312.29765,432.9405677,65391.21168,63136.16537,3202.910472,2477.703414,1998.476188,62966.96322,4811.10776,4810.835054,4643.161928,4674.489458,33623.35796,2206.103308,5203.454527,3894.24147,63184.67868,4650.620571,1042.814852,780,51998,31102,13,65535,65415,1020,674,155,65142,1548,1557,1471,1485,33627,138,1736,1156,65391,1977.5,21,5338.106109,5036.681927,16307.56033,2588.822496,1231.235648,952.2269044,6155.062161,5876.049504,5371.757852,5833.308878,8172.957215,8153.885207,8032.308073,8057.593205,138.2867814,5101.417679,8502.458957,6995.324899,5901.288212,6140.559747,3488.974854,D1,N8,t
appliedMASKiso_flu_1mgml_roi1_8bit.ome,20,108.9923071,55.03971429,0.924761429,3.703942857,140.43,55.127,0.92159,3.7643,14,58.0657829,16.70030483,0.021237926,0.732212457,20,2123,59.7395,1664,60,27.7333,10,1.1015,0.0203,0.0621,0.2498,131072,0.625289261,1314.033203,0.442990959,14.231493,18.47019386,1511.687988,0.77831924,0.638380289,1245.006226,0.497047663,13.32379723,13.89559937,1266.477539,0.805873752,0.257357359,857.873291,0.202983692,9.526287079,16.56919861,1185.570435,0.172070101,1mgml,flu,roi1,2749.065506,47341.91882,31337.59099,414.7668699,65400.64481,63228.78385,2937.131928,2310.662185,1951.614598,63021.16396,4651.858472,4651.360731,4435.04126,4474.090303,33623.10059,2868.143931,5140.332456,3747.945684,63258.333,4579.075257,950.6466603,747,51995,31102,11,65535,65407,898,609,144,65130,1496,1496,1396,1415,33627,138,1709,1101,65380,1894,20,5275.699716,4858.842827,15961.75009,2735.987441,1294.119643,962.8802689,5955.187933,5556.904492,5275.042017,5697.678789,7996.407794,7977.691007,7768.673831,7807.4811,142.4972061,6360.812759,8457.688767,6837.515371,5733.007342,6208.823087,3399.404245,D1,N8,t
appliedMASKiso_flu_1mgml_roi1_8bit.ome,21,102.8969615,51.30215385,0.919225385,4.112076923,139.4,46.511,0.93875,3.9507,13,60.07329014,21.30695482,0.054135644,0.96777908,21,2265,55.8689,1764,72,24.5,6,1.1059,0.0038,0.058,0.2118,131072,0.621069014,1316.231201,0.475847542,14.23302078,19.33838844,1588.869263,0.774154007,0.65710324,1172.033813,0.536471248,12.47238636,14.14682293,1345.58606,0.816969037,0.261110991,862.7640381,0.192817867,9.604255676,17.48119545,1237.793701,0.177048817,1mgml,flu,roi1,2741.549293,47082.58625,31208.22348,462.5248267,65393.78066,63260.2245,2835.21872,2262.034467,1937.250115,63008.65622,4608.506741,4607.895837,4350.429726,4396.092512,33624.66758,2185.841863,5198.219202,3705.652978,63264.21655,4630.535618,962.1731306,723,52003,31069,9,65535,65393,837,570,135,65111,1435,1443,1328,1346,33626,138,1709,1057,65366,1833,20,5303.399444,4873.290262,15627.72025,2713.312126,1606.780737,1112.332291,5870.041592,5476.71351,5378.382183,5701.254549,7904.947492,7886.323397,7636.156322,7681.213715,130.6350446,5285.22171,8468.549481,6789.943334,5704.013406,6334.680633,3843.236981,D1,N8,t
appliedMASKiso_flu_1mgml_roi1_8bit.ome,22,130.0060769,59.35961538,0.908299231,3.881761538,133.96,47.168,0.91066,3.7111,13,33.20078528,35.14175799,0.038857713,0.975073505,22,1858,68.5452,1495,59,25.339,9,1.0589,0.0074,0.0549,0.2893,131072,0.611197889,1393.435303,0.500288904,14.7914381,20.51573753,1739.522705,0.767997384,0.660690725,1209.797119,0.55278188,12.74035454,14.48487282,1457.474487,0.818379045,0.26328662,929.3898315,0.18806158,10.07926464,17.59108734,1305.22937,0.178006619,1mgml,flu,roi1,2774.097627,46905.18663,31221.89869,415.7612857,65403.44109,63306.26376,2912.225474,2354.93565,1753.137662,63079.65396,4535.971035,4532.015913,4307.676658,4348.028609,33625.68,1918.836179,5008.915924,3708.72514,63320.77175,4739.701703,850.6318387,796,52013,31056,11,65535,65373,857,570,157,65093,1583,1590,1451,1475,33626,138,1872,1160,65345,2010,18,5243.411136,4898.530092,15484.92352,2675.721604,1364.771323,969.8341541,5619.629586,5499.090228,4796.204963,5390.772296,7576.252161,7551.170156,7392.578573,7423.048362,116.7745007,4830.206798,7845.090609,6644.793877,5434.366778,6457.648651,3258.359823,D1,N8,t
appliedMASKiso_flu_1mgml_roi1_8bit.ome,23,99.14544167,54.99191667,0.929623333,3.760516667,121.69,46.2135,0.93169,3.79495,12,60.55667227,29.20436259,0.0240133,0.833561402,23,1517,84.4028,1210,51,23.7255,5,1.0466,0.0147,0.0426,0.2661,131072,0.645881534,1331.392578,0.536488473,13.45923233,19.55342865,1837.1875,0.794031084,0.691795111,1185.335327,0.596668482,11.76928329,14.28320789,1515.108887,0.837358773,0.243971691,878.8186035,0.194846243,9.114179611,16.39836121,1372.074951,0.157177046,1mgml,flu,roi1,2737.289816,45788.75561,31256.95203,294.1511647,65439.80468,63522.6715,3055.634621,2530.359343,1379.685232,63344.76261,4251.432663,4242.163034,4100.954636,4127.784514,33626.48959,2708.630088,4479.092274,3592.54145,63555.69673,4897.511847,622.4127976,786,51972,31102,12,65535,65401,898,609,152,65115,1531,1539,1412,1435,33627,138,1817,1136,65370,1988,17,5024.505427,5176.87982,15259.79309,2603.402932,1105.927178,762.4440469,5000.485309,5591.541228,3628.273251,4690.358338,6888.675577,6856.946036,6840.766684,6847.295255,128.0387556,6131.585845,6733.237125,6252.98303,4795.448423,6834.361407,2602.38539,D1,N8,t
appliedMASKiso_flu_1mgml_roi1_8bit.ome,24,116.3332643,50.88307143,0.935345,4.256642857,137.42,44.1935,0.953865,4.3493,14,58.40729419,24.97016528,0.047597453,0.747528772,24,1841,69.1966,1500,43,34.8837,7,1.1012,0.016,0.0476,0.266,131072,0.640564859,1361.990845,0.523638427,13.93979073,19.57187653,1763.782715,0.788017154,0.700076163,1147.94104,0.581114769,11.56225395,13.55865479,1423.620483,0.840992033,0.253305107,940.1452637,0.181588426,9.84728241,17.18019867,1341.677124,0.168434888,1mgml,flu,roi1,2843.14209,45994.27756,31224.60225,245.7354487,65448.91608,63516.37695,3244.23793,2722.721096,1363.74081,63336.9792,4355.864239,4344.683924,4203.213729,4230.236643,33626.45535,2395.467859,4569.742599,3707.075674,63544.77511,5170.239754,586.7340831,793,51993,31102,11,65535,65408,918,622,158,65117,1548,1557,1410,1435,33627,138,1899,1140,65376,2011,19,5020.81818,5368.193872,15761.19702,2653.781007,978.7748948,697.010027,4878.6287,5688.065971,3430.605113,4579.823892,6826.799726,6794.360901,6789.356702,6793.72199,117.850851,5678.175834,6621.697336,6228.914524,4689.978361,7130.019451,2444.48153,D1,N8,t
appliedMASKiso_flu_1mgml_roi1_8bit.ome,25,108.3939688,62.42675,0.92958125,3.900575,124.975,58.3655,0.94294,4.0216,16,55.42025968,22.20222579,0.035744745,0.817602686,25,1833,69.5074,1507,44,34.25,4,1.0782,0.0083,0.0567,0.2474,131072,0.630571067,1311.658325,0.526948512,13.79833412,19.64980698,1667.616943,0.781247377,0.689290881,1113.944824,0.583463073,11.48023605,13.70644951,1384.644043,0.835668445,0.256979138,893.6688232,0.167354777,9.64487648,17.45946503,1249.889648,0.174100384,1mgml,flu,roi1,2950.312162,46193.49992,31235.26164,238.2546132,65445.70432,63393.32514,3272.155255,2727.673681,1604.331526,63171.00733,4606.732919,4597.988905,4385.134679,4423.824453,33627.46624,2635.698154,4997.653214,3858.229542,63402.78584,5321.874778,642.7759614,816,52006,31102,13,65535,65416,918,622,173,65121,1600,1609,1438,1467,33627,138,1980,1171,65383,2064,27,5052.207973,5176.137152,15939.09651,2704.300267,1000.712159,716.430103,4985.553766,5569.497247,3860.564935,4781.182647,7051.799572,7026.528839,6906.341692,6928.600703,107.4987132,6139.132383,7195.574576,6301.310943,4835.081717,7218.062143,2533.893294,D1,N8,t
appliedMASKiso_flu_1mgml_roi1_8bit.ome,26,115.0518714,69.907,0.929332143,3.705014286,134.655,65.755,0.92262,3.7216,14,51.69203774,28.74204916,0.018100077,0.737071223,26,2174,58.2912,1771,52,34.0577,9,1.1016,0.0095,0.0608,0.3001,131072,0.632644236,1326.539795,0.517091155,13.95616627,19.13598633,1622.680786,0.782415509,0.693575978,1105.588623,0.572559118,11.4261446,13.39032841,1362.871704,0.838152528,0.253326297,910.4874878,0.166304201,9.808480263,17.02409744,1198.728882,0.173271522,1mgml,flu,roi1,2958.999318,46491.71485,31269.15785,201.6234923,65451.91985,63392.74666,3334.774777,2785.816599,1638.658181,63150.90371,4621.104925,4612.590544,4388.066045,4428.644907,33627.24426,2377.978095,5045.863021,3867.107321,63386.91339,5350.527416,650.969462,759,52018,31102,10,65535,65431,959,648,176,65130,1490,1496,1320,1351,33627,138,1926,1079,65395,1926,37,4977.049191,5153.33448,16216.23536,2887.151055,760.6548286,592.5185507,4873.327164,5514.093212,3970.930885,4714.657007,6960.867963,6934.720816,6803.97237,6827.960063,108.590447,5785.805844,7195.358339,6208.1507,4763.806508,7245.073154,2328.230689,D1,N8,t
appliedMASKiso_flu_1mgml_roi1_8bit.ome,27,113.4504211,60.99457895,0.912894737,3.656884211,130.03,57.78,0.92003,3.6403,19,48.55632898,24.26499101,0.04151895,0.889472818,27,2483,50.7882,2019,68,29.6912,6,1.1564,0.0053,0.0675,0.3215,131072,0.63255477,1257.611328,0.534487307,13.47288799,19.19518661,1620.627808,0.783118606,0.683203578,1069.116821,0.595789254,11.18743134,14.1836834,1425.720459,0.832596779,0.245200068,832.0157471,0.176305354,9.19465065,17.04637909,1174.507935,0.169734746,1mgml,flu,roi1,3061.737353,46560.46649,31311.55451,249.4718736,65431.71819,63283.23222,3468.580913,2864.001366,1857.088546,63012.27921,4808.980817,4802.291731,4543.540659,4589.760193,33627.27254,2219.053281,5308.330578,4003.799564,63262.59819,5410.065451,780.0243922,828,52030,31102,10,65535,65427,1061,726,218,65123,1618,1627,1415,1451,33627,138,2116,1166,65390,2092,38,5106.578098,5078.035522,16410.97139,2917.26983,804.0896843,648.1738878,5077.161691,5575.452962,4518.61595,4968.166202,7199.704704,7175.465773,7012.360506,7042.014659,140.5563374,5123.363481,7508.59079,6388.042568,4997.151724,7215.253326,2569.039994,D1,N8,t
appliedMASKiso_flu_1mgml_roi1_8bit.ome,28,108.3658438,65.147,0.918588125,3.92676875,131.36,55.0215,0.939985,3.8106,16,57.63361388,36.51180212,0.073624056,0.742195349,28,2622,47.9897,2161,67,32.2537,5,1.1663,0.0069,0.0682,0.3326,131072,0.633665323,1239.099854,0.543555737,13.25564671,18.90143776,1641.94519,0.787570775,0.66159302,1094.760254,0.604141712,11.68309116,14.736269,1451.424561,0.819579184,0.227416471,752.3771362,0.1758935,8.316453934,15.82027721,1133.392456,0.154612407,1mgml,flu,roi1,3153.700473,46346.72016,31321.08849,329.7097675,65412.82581,63268.60294,3722.631606,3084.122398,1884.976253,62995.83024,4933.597519,4926.167444,4658.079812,4705.938998,33628.10236,1705.112159,5402.053084,4115.820152,63247.38589,5487.819253,824.0460946,959,52036,31102,13,65535,65416,1143,804,264,65109,1878,1882,1633,1675,33627,138,2496,1353,65378,2406,29,5315.572844,5353.388002,16719.60599,2886.186087,1138.064636,815.9278152,5233.279063,5952.735328,4319.15961,5046.627528,7355.479161,7326.065805,7225.651909,7245.929456,110.0386365,4578.452355,7267.69017,6628.977499,5113.131346,7180.256362,2820.986794,D1,N8,t
appliedMASKiso_flu_1mgml_roi1_8bit.ome,29,96.54749412,61.85405882,0.942588235,4.2376,107.45,49.935,0.94263,4.1725,17,54.64961126,38.00592745,0.021781695,1.04995447,29,2359,53.5629,1961,73,26.863,8,1.1496,0.0094,0.0618,0.3297,131072,0.65248245,1201.709961,0.560575664,12.54619026,18.03155708,1678.718506,0.802684486,0.677453518,1096.800781,0.591291785,11.39524841,13.15402412,1300.726318,0.828677177,0.206162468,676.5646362,0.16670917,7.304767609,14.12884808,1152.764893,0.13336806,1mgml,flu,roi1,3121.144304,45888.6557,31275.11092,415.6452309,65398.42977,63397.83682,3948.296375,3238.07917,1545.007026,63169.03917,4742.872563,4734.407415,4532.724157,4569.714041,33629.22165,2212.466319,4969.047259,4039.446515,63399.41676,5457.908276,790.4939143,950,52037,31102,10,65535,65422,1265,907,227,65113,1826,1837,1600,1638,33627,138,2387,1331,65383,2389,30,5431.492928,5631.348411,16701.78135,2847.928389,1701.842469,1072.244661,5113.964351,6390.885568,3360.572317,4734.006807,7096.99692,7062.110716,7141.527266,7133.141507,80.06643639,4511.514476,6306.50413,6665.759939,4885.975301,7185.407533,3030.028739,D1,N8,t
appliedMASKiso_flu_1mgml_roi1_8bit.ome,30,106.9106125,59.2981875,0.930328125,3.8051125,120.635,49.3335,0.94074,3.51495,16,55.40678694,30.40263251,0.046254912,1.078433861,30,2409,52.4097,1999,63,31.7302,10,1.1267,0.0089,0.0673,0.2605,131072,0.619105279,1304.949097,0.55507648,13.76478767,20.15563583,1853.015747,0.781018913,0.646426499,1208.637695,0.577500701,12.65787506,17.16855621,1747.402588,0.810339153,0.212412074,697.6513672,0.190091535,7.579591751,14.95377541,1206.351929,0.140350834,1mgml,flu,roi1,3245.024379,46082.98788,31262.88348,714.753635,65327.8896,63268.07527,4130.288272,3415.83442,1762.224243,63035.88217,4903.294359,4893.449071,4689.335913,4726.901984,33629.17552,2167.680288,5137.792799,4187.450392,63266.96741,5467.073515,1062.577374,986,52040,31102,13,65535,65406,1367,972,230,65100,1883,1889,1648,1689,33627,138,2414,1375,65366,2465,27,5877.301086,6207.023598,16653.24266,2870.981483,3076.581001,1739.400858,5616.667663,6964.958017,4093.348447,5214.900966,7560.611275,7520.891018,7622.862864,7610.912706,46.42785593,5476.405406,6762.535172,7152.795581,5372.39302,7098.042208,4179.371109,D1,N8,t
appliedMASKiso_flu_1mgml_roi1_8bit.ome,31,101.8133071,59.87814286,0.916621429,3.397821429,104.4425,49.0235,0.91883,3.5977,14,58.51849926,36.90146308,0.028485244,0.81065677,31,1961,64.8399,1717,65,26.4154,7,1.0662,0.0109,0.0515,0.1938,131072,0.666831076,1245.103394,0.569483221,12.35239029,18.57324028,1896.714111,0.812550426,0.678887963,1207.55896,0.592595041,12.07103443,15.40674305,1681.90979,0.828834951,0.198600844,714.9047241,0.187143654,7.204935074,14.48416233,1379.089844,0.124777913,1mgml,flu,roi1,3080.420652,45325.97225,31270.82004,1000.793023,65310.08938,63532.83968,4069.143546,3365.825918,1286.790102,63363.56783,4426.801699,4413.950292,4306.447604,4328.078515,33629.46885,1883.79375,4354.109595,3907.721766,63564.52306,5294.000045,945.7705381,881,52035,31102,10,65535,65425,1326,959,175,65119,1652,1653,1461,1495,33627,138,2089,1224,65386,2230,19,6061.015571,6372.024134,16331.63784,2807.451106,4287.825565,2137.411242,5370.002328,7240.355344,3112.963002,4774.681552,7140.775881,7094.088679,7373.946698,7333.393624,125.3514338,4511.712628,5632.965529,7134.446544,5018.729628,7200.84943,4153.347048,D1,N8,t
appliedMASKiso_flu_1mgml_roi1_8bit.ome,32,90.36800769,52.85584615,0.916611538,3.948215385,99.728,45.532,0.91649,4.0349,13,63.94237512,20.76922364,0.036679572,0.493831033,32,1621,78.8593,1414,55,25.7091,3,1.041,0.0037,0.0454,0.1753,131072,0.693617463,1189.466553,0.558488786,11.6157217,17.25789642,1806.038818,0.828316331,0.735951483,1132.628052,0.599357128,10.67103767,11.85872269,1296.109741,0.861658216,0.203481466,729.3849487,0.177800119,7.347649097,14.92197418,1516.35498,0.125212535,1mgml,flu,roi1,2943.774742,45160.0532,31285.05087,1295.735513,65285.84499,63633.53555,3931.371758,3281.319292,1123.583405,63481.27731,4143.713981,4128.953995,4066.492904,4080.649049,33629.28232,2296.66899,3992.373185,3709.600721,63670.21603,5075.815139,904.164211,796,52035,31102,9,65535,65425,1183,843,144,65120,1510,1508,1332,1365,33627,138,1899,1111,65387,2018,17,6183.3714,6823.734334,15909.96128,2801.212878,5780.458122,2545.441042,5299.98795,7542.374567,2850.324423,4620.284913,6933.359453,6873.744421,7262.883091,7204.791695,77.12328551,5616.261031,5243.155095,7134.099624,4921.175023,7215.257969,4103.455081,D1,N8,t
appliedMASKiso_flu_1mgml_roi1_8bit.ome,33,96.20773467,49.821,0.915348667,3.95252,100.3,44.838,0.92189,3.8534,15,63.89979957,14.95147462,0.033799163,0.855687283,33,1588,80.5397,1383,63,21.9524,1,1.0104,0.0098,0.0498,0.178,131072,0.692990363,1137.055176,0.530623376,11.40119839,16.65701866,1652.204956,0.826956391,0.746690571,1076.899292,0.569197118,10.33358383,10.60694313,1121.659546,0.868021786,0.212867931,714.9539185,0.184662983,7.434448719,15.1834898,1451.741333,0.132443398,1mgml,flu,roi1,2829.526065,46247.15428,31338.74187,1225.0762,65285.38737,63561.73394,3534.239536,2882.683648,1212.112714,63384.09323,4111.294846,4101.656733,3992.671043,4014.163409,33628.44963,2589.910352,4092.720286,3604.514168,63591.69403,4847.485579,966.1474265,765,52038,31102,9,65535,65410,959,674,145,65106,1496,1496,1305,1336,33627,138,1899,1078,65373,1945,17,5996.941655,6227.278246,15744.42224,2984.367691,5216.730184,2434.634982,5460.717425,7108.687111,3178.838915,4861.80896,7010.319226,6967.652,7253.999473,7211.720157,89.53287254,6271.877397,5541.700825,7022.281357,5095.878061,6900.12921,4309.62938,D1,N8,t
appliedMASKiso_flu_1mgml_roi1_8bit.ome,34,78.72516923,55.63353846,0.935956154,3.676207692,87.754,56.291,0.93871,3.5196,13,63.63829254,20.45188761,0.014795559,0.764934839,34,1690,75.558,1459,54,27.0185,4,1.0208,0.0108,0.0474,0.1508,131072,0.713677526,1037.166992,0.511334479,10.47091579,15.22200871,1474.092896,0.839061975,0.773725927,905.81427,0.563335419,8.816784859,9.471176147,1012.090027,0.88346231,0.217299774,711.9185181,0.198184565,7.404620647,14.66245461,1333.64917,0.133441329,1mgml,flu,roi1,2648.569701,46633.87433,31334.57836,1061.279775,65312.3369,63583.28828,3109.451776,2512.224924,1244.73627,63395.78869,3948.934908,3941.661465,3821.018042,3844.184979,33626.42283,2442.817625,3992.018296,3414.736628,63609.47086,4563.869533,980.3303754,696,52033,31102,7,65535,65396,755,518,133,65094,1365,1365,1205,1231,33627,138,1763,987,65359,1776,16,5661.571583,5611.377465,15286.0255,2873.007948,4466.535132,2187.694379,5459.94613,6475.868825,3471.101782,4943.25452,6985.279128,6949.760882,7131.12451,7106.111912,135.6151928,5718.236084,5800.344809,6782.182132,5133.920726,6554.367067,4529.287379,D1,N8,t
appliedMASKiso_flu_1mgml_roi1_8bit.ome,35,93.61681765,52.40435294,0.926188235,3.898305882,104.86,45.727,0.93331,3.5801,17,58.46812359,24.04310994,0.047840948,0.969507337,35,1723,74.0725,1492,64,23.3125,1,1.0494,0.0125,0.0525,0.2124,131072,0.714603782,1022.62738,0.46883437,10.62034416,14.13990021,1308.897217,0.83921808,0.769403338,903.6763916,0.50050354,9.072378159,8.892940521,896.3863525,0.881348431,0.216639534,703.7370605,0.196299165,7.527781487,13.90914726,1181.207886,0.134324983,1mgml,flu,roi1,2238.315349,50525.59915,31654.28751,830.1944024,65343.61406,63510.02483,2810.814464,2230.573463,1246.940572,63340.37895,3481.516888,3477.394548,3353.328111,3376.523708,33620.57499,2206.799052,3529.495534,2941.077385,63555.84524,3889.767758,966.6861701,452,52043,31102,7,65535,65374,714,480,115,65097,939,945,837,857,33623,138,1139,663,65355,1178,17,5025.885849,4919.092901,12989.38448,3095.018753,3528.177127,1828.521991,5470.96545,5853.860935,3549.814004,5033.409953,6625.382332,6600.260044,6675.806417,6667.770146,165.0562628,5514.979389,5735.15745,6201.6567,5182.139071,6021.068793,4530.356612,D1,N8,t
appliedMASKiso_flu_1mgml_roi1_8bit.ome,36,79.7591,54.47813333,0.934822667,4.105953333,88.091,50.727,0.95047,4.2652,15,60.78629648,18.28734676,0.032865794,0.916054943,36,1986,63.9985,1655,59,28.0508,6,1.0888,0.0163,0.0573,0.1324,131072,0.72227031,943.1790771,0.452765346,10.10035038,13.13185406,1179.795044,0.844450057,0.791773081,796.1068726,0.46307987,8.226478577,7.641160011,761.2097168,0.892916143,0.208527446,615.8406372,0.201804057,6.837903023,13.25190449,1063.56543,0.129197255,1mgml,flu,roi1,2060.845692,56217.74091,31689.85509,684.331319,65361.93043,63357.27248,2733.238912,2139.145577,995.2947244,63240.00398,3480.488617,3480.257448,3300.496445,3332.603991,33615.37753,2563.359202,3444.342587,2790.616012,63463.7397,3607.664393,932.480055,376,52045,30907,7,65535,65288,796,518,36,65042,948,953,823,845,33617,138,1031,595,65302,974,17,4566.124365,4422.514547,8410.419367,4832.734079,3357.924867,1733.81733,5446.652591,5295.445227,3418.54133,5077.196929,6419.813449,6404.622832,6353.454023,6365.851561,97.884084,5733.724779,5709.780962,5765.572841,5162.314387,5651.739429,4718.804278,D1,N8,t
appliedMASKiso_flu_1mgml_roi1_8bit.ome,37,88.55907143,54.89178571,0.933198571,3.804092857,106.235,43.9005,0.92792,3.795,14,62.95888535,24.2407815,0.025600894,1.081051725,37,1758,72.558,1482,58,25.5517,3,1.0691,0.0069,0.0511,0.1494,131072,0.759840786,804.3687744,0.476586163,8.605051994,11.37993526,1095.839355,0.868149698,0.826344609,645.930542,0.473027945,6.713158607,6.152414799,606.3806763,0.911380529,0.182764098,521.3060303,0.209525585,5.833695889,11.70044041,1041.37561,0.110692672,1mgml,flu,roi1,1999.833789,56146.25967,30338.51003,445.0552294,65411.53376,63358.24388,2656.420183,2059.965391,859.8581451,63268.51248,3610.663182,3613.021937,3384.558227,3424.568688,33616.61118,2245.509874,3487.342373,2774.200212,63499.47137,3583.567132,677.8837696,429,52045,30521,8,65535,65172,796,518,53,64906,1244,1251,1056,1089,33619,138,1465,720,65180,1096,14,4177.406684,4134.658997,8052.126289,3621.022732,2137.618024,1203.113291,5014.104743,4936.122273,2990.668207,4629.805335,5998.978585,5986.942336,5929.399923,5942.319486,69.01678438,5079.2278,5183.177675,5320.211418,4706.238656,5427.859709,3595.645546,D1,N8,t
appliedMASKiso_flu_1mgml_roi1_8bit.ome,38,86.03671176,53.23923529,0.917521765,3.740252941,102.2,49.896,0.92271,3.5127,17,59.94372332,15.14401808,0.035787006,0.968823397,38,1909,66.6605,1575,59,26.6949,3,1.1129,0.012,0.0556,0.1443,131072,0.740378678,856.4488525,0.502186716,9.229813576,12.22355175,1190.822388,0.857816637,0.774968088,786.9957275,0.493214399,8.254223824,8.27895546,802.9541016,0.8840729,0.182083562,535.7243042,0.198425427,5.97326231,11.50616837,1093.096802,0.10922581,1mgml,flu,roi1,1955.01652,56227.97884,30185.44213,338.7707633,65432.89513,63393.39266,2559.246374,1978.639062,892.276534,63271.76548,3580.283669,3583.726739,3334.365498,3377.691707,33616.47612,2300.966607,3550.031331,2721.845918,63514.63987,3539.163391,633.1455881,389,52045,30468,8,65535,65206,755,493,48,64926,1165,1172,976,1008,33619,138,1411,661,65203,997,16,4010.079174,4006.284496,8129.72553,3646.141648,1549.424466,935.0097805,4812.307981,4729.472986,3023.44216,4483.778514,5877.96351,5869.709999,5755.726633,5776.990163,75.19376973,5250.433526,5316.722552,5127.086979,4528.138633,5439.642514,3224.499299,D1,N8,t
appliedMASKiso_flu_1mgml_roi1_8bit.ome,39,81.61626364,55.23181818,0.920229091,3.994618182,116.57,54.918,0.92913,3.5815,11,64.43212251,19.14582703,0.042965626,1.188718862,39,1819,70.0577,1475,51,28.9216,6,1.0583,0.0159,0.0445,0.2152,131072,0.758996725,820.8573608,0.531852722,8.57344532,11.84426498,1265.264771,0.869976103,0.764282525,796.6992188,0.556844056,8.33782196,9.529151917,972.2562256,0.878035486,0.162485778,522.3181763,0.218134657,5.541657448,9.937577248,1092.101074,0.09326987,1mgml,flu,roi1,1765.401964,55750.16682,30191.23767,138.7412881,65485.75301,63678.39535,2467.31046,1921.558553,665.8005264,63583.27226,3203.011446,3204.60765,3005.301547,3040.265654,33617.02607,2120.291295,3094.667038,2451.148717,63807.25718,3340.020961,372.8849547,322,52045,30441,10,65535,65254,694,454,41,64962,1026,1032,853,888,33620,138,1302,564,65239,828,13,3631.774978,3925.519339,8116.189577,3734.535508,403.680988,336.9431144,4100.17823,4538.970523,2411.441411,3721.927418,5207.727043,5195.956103,5150.318172,5159.632457,74.49822186,5012.891904,4660.426485,4601.002456,3804.402166,5480.406684,1595.106865,D1,N8,t
appliedMASKiso_flu_1mgml_roi1_8bit.ome,40,80.38220833,54.6665,0.929014167,3.756558333,71.7205,37.131,0.933565,3.7588,12,68.51496858,26.02469671,0.034035115,0.974089337,40,1838,69.3128,1521,58,26.2241,7,1.0565,0.0167,0.0454,0.1934,131072,0.761344135,819.0802612,0.525332153,8.563588142,11.43683529,1221.027954,0.872122288,0.755702734,819.5123901,0.571853757,8.604598045,9.977139473,1026.450073,0.873533905,0.153610557,501.2919617,0.223308206,5.287057877,8.90541172,973.5078125,0.086587332,1mgml,flu,roi1,1664.261499,55917.35894,30189.45104,83.44803229,65501.06689,63780.8251,2331.944228,1806.160041,613.183346,63667.43742,3079.500664,3082.034962,2873.720814,2910.00422,33616.96359,2266.932183,3022.262292,2327.432792,63898.33493,3206.577921,285.6534347,294,52045,30452,10,65535,65275,612,402,38,64978,974,980,798,833,33620,138,1248,522,65255,759,11,3371.481245,3667.758722,8217.732562,3826.123904,182.4354276,193.8145561,3801.051941,4252.46485,1959.240611,3433.748876,4970.106471,4961.311589,4881.542261,4895.974424,70.89734548,5311.955026,4512.744472,4317.780023,3509.543497,5320.928607,831.9394263,D1,N8,t
appliedMASKiso_flu_1mgml_roi1_8bit.ome,41,108.3867857,59.00521429,0.915910714,3.519628571,135.115,44.868,0.93219,3.3591,14,58.21700724,28.67138225,0.040896739,0.941611266,41,2447,51.5648,2015,59,34.1525,9,1.1273,0.0138,0.0605,0.1553,131072,0.734933972,872.034729,0.49311322,9.441374779,11.67425728,1141.714233,0.857246697,0.73701334,870.7095947,0.497585952,9.361031532,10.1345129,965.1959229,0.862776637,0.152450651,465.8852844,0.211567685,5.101345062,8.403934479,826.2088013,0.08718282,1mgml,flu,roi1,1669.416197,56905.26702,30137.59563,81.24223751,65500.63745,63729.2207,2363.881424,1785.88095,640.5012704,63619.23862,3178.54234,3182.635329,2977.838484,3013.590807,33614.90642,2302.793842,3159.588266,2378.207572,63845.25371,3201.834775,314.0742825,299,52045,30385,10,65535,65282,612,402,37,64984,974,980,810,833,33619,138,1248,528,65260,772,13,3237.61644,3437.537525,8396.051464,3786.991208,183.6283127,194.4306669,3832.949884,4172.242591,1836.398511,3435.421336,5029.392155,5024.760825,4963.893275,4975.877973,93.63953396,5267.651538,4540.21992,4278.12257,3528.726765,5069.186662,921.7563258,D1,N8,t
appliedMASKiso_flu_1mgml_roi1_8bit.ome,42,91.775745,65.279,0.923621,3.408425,93.4075,55.31,0.931885,3.1681,20,57.39425311,32.58154743,0.037407786,0.824038803,42,3077,40.5977,2528,77,32.8312,10,1.1847,0.0159,0.0699,0.1067,131072,0.72771883,893.3960571,0.47946015,9.713949203,11.38120174,1066.03894,0.85364604,0.731152952,874.7792358,0.489416212,9.516308784,10.27341175,962.2780762,0.860007167,0.144482821,444.4833984,0.196218163,4.875452995,7.518186569,692.3603516,0.08268521,1mgml,flu,roi1,1633.222961,57501.12947,30127.30016,59.99629588,65505.98972,63719.68875,2275.674761,1674.774315,681.3822442,63581.77818,3218.301742,3225.103518,3004.87031,3043.069785,33614.01536,2239.76129,3269.567775,2367.130827,63817.09812,3145.818303,306.5969235,292,52045,30388,8,65535,65289,653,428,36,64989,957,962,797,827,33617,138,1248,517,65265,756,17,3022.896976,3014.82217,8430.998094,3791.939755,130.5782626,154.3670998,3712.67828,3784.441266,1862.425184,3382.865791,4965.454576,4966.873057,4855.17824,4875.728531,94.8932841,5452.41852,4595.310147,4097.695466,3451.308872,4784.094395,805.9727321,D1,N8,t
appliedMASKiso_flu_1mgml_roi1_8bit.ome,43,84.664064,63.83456,0.9268788,3.71908,90,54.902,0.93812,3.6787,25,62.3674209,31.81133361,0.039409414,0.650202341,43,3220,38.7059,2646,86,30.7674,11,1.1968,0.0138,0.131,0.1104,131072,0.589544475,1388.952026,0.337675512,15.92347908,15.04371166,1176.193848,0.767814815,0.590077877,1353.487305,0.366994739,15.5626049,14.32118797,1170.339722,0.774606824,0.154682428,478.8253174,0.187506601,5.515146732,8.046965599,570.0244751,0.098670326,1mgml,flu,roi1,1715.180088,62705.45195,30313.07085,61.11375115,65498.37632,63420.7644,2472.19709,1744.123379,714.5160415,63350.73054,3605.3055,3615.168505,3457.734427,3486.043826,33607.51151,2300.747132,3335.965574,2606.839376,63555.15259,3169.663668,414.7449321,384,65516,30479,8,65535,65241,653,415,43,64960,1209,1216,1042,1071,33606,138,1492,679,65228,992,27,2897.906621,2912.422704,6010.970191,4466.621297,146.5817687,183.0432003,4045.618906,3913.120883,1812.072194,3647.040017,5177.2654,5183.358821,5184.837841,5188.024159,74.57499272,5408.652965,4285.807398,4149.572333,3749.941505,4319.771083,1100.158356,D1,N8,t
appliedMASKiso_flu_1mgml_roi1_8bit.ome,44,102.6843455,57.9019697,0.926915455,3.607951515,126.87,45.381,0.92708,3.3867,33,57.8485153,29.79370126,0.03165808,0.870929462,44,4123,29.7907,3398,114,29.807,17,1.264,0.0157,0.2928,0.07327,131072,0.297005475,2423.910156,0.157883823,29.83849144,25.08293724,1459.821289,0.551694453,0.293861598,2472.110107,0.14973852,30.40635681,23.97713852,1451.187012,0.556134462,0.104983233,345.7719727,0.117319599,4.289405823,7.440673828,300.3413696,0.091407418,1mgml,flu,roi1,2085.887543,64176.34084,29908.4286,56.01321682,65486.38863,62058.94435,2287.144113,1564.067459,1670.75528,61639.66847,5747.017937,5772.66304,5166.081062,5268.36467,33608.46693,2225.988164,6485.219521,3508.334381,62023.62547,3585.867531,360.2072657,926,65533,30252,9,65535,64003,490,311,628,63454,3426,3446,2805,2912,33611,138,4883,1735,63859,2091,11,2623.005929,2641.905905,4169.4703,3695.504749,148.773631,209.9148789,4440.152113,3678.772075,2471.783399,4225.824605,5413.969606,5428.951127,5340.025163,5357.334845,76.83061685,5250.982153,4398.752161,3989.478259,4228.449728,3405.539462,1191.630518,D1,N8,t
appliedMASKiso_flu_1mgml_roi1_8bit.ome,45,85.0278359,46.42110256,0.868615641,3.013289744,77.8,41.427,0.86762,2.6499,39,56.67143243,14.61973538,0.056157739,0.777525556,45,3840,32.1336,3202,92,34.8043,17,1.2328,0.0175,0.4148,0.04045,131072,0.158087209,2793.305176,0.073862128,36.03442383,32.05020905,1490.599976,0.41716522,0.148897186,2872.856689,0.051316816,37.06669235,31.5078373,1499.164429,0.412658393,0.073949054,320.1981201,0.075259119,4.114756107,5.582523823,125.9610901,0.078288838,1mgml,flu,roi1,2547.929398,64102.88454,29935.4371,17.27354234,65493.77763,59850.13479,1651.746402,1150.630375,5236.591232,58602.30203,8688.276482,8733.044594,7226.795311,7476.443794,33609.80829,2083.512225,12216.89096,4590.106247,59391.62158,3951.266785,622.5574875,1744,65534,30238,2,65529,61243,408,259,3653,59990,6940,6980,5529,5767,33612,138,10579,3344,60758,2909,199,2070.044173,2040.515785,4273.057893,3770.840878,52.75008085,124.70605,3848.48707,2712.803301,4325.035438,4004.009955,4812.430766,4828.130835,4472.49173,4531.844378,50.70307931,5080.01423,5243.969079,3218.215545,3865.012053,2639.482028,1196.66478,D1,N8,t
appliedMASKiso_flu_1mgml_roi2_8bit.ome,1,89.01451304,52.79265217,0.912347391,3.72153913,96.072,45.737,0.92962,3.6875,23,53.15291344,19.95399795,0.036134479,0.931788193,1,3141,39.7297,2467,73,33.7945,11,1.1841,0.015,0.0911,0.1531,131072,0.598342061,1719.688477,0.412711829,17.08987999,19.566576,1702.450439,0.764199555,0.606630206,1689.367798,0.446114093,16.64157104,16.24978447,1553.397339,0.785174429,0.240401879,1006.022339,0.165546596,10.12066746,14.57027435,1138.728516,0.156862572,1mgml,flu,roi2,2654.708069,41532.82297,33124.46408,255.7135807,65434.79639,63899.96758,3390.280681,2619.934071,1205.325598,63646.13462,3687.408575,3677.399681,3504.665617,3570.760358,42295.7623,2254.196738,3795.783902,3217.105842,63808.65359,5659.635818,525.1049101,624.5,33964,32768,19,65535,65479,1290,894,131,65244,1050,1052,924,954,42310,133,1289,803,65453,1925,38,4437.646479,3864.839572,19516.59718,2881.698556,788.0809307,604.9507421,3737.0038,4756.936856,2494.340215,3719.937647,5617.729503,5595.195796,5525.025435,5593.474475,84.36928683,4891.170552,5322.507871,5211.865186,3836.274423,7826.046495,1398.62988,D1,N8,t
appliedMASKiso_flu_1mgml_roi2_8bit.ome,2,88.6973125,50.27220833,0.914641667,3.766745833,95.3445,39.5185,0.91547,3.7382,24,50.66296862,25.70599131,0.03072211,0.847867265,2,3055,40.9044,2440,78,31.2821,16,1.169,0.0185,0.0861,0.1932,131072,0.599554062,1700.060669,0.425538749,16.75998878,19.88676834,1753.728027,0.765955389,0.606842756,1764.757202,0.46514678,17.10462379,16.56232452,1612.681885,0.785460591,0.235956505,954.2861938,0.177289665,9.551960945,14.51902103,1161.375244,0.151853189,1mgml,flu,roi2,2858.972564,41713.82301,33143.65596,262.5836058,65430.05462,63818.046,3645.894876,2780.799996,1300.402486,63569.61428,3940.77409,3931.212638,3763.424224,3831.420078,42294.85473,2600.006556,3990.981279,3460.022719,63728.16783,6011.039498,596.6775107,637,36409.5,32768,25,65535,65481,1310,906,128,65244,1088,1091,952,985,42302,133,1380,823,65455,1969.5,39,4860.404207,4236.114002,19913.66216,2831.017152,725.6673344,602.9979213,4067.823235,5252.708788,2753.119431,4039.560897,6091.543584,6068.657249,6025.852047,6095.023644,90.32470506,6151.755253,5667.523565,5695.847976,4169.548758,8346.518578,1548.764531,D1,N8,t
appliedMASKiso_flu_1mgml_roi2_8bit.ome,3,96.39621875,55.00129167,0.894238333,3.596345833,99.8565,43.873,0.90559,3.53695,24,55.1522912,32.15874676,0.060757738,0.703684252,3,2488,50.6821,2002,64,31.2812,10,1.129,0.0235,0.0778,0.1045,131072,0.593463361,1757.822021,0.450103551,17.10364723,20.94800949,1859.159912,0.761204898,0.581562757,1811.005005,0.474676579,17.35207176,19.33333969,1907.903809,0.769922495,0.242301121,1002.309937,0.159483522,9.933862686,15.41956615,1225.721924,0.156670928,1mgml,flu,roi2,2996.307284,41533.91711,33153.34035,357.3698743,65412.55824,63793.70352,3969.491669,3048.059516,1233.64599,63571.34949,4040.042462,4027.615648,3901.502638,3964.152613,42294.5571,2099.937838,3955.491308,3607.381551,63713.7937,6276.843773,633.361966,617,33964,32768,24,65535,65481,1390,970,121,65244,1042,1045,917,948,42303,133,1289,794,65455,1915,39,5246.003263,4723.774624,20000.91843,2859.375373,1356.261723,881.7309976,4297.338392,5874.714289,2514.474154,4171.092803,6366.089096,6335.311868,6393.760371,6450.426929,119.1058233,4644.20075,5594.982529,6098.662062,4359.744177,8732.41173,1765.038763,D1,N8,t
appliedMASKiso_flu_1mgml_roi2_8bit.ome,4,112.9951818,57.33654545,0.914972727,3.7807,128.44,54.9415,0.925655,3.7607,22,48.15286912,20.69074847,0.034721771,0.827545701,4,2251,56.2288,1863,67,27.806,7,1.1138,0.0086,0.0737,0.08747,131072,0.573426127,1764.457397,0.505045056,17.18095016,23.75560951,2075.481934,0.746179283,0.573572159,1851.387695,0.546409905,17.74352646,20.16128159,2018.963379,0.765087306,0.248460874,960.2014771,0.153846249,9.628740311,17.7375927,1320.42041,0.166404203,1mgml,flu,roi2,3108.064149,41862.35183,33121.66238,605.3078909,65354.5844,63675.23306,4230.449934,3283.291884,1198.816964,63483.87859,4083.959484,4068.80502,3987.261483,4043.515835,42294.74524,2232.228329,3836.592069,3714.152468,63608.29251,6342.732519,772.296545,592,49197,32768,23,65535,65481,1410,1021,104,65244,1004,1002,880,913,42297,133,1244,762,65455,1836,39,5655.313483,5226.157613,19596.88636,2841.583547,2688.522899,1471.805617,4692.533368,6436.300142,2573.008538,4488.196066,6686.522518,6649.818316,6784.509053,6833.115508,110.445739,5214.23224,5525.516915,6523.909083,4722.214671,8935.605387,2399.042101,D1,N8,t
appliedMASKiso_flu_1mgml_roi2_8bit.ome,5,117.75916,49.12032,0.9258208,4.167432,133.83,45.169,0.93405,4.0114,25,51.22883626,15.04498754,0.02878499,0.818712899,5,2138,59.3064,1790,47,38.0851,13,1.098,0.0148,0.0599,0.1444,131072,0.586623907,1772.401855,0.543000937,16.73714256,24.86116982,2286.28125,0.753667474,0.612382829,1759.549683,0.588103056,16.23463631,18.85412025,2020.063477,0.789277315,0.251890957,1014.716553,0.155785203,9.906738281,19.40540695,1505.658447,0.170332521,1mgml,flu,roi2,3012.278923,42133.2687,33074.76871,583.7263866,65364.11001,63749.11402,3982.227321,3146.175371,934.7310286,63615.3474,3779.658577,3761.195883,3748.868712,3791.230997,42293.53425,3151.628818,3335.599398,3544.230105,63713.89487,6256.11581,631.4528787,569,49598,32768,18,65535,65475,1151,830,87,65243,950,953,842,868.5,42290,133,1154,731,65449,1765,24,5752.738585,5378.622577,18809.68651,2807.731691,2464.129052,1372.072977,4651.18205,6545.256454,2158.368211,4305.43296,6446.864603,6402.497807,6650.286486,6679.378526,142.333805,6098.361988,4842.525389,6514.171529,4602.888509,9129.165715,2009.823316,D1,N8,t
appliedMASKiso_flu_1mgml_roi2_8bit.ome,6,113.6799813,60.93925,0.91867,4.10463125,133.005,51.7655,0.92852,3.9521,16,53.23458827,27.26546766,0.038008978,0.691633328,6,2031,62.5362,1733,62,27.9516,3,1.0926,0.0069,0.0627,0.1442,131072,0.573236048,1826.816284,0.538150787,17.38013077,26.32046509,2350.811279,0.741225898,0.575439334,1795.754883,0.577082515,16.95046997,21.7894268,2291.669434,0.766222775,0.267687529,1096.363403,0.163027957,10.69032001,21.39647675,1576.27832,0.185040832,1mgml,flu,roi2,3117.196733,43458.30208,33039.14341,762.9056814,65318.43127,63598.13976,3907.634606,3095.980428,992.3574305,63462.79756,3942.621894,3923.820625,3896.41039,3942.832217,42291.26508,2371.87345,3547.676752,3674.157722,63559.47836,6371.569033,701.6919267,692,49730,32768,20,65535,65454,1112,792,92,65222,1119,1122,1011,1039,42290,133,1312,884,65426,2139,20,6093.041716,5797.813714,18651.85083,2816.782691,2951.13278,1721.963351,5074.25167,6934.784242,2404.611948,4692.004794,6774.036536,6722.231174,6999.96726,7027.770966,112.1065876,5593.063768,5102.97668,6872.096344,5013.483703,9113.057411,2480.749216,D1,N8,t
appliedMASKiso_flu_1mgml_roi2_8bit.ome,7,118.0675765,55.75082353,0.929410588,3.878229412,139.09,54,0.94752,3.8652,17,55.42951542,18.35517496,0.030520085,0.953854147,7,2260,55.9969,1912,45,42.4889,10,1.1179,0.018,0.0677,0.1426,131072,0.572503269,1836.052979,0.493569374,17.75895119,25.32089996,2215.999512,0.740181029,0.576908708,1909.425781,0.530758023,18.10099411,20.37671471,2126.580078,0.766084552,0.271849036,1102.328125,0.178091511,10.95574188,21.20404243,1570.662231,0.187440977,1mgml,flu,roi2,3174.398672,45272.00243,33054.67182,819.4505266,65290.35896,63453.09715,3749.665009,2955.960878,1081.507052,63294.93507,4103.055913,4085.75939,4012.503008,4067.704892,42287.3325,2334.238774,3846.910852,3760.538914,63399.52254,6504.44195,705.3827135,818,49744,32768,13,65535,65415,1191,843,111,65187,1311,1306,1185,1220,42287,133,1516,1042,65387,2521,19,6226.865842,5743.673921,18469.07456,2812.180677,3059.192946,1937.212089,5356.492236,6894.035256,2670.084323,4992.399014,6957.511459,6908.946763,7137.557335,7174.368938,138.3600633,5286.184447,5489.165721,7003.139314,5294.377933,8954.39378,2712.882404,D1,N8,t
appliedMASKiso_flu_1mgml_roi2_8bit.ome,8,104.5390632,52.38121053,0.926636316,4.068947368,109.29,49.205,0.92406,3.8198,19,61.45564207,15.11555732,0.022793533,1.30863698,8,2443,51.6525,2044,53,38.566,5,1.1494,0.0094,0.0742,0.1076,131072,0.566738367,1862.671753,0.467156172,18.25440407,24.976511,2120.291748,0.734450996,0.584177434,1832.978027,0.516914368,17.54825401,18.99990463,1886.4104,0.771304131,0.276217729,1130.924561,0.178664193,11.38761902,21.2119503,1526.048828,0.193384588,1mgml,flu,roi2,3354.177119,46365.78947,33026.75613,816.0381944,65265.44167,63266.71661,3825.911335,2992.560484,1166.666471,63097.83547,4389.026027,4372.57184,4275.123186,4337.075028,42286.11214,2565.23135,4166.859315,3991.004661,63201.7209,6874.850352,734.4849063,994.5,49747,32722,9,65535,65354,1410,996,136,65132,1548,1544,1422,1459,42282,133,1742,1257,65325,3031,21,6329.072119,5682.20187,18408.58052,2803.654989,3347.175415,2187.525382,5620.05016,6843.003977,2912.795748,5294.666197,7186.57406,7139.895866,7327.447471,7372.981635,149.2184136,5722.301228,5781.163855,7153.937925,5583.338178,8865.824341,3005.63657,D1,N8,t
appliedMASKiso_flu_1mgml_roi2_8bit.ome,9,89.74334737,52.53378947,0.915919474,3.507384211,97.943,46.427,0.93151,3.457,19,59.46457707,32.09945956,0.055147617,0.752398483,9,2616,48.1044,2190,62,35.3226,6,1.1428,0.0173,0.0752,0.1058,131072,0.578890383,1835.112549,0.446801841,17.90303993,23.47975731,2000.532715,0.744217694,0.600107133,1768.759399,0.509325027,16.89950752,17.66343498,1759.864624,0.781314731,0.269928873,1122.071411,0.181099325,11.21520805,19.97560501,1439.155151,0.187112063,1mgml,flu,roi2,3452.403874,47307.84156,33049.85747,708.010276,65269.54046,63131.41951,3895.781672,3049.993773,1225.127445,62962.43846,4545.830729,4528.61957,4415.750584,4481.770984,42284.60251,2393.486775,4339.448976,4116.055274,63062.52737,7105.387359,712.4035684,1119,49748,32703,10,65535,65304,1529,1098,157,65082,1696,1693,1578,1614,42280,133,1855,1408,65269,3399,22,6285.605807,5553.663534,18082.81305,2809.713929,2935.485311,2099.45587,5718.308518,6719.695317,3030.35443,5418.217235,7248.399365,7202.864303,7353.93983,7405.73939,119.0317732,5497.02488,5936.451852,7146.412346,5695.295378,8812.2065,2991.663246,D1,N8,t
appliedMASKiso_flu_1mgml_roi2_8bit.ome,10,102.7829938,54.367125,0.9113,3.5235375,111.26,54.209,0.911155,3.386,16,61.87150561,15.69141421,0.032984258,1.010519976,10,2673,47.0359,2257,68,33.1912,9,1.1618,0.0172,0.0821,0.1616,131072,0.57354629,1837.262817,0.427221149,18.10119438,22.86816978,1897.862671,0.741583526,0.593302965,1762.405762,0.472505152,17.13537979,17.34076691,1681.597778,0.7765764,0.264981508,1094.534424,0.179386511,10.97067547,19.00513649,1312.965454,0.183603913,1mgml,flu,roi2,3542.508302,48350.46729,33085.69152,750.5817727,65243.7082,63003.85264,3965.34152,3106.104609,1337.081305,62825.2563,4682.556634,4664.823156,4543.661752,4612.425507,42283.36626,2400.707012,4494.881933,4230.273917,62924.53093,7235.807324,787.7320845,1204,49749,32704,11,65535,65277,1588,1136,178,65057.5,1793,1790,1673,1712,42276,133,1923,1503,65244,3646,24,6325.49261,5540.527365,18016.33936,2996.500005,3208.613097,2308.036854,5922.63419,6720.7903,3353.757869,5681.219542,7417.936592,7373.127834,7494.160039,7552.307305,118.0691833,5530.485049,6215.804121,7242.105072,5941.621513,8739.53582,3375.477755,D1,N8,t
appliedMASKiso_flu_1mgml_roi2_8bit.ome,11,92.2436625,66.7849375,0.893430625,3.47769375,116.33,58.199,0.90346,3.25525,16,65.99337378,30.54363567,0.060719578,0.916132784,11,2985,41.9105,2540,85,29.8824,17,1.1803,0.0135,0.0925,0.129,131072,0.563522816,1856.389648,0.40675956,18.50250053,22.55393791,1818.075073,0.735712051,0.583464861,1762.740234,0.455006331,17.40141487,17.41802025,1648.596191,0.771630526,0.257365316,1029.008789,0.174087092,10.49579525,18.26919937,1180.517578,0.181905329,1mgml,flu,roi2,3653.434208,48989.74295,33060.40684,736.6530223,65229.48495,62874.51281,4032.525374,3165.093831,1465.907728,62687.60474,4840.320676,4822.230424,4689.278192,4761.548191,42280.45814,2425.702676,4671.260628,4363.867992,62786.18418,7414.866133,843.277648,1270,49749,32696,13,65535,65249,1668,1200,191,65035,1893,1890,1773,1814,42272,133,2013,1588,65216,3838,27,6365.345223,5494.110928,18023.06005,3004.686918,3300.474893,2423.203458,6081.377785,6659.500336,3715.523462,5900.707507,7578.627238,7536.055611,7610.704909,7677.525887,200.5483174,5501.104906,6535.311043,7320.330512,6138.572028,8776.14874,3671.988557,D1,N8,t
appliedMASKiso_flu_1mgml_roi2_8bit.ome,12,98.71112333,55.4555,0.92878,4.05105,117.665,43.75,0.93647,3.8105,18,65.88963138,25.49215965,0.032315344,0.926981788,12,3164,39.4264,2660,79,33.6709,20,1.1837,0.0098,0.0904,0.162,131072,0.59096837,1774.994019,0.406451643,17.52392769,20.13506889,1717.385986,0.758297026,0.60504359,1687.06665,0.442395866,16.55200958,16.68532181,1600.789551,0.784477592,0.23439905,957.5864868,0.163855255,9.662899971,15.71103477,1095.358521,0.160692409,1mgml,flu,roi2,3678.14307,49492.43736,33123.81248,602.9954805,65265.77171,62902.90387,4002.202288,3199.372319,1360.838869,62754.43728,4760.608329,4738.873664,4651.372062,4715.821464,42280.34326,2594.118878,4489.506358,4359.197497,62832.6299,7587.126619,742.2940285,1271,49749,32706,14,65535,65229,1588,1149,182,65018,1868,1862,1752,1787,42269,133,1968,1580,65196,3835,27,6277.412455,5611.868465,17926.36045,2969.566838,2810.403359,2126.820663,5867.635658,6638.550659,3365.902571,5656.597681,7318.787579,7272.126036,7405.837305,7460.521771,195.6683567,5916.936774,6215.434702,7166.073057,5914.040336,9048.903116,3184.040873,D1,N8,t
appliedMASKiso_flu_1mgml_roi2_8bit.ome,13,82.46285652,54.14117391,0.914622609,3.574708696,77.905,52.196,0.91,3.4849,23,67.02032141,17.24031297,0.030398273,0.827992941,13,3125,39.9434,2568,76,33.7895,16,1.209,0.0151,0.0866,0.2058,131072,0.610421717,1779.236816,0.41020897,17.10847282,18.69151688,1701.831543,0.775285661,0.62189883,1752.345459,0.435249567,16.69641495,16.10720825,1630.122925,0.794449091,0.209085882,901.1707764,0.150033355,8.831127167,13.54435253,1051.50293,0.137959376,1mgml,flu,roi2,3741.394618,49478.61131,33062.4285,538.8283441,65284.70729,62930.82797,4135.573208,3339.504321,1202.679348,62840.10696,4697.899863,4672.606118,4646.437806,4700.781388,42278.96669,2243.214162,4260.331075,4393.192127,62889.91491,7848.03466,647.1560756,1347,49749,32683,13,65535,65190,1628,1175,186,64995,1962,1953,1851,1889,42269,133,1991,1673,65163,4057,24,6250.598494,5740.191155,17737.90615,2946.643829,2446.734561,1902.728442,5679.901906,6668.295512,3028.600965,5384.420782,7086.770668,7035.644478,7240.650608,7282.069095,192.5392615,5375.388203,5790.276358,7065.93053,5677.076968,9349.95134,2764.466185,D1,N8,t
appliedMASKiso_flu_1mgml_roi2_8bit.ome,14,85.485805,55.62104167,0.931255417,4.036495833,100.8685,44.214,0.941015,3.7837,24,64.38684052,30.80546007,0.035885971,1.029737675,14,3260,38.2064,2695,80,33.6875,16,1.202,0.0109,0.0981,0.2027,131072,0.587063789,1873.011597,0.454697251,17.97587013,20.70366478,1888.450806,0.759585261,0.603176951,1820.724365,0.477034092,17.33585358,17.37665176,1749.960815,0.782908976,0.212132484,934.4714355,0.131835669,9.156697273,14.2589016,1096.575562,0.14267993,1mgml,flu,roi2,4000.414147,50576.61586,33039.23311,508.2343112,65268.70083,62688.75513,4378.432923,3545.220739,1275.706344,62623.94733,4970.500226,4942.543186,4941.131479,4994.566267,42276.42902,2780.927662,4426.627758,4685.393017,62650.52749,8333.729476,661.1050722,1516,49749,32673,14,65535,65087,1747,1251,217,64905,2192,2186,2080,2122,42267,133,2194,1879,65059,4525,28,6437.520823,5887.672112,17363.99994,2852.799189,2227.439977,1845.777975,5854.172004,6818.378173,2988.249981,5516.047768,7240.120271,7185.970664,7419.892692,7458.559684,215.488685,6528.245705,5819.228692,7259.815657,5834.147987,9717.644774,2554.770951,D1,N8,t
appliedMASKiso_flu_1mgml_roi2_8bit.ome,15,96.30508182,53.55933333,0.917123333,3.777042424,125.54,40.495,0.92991,3.7215,33,66.8045265,34.72737195,0.051340753,0.877116292,15,3655,33.8613,3034,99,30.6465,17,1.2289,0.0115,0.1102,0.2155,131072,0.576206982,1920.780518,0.463450909,18.41017532,21.8537674,1947.393677,0.749616563,0.608309388,1753.786133,0.488842487,16.69991684,17.5732193,1770.19873,0.786233425,0.223166779,1011.345947,0.133847028,9.895795822,15.57717419,1112.187012,0.155869082,1mgml,flu,roi2,4246.994301,51909.38294,32960.03088,476.8826007,65256.98714,62414.89237,4600.72962,3672.186455,1339.252074,62365.23414,5266.097757,5237.975487,5250.942165,5305.27599,42274.30092,2624.651316,4602.73968,4978.75521,62375.7193,8768.496804,699.7158338,1589,64930.5,32648,17,65535,64987,1767,1264,220,64811,2312,2306,2178,2221,42263,133,2353,1968,64958,4752,31,6617.434707,5883.519769,16730.96473,2903.873282,1910.049999,1696.982327,6100.392033,6947.882362,2994.136923,5756.53948,7463.66984,7411.425076,7663.526286,7701.887736,184.4033292,6137.238789,5878.372183,7485.404563,6083.391569,10029.97029,2377.174581,D1,N8,t
appliedMASKiso_flu_1mgml_roi2_8bit.ome,16,100.2265829,54.07394286,0.922542857,3.75508,123.18,42.04,0.93191,3.5836,35,67.2963464,30.30392133,0.053055654,0.855832206,16,3404,36.5056,2920,85,34.3529,14,1.223,0.0112,0.1102,0.2646,131072,0.588187099,1894.393188,0.466613382,17.89457703,21.71074867,1945.518311,0.756857514,0.624189675,1721.597534,0.501099348,16.08874893,16.78281021,1737.89563,0.796348631,0.227024853,1019.203308,0.138145357,9.887515068,16.31004715,1136.651489,0.159083232,1mgml,flu,roi2,4413.251305,52462.6578,32943.77701,457.5912537,65250.62073,62288.98243,4824.171325,3865.926525,1294.487434,62293.79981,5357.319172,5325.805356,5398.465168,5444.570315,42271.10471,2773.672901,4510.798876,5147.495653,62268.52007,9154.202163,688.4416462,1665,65159,32635,17,65535,64919,1906,1366,209,64756,2368,2366,2267,2309,42262,133,2330,2056,64892,4960,33,6723.708521,6040.133452,16174.66194,2862.183289,1736.254925,1618.517707,6159.729716,7123.836426,2899.180609,5755.527867,7462.410567,7406.0522,7719.017243,7747.881255,208.2036471,6076.674467,5707.226483,7575.39475,6118.558093,10293.76087,2246.436614,D1,N8,t
appliedMASKiso_flu_1mgml_roi2_8bit.ome,17,90.42970625,61.40978125,0.914511563,3.866484375,67.311,44.641,0.92239,3.86615,32,65.82739591,37.59245323,0.034250205,1.054425384,17,3435,36.1581,2984,80,37.3,13,1.2154,0.0172,0.1105,0.2593,131072,0.595436275,1903.740356,0.466196984,17.77181816,21.81018829,1979.321289,0.760368347,0.6408813,1666.071655,0.492474258,15.37820435,16.78034019,1792.632568,0.806438923,0.233444259,1097.804688,0.146813214,10.48879051,16.90651131,1208.623779,0.164207697,1mgml,flu,roi2,4610.810918,52722.6499,32902.933,492.0620511,65223.59818,62169.96945,5135.783521,4129.331893,1243.669979,62230.44273,5473.449611,5438.067533,5563.915001,5603.078948,42271.45104,2696.312821,4426.556431,5342.086524,62172.7743,9525.707056,691.089913,1810,65049,32630,19,65535,64829,2085,1519,216,64690,2501.5,2497,2417,2457,42262,133,2353,2213,64810,5353,33,6888.565925,6359.592818,15945.45791,2831.702394,1753.601713,1636.588107,6195.766909,7444.682799,2646.845776,5697.489516,7440.720098,7376.509289,7782.195546,7796.635766,140.0856409,5882.373722,5414.467242,7701.791764,6118.241151,10533.52266,2118.698501,D1,N8,t
appliedMASKiso_flu_1mgml_roi2_8bit.ome,18,91.60032143,58.03735714,0.921930357,4.000060714,80.445,43.5475,0.924935,3.62015,28,65.98458934,37.34212334,0.027236138,1.01754139,18,3248,38.355,2796,97,28.8247,13,1.2117,0.0105,0.1039,0.241,131072,0.614955902,1865.054077,0.476558924,17.07384109,21.24253464,2003.188477,0.773039997,0.659222841,1553.316284,0.488610893,14.11488247,16.91020584,1882.92688,0.817692697,0.237130523,1167.574219,0.154677302,10.85509205,16.84719467,1299.456543,0.162406519,1mgml,flu,roi2,4701.731469,52369.25608,32921.7145,508.8917739,65211.15218,62153.98949,5323.845177,4266.606681,1140.481081,62275.6788,5412.684404,5376.043666,5566.29783,5594.855653,42272.27337,2741.358593,4141.28104,5396.134598,62188.19436,9756.132638,658.3428448,1855,49749,32634,19,65535,64798,2243,1634,208,64667,2506,2500,2451.5,2489,42264,133,2307,2260,64782,5497.5,33,6977.045517,6434.389851,15603.73768,2779.397454,1733.173039,1626.238987,6114.198557,7564.426219,2382.43374,5524.03575,7279.043607,7213.3883,7702.370114,7702.58081,161.8067345,6156.17217,4923.644211,7712.716348,5987.613401,10826.65972,1974.096308,D1,N8,t
appliedMASKiso_flu_1mgml_roi2_8bit.ome,19,88.04970357,58.2215,0.918218571,3.959832143,76.529,48.783,0.92743,3.8661,28,65.27935341,28.05507703,0.060557386,1.109879612,19,3273,38.0467,2809,81,34.679,13,1.1953,0.0213,0.1025,0.217,131072,0.621939719,1825.861816,0.489640594,16.60098267,21.3039875,2077.344482,0.778776944,0.651120245,1640.210571,0.508071899,14.77941418,17.33563614,1946.85144,0.812221587,0.232420415,1102.598389,0.162539274,10.19766617,16.785923,1381.423706,0.155367792,1mgml,flu,roi2,4825.148258,52710.28049,32913.38717,798.5641679,65101.32464,62062.96365,5539.229389,4457.941592,1126.729751,62226.67224,5444.608391,5405.013673,5634.825864,5657.647099,42271.73257,2886.52065,4041.672701,5498.392243,62116.9268,9879.866533,759.1754504,1876,49749,32640,20,65535,64757,2323,1685,209,64634,2534,2523,2480,2515,42264,133,2330,2281,64740,5540,34,7284.881489,6878.046916,15333.46656,2820.436771,3014.411829,2380.717876,6287.860152,8021.481775,2366.992829,5603.649048,7333.58687,7260.80325,7849.101163,7834.457229,152.2521135,6443.435534,4725.703022,7952.070865,6120.830529,11050.69338,2510.772977,D1,N8,t
appliedMASKiso_flu_1mgml_roi2_8bit.ome,20,101.5506864,62.35886364,0.909696364,3.852177273,115.075,54.0035,0.920785,3.7354,22,66.00466662,29.77333962,0.055276755,0.90464772,20,3101,40.268,2645,96,27.5521,8,1.1839,0.0128,0.0945,0.2207,131072,0.638652802,1822.949707,0.496079534,16.15341187,20.77464104,2171.355225,0.792150736,0.653814197,1770.84436,0.505786359,15.3921423,17.1776123,1993.621948,0.813448548,0.217396557,1072.537842,0.172047764,9.612317085,16.1484642,1495.311279,0.139917195,1mgml,flu,roi2,4868.131305,52660.00137,33042.74198,1003.071969,65039.06055,62100.73957,5689.066604,4648.581086,1058.95417,62311.07036,5320.043857,5275.900428,5555.820977,5569.644631,42271.75019,3089.984623,3853.933179,5481.343833,62172.29001,9943.171134,737.3179569,1839,49749,32654,22,65535,64769,2343,1711,205,64639,2478,2474,2434,2466,42268,133,2285,2237,64748,5440,31,7552.164068,7349.648549,15070.2351,2907.889419,4090.042314,2877.31331,6198.205231,8333.042211,2165.298169,5389.670485,7188.602448,7102.519105,7781.841779,7751.797435,155.434026,6708.56931,4479.046103,8056.138584,5982.876434,11492.66948,2442.562901,D1,N8,t
appliedMASKiso_flu_1mgml_roi2_8bit.ome,21,99.73577,61.47638462,0.902660769,3.833734615,114.515,51.8405,0.90671,3.6901,26,64.96318164,33.82884697,0.048381581,0.897892925,21,3040,41.1161,2501,87,28.7471,10,1.1759,0.0083,0.0944,0.2279,131072,0.644265592,1732.756836,0.5172351,15.38082314,20.70705605,2227.960938,0.797938585,0.653565943,1717.872925,0.530615807,15.16734409,17.36115074,2019.209961,0.813651741,0.200794086,940.9187622,0.181655258,8.415782928,15.35149384,1506.586426,0.126429424,1mgml,flu,roi2,4992.831604,52508.7279,32938.82465,865.6030709,65065.90323,62019.89571,5849.584605,4767.864938,1072.402341,62254.468,5429.840891,5384.905148,5677.259806,5690.335794,42270.91903,2584.845612,3881.424635,5611.239537,62108.00632,10159.92523,722.8708304,1868,49749,32654,27,65535,64767,2442,1787,214,64641,2506,2503,2466,2496,42269,133,2307,2272,64752,5508,34,7530.316693,7266.503895,15154.83244,2853.383457,3228.101874,2470.707426,6157.091924,8283.199808,2067.689747,5324.535157,7188.587083,7103.969552,7779.896131,7750.47993,219.4999338,5764.636494,4409.376565,8043.753864,5913.256239,11672.18274,2184.195463,D1,N8,t
appliedMASKiso_flu_1mgml_roi2_8bit.ome,22,115.1229258,60.16754839,0.920916774,3.877383871,130.5,52.281,0.92562,3.8178,31,55.54202209,30.62180364,0.027412278,0.869647346,22,3486,35.5998,2865,107,26.7757,11,1.2047,0.0153,0.1144,0.1801,131072,0.607417583,1874.667114,0.525181174,16.93890953,22.22761917,2308.623779,0.775715232,0.612028182,1843.534424,0.541779935,16.56906509,19.26681519,2101.548828,0.78909862,0.194704935,917.4508057,0.167025775,8.355108261,14.6203289,1376.095947,0.124972597,1mgml,flu,roi2,5262.003758,53151.27993,32965.71333,611.6355915,65127.14116,61747.61558,6116.880979,4935.196138,1192.78645,61972.98742,5855.419453,5811.355842,6088.44393,6108.370273,42269.0594,2949.329645,4215.164852,5967.979247,61825.33957,10643.66836,724.4072016,2022,64948,32657,34,65535,64696,2700,1979,249,64569,2736,2727,2685,2719.5,42261,133,2511,2464.5,64678,5938,50,7452.696193,6962.0578,15525.12711,2794.758945,1902.193296,1754.784777,6271.103441,8100.769476,2118.588261,5504.259818,7431.235286,7355.194273,7966.475033,7949.887305,163.2380103,6539.56723,4632.569955,8102.321829,6057.499983,11782.49336,1791.778316,D1,N8,t
appliedMASKiso_flu_1mgml_roi2_8bit.ome,23,93.48043111,61.21844444,0.9162675,3.896411111,97.0695,52.956,0.92997,3.6809,36,60.86477392,27.13297664,0.039067291,1.004925649,23,3954,31.1495,3331,93,35.8172,24,1.2539,0.0156,0.13,0.1931,131072,0.584874868,1949.05249,0.531849742,17.66716576,23.44466591,2363.438477,0.761238039,0.563853145,1990.667358,0.563754439,18.13830566,23.07037163,2473.819824,0.758239329,0.196411401,897.4923706,0.154229581,8.237339973,14.11905098,1253.368408,0.126054332,1mgml,flu,roi2,5455.281289,53831.61581,32939.43858,538.7371225,65139.0144,61524.51752,6335.12567,5065.598906,1315.530717,61732.05305,6170.395178,6127.432282,6392.104217,6417.269338,42270.47949,2723.893061,4488.83265,6228.93877,61584.66879,10957.7384,774.0556556,2101,65452,32655,39,65535,64654,2799,2030,277,64516,2884,2875,2810,2851,42258,133,2692,2565,64628,6148,58,7524.202284,6955.466328,15507.17596,2884.604044,1607.789989,1611.790123,6502.350659,8170.432519,2287.033679,5793.453232,7707.867772,7637.130773,8216.232446,8207.310275,116.148936,5848.916935,4852.91061,8272.932707,6324.800858,11866.84955,1835.043729,D1,N8,t
appliedMASKiso_flu_1mgml_roi2_8bit.ome,24,87.5780175,63.0789,0.92164875,3.9500875,95.928,58.724,0.930485,4.1121,40,65.82850803,25.36637202,0.037457663,0.850315185,24,4092,30.0315,3434,102,33.6667,19,1.2724,0.0116,0.1425,0.2254,131072,0.554928482,2100.66333,0.531166196,19.14426994,25.33932114,2480.450684,0.739755154,0.51245898,2174.426514,0.544055462,19.90789032,26.13056946,2625.555664,0.724550307,0.207906127,989.7406006,0.141344294,9.104656219,14.80750275,1281.157593,0.136376306,1mgml,flu,roi2,5657.571413,54099.45469,32944.54879,632.6617408,65083.04807,61347.67287,6603.346776,5270.062895,1405.094046,61555.90748,6402.924663,6358.145902,6644.580967,6668.874142,42269.65063,2745.850988,4668.995954,6467.250219,61396.0753,11240.71531,857.542432,2186,65502,32650,42,65535,64617,2958,2158,297,64480,3010,3004,2933,2981,42257,133,2828,2679,64590,6374,70,7717.263255,7142.129478,15582.41567,2826.630202,2010.420396,1916.250072,6730.04468,8417.162295,2449.632683,6034.980382,7899.35802,7826.683352,8438.270499,8426.333089,145.5580194,6035.650538,5026.035837,8486.407035,6574.275308,11914.98141,2082.726821,D1,N8,t
appliedMASKiso_flu_1mgml_roi2_8bit.ome,25,107.9353073,56.38485366,0.910073415,3.784536585,131.82,50.429,0.9281,3.531,41,61.48458486,21.62932985,0.050499101,0.932053043,25,3767,32.7951,3136,94,33.3617,23,1.2511,0.0173,0.1293,0.2233,131072,0.577935457,2073.171875,0.529435217,18.54363441,23.82810402,2411.256348,0.755870402,0.545045495,2155.355713,0.534281254,19.26317596,23.76890564,2506.704102,0.746317983,0.200824514,998.2717896,0.132437885,9.003142357,14.12489128,1268.044678,0.129468605,1mgml,flu,roi2,5420.474851,53765.46918,32912.16397,546.4880812,65146.15625,61601.71628,6406.104554,5137.546589,1250.469887,61825.85577,6061.476909,6016.855863,6313.554387,6332.632923,42268.73289,2677.932212,4364.682072,6170.641541,61664.46381,11024.91643,740.4672754,2035,65454,32646,30,65535,64722,2918,2158,251,64588.5,2767,2759,2715,2757,42257,133,2579,2488,64697,5997,60,7514.045942,7022.322775,15423.51596,2812.110141,1777.015638,1714.297245,6454.024888,8238.037185,2263.676051,5741.915567,7623.916932,7550.730919,8161.60356,8146.850828,155.2712241,5869.606834,4839.541992,8236.17537,6285.164269,11932.28833,1885.363491,D1,N8,t
appliedMASKiso_flu_1mgml_roi2_8bit.ome,26,109.5562879,64.04518182,0.929345455,3.880890909,143.47,52.869,0.93484,3.5922,33,61.99888964,34.61199477,0.040899523,1.102702373,26,3904,31.574,3248,104,31.2308,18,1.2495,0.016,0.1337,0.2083,131072,0.55738759,2128.749023,0.525720656,19.31685066,25.0294323,2456.706543,0.741363704,0.538174748,2206.678223,0.543222487,19.90111923,23.97967911,2512.267822,0.741678417,0.207089096,1002.917908,0.138574511,9.19424057,14.76587677,1244.487305,0.136514127,1mgml,flu,roi2,5333.240693,54478.40046,32939.94791,609.4192195,65112.03876,61543.73683,6189.629147,4953.827993,1334.349409,61729.86292,6073.021628,6031.441585,6266.76073,6295.42277,42268.47964,3058.28819,4537.084227,6096.803304,61594.95775,10703.64736,826.7240795,1905,65488,32648,33,65535,64768,2720,1992,246,64635,2608,2604,2533,2574,42257,142,2488,2328,64754,5623,71,7501.160224,6830.722893,14974.20778,3066.349955,2021.814079,1911.028789,6616.535398,8072.974559,2500.528177,5972.469532,7807.622259,7740.782117,8263.77423,8264.346103,136.2681345,6385.579227,5225.196994,8280.926503,6468.867947,11671.3222,2163.266819,D1,N8,t
appliedMASKiso_flu_1mgml_roi2_8bit.ome,27,99.83437879,68.10448485,0.917493939,3.773027273,122.74,50.835,0.91941,3.3713,33,64.8801284,41.80191321,0.030184027,0.93315154,27,4210,29.1337,3490,104,33.5577,21,1.2651,0.0101,0.1392,0.2078,131072,0.524338841,2244.58252,0.494204581,20.85529327,26.27845764,2428.95459,0.717137814,0.50096643,2285.09375,0.52236259,21.15728378,26.32505798,2593.704834,0.717214823,0.216894299,1054.105713,0.15213801,9.852355957,15.22168732,1188.174438,0.147523567,1mgml,flu,roi2,5130.688633,55100.09234,32966.62525,594.1374205,65125.1746,61531.78963,5762.505254,4583.933277,1487.964452,61614.76728,6103.100915,6067.755945,6174.482766,6223.282822,42269.23307,2835.804598,4895.281492,5933.311089,61539.32593,10197.34269,869.2211038,1746,65516,32648,32,65535,64776,2402,1749,258,64584,2545,2537,2396,2446,42259,133,2601,2163,64735,5183,67,7319.664606,6454.866066,14611.87368,3178.295007,2035.246613,1876.252982,6722.065566,7693.479413,2824.470939,6222.974885,7998.787173,7941.84452,8304.241624,8331.235261,141.2677257,6207.27106,5770.769243,8197.537909,6634.183126,11206.57885,2259.733464,D1,N8,t
appliedMASKiso_flu_1mgml_roi2_8bit.ome,28,94.1566,58.02422857,0.904920857,3.746577143,102.53,44.873,0.91628,3.68,35,58.37686141,36.26839519,0.043706613,0.955262014,28,4078,30.1415,3400,128,26.5625,15,1.2555,0.0193,0.1381,0.2013,131072,0.496646494,2316.081543,0.461279839,21.94573212,27.67373848,2335.998779,0.693289042,0.474477917,2304.890137,0.475533366,21.73874474,27.07629967,2579.286377,0.699128211,0.235506341,1093.984009,0.146175548,10.49604034,17.10816383,1135.953857,0.168547228,1mgml,flu,roi2,4890.809982,55408.98332,32987.50584,595.3611284,65141.38329,61594.64194,5365.897467,4223.576654,1689.265483,61557.4641,6075.34264,6046.049008,6054.352394,6117.99563,42268.67667,2670.873707,5254.815301,5737.924962,61538.38271,9652.497095,943.5363516,1662,65523,32658,29,65535,64811,2204,1596,251,64604,2476.5,2474,2302,2357,42260,133,2601,2073,64763,4955,53,7115.856656,6020.848275,14705.03984,3200.674231,2179.136084,1931.876912,6888.360051,7337.703698,3443.939707,6610.330577,8226.566613,8181.166011,8396.596583,8448.478488,196.6526162,5933.789127,6562.753813,8132.828842,6927.769082,10598.32942,2626.513597,D1,N8,t
appliedMASKiso_flu_1mgml_roi2_8bit.ome,29,112.1089321,50.92882143,0.906314286,3.957478571,136.01,46.85,0.91067,3.82365,28,56.39356999,21.94918621,0.041685141,1.027517107,29,4017,30.6296,3367,104,32.375,21,1.2495,0.0172,0.1266,0.2128,131072,0.498144776,2221.616455,0.447990805,21.41940308,28.16352081,2256.288818,0.690623939,0.473571002,2274.78418,0.467995405,21.7693119,25.81007767,2384.093018,0.698931336,0.25081268,1057.038696,0.149541914,10.40264416,19.7896328,1222.581421,0.183580667,1mgml,flu,roi2,4601.982255,55381.03053,32971.87166,673.8844099,65130.41104,61769.89344,5101.133819,4003.631247,1681.394845,61677.44809,5841.340915,5815.604059,5767.474942,5837.32431,42270.4764,2277.945462,5229.289187,5432.285498,61692.25657,9092.642089,970.7038516,1675,65525,32643,22,65535,64758,2164,1570,253,64553,2514,2510,2333,2387,42261,133,2647,2093,64706,4966,37,6970.388579,5857.066647,14527.69536,3175.080785,2337.955811,2076.883984,6904.427921,7205.757619,3635.179712,6696.053801,8185.989963,8143.510265,8313.459031,8372.147071,142.0262304,5366.194671,6645.49968,8013.148486,6984.117881,10062.34306,3011.62617,D1,N8,t
appliedMASKiso_flu_1mgml_roi2_8bit.ome,30,118.0760316,59.83305263,0.887426316,4.017052632,133.41,48.042,0.90995,3.6717,19,57.06595013,33.4214529,0.064617347,1.162697918,30,3589,34.5208,2973,86,34.5698,23,1.2211,0.0121,0.1041,0.2167,131072,0.541452885,1992.9823,0.453295708,19.30123329,26.4685936,2158.031738,0.717825472,0.555245399,1963.563477,0.445935845,19.39481735,19.87076569,1956.346436,0.752347171,0.263172984,1089.836792,0.184241146,10.74623108,21.41546059,1378.977661,0.192357346,1mgml,flu,roi2,4250.018825,55416.6025,33020.00549,813.7814168,65120.23779,62058.18986,4786.945976,3756.157711,1463.304747,61968.14893,5400.362275,5376.837652,5322.471666,5388.574799,42271.25471,2002.12543,4884.491758,5013.862631,61993.14225,8529.5227,885.2211501,1528,65517,32633,14,65535,64788,1985,1430,228,64569,2335,2332,2147,2201,42263,133,2534,1916,64734.5,4567,27,6800.929474,5802.090539,13563.32297,3308.224545,3197.433097,2488.00138,6738.83073,7132.8572,3559.421908,6503.213483,7889.983472,7847.697733,8033.781754,8086.812612,147.077383,4455.20607,6384.847354,7778.73577,6791.759577,9691.138555,3254.934765,D1,N8,t
appliedMASKiso_flu_1mgml_roi2_8bit.ome,31,102.5063529,57.76641176,0.892285882,3.892870588,118.61,48.048,0.9001,3.6975,17,54.49210838,25.92212809,0.067316943,0.878776165,31,3334,37.314,2724,102,26.7059,11,1.2005,0.0147,0.0948,0.1509,131072,0.570028663,1873.488281,0.441049665,18.13134956,24.69617081,2011.85022,0.735334635,0.606677353,1730.609131,0.449327052,16.5759697,17.80534363,1816.070557,0.785094023,0.271409094,1152.0802,0.195893824,11.30479813,21.49102974,1379.93335,0.197811231,1mgml,flu,roi2,3984.891173,57119.34064,32998.27963,782.8652373,65135.35345,62094.19661,3490.345284,2694.066375,1401.699393,61994.50323,5204.982779,5186.187707,5107.483939,5175.168797,42259.24826,2869.949198,4816.249744,4756.160344,62049.0481,8018.996082,886.1495709,1392,65443,32588,13,65535,64753,854,575,191,64534,2223,2220,2036,2089,42259,133,2466,1784,64711,4210,24,6571.436521,5076.418394,11015.63898,3329.5557,2895.003586,2371.821582,6782.286618,6324.056554,3654.812043,6577.474662,7820.134288,7781.576279,7910.827455,7972.071136,456.6446161,6467.415016,6460.545206,7592.043305,6835.029583,9158.676572,3408.223639,D1,N8,t
appliedMASKiso_flu_1mgml_roi2_8bit.ome,32,106.6340708,52.909375,0.91842125,3.9223375,116.225,52.8245,0.92438,3.599,24,55.05302204,15.02486494,0.029534076,0.831480082,32,3346,37.173,2716,98,27.7143,10,1.2006,0.0181,0.0966,0.1368,131072,0.574887574,1825.216187,0.425943375,17.82474518,23.47834778,1899.235596,0.740110397,0.621486425,1653.648438,0.448644191,15.93393707,16.70772743,1671.235474,0.794606566,0.268821001,1117.139648,0.19121632,11.05225754,20.12949562,1299.204712,0.19328776,1mgml,flu,roi2,4198.720161,59453.73477,32525.30746,683.8608855,65138.759,61633.69448,3780.333895,2812.56353,1469.561783,61713.60674,5953.816811,5940.482178,5820.058243,5902.022133,42249.61337,2425.892801,5364.181915,5197.485992,61742.88872,8356.366005,821.376923,1720,65518,32475,11,65535,64286,1469,970,183,64297,2974,2981,2821,2878,42254,116,2692,2323,64412,4962,19,6402.182273,4745.811824,7759.625653,2063.235397,2487.963428,2247.500758,6981.708968,5994.72267,3986.007776,6795.812219,7928.609963,7896.255094,7923.70102,8001.740108,185.6463703,5602.068608,6956.573542,7499.079261,6999.435598,8439.328408,3316.969111,D1,N8,t
appliedMASKiso_flu_1mgml_roi2_8bit.ome,33,84.729816,53.80096,0.9120144,3.637572,90,48.704,0.92321,3.2913,25,56.41842013,15.98897445,0.034543865,0.86608595,33,3373,36.8595,2767,106,26.1038,12,1.2053,0.0142,0.096,0.1147,131072,0.589820564,1784.34314,0.400034994,17.42035103,21.5853157,1803.197998,0.753441274,0.636729717,1641.311157,0.434946954,15.72818756,15.16424084,1535.746948,0.803620696,0.256770402,1062.236572,0.199567258,10.53594971,18.18673897,1258.967163,0.179182813,1mgml,flu,roi2,4310.80513,60119.08214,32651.46787,599.3755506,65161.52781,61346.6265,3983.765061,2903.368671,1601.549828,61441.21703,6418.752335,6409.397507,6258.803886,6350.281693,42256.38141,2674.270787,5840.188835,5457.934601,61471.23119,8653.746407,692.393341,1986,65528,32535,10,65534,63916,1985,1302,236,63989,3518,3524,3404,3458,42256,133,2963,2741,64068,5648,16,6184.658911,4470.035229,7516.858188,2102.52329,2339.563734,2127.241718,6909.553638,5648.472197,4110.316781,6753.72536,7881.610925,7853.355967,7787.050554,7878.989589,62.50812097,6009.806784,7286.931317,7301.18254,6908.539162,7908.036632,2850.409211,D1,N8,t
appliedMASKiso_flu_1mgml_roi2_8bit.ome,34,89.772448,47.82796,0.904784,3.927248,91.102,47.863,0.91549,3.5204,25,55.30811805,12.56395109,0.044273166,1.202232067,34,3716,33.2726,3011,118,25.5169,12,1.2245,0.0142,0.1128,0.127,131072,0.571933329,1816.310425,0.37251687,18.1952877,21.56018639,1749.327271,0.742610753,0.621956229,1688.898438,0.392458797,16.62631416,15.12738037,1451.650024,0.794085979,0.247367516,960.2099609,0.194602281,9.82909584,17.76929474,1195.171509,0.174643859,1mgml,flu,roi2,4576.440445,61161.6124,32746.8971,640.5007977,65114.58139,60830.32549,4272.27079,3068.966805,1905.13002,60890.3605,7171.17083,7165.304993,6949.416046,7058.910133,42258.31401,2508.317073,6633.408447,5925.439629,60933.33507,9062.295074,689.7306581,2324,65532,32556,9,65534,63463,2442,1589.5,320,63554,4233,4239,4111,4176,42256,133,3484,3261,63616,6461,14,6179.444354,4404.919078,7066.815686,2087.654298,2639.658365,2394.017178,7180.607611,5513.602704,4681.926657,7095.038726,8149.337243,8123.755402,7947.444623,8058.924155,21.7315908,5609.777795,7903.377965,7371.121075,7202.373853,7414.72294,2980.569013,D1,N8,t
appliedMASKiso_flu_1mgml_roi2_8bit.ome,35,82.22342273,49.40590909,0.911476364,3.594804545,88.29,44.8225,0.910845,3.2013,22,53.19414756,15.42626806,0.037383127,1.255731829,35,3901,31.5998,3159,125,25.272,18,1.2427,0.0166,0.1115,0.1015,131072,0.584740222,1743.025757,0.369410753,17.54344177,20.32832527,1687.831421,0.754157543,0.627308965,1636.82666,0.375922352,16.19178581,14.56045341,1388.780029,0.79766202,0.23589769,899.9310913,0.197470352,9.223230362,16.66713142,1167.426392,0.161734521,1mgml,flu,roi2,4733.902626,61335.2681,32780.43766,576.8398939,65117.45753,60416.14974,4617.495491,3270.426262,1979.475029,60484.69376,7742.133118,7739.273987,7512.024521,7629.255302,42260.13422,2074.347439,6984.753235,6263.04985,60523.71659,9297.569672,633.5024959,2548,65533,32584,8,65533,63035,2879,1877,400,63135,4806,4817,4701,4766,42257,133,3733,3646,63184,6872,15,5986.425046,4257.759193,6974.623415,2133.04975,2451.036934,2333.212596,7083.289061,5339.374332,4525.142254,6955.74688,7995.363579,7972.802823,7781.676278,7893.836421,14.98132678,4846.94821,7705.859978,7176.301631,7052.098863,6947.230836,2833.08773,D1,N8,t
appliedMASKiso_flu_1mgml_roi2_8bit.ome,36,77.84235,43.44215,0.9210145,3.68488,58.7715,39.6205,0.91948,3.5591,20,53.46640653,15.090376,0.023257534,0.859827201,36,3446,36.0363,2799,105,26.6571,13,1.2145,0.0233,0.0902,0.07541,131072,0.630810916,1570.694702,0.390639305,15.51400852,17.84413147,1575.835083,0.78685236,0.676650465,1478.806396,0.413663059,14.34220982,12.66696644,1260.773315,0.827233434,0.218717128,821.3641357,0.192740366,8.331810951,14.90874672,1114.665039,0.144385457,1mgml,flu,roi2,4643.148697,60164.74069,32811.94138,388.5339986,65206.23717,60313.84326,4835.133965,3367.119438,1841.441704,60414.13191,7866.469765,7866.516518,7683.093109,7794.77594,42262.38023,2052.124419,6784.656647,6271.275085,60439.40501,9165.594475,538.4754573,2578,65533,32599,8,65532,62783,3176,2068,457,62856,5089,5100,5008,5073,42258,133,3778,3793,62899,6799,19,5499.142903,3913.287456,7487.023898,1983.097028,1651.869317,1773.687053,6583.865378,5004.572061,3977.688206,6398.548904,7448.969896,7429.603882,7279.436787,7379.926985,61.82640715,4151.146323,6997.273431,6654.531785,6497.658257,6529.253091,2348.792606,D1,N8,t
appliedMASKiso_flu_1mgml_roi2_8bit.ome,37,90.77476111,54.09588889,0.908685,3.589372222,105.9125,46.7635,0.91601,3.6794,18,63.9113319,25.86567513,0.042440325,0.558284061,37,3843,32.1069,3084,102,30.2353,16,1.2406,0.0181,0.1077,0.1102,131072,0.596310735,1714.561035,0.371234387,17.1900425,18.51534081,1580.72644,0.765911698,0.603757918,1723.220093,0.399768621,17.13050079,15.88922405,1504.986816,0.783907294,0.210288018,815.0254517,0.17396456,8.318990707,13.50844479,970.0068359,0.139896736,1mgml,flu,roi2,4730.575966,60966.34715,32843.59803,284.5098504,65259.60222,60013.84413,4873.640686,3357.711853,1983.5532,60043.97923,8335.152802,8338.60144,8074.389236,8203.492455,42262.47887,1501.643512,7286.770409,6490.724846,60095.66467,9334.997047,512.2374717,2691,65534,32613,8,65532,62524,3296,2132,536,62559,5472,5485,5361,5440,42258,133,4208,4006,62612,6982,24,5226.034664,3556.079112,7156.991916,2130.711746,1206.799434,1420.795981,6453.853158,4642.747948,3970.365104,6336.514336,7400.385477,7386.959087,7152.465905,7265.565837,19.5576551,2681.201286,7071.478515,6436.837177,6392.850666,6354.038419,2085.879336,D1,N8,t
appliedMASKiso_flu_1mgml_roi2_8bit.ome,38,97.16764688,49.2398125,0.907387187,3.651934375,118.505,42.9155,0.91643,3.37695,32,60.40074789,21.24180053,0.05753009,0.758511448,38,4118,29.8293,3314,110,30.1273,14,1.26,0.0171,0.1696,0.1009,131072,0.485835403,2117.80542,0.314769894,22.19447899,22.36266136,1697.768799,0.691963375,0.475611776,2169.566895,0.333783895,22.66801834,20.74696159,1720.154175,0.699564099,0.198075056,740.6277466,0.159775585,7.867800236,12.87704563,797.4202271,0.140527472,1mgml,flu,roi2,4962.960823,64239.97224,32735.5687,259.4398171,65269.08858,59598.44301,4612.771378,3146.974899,2665.128838,59405.07181,9015.750252,9023.862022,8547.002022,8716.197838,42258.53703,1364.812373,8579.475121,6846.296638,59538.47743,9774.148628,596.85646,2858.5,65534,32599,10,65532,62393,3196,2068,585,62359,5825,5831,5628,5722.5,42257,133,4818,4228,62434,7512.5,24,5256.145826,3094.929322,4330.667123,2491.849659,1099.211794,1327.626252,6894.991976,4100.658525,5450.52654,7129.540684,8043.046796,8039.237072,7507.192749,7672.962698,8.790929626,2308.395745,8551.87862,6618.250993,7041.518334,6394.866123,2292.861411,D1,N8,t
appliedMASKiso_flu_1mgml_roi2_8bit.ome,39,101.0356103,57.51844828,0.895065862,3.6937,121.61,49.707,0.89618,3.5757,29,59.10572191,22.43813466,0.04897928,0.745232993,39,4895,24.7769,3947,131,30.1298,28,1.3089,0.0208,0.183,0.1234,131072,0.46387279,2253.700928,0.289506584,23.63034439,22.692379,1708.720825,0.677878618,0.440908104,2285.499268,0.307673335,24.02328491,22.36057472,1802.733154,0.675082266,0.183787584,715.0863037,0.147143409,7.545643806,11.65454483,721.2354736,0.131408691,1mgml,flu,roi2,4876.837914,64941.93595,32535.11145,196.0541669,65323.00889,59688.80695,4458.393784,3022.604782,2652.265656,59433.60056,8978.246109,8987.949814,8474.998215,8649.361519,42257.658,1656.147508,8707.532257,6760.91275,59584.042,9800.106636,525.8190058,2829,65534,32571,10,65532,62456,3137,2030,574,62390,5812,5823,5584,5682,42257,133,4932,4188,62472.5,7509,22,4996.179517,2869.081565,2997.681173,2520.592078,878.2768045,1068.997965,6617.263217,3820.049498,5280.404298,6932.364301,7824.957223,7823.149998,7260.5898,7428.93442,6.101012323,2647.683457,8526.244747,6349.661279,6827.7252,6371.49449,1985.818489,D1,N8,t
appliedMASKiso_flu_1mgml_roi2_8bit.ome,40,97.98410465,52.96973643,0.894125504,3.736411628,117.03,43.211,0.91139,3.6227,129,55.20340167,24.81412207,0.066974464,1.16923365,40,5668,21.1251,4689,102,45.9706,45,1.3427,0.0275,0.7338,0.08925,131072,0.029262213,2789.053223,0.159061447,34.63639069,64.58367157,1645.667725,0.201948136,0.014524484,2834.896484,0.123593949,35.29653549,64.62802124,1676.85791,0.17909123,0.051392779,508.6671753,0.142858133,5.338908195,10.44849682,197.3289185,0.092247352,1mgml,flu,roi2,10043.85416,65532.09781,32626.68331,1465.059277,62714.04137,47110.78007,12395.44276,8161.10038,13311.46983,45779.04479,21940.52276,21977.30101,21190.0499,21543.52369,42254.7257,1844.548387,20054.14144,15360.24886,46087.0874,9031.704811,8323.919609,8262,65534,32632,434,64288,49370,10899,7048,12549,47761,19790,19835,19012,19346,42255,73.5,19274,13243,48144,7811,5798,5214.638025,4389.153928,137.9062507,72.61779674,2701.710084,4006.481029,7696.899868,6271.507123,5193.405223,7259.461376,7404.557407,7400.086483,7652.86963,7688.798955,2.53582592,4016.371576,5060.513251,6690.366919,7405.719129,3484.319032,7235.311718,D1,N8,t
appliedMASKiso_flu_1mgml_roi2_8bit.ome,41,99.56284694,63.76304082,0.903054898,3.545918367,113.63,49.267,0.91268,3.3827,49,59.93935277,37.07246318,0.045999094,0.866551831,41,6189,19.1784,5094,173,29.4451,38,1.3719,0.0278,0.3781,0.1188,131072,0.199874178,3439.58252,0.195999861,37.81297302,37.25200653,2167.637451,0.453554273,0.182302058,3525.309814,0.193755895,38.82871246,36.7202301,2206.83374,0.446537554,0.102633119,440.8775635,0.117639534,4.866594791,10.85085392,394.9994202,0.104717836,1mgml,flu,roi2,5978.268265,65531.46596,32587.0519,286.8297047,65162.07435,57971.56503,7029.717705,4699.07209,3075.93792,57930.45315,11028.99812,11042.1862,10877.28239,11019.27113,42252.35822,2099.481481,9507.705147,8498.199722,57908.84489,11236.07233,861.0868683,4047.5,65533,32598,15,65526,60733.5,5539,3588,959,60784,8109,8120,8127,8213,42252,96,6063,6062,60733,10005,61,4983.533125,3402.340302,137.9518864,100.8284854,933.7402526,1309.030923,6967.652794,4618.539515,5133.711602,7079.050688,7775.022248,7771.790851,7469.972499,7597.367567,3.44489988,4430.853432,7992.224914,6433.209044,7070.951403,5100.310548,2411.23239,D1,N8,t
appliedMASKiso_flu_1mgml_roi2_8bit.ome,42,99.91123725,66.45629412,0.907772353,3.598903922,112.48,46.97,0.9132,3.2913,51,55.68033597,42.98106498,0.039712728,1.071302062,42,6453,18.3119,5316,167,31.8323,47,1.3835,0.0261,0.4809,0.09338,131072,0.114584543,3711.422119,0.156561062,41.67995453,45.16095734,2202.203125,0.353262335,0.096190847,3844.365479,0.143397182,43.10404587,44.83663177,2210.092041,0.338901192,0.077262193,426.7869873,0.106946021,4.635776043,9.984147072,233.6138,0.092763491,1mgml,flu,roi2,6718.409264,65531.88387,32607.77023,248.190219,65018.15227,56190.87961,8848.72876,5856.543709,3529.968056,56155.08898,12805.35772,12823.29015,12840.83321,12973.2008,42253.12858,2040.686567,9997.508797,9794.729668,56070.30937,11463.04264,1265.559445,4977,65534,32613,10,65489,58680,7465,4813,1711,58668,10217,10240,10385,10469,42253,93,7194,7604,58571,10506,253,4687.591099,3418.409805,137.9121358,80.1290289,862.135279,1490.877872,6791.089066,4713.931202,4673.185645,6785.631859,7289.455826,7286.932337,7126.705803,7227.157445,2.859940699,4211.606055,6933.461246,6095.583199,6814.701869,4044.321141,2769.028035,D1,N8,t
appliedMASKiso_flu_1mgml_roi2_8bit.ome,43,99.17187887,58.31315493,0.888077042,3.164257746,116.57,43.873,0.89917,2.9076,71,59.83977066,37.57328554,0.075399927,0.820313374,43,6374,18.5637,5315,152,34.9671,43,1.3808,0.0257,0.5374,0.117,131072,0.080648921,3727.976318,0.117772639,42.6119957,48.60313416,2095.121582,0.304720879,0.062701516,3883.814697,0.086798646,44.28255463,48.75725555,2087.666016,0.285778731,0.066226944,437.7817688,0.101356506,4.809883595,8.553703308,134.7674713,0.086803079,1mgml,flu,roi2,6892.067505,65531.87762,32611.32301,214.4510862,65015.60261,55087.88727,9464.847069,6224.186142,4133.387505,54824.19657,13974.29537,13996.9527,13963.01643,14115.63743,42253.69618,2208.540541,11201.26112,10348.27242,54780.97651,10955.53825,1526.53109,5390,65534,32616,20,65431,57195,8169.5,5273,2895,56850,11796,11823,11854,11973,42254,88.5,9614,8457,56823,9941,591,4128.316778,3254.167206,137.9206491,75.72443938,731.1009881,1332.12806,6135.461749,4574.56368,3833.322736,6040.978421,6441.554762,6439.437766,6421.192874,6490.641373,3.487525912,4918.759554,5257.74714,5435.495858,6107.571053,3494.650209,2690.697148,D1,N8,t
appliedMASKiso_flu_1mgml_roi2_8bit.ome,44,87.31726333,54.06463333,0.890477333,3.01897,92.0755,41.3375,0.908795,2.83965,30,62.14624876,32.28935923,0.060781834,0.678359118,44,5404,22.2548,4496,155,29.0065,24,1.3369,0.0239,0.4252,0.04705,131072,0.146731824,3684.577148,0.078458205,41.59938431,37.97833252,1978.340942,0.399275631,0.130488187,3794.300781,0.053134341,42.83866119,37.99891663,2000.95874,0.386617541,0.07560081,412.7247925,0.072384097,4.646958351,6.910896301,171.9060669,0.081493266,1mgml,flu,roi2,5190.094757,65531.70421,32597.02983,51.14662603,65400.34744,58238.64408,7058.302269,4615.543297,2364.676407,58037.62896,10834.6497,10854.09818,10746.93069,10877.76218,42253.5323,2533.95,9166.524483,7879.108887,58023.89503,10324.64755,493.0018006,3930,65533,32601,3,65520,60058,5777,3728,1496,59812,8937,8956.5,8843,8955,42254,89,7872,6234,59821,9095,122,3340.977246,2677.927915,137.9272156,79.80172245,185.125428,422.8173865,4955.459307,3881.480388,2500.383002,4904.476371,5452.292137,5454.299927,5454.603318,5511.057466,2.394163687,5190.930415,4255.213462,4506.464254,4966.827726,3853.43077,1134.920939,D1,N8,t
appliedMASKiso_flu_1mgml_roi2_8bit.ome,45,91.87386078,41.82115686,0.884913725,2.479543137,95.711,38.507,0.90147,2.4292,51,62.59326387,12.14705536,0.064440163,0.347867465,45,4176,29.3872,3518,129,27.2713,14,1.2622,0.0228,0.4913,0.09084,131072,0.102013975,3688.763672,0.060093634,42.87296677,41.76643372,1895.129028,0.344293892,0.085077845,3824.4375,0.019343413,44.4532547,42.44206238,1919.638184,0.325656235,0.065204956,408.7417603,0.086080708,4.751644611,5.613851547,96.17552185,0.077941015,1mgml,flu,roi2,5321.457542,65531.77293,32603.94825,24.25728632,65426.15542,56884.27567,6028.035187,3936.719376,4569.776321,55948.79386,12798.22655,12823.35122,12009.62477,12270.73167,42255.26521,2975.662791,13594.88084,8423.355774,56204.43398,9832.291176,671.0007095,4401,65533,32608,7,65487,58100,5043,3243,4124,57058,11504,11531,10659,10914.5,42255,89,12781,7238,57362,8719,445,2645.57312,2287.176964,137.9238111,74.2579698,66.22300152,213.2015877,3984.020107,3324.306295,2188.609903,3963.044548,4463.497615,4465.420088,4482.100777,4524.723528,2.22021126,6058.24067,3857.85552,3626.88593,4019.378667,3293.052834,773.0819366,D1,N8,t
appliedMASKiso_flu_1mgml_roi3_8bit.ome,1,80.10763913,69.96569565,0.910663478,3.71443913,75.964,55.581,0.90327,3.5131,23,62.00166787,36.69297115,0.032832875,0.895504924,1,4486,27.2182,3777,98,38.5408,16,1.2828,0.0126,0.1317,0.1598,131072,0.582256258,1825.294189,0.409749806,17.99012756,19.79438782,1745.569702,0.757420003,0.589478731,1763.215576,0.41590333,17.42283249,17.16166306,1653.305176,0.774867892,0.206633553,897.7055054,0.168149233,8.906389236,13.17749691,1001.611145,0.138102204,1mgml,flu,roi3,4116.556144,53955.70712,33122.61481,464.6183755,65302.04508,62531.17552,4391.252036,2688.675754,1579.474158,62337.02917,5125.147977,5121.150262,4740.033347,4811.627548,58115.54479,2189.945419,5310.466885,4496.111033,62431.64801,7834.171322,654.3030918,1312.5,65531,32654,17,65535,65029,1817,1005,261,64874,1990,1994,1680,1735,58095,138,2492,1516,64960,3493,54,5892.328536,3851.088053,15668.3112,3523.608888,1856.47742,1356.43552,4991.11001,5841.983578,2789.307017,5019.233147,6620.885718,6607.489528,6382.841921,6428.652047,99.28585018,4508.538959,6287.042663,6230.888164,5008.937579,9136.684337,1908.179207,D1,N8,t
appliedMASKiso_flu_1mgml_roi3_8bit.ome,2,73.14155926,61.37759259,0.906672963,3.335666667,55.491,47.567,0.91781,3.1044,27,59.79427786,39.60459612,0.033532852,0.910872556,2,4151,29.5762,3520,101,34.8515,15,1.2652,0.0146,0.1312,0.1727,131072,0.579626203,1814.778198,0.423683763,17.85343742,20.05174637,1769.318115,0.756522954,0.581988335,1756.127197,0.430102468,17.29202271,17.36484146,1633.858765,0.770400941,0.201432243,865.8692627,0.162447035,8.585788727,12.96906281,977.7014771,0.135502279,1mgml,flu,roi3,4347.094775,54380.02097,33240.29614,410.3082482,65311.29232,62313.358,4561.635425,2777.259532,1799.072385,62089.34722,5454.412249,5450.91758,5026.516345,5105.77661,58114.17551,1842.585294,5702.586234,4757.87106,62199.85526,8183.068847,722.076044,1314,65532,32671,20,65535,65075,1844,1005,278,64933,1981,1984,1679,1735,58095,138,2470,1516,65014,3522,65,6198.176234,3898.05488,15648.53268,3587.966869,1531.895827,1180.23287,5345.64185,6002.14962,3168.844114,5449.583446,7107.356604,7095.591365,6799.351808,6857.47759,125.5179577,4155.745457,6913.226866,6597.129793,5403.271868,9613.795183,1926.297426,D1,N8,t
appliedMASKiso_flu_1mgml_roi3_8bit.ome,3,64.19766071,57.88957143,0.908403929,4.032896429,39.241,50.6755,0.926225,3.9506,28,60.27727935,24.73091547,0.066106086,0.976219826,3,4441,27.5143,3695,110,33.5909,21,1.2812,0.0145,0.1547,0.2308,131072,0.526846468,2017.756836,0.398655862,20.21717072,22.17812157,1848.301392,0.721254766,0.53062582,2004.86792,0.414357901,20.09790039,20.01033401,1811.978882,0.736519158,0.194632635,784.992981,0.150258914,8.012067795,13.00863647,888.5945435,0.135656863,1mgml,flu,roi3,4706.933247,56515.28692,33185.86801,461.5838802,65261.67346,61787.74586,4808.358992,2887.556621,2304.416048,61475.89621,6035.763203,6034.741764,5515.320625,5611.1306,58109.56728,1966.426125,6447.627551,5187.652601,61628.35408,8529.592066,966.0410076,1360,65534,32656,36,65535,64962,1982,1077,275,64796,2093,2098,1749,1814,58095,138,2652,1575,64887,3649,77,6687.378189,3920.154056,14268.82285,3755.992296,1353.758554,1180.513164,6113.603458,6140.012983,4232.922293,6368.898527,7935.049191,7927.435164,7502.179354,7583.118408,62.74596344,4109.022971,7958.619655,7203.17304,6250.983998,9906.670688,2367.897425,D1,N8,t
appliedMASKiso_flu_1mgml_roi3_8bit.ome,4,76.20541765,58.41997059,0.913849412,3.927758824,59.3555,50.3455,0.92065,3.8074,34,60.45772963,26.90259008,0.042413051,0.743419192,4,4378,27.939,3647,114,31.9912,22,1.2955,0.0154,0.1695,0.2216,131072,0.483782172,2183.481201,0.389544398,22.10735321,24.34817314,1926.161499,0.690063894,0.465565205,2186.602295,0.412826151,22.15784645,23.66302681,2035.170044,0.693482041,0.201711059,844.2523193,0.144246489,8.653331757,13.40871334,841.5341797,0.145110548,1mgml,flu,roi3,5169.679174,57289.2282,33020.88588,499.2744545,65216.60548,61284.73689,4828.928388,2915.971934,2836.341801,60888.90856,6717.711832,6716.911128,6100.246559,6213.218593,58106.97366,1779.217306,7323.499273,5717.337959,61077.70904,9091.685903,1155.097283,1524,65534,32647,53,65535,64856,1899,1034,305,64667,2333,2338,1958,2029,58094,138,2973,1763,64769,4054,103,7213.843848,4165.895348,13942.50467,3744.737788,1514.970778,1311.931661,6772.497473,6449.713682,5023.071787,7133.740243,8674.095463,8665.63841,8150.108662,8246.865371,97.30119985,4078.487231,8898.65254,7796.076385,6974.819597,10271.96807,2658.41926,D1,N8,t
appliedMASKiso_flu_1mgml_roi3_8bit.ome,5,79.570044,59.9014,0.9017668,3.664616,50.599,53.79,0.92062,3.4308,25,63.09318124,27.74900216,0.057199512,0.835633593,5,3948,31.1998,3277,82,39.9634,23,1.2477,0.0287,0.133,0.241,131072,0.538605988,2076.670898,0.390950382,20.34942818,21.54235649,1847.456543,0.728992045,0.517506063,2087.759521,0.396432608,20.52781487,20.91236496,1905.861816,0.7285043,0.203076199,931.2012939,0.14712207,9.161291122,12.32601452,906.699646,0.136679098,1mgml,flu,roi3,4956.07799,56133.0379,33081.35442,379.8566698,65298.91061,61710.93747,4819.506709,2992.430254,2191.884689,61439.20932,6241.03862,6235.137588,5740.05822,5832.376378,58109.16187,2296.483903,6608.509865,5427.74064,61567.13932,9153.650143,790.3485489,1529,65534,32654,33,65535,64891,1872,1034,273,64723,2299,2304,1955,2014,58093,138,2858,1763,64813,4093,60,7086.642736,4640.929179,14563.3098,3448.619547,1207.61172,1078.641683,6286.510531,6806.394628,3966.432699,6452.364622,8133.449263,8114.779281,7766.211318,7834.518586,124.2112211,5330.969072,8036.386051,7532.834446,6387.616234,10574.1965,2008.018583,D1,N8,t
appliedMASKiso_flu_1mgml_roi3_8bit.ome,6,78.96331786,58.76942857,0.899225714,3.578207143,60.8225,42.684,0.918165,3.4502,28,60.21305394,42.47370588,0.046464766,0.759393187,6,4294,28.5247,3521,101,34.8614,29,1.276,0.0241,0.1382,0.1988,131072,0.509150743,2215.933594,0.367475092,21.88820648,23.03161812,1907.438721,0.707060397,0.479733199,2290.662842,0.37419191,22.59671593,22.53846169,1983.353027,0.70271641,0.21447365,974.5041504,0.145194843,9.660226822,13.15237713,953.1814575,0.145902947,1mgml,flu,roi3,5120.661147,56504.83102,32979.18967,358.3526204,65297.65691,61487.80954,4735.318586,2927.78008,2347.387817,61175.57427,6520.138074,6515.375492,5967.594252,6069.020208,58108.09007,1829.589206,6977.289205,5626.157668,61324.69606,9402.055685,766.4062001,1708,65534,32645,31,65535,64770,1844,1034,305,64594,2530,2536,2164,2226.5,58092,138,3087,1960,64686,4547,56,7283.479214,4660.79681,14020.57442,3453.243764,1206.873127,1099.068371,6565.36161,6853.870622,4208.887918,6765.327785,8436.915559,8418.974472,8014.66647,8092.436198,145.9709953,4491.409235,8450.368453,7756.847725,6675.952472,10600.25526,1788.741686,D1,N8,t
appliedMASKiso_flu_1mgml_roi3_8bit.ome,7,83.27192632,52.77171053,0.900356316,3.724092105,66.2,41.788,0.91477,3.697,38,66.47756582,26.02983097,0.055779685,0.893990474,7,4478,27.2704,3719,114,32.6228,29,1.2887,0.0229,0.1602,0.1954,131072,0.46520552,2333.604248,0.349029928,23.58953285,25.42809677,1952.966797,0.673110008,0.437237918,2459.483887,0.35914439,24.77762985,24.12865829,2006.636719,0.672848284,0.224422738,954.3882446,0.143245578,9.763280869,14.7985878,952.6990356,0.159944087,1mgml,flu,roi3,5476.059596,58744.0415,33039.73352,599.9806155,65167.00717,60935.21406,4680.229844,2865.236909,2953.807246,60512.09644,7136.254634,7134.457412,6457.710716,6581.316478,58103.10475,1892.503455,7831.128437,6052.425738,60718.44088,9641.036043,1083.956084,1951,65534,32642,33,65535,64531,1844,1020,369,64325,2899,2906,2469,2544.5,58091,138,3521,2236,64431,5140,60,7812.996905,4704.199268,12475.09331,3578.166362,1995.793984,1730.839039,7425.906712,7055.310724,5428.011313,7753.040301,9245.738,9230.346774,8691.804268,8792.839298,120.7145657,4181.612496,9473.371029,8367.625382,7592.629344,10389.29796,2740.803683,D1,N8,t
appliedMASKiso_flu_1mgml_roi3_8bit.ome,8,65.1746,52.40375862,0.921295862,3.864603448,47.603,46.204,0.92355,3.8743,29,57.02928744,21.78568543,0.027985884,0.997483777,8,4532,26.9217,3745,109,34.3578,26,1.2788,0.0118,0.1393,0.203,131072,0.509935856,2153.835693,0.359254658,21.50442505,23.31474304,1872.111572,0.705532014,0.490024924,2232.522461,0.370400101,22.18396568,21.47231483,1887.004395,0.709667921,0.223776743,929.819458,0.150525734,9.426525116,14.81072426,1001.033264,0.155392379,1mgml,flu,roi3,5450.313617,58418.41531,33013.1291,620.3541995,65159.43828,61040.08459,4830.739102,2936.680411,2595.328461,60682.02169,6987.451129,6985.02121,6373.964932,6486.528821,58104.38729,2108.147642,7499.06131,5999.144358,60858.60117,9692.398527,1010.971765,2073.5,65534,32633,22,65535,64435,1954,1077,382,64224,3053,3060,2622,2700,58091,138,3704,2376,64331,5449,52,7860.467545,4748.222668,12318.44097,3515.964079,2058.988551,1808.141716,7379.143524,7255.134323,4929.743886,7579.734202,9068.576833,9052.282384,8632.190669,8713.922481,48.28531521,4497.21611,8904.643466,8366.689133,7472.957079,10340.99805,2825.896934,D1,N8,t
appliedMASKiso_flu_1mgml_roi3_8bit.ome,9,79.95809231,57.74303846,0.901993077,3.76645,53.2475,44.4695,0.904415,3.76005,26,68.10394582,32.7033265,0.05096027,0.988210629,9,3927,31.3774,3285,89,36.9101,32,1.2483,0.0149,0.1305,0.2275,131072,0.536839843,2005.307007,0.372778654,19.99837303,22.27312279,1816.654541,0.724169314,0.526720166,2092.215088,0.400188059,20.76358795,19.48403168,1766.594727,0.733971894,0.224859565,894.348877,0.160653815,9.096549988,15.25980186,1029.597168,0.155216232,1mgml,flu,roi3,5587.406128,58649.6392,32924.92404,614.3913553,65140.79393,60898.87703,4922.737817,2983.452186,2588.458945,60548.61231,7129.613645,7127.220317,6522.420009,6634.200693,58103.5668,2011.36426,7601.101352,6144.95299,60720.95398,9896.668315,1027.902091,2286,65534,32609,19,65535,64240,2009,1120,443,63998,3362,3370,2888,2975,58091,138,4070,2619,64119,5939,54,7950.212805,4776.595598,11602.14362,3470.465768,1935.099448,1812.957889,7509.735071,7338.815687,4942.469418,7680.918335,9118.033881,9101.40151,8719.620777,8795.435677,51.46415954,4288.936718,8824.463445,8460.039328,7588.382463,10263.46979,2952.287579,D1,N8,t
appliedMASKiso_flu_1mgml_roi3_8bit.ome,10,60.52765714,62.5892381,0.906436667,3.841914286,49.514,59.395,0.922,3.8767,21,57.14961589,34.82046664,0.04204396,0.857838216,10,3944,31.2335,3312,81,40.8889,24,1.252,0.0114,0.117,0.2211,131072,0.575024664,1863.968994,0.377931625,18.39480591,20.46547508,1735.769287,0.749857426,0.584500909,1856.780762,0.411303908,18.23104477,16.92324638,1590.07605,0.771343708,0.221950918,895.3143921,0.170646518,9.010235786,15.1504364,1071.099976,0.151949704,1mgml,flu,roi3,5530.537468,58757.67928,32973.1749,526.624382,65184.10888,60970.14037,4844.791186,2945.886379,2461.511533,60629.44114,7039.36592,7035.924316,6448.594437,6557.37863,58102.984,2169.512697,7494.591326,6078.899746,60793.49969,9936.457339,882.2584723,2359,65534,32610,17,65535,64133,1982,1106,484,63869,3499,3501,2985,3078,58091,138,4276,2707,64003,6099.5,53,7787.215797,4754.899337,11294.06336,3452.118572,1980.572786,1767.698966,7260.081479,7295.126695,4665.028791,7389.208819,8827.399661,8806.920179,8478.071748,8544.71636,48.58563423,4877.670748,8489.428133,8253.85891,7325.621652,10214.36749,2606.03867,D1,N8,t
appliedMASKiso_flu_1mgml_roi3_8bit.ome,11,65.877376,61.20772,0.9111596,3.787468,47.726,48.569,0.9183,3.4603,25,63.05860862,30.61362685,0.047493299,1.070766611,11,4421,27.6478,3710,111,33.4234,25,1.283,0.0079,0.1444,0.2271,131072,0.530901492,2031.400391,0.345610887,20.52777672,21.67502594,1754.019043,0.721164584,0.542252541,2006.531982,0.363298923,20.21753311,18.1137352,1625.284302,0.744060636,0.20874466,818.6921997,0.16709584,8.447869301,14.67976093,955.4325562,0.148500085,1mgml,flu,roi3,5735.21959,60717.47727,32820.84303,631.3442178,65127.9262,60651.12347,4530.217054,2735.578592,2806.876231,60213.37648,7479.505254,7478.895668,6773.489047,6902.363886,58098.36827,2148.475393,8170.214619,6345.098238,60425.64079,10207.99428,1003.598134,2626,65535,32581,17,65534,63877,1789,991,574,63561,3928,3937,3343,3449,58090,138,4825,3021,63717.5,6708,54,7850.819163,4458.477136,9954.127845,3609.775644,2731.587664,2199.505854,7576.759137,6920.860602,5321.993332,7830.85174,9162.463991,9147.246696,8685.3554,8774.38446,88.60422037,4205.49975,9081.385268,8390.201981,7700.693405,10009.27479,3166.682518,D1,N8,t
appliedMASKiso_flu_1mgml_roi3_8bit.ome,12,77.09960357,57.36017857,0.90708,3.598657143,68.0635,44.7165,0.92162,3.59605,28,60.70147244,26.57233536,0.041478789,0.91536959,12,4631,26.3034,3943,111,35.5225,21,1.2862,0.0156,0.1645,0.2223,131072,0.501711011,2145.936768,0.324326366,21.95645332,22.03798676,1731.156616,0.703053355,0.505667686,2194.915039,0.322500944,22.30312538,19.03052902,1640.645752,0.719363749,0.193131283,751.1124878,0.14963229,7.866296768,13.23690224,812.7697754,0.138973832,1mgml,flu,roi3,5876.284439,61465.73103,32752.28908,616.2949415,65115.93487,60410.56634,4254.820169,2547.713139,3130.292082,59876.77431,7833.288115,7835.435978,7027.281358,7173.576183,58097.01129,2178.959703,8752.05032,6543.542155,60133.50788,10431.61999,1102.901502,2853,65535,32568,17,65534,63635,1596,862,670,63272,4306,4307,3645,3760,58090,138,5328,3286,63452,7212,52,7802.379194,4219.520854,9339.464534,3410.137442,2312.584224,2085.74751,7775.367473,6636.45669,6023.41126,8168.766702,9364.178526,9353.380262,8799.494967,8903.96787,52.49493073,4658.487802,9531.344838,8426.47832,7983.365997,9775.063885,3572.752737,D1,N8,t
appliedMASKiso_flu_1mgml_roi3_8bit.ome,13,53.76020952,56.98652381,0.905794762,3.858114286,35.134,44.984,0.91786,3.7428,21,51.91057141,29.62521431,0.051620111,0.776189966,13,4385,27.8912,3708,111,33.4054,22,1.2794,0.0107,0.1398,0.1991,131072,0.557608426,1963.315063,0.344164073,19.63333702,19.36566925,1651.295532,0.743142784,0.556092799,1963.464111,0.353675187,19.56939507,17.5493679,1597.443848,0.752974212,0.186620042,775.5779419,0.155974507,7.87989378,11.6436758,844.315918,0.125493824,1mgml,flu,roi3,5670.606847,60326.84357,32764.47736,455.7794904,65207.79735,60752.68182,4357.791215,2629.406308,2619.39604,60325.58389,7397.786392,7397.166141,6701.264467,6828.435711,58098.84036,1925.353956,8061.978419,6276.670985,60530.87593,10281.50891,848.6379915,2632,65535,32569,19,65534,63874,1596,876,540,63563,3920,3920,3343,3446,58090,138,4779,3026,63718,6740,43,7553.746361,4273.13623,10079.89643,3302.403477,1822.232038,1658.59496,7265.668813,6664.480739,4962.750953,7518.993528,8850.275439,8835.387925,8400.765106,8484.833054,140.4372704,4294.062724,8739.594291,8101.157274,7401.147634,9929.297631,2673.141555,D1,N8,t
appliedMASKiso_flu_1mgml_roi3_8bit.ome,14,61.08706842,63.43473684,0.915183158,3.697531579,48.366,40.896,0.91931,3.5656,19,60.47211752,47.7343757,0.039778941,0.76402123,14,3617,34.238,2986,103,28.9903,13,1.2257,0.0201,0.121,0.1733,131072,0.589702368,1852.070557,0.37406674,18.15909004,18.40242958,1660.907715,0.764875233,0.576365292,1887.432861,0.378245324,18.54296684,17.73836899,1666.054688,0.765806735,0.186283171,823.9371948,0.170965314,8.136230469,11.01694679,891.2817383,0.119754732,1mgml,flu,roi3,5580.663493,59584.36121,32786.97808,439.5525897,65225.66338,60953.33691,4554.832622,2762.611328,2308.683798,60611.52763,7108.819648,7105.467187,6511.869011,6621.805228,58099.96141,1995.311229,7569.45517,6137.188356,60771.37558,10252.70152,748.010555,2526,65534,32589,19,65534,63965,1651,905,495,63686,3717,3722,3191,3285,58090,138,4505,2894,63822,6475,42,7417.530192,4381.001491,10367.3402,3284.577304,1912.182199,1674.61495,6931.489417,6801.535254,4280.691988,7068.301346,8453.470727,8435.664017,8124.051959,8187.254087,108.4632323,4356.857169,8116.091497,7892.389817,7010.396024,10060.38662,2518.430261,D1,N8,t
appliedMASKiso_flu_1mgml_roi3_8bit.ome,15,79.1556324,66.30044,0.9167436,3.789364,68.552,46.563,0.91554,3.6119,25,60.03170459,40.06826524,0.040439146,0.896211266,15,4212,29.1189,3503,104,33.6827,29,1.2603,0.0202,0.1403,0.1337,131072,0.537935555,2014.014893,0.376257241,20.10372925,21.36738968,1801.753296,0.728469133,0.521541953,2041.028564,0.376269996,20.33999634,21.27238464,1922.447388,0.731195211,0.202030197,871.3217163,0.17811799,8.714076042,12.66691589,899.8604126,0.135477006,1mgml,flu,roi3,5792.278152,60497.01366,32748.02001,449.7650059,65203.6412,60643.99059,4511.482064,2660.4587,2605.405022,60219.63869,7517.542543,7518.960268,6846.494556,6969.958276,58097.56657,2160.706309,8103.094545,6414.23113,60419.91965,10513.62857,861.4036404,2722,65535,32581,22,65534,63798,1762,977,542,63492,3997,3999,3438,3537,58090,138,4779,3119,63641,6943,48,7423.862671,3942.852968,9634.790241,3326.255629,1872.681178,1698.174429,7222.681581,6389.138028,4852.67573,7529.600503,8786.176082,8778.79753,8343.537224,8427.613815,113.14241,4534.658012,8670.935203,8009.096056,7389.682942,9862.103714,2744.759371,D1,N8,t
appliedMASKiso_flu_1mgml_roi3_8bit.ome,16,78.49079259,60.94,0.901730741,3.753511111,68.962,49.06,0.91226,3.6717,27,57.78014297,31.13251177,0.067849354,0.937958074,16,5031,24.0531,4242,108,39.2778,39,1.3078,0.0224,0.1649,0.1233,131072,0.487646699,2182.464844,0.362942547,22.10111618,24.16050148,1887.28833,0.691120386,0.46810016,2162.583984,0.359875768,21.99208069,23.08536339,2005.978271,0.694454908,0.212281629,906.4753418,0.172835037,9.171021461,14.25602818,888.4812622,0.15143235,1mgml,flu,roi3,6077.284903,61739.5979,32615.02558,515.6547355,65148.75761,60253.50222,4406.880276,2581.956932,3112.044052,59725.96642,8048.449509,8052.272014,7258.86867,7403.062136,58095.56519,2113.150902,8891.694218,6765.082792,59976.8161,10868.01401,1029.826819,2963,65535,32567,22,65534,63603,1927,1048,610,63279,4346,4350,3735,3849,58089,138,5191,3391,63432,7501,57,7564.884681,3705.437877,8792.168067,3347.265356,2052.358297,1891.443468,7636.945795,6043.564181,5876.838766,8129.107097,9275.890978,9272.976218,8662.727706,8776.241888,42.13608621,4211.540014,9614.29185,8237.261422,7899.035795,9787.345381,3224.757477,D1,N8,t
appliedMASKiso_flu_1mgml_roi3_8bit.ome,17,93.02273167,49.32719048,0.909125952,3.678788095,90.272,43.42,0.91372,3.44,42,59.99978578,18.84760511,0.039681846,1.129117246,17,5326,22.61,4478,121,37.0083,33,1.33,0.0203,0.181,0.1484,131072,0.453699499,2345.630127,0.342540473,23.90919876,26.07211685,1942.323853,0.663706064,0.44993484,2314.140625,0.333941519,23.61730576,23.28795624,1954.888794,0.68079257,0.215266347,905.9299316,0.157687172,9.301059723,15.44793987,892.7838135,0.162293375,1mgml,flu,roi3,6308.627322,62328.74886,32539.63058,577.4128996,65105.36549,59986.41875,4352.769886,2538.462699,3358.209762,59405.87261,8420.678361,8425.623191,7561.655327,7718.061009,58094.1694,2051.977204,9381.458959,7034.745509,59682.93103,11210.32591,1092.262816,3266,65535,32551,20,65534,63340,1927,1063,705,62981,4783,4788,4115,4236,58089,138,5717,3741,63153,8204,58,7684.07845,3657.247176,8264.556195,3289.389649,2351.764159,2071.70738,7854.294963,6044.125907,6265.091967,8395.679835,9480.711708,9478.681844,8822.004086,8943.204945,85.20681528,4292.247178,9914.327975,8378.04542,8142.810795,9696.792015,3340.962936,D1,N8,t
appliedMASKiso_flu_1mgml_roi3_8bit.ome,18,89.93316071,58.69989286,0.916429286,3.913085714,81.9115,45.1145,0.936235,3.73075,28,65.29420759,31.21275957,0.05941755,1.094584827,18,5223,23.0953,4414,132,33.4394,31,1.3231,0.029,0.1869,0.1595,131072,0.439138591,2415.888428,0.336112499,24.7005024,27.15092087,1981.671509,0.651081502,0.434758157,2377.528564,0.323662877,24.24407387,24.10149956,1987.12439,0.670842886,0.220882431,934.1586304,0.155646697,9.637559891,16.22628593,916.7719727,0.169537604,1mgml,flu,roi3,6519.017752,62365.4602,32582.88583,591.4530557,65074.05284,59779.29565,4450.233713,2597.004319,3459.085456,59183.92786,8681.862227,8686.850877,7808.740343,7967.917482,58093.98962,2059.133873,9635.551054,7267.662827,59466.02724,11480.49931,1132.283558,3506.5,65535,32571,18,65533,63141,1982,1092,786,62767,5086,5089,4405.5,4525,58088,138,6037,4004,62943,8711,63,7846.794184,3802.344538,8219.796777,3256.251989,2427.796824,2132.627537,8033.227562,6273.838818,6225.961044,8570.234573,9630.084543,9627.909911,8995.461125,9112.745304,42.33886825,4446.978178,9977.371726,8551.263091,8325.014813,9680.63155,3324.007925,D1,N8,t
appliedMASKiso_flu_1mgml_roi3_8bit.ome,19,99.31113143,54.77022857,0.908274857,3.563462857,122.01,47.123,0.91736,3.3794,35,63.90037584,22.98642529,0.038813726,0.955305749,19,5015,24.1362,4198,127,33.0551,16,1.3142,0.0241,0.1759,0.1804,131072,0.449406624,2406.645996,0.337978065,24.40570068,26.97031593,1988.199829,0.657340169,0.444328219,2379.074707,0.351464301,24.06338882,23.90258217,1997.608887,0.67791301,0.230047524,964.2076416,0.14898397,9.946125031,16.70573997,963.7080688,0.174246281,1mgml,flu,roi3,6525.611783,62408.01771,32738.653,518.0977487,65105.91908,59800.57595,4570.722142,2655.742593,3371.597287,59241.55291,8612.258156,8616.944965,7781.816479,7933.815557,58093.12834,1892.35309,9440.385643,7259.118344,59507.60141,11474.70631,1077.458904,3523.5,65535,32585,19,65533,63126,2147,1178,799,62759,5095,5105,4413,4536,58088,138,5991,4021,62931,8745.5,67,7912.261061,3782.386802,8092.661188,3218.605605,2089.736895,1925.783963,8052.538973,6295.837984,6038.390932,8551.267202,9645.70231,9644.355713,9031.4806,9145.694123,85.3607168,4060.598137,9861.87096,8603.921175,8315.243449,9746.222477,3024.517515,D1,N8,t
appliedMASKiso_flu_1mgml_roi3_8bit.ome,20,108.1531065,60.95467742,0.899056452,3.588129032,129.61,44.291,0.92017,3.5106,31,62.16688679,35.19856697,0.062471895,0.737671912,20,5082,23.7916,4304,129,33.3643,30,1.3185,0.0199,0.1718,0.2015,131072,0.446299344,2433.625732,0.350026131,24.54782677,27.49300766,2034.262939,0.654740751,0.425059438,2477.510254,0.367947549,24.86663246,25.53472137,2140.630859,0.664052725,0.238178551,1018.483215,0.141628876,10.42642307,16.74067116,983.1238403,0.176430747,1mgml,flu,roi3,6660.4307,61975.59991,32789.97446,459.8330466,65112.78459,59686.1095,4782.937091,2791.608126,3453.021079,59136.70509,8717.855053,8721.098987,7915.507698,8062.872701,58093.94449,1996.981809,9488.274343,7396.91193,59391.42001,11636.15303,1110.605987,3686,65535,32595,21,65532,63025,2450,1350,836,62689,5215,5218,4569,4689,58087,138,6014,4182,62847,9053,83,7976.673592,3864.969033,8391.267519,3432.269874,1543.800848,1732.275621,8101.917397,6373.739941,6100.217868,8609.163095,9708.707037,9706.166246,9107.937981,9219.879463,50.2068173,4156.313995,9937.648065,8675.684279,8379.357368,9898.94797,3024.383805,D1,N8,t
appliedMASKiso_flu_1mgml_roi3_8bit.ome,21,91.64401053,53.81642105,0.903085263,3.660615789,108.795,45.735,0.91781,3.4052,38,65.80333217,23.13770098,0.044723171,0.93336857,21,4669,26.073,3887,117,33.2222,13,1.2888,0.0248,0.1646,0.2173,131072,0.446343124,2465.356934,0.358234942,24.6483326,27.68864632,2072.689209,0.655096769,0.411115736,2597.073242,0.369010985,25.86083031,27.37761688,2314.007324,0.653252482,0.236814171,1029.629028,0.144117713,10.38803196,16.6157074,966.7814331,0.173902184,1mgml,flu,roi3,6695.79972,61144.37582,32840.59972,521.3617303,65084.74979,59708.9764,5019.870875,2916.681251,3346.444659,59209.17434,8647.341413,8650.258834,7908.324787,8045.110334,58094.83081,2608.475912,9244.09979,7413.580168,59439.59441,11687.84059,1151.972156,3618,65535,32608,24,65533,63128,2615,1451,791,62834,5077,5081,4465,4578,58087,138,5739,4097,62970,8971,92,8002.024445,3870.716044,9106.259528,3257.651289,2092.479173,2078.319178,8086.446498,6483.874019,5939.32493,8558.805834,9658.307746,9658.351402,9112.017844,9215.270376,105.3670716,5536.294182,9736.375498,8692.457754,8342.990197,10041.11205,3391.072977,D1,N8,t
appliedMASKiso_flu_1mgml_roi3_8bit.ome,22,111.997497,52.36921212,0.920052121,3.763021212,129.17,41.086,0.93768,3.524,33,60.7432764,27.81269087,0.045618887,1.003587101,22,4625,26.3401,3886,118,32.9322,25,1.2966,0.022,0.1541,0.2237,131072,0.4609887,2456.290283,0.365003914,24.28679085,27.04205132,2094.266846,0.666884005,0.438326359,2558.472168,0.364891678,25.02675247,26.21831894,2308.069336,0.67160213,0.229363307,1004.332214,0.145892203,10.067173,16.68144608,979.3272095,0.168702751,1mgml,flu,roi3,6727.169606,60400.89527,32730.96617,597.0262015,65072.89253,59784.56487,5173.537287,3030.008739,3178.213416,59336.45495,8584.035431,8584.739974,7891.175551,8019.967974,58096.4625,2265.151343,9066.591694,7422.128623,59539.26968,11838.51655,1093.830827,3570,65535,32595,29,65533,63202,2560,1436,762,62909,5009,5015,4411,4522,58087,138,5717,4047,63044,8900,82,8027.673576,4076.582384,9840.197964,3024.427512,3101.408169,2583.001313,7970.702149,6751.776388,5665.805243,8368.943023,9511.351005,9508.530777,9036.953606,9127.291596,122.8215557,4843.916607,9454.025405,8666.930028,8190.195684,10219.57672,3566.10485,D1,N8,t
appliedMASKiso_flu_1mgml_roi3_8bit.ome,23,107.1578515,57.33387879,0.911415758,3.848412121,135,46.74,0.92109,3.8015,33,63.9291991,27.26185897,0.044601186,1.025402862,23,4725,25.7403,3963,143,27.7133,26,1.3045,0.0219,0.1631,0.1934,131072,0.454687387,2498.634766,0.357593983,24.64392471,27.58078575,2110.646484,0.661924601,0.434885859,2568.736572,0.354359865,25.16970253,26.17160988,2284.158936,0.669785798,0.226827964,1004.519409,0.153190374,10.0386982,17.370924,974.7581177,0.170277342,1mgml,flu,roi3,6944.546433,60746.88934,32696.66199,704.9392314,65003.96873,59510.33063,5280.289785,3068.364815,3395.788098,59013.98605,8928.138364,8930.65147,8181.217714,8319.734093,58095.35278,1962.73869,9486.697206,7679.111768,59241.11758,12060.94772,1203.342007,3704,65535,32595,31,65533,63078,2587,1465,821,62758,5180,5182,4562,4672,58087,138,5991,4196,62910,9167,83,8207.866651,4143.367164,9411.444678,3023.094179,3435.751698,2865.030045,8213.260942,6865.130559,5874.596769,8623.895498,9750.469962,9746.46744,9251.740287,9346.423388,164.6955716,4307.534927,9674.011424,8869.239208,8439.698668,10210.55742,3872.195746,D1,N8,t
appliedMASKiso_flu_1mgml_roi3_8bit.ome,24,106.9287914,57.64702857,0.905451714,3.939682857,130.6,45.73,0.9154,3.9554,35,60.3629484,27.9114249,0.045807218,0.832032013,24,5107,23.6654,4256,140,30.4,25,1.3241,0.0174,0.1873,0.1698,131072,0.418878406,2593.889404,0.364865988,25.84864998,30.1837616,2190.098145,0.633311391,0.386775136,2699.636475,0.3632797,26.67650032,28.43564987,2371.457031,0.635107636,0.225889742,964.8323364,0.142449602,9.787254333,18.38667488,931.3161621,0.177355081,1mgml,flu,roi3,7420.74644,61222.99963,32732.21847,901.9769294,64860.10784,58941.57074,5405.252144,3113.270574,3925.436653,58340.51888,9655.828598,9661.038765,8802.538761,8960.159279,58095.32472,2034.632461,10406.13352,8234.436154,58616.27513,12563.97632,1453.620003,4163,65535,32601,34,65532,62591,2615,1436,1076,62167,5952,5963,5199,5340,58087,138,6974,4742,62367,10116,99,8570.19955,4192.429336,9177.49747,2920.463949,4315.383942,3521.799243,8744.821332,7068.690607,6528.62581,9223.595937,10242.89349,10241.97624,9707.986965,9809.965893,136.5519933,4134.335888,10184.12883,9286.092941,9005.721152,10163.53665,4660.928337,D1,N8,t
appliedMASKiso_flu_1mgml_roi3_8bit.ome,25,102.9902978,50.73842222,0.892351778,3.855166667,129.94,39.893,0.90753,3.7046,45,62.00228224,27.96003471,0.056782601,0.954334494,25,4907,24.7114,4120,129,31.938,21,1.315,0.0161,0.1828,0.2037,131072,0.419193566,2656.236816,0.369172364,26.09688759,30.60808945,2235.007568,0.632398248,0.38776499,2761.15918,0.371233702,26.92984772,28.58471107,2370.043457,0.635515451,0.230409056,1025.386353,0.134666592,10.27946663,18.46712875,945.9112549,0.181712285,1mgml,flu,roi3,7444.324722,60827.78907,32748.33115,733.558632,64929.82281,58932.58236,5381.577147,3094.652322,3895.685502,58332.19657,9692.518588,9698.150295,8833.019269,8991.777388,58097.05896,2037.219376,10451.0278,8261.757834,58609.11987,12664.84863,1363.234312,4292,65535,32611,29,65531,62400,2587,1436,1217,61905,6235,6250,5396,5552,58088,138,7386,4906,62138,10359,105,8512.369544,4175.323051,9462.088797,2909.333498,3191.890982,2865.499591,8637.146149,7042.768406,6326.116968,9088.293136,10145.13175,10143.74528,9637.167462,9734.77828,43.26289364,4206.239231,10018.62672,9222.281576,8885.193154,10163.79869,4090.673478,D1,N8,t
appliedMASKiso_flu_1mgml_roi3_8bit.ome,26,103.0986471,58.51541176,0.910248824,3.936791176,115.795,47.4245,0.915725,3.7866,34,57.7239057,35.28332539,0.034891052,1.088227819,26,4814,25.2275,4018,122,32.9344,26,1.3062,0.0192,0.1827,0.1895,131072,0.411939532,2670.948975,0.392683655,26.15694618,32.15838242,2336.98877,0.62454623,0.376499891,2753.444824,0.406387657,26.93644714,30.35437202,2556.875977,0.62664634,0.235603422,1051.083008,0.135821581,10.52288818,19.25447273,986.5165405,0.188055679,1mgml,flu,roi3,7580.733313,60705.19164,32716.22432,774.8531933,64871.21166,58809.25829,5458.466644,3122.337923,3921.451698,58219.69753,9816.233255,9822.248109,8977.560521,9133.156496,58096.56468,2221.741667,10484.73789,8405.944673,58491.55513,12745.82991,1470.211314,4528,65535,32602,25,65530,62169,2532,1393,1321,61649,6578,6585,5688,5850,58088,138,7775,5171,61890,10807,104,8657.470779,4249.944569,9517.80594,2912.394493,2879.767872,2793.087983,8787.731492,7277.593022,6298.795026,9210.025958,10210.74081,10210.36904,9769.391833,9856.454095,115.2563506,4931.04971,9881.551021,9367.0313,9022.867563,10053.67415,4213.234927,D1,N8,t
appliedMASKiso_flu_1mgml_roi3_8bit.ome,27,105.9835568,62.20402703,0.906419459,3.805259459,130.6,48.079,0.90968,3.7985,37,59.69563473,33.48008975,0.035302618,0.834682965,27,4735,25.6817,3930,125,31.44,30,1.2928,0.0202,0.1758,0.1917,131072,0.421985418,2579.737793,0.439765543,25.0705471,32.69713593,2461.311279,0.633675873,0.378355324,2592.062744,0.448875338,25.26414299,31.95265198,2722.064453,0.628642738,0.238643929,1068.23938,0.13514553,10.54269218,19.21696091,1066.493164,0.18542321,1mgml,flu,roi3,7651.98293,60327.74869,32773.28305,799.821541,64849.81624,58803.0226,5340.436027,3078.178942,3798.575846,58269.51064,9807.998989,9811.765262,9010.364993,9158.900952,58096.07958,2419.468939,10344.44228,8459.396462,58517.43894,12848.01536,1420.658273,4635,65535,32614,24,65529,62091,2257,1235,1357,61615.5,6647,6657,5801,5956,58087,138,7752,5285,61838,10961,107,8717.544838,4408.521506,9787.158127,2927.744184,2794.862551,2734.87053,8668.521585,7411.198802,5836.469469,8983.629794,10086.48525,10081.45012,9710.214887,9785.570302,91.33501844,6047.991132,9543.434364,9367.090546,8845.070386,10211.96837,3885.136595,D1,N8,t
appliedMASKiso_flu_1mgml_roi3_8bit.ome,28,104.7928788,63.14190909,0.908502121,4.035845455,128.34,54.377,0.90926,4.1428,33,63.48110886,33.06375459,0.046676873,0.910869479,28,4986,24.2882,4196,135,31.0815,28,1.3113,0.0147,0.174,0.1562,131072,0.426686615,2550.833496,0.452994257,24.79253197,32.61838531,2509.61084,0.637409508,0.381790161,2602.114014,0.481850863,25.39194489,32.58701706,2827.793945,0.631250262,0.241782144,1112.962524,0.147872061,10.89219379,18.71799278,1101.727173,0.184561491,1mgml,flu,roi3,7667.635887,60185.84649,32750.22903,691.4944163,64915.87129,58819.50079,5159.164265,2980.881241,3727.329574,58338.57567,9793.33567,9796.195973,9024.439034,9168.106823,58093.14817,2551.181534,10263.04228,8473.205894,58569.15961,12947.82642,1305.666417,4540,65534,32622,29,65530,62166.5,2009,1092,1335,61736,6544,6551,5711,5862,58086,138,7637,5197,61937,10782,109,8580.628506,4339.395909,9867.41062,2876.388422,2256.48434,2287.778728,8444.545276,7199.589117,5553.317307,8724.643099,9922.006283,9915.946727,9546.24748,9620.969951,273.9728486,5746.03191,9430.613106,9208.865559,8595.808821,10374.13956,3291.182507,D1,N8,t
appliedMASKiso_flu_1mgml_roi3_8bit.ome,29,94.64696429,64.70583333,0.906671429,3.843128571,100.98,57.5715,0.92492,3.9305,42,61.62753175,29.12281949,0.057511798,0.765948026,29,5099,23.7056,4222,123,34.3252,33,1.3202,0.0249,0.1777,0.1207,131072,0.44388032,2478.368164,0.429957867,24.22912788,29.97720718,2353.552734,0.653771698,0.394558787,2563.415283,0.441557169,25.19257927,30.12718582,2576.922852,0.640823364,0.234839603,1071.154419,0.151846722,10.5390358,16.93279839,1064.650269,0.172911301,1mgml,flu,roi3,7572.435034,60532.2526,32759.6356,521.1681945,65025.08959,58865.65429,4796.965642,2769.893114,3759.613296,58359.54355,9835.973961,9840.013759,9009.467051,9162.83946,58093.29192,2661.18586,10503.31133,8413.457629,58607.89589,13067.02409,1163.046358,4714,65534,32613,28,65529,62007.5,1982,1077,1388,61571,6784,6791,5951,6103,58085,138,7889,5399,61784,11156,114,8113.734944,3920.145633,9708.172393,2666.603014,1672.398081,1833.017484,8066.129071,6458.051179,5561.293668,8412.338978,9647.189923,9643.145131,9162.743409,9255.290538,162.676683,5683.687422,9544.126132,8773.239589,8241.733275,10204.82975,2866.612589,D1,N8,t
appliedMASKiso_flu_1mgml_roi3_8bit.ome,30,98.74055472,55.78832075,0.906736226,3.472126415,106.14,43.94,0.91929,3.399,53,60.43185562,27.93875741,0.045375483,0.741151218,30,5231,23.057,4368,123,35.5122,39,1.3286,0.0234,0.1939,0.09202,131072,0.453287125,2444.96582,0.38194561,24.27623558,26.95205307,2104.01709,0.664155066,0.422086895,2558.961426,0.381187022,25.31239891,26.06518555,2226.983398,0.661092758,0.219415382,1015.800964,0.142698884,10.12782764,14.72123051,927.9107666,0.159545317,1mgml,flu,roi3,7544.168479,61480.28572,32748.66541,408.2848517,65103.68648,58760.20921,4272.630822,2445.321058,3969.558519,58132.90179,10109.88702,10118.01675,9127.320637,9307.374301,58090.772,2464.529231,11185.43286,8452.716829,58445.64686,13334.65853,1058.736874,5232,65535,32613,23,65527,61465,2009,1092,1663,60934,7602,7617,6639,6809,58085,138,8918,6006,61186,12232,143,7542.576323,3323.656752,8761.242974,2570.740647,1546.426292,1675.326916,7647.166209,5514.08413,5621.744906,8110.8423,9340.861389,9341.835051,8691.175702,8811.009763,257.6428186,5541.661878,9766.195574,8236.712896,7869.350251,9833.838078,2582.982342,D1,N8,t
appliedMASKiso_flu_1mgml_roi3_8bit.ome,31,92.3629825,61.0859,0.9025625,3.546005,90.506,57.0045,0.9234,3.4929,40,61.33605382,23.29549575,0.074980171,0.743102987,31,5277,22.8385,4412,126,35.0159,38,1.3302,0.0183,0.204,0.09465,131072,0.455624342,2440.855469,0.330994755,24.57565498,24.6480484,1899.69751,0.669130206,0.423014969,2534.129883,0.335425943,25.4933567,24.7537384,2027.016724,0.661549151,0.201983824,945.0543213,0.126666039,9.518658638,12.43364143,768.6676636,0.145136908,1mgml,flu,roi3,7511.062631,62508.97142,32633.79724,245.0594496,65215.44817,58645.87642,3783.613561,2150.002891,4176.044669,57938.17339,10322.33283,10333.25899,9241.966359,9438.844174,58088.63474,2735.649071,11680.90477,8487.97253,58298.68999,13518.85948,945.4366516,5599,65535,32602,24,65524,61037,1899,1020,1815,60496,8148,8158,7140,7326,58084,138,9490,6443,60764,12915,175,7035.816026,2805.353463,7260.992608,2567.155713,777.2889025,1038.430085,7326.990953,4697.905209,5751.469479,7927.446379,9105.92442,9111.47506,8317.300439,8460.253551,288.9529668,6074.854802,9995.170575,7785.142032,7616.280007,9546.855694,2033.540244,D1,N8,t
appliedMASKiso_flu_1mgml_roi3_8bit.ome,32,96.65908163,52.0505102,0.907075714,3.355181633,103.24,45.747,0.91812,3.0961,49,58.90193353,21.01046629,0.042238336,0.776915045,32,5334,22.5731,4447,133,33.4361,31,1.3397,0.0216,0.1989,0.1157,131072,0.472943187,2403.477051,0.283477724,24.32481956,22.25312042,1738.497437,0.684375882,0.442646801,2526.454346,0.272571117,25.58284378,22.09002113,1817.901367,0.675607562,0.186964422,881.7151489,0.119355515,8.911911011,10.70765781,688.1483154,0.13068071,1mgml,flu,roi3,7509.331406,63746.88239,32486.29613,188.6046092,65261.9239,58578.20488,4065.230738,2274.768759,3918.225465,58084.79278,10506.99466,10519.90446,9472.502304,9662.418724,58069.43648,2404.495485,11554.25504,8587.485023,58402.66568,13659.69445,824.7445035,5771.5,65534,32593,20,65523,60770.5,2450,1293,1675,60459,8508,8517,7549.5,7727,58080,138,9421,6720,60673.5,13179.5,147,6663.98743,2547.365716,5257.609096,2030.743605,530.9598755,808.9034183,7097.997509,4297.266214,5519.897174,7656.902145,8796.159682,8803.5138,7988.926757,8134.999285,254.6815825,5111.201382,9766.914602,7427.155327,7336.893279,9047.870446,1777.01834,D1,N8,t
appliedMASKiso_flu_1mgml_roi3_8bit.ome,33,85.61966818,50.23363636,0.904074091,3.374288636,78.0275,44.5045,0.91089,3.3488,44,59.75289855,18.3958994,0.050103624,0.698258725,33,5392,22.3088,4438,131,33.8779,32,1.3452,0.0229,0.2147,0.1223,131072,0.443831176,2514.472412,0.249421299,25.89223289,22.91092491,1720.297974,0.663066387,0.419880897,2627.649658,0.241626441,27.05954552,22.35037422,1772.955933,0.658586144,0.180093586,842.6896973,0.108601466,8.657511711,10.48906803,620.3787842,0.130117893,1mgml,flu,roi3,7856.884781,64286.16525,32560.13209,171.7965791,65259.79593,58010.96105,4578.368455,2536.550084,4219.779251,57627.04716,11279.26181,11294.51334,10224.25472,10419.18587,58073.86048,2000.050823,12028.0291,9120.230782,57941.35938,14182.6455,830.8429337,6131,65535,32596,19,65520,60255,3220,1695,1732,60105.5,9169,9181,8265,8435,58078,138,9604,7249,60303,13790,130,6600.225873,2424.927022,4283.998714,1708.186215,432.1539105,742.6510331,7306.843008,4063.84076,6045.387797,7906.426377,8935.961063,8944.496823,8049.109936,8208.910368,88.96358172,4350.025287,10094.01054,7419.579065,7542.071105,8564.862857,1773.274204,D1,N8,t
appliedMASKiso_flu_1mgml_roi3_8bit.ome,34,95.90103333,51.94540476,0.893344048,3.49167381,98.7575,42.828,0.896335,3.36625,42,61.64307949,21.76432012,0.060349837,0.915354654,34,5848,20.4133,4761,145,32.8345,40,1.3602,0.0286,0.2347,0.07888,131072,0.408426374,2645.789551,0.224043652,27.6885128,24.20004845,1745.706177,0.636121988,0.381100118,2787.192139,0.214701742,29.11890793,23.76516342,1802.135986,0.628446102,0.171825796,791.6948853,0.105718195,8.272248268,10.56480885,573.0460815,0.129560515,1mgml,flu,roi3,8476.944122,65006.29404,32595.04578,195.923749,65203.31874,56928.09877,5373.783791,2946.83596,4648.715927,56713.20121,12653.28542,12672.18462,11531.8534,11740.55766,58076.9936,2016.843678,12622.79724,10047.47956,57036.27844,14798.51953,907.8383792,6765,65535,32614,19,65512,59192.5,4156,2197,1910.5,59253,10521,10539,9573,9749,58077,138,9866.5,8181,59439.5,14604.5,122,6627.675985,2400.360608,2842.577149,1800.977151,542.4132431,910.8754878,7671.386655,4009.671175,6685.71793,8233.38673,9122.421077,9132.099609,8180.890704,8350.120788,9.680029421,3672.637541,10222.86166,7495.26209,7834.057416,7820.493004,2084.103677,D1,N8,t
appliedMASKiso_flu_1mgml_roi3_8bit.ome,35,79.45423684,51.90807895,0.872036053,3.335484211,70.622,45.9955,0.89616,3.0871,38,60.29723421,18.45869054,0.068529529,0.782078514,35,5587,21.4603,4502,142,31.7042,39,1.3436,0.0293,0.2306,0.09555,131072,0.411442012,2615.427246,0.210546911,27.56920624,23.60112953,1696.914307,0.639045477,0.392019063,2727.388672,0.197670177,28.66698074,22.69617462,1724.469727,0.636687636,0.165002778,745.9139404,0.109658934,7.861038208,10.43053055,549.1777954,0.125756145,1mgml,flu,roi3,8672.289017,64973.28043,32601.88175,222.2773765,65164.43687,56341.62572,6308.101662,3430.914162,4388.338737,56355.55732,13397.89446,13418.84867,12363.64787,12559.56836,58075.09478,3309.305028,12301.64652,10511.69505,56628.5591,14790.61167,931.8687468,6953,65534,32618,16,65504,58624,5175,2714,1855,58911,11176,11193.5,10345,10505.5,58076,146,9192,8614,59051,14495.5,146,6441.861905,2537.96999,2787.155608,1613.765829,1034.254711,1348.616351,7609.964471,4262.688944,6221.985412,7969.201492,8853.07411,8862.072586,8033.650109,8182.169509,96.45951981,6954.713119,9432.524228,7322.21712,7622.9792,7055.97126,2452.229553,D1,N8,t
appliedMASKiso_flu_1mgml_roi3_8bit.ome,36,96.92110938,47.36665625,0.892570625,3.360278125,94.41,42.8285,0.9067,3.01705,32,56.78810261,16.88590794,0.056061466,0.982071731,36,5132,23.5403,4117,126,32.6746,35,1.3169,0.0181,0.2364,0.1101,131072,0.397636622,2658.223389,0.197922558,28.25727654,24.17076302,1699.556519,0.627613425,0.378207475,2740.695801,0.176960886,29.09130096,23.19260788,1728.282715,0.62613678,0.162346512,736.1502075,0.117644764,7.809567928,10.8801651,539.46521,0.128688216,1mgml,flu,roi3,8815.724808,64952.65684,32543.28891,270.852104,65101.83764,55802.74697,7184.763374,3879.471931,4252.479172,55963.77455,14028.08074,14051.28852,13089.70082,13271.24171,58072.97742,3173.800245,12060.495,10899.4992,56195.44801,14591.63201,1012.888298,7015,65534,32618,14,65499,58183,6000,3160,1887,58569,11682,11700,10937,11085,58074,146,8872,8895,58687,14203.5,172,6428.322471,2766.914172,2786.164841,1343.721438,1681.870473,1912.22653,7725.816954,4699.569883,6004.681736,7898.855515,8777.339999,8785.918234,8101.96405,8226.787988,131.6764177,6595.592641,8710.505111,7341.68494,7609.817992,6427.419039,2832.436225,D1,N8,t
appliedMASKiso_flu_1mgml_roi3_8bit.ome,37,92.06032857,51.92385714,0.899868571,3.44716,104.32,44.002,0.90956,3.0011,35,58.57412937,17.88396135,0.056188454,0.884265765,37,5800,20.5988,4733,160,29.5813,38,1.3575,0.0169,0.2388,0.06597,131072,0.394712746,2585.66626,0.225239262,27.67100906,24.66465569,1726.46521,0.626654744,0.387370437,2662.768311,0.212332964,28.38405609,23.00882721,1723.049683,0.63357085,0.156298831,642.1223145,0.124552689,6.915010929,11.19465542,551.6286621,0.124918811,1mgml,flu,roi3,8855.906059,65115.67725,32487.74986,262.683847,65086.82361,55474.04419,7410.194527,3995.76107,4356.363701,55631.5069,14420.97609,14445.33099,13463.18886,13648.74823,58069.39803,2894.148914,12185.29669,11075.75749,55871.4876,14360.96538,1068.317787,6936,65534,32610,13,65498,57979,6055,3188,1974,58352.5,11930,11949,11147.5,11296,58073,148,8941,8929,58475.5,13818.5,190,6495.016848,2974.711294,2232.29032,1128.359838,1431.674013,1779.117306,7894.226283,5003.274326,6086.289011,7999.087754,8852.041176,8858.843512,8239.515806,8353.983681,168.9283769,6057.854844,8454.31034,7437.79964,7737.420183,6119.412778,2777.921878,D1,N8,t
appliedMASKiso_flu_1mgml_roi3_8bit.ome,38,83.70538846,59.15192308,0.881972308,3.507392308,90.716,43.5665,0.891835,3.3032,26,50.9106611,43.05597738,0.062925017,0.985967707,38,5567,21.5446,4479,130,34.4538,25,1.3413,0.0229,0.2048,0.08581,131072,0.455355316,2320.368164,0.253408164,24.57932472,21.76276207,1626.32019,0.673821807,0.457617342,2315.358887,0.241339535,24.47753525,19.97631073,1600.208984,0.68576026,0.156828761,641.807373,0.1311391,6.83127594,10.36033344,576.4402466,0.118206993,1mgml,flu,roi3,8301.335014,65107.83938,32517.01346,191.8230342,65183.35153,56119.6408,6491.48513,3501.431534,4053.742699,56161.27067,13683.08541,13706.75404,12643.77245,12841.38032,58074.02412,2834.338245,11797.63055,10387.55599,56438.53124,13830.19867,906.5685043,6361,65534,32594,10,65506,58548,5119,2686,1834,58786,11193,11219,10330,10497,58077,146,8712,8230,58958,12842,159,6230.667568,2837.736515,2378.562807,1608.464865,805.3847957,1234.851095,7490.200246,4732.050969,5839.120558,7652.957538,8482.625684,8489.008488,7860.883799,7975.924684,95.70967814,5986.178713,8138.989169,7121.796709,7386.410036,6248.644156,2393.921616,D1,N8,t
appliedMASKiso_flu_1mgml_roi3_8bit.ome,39,85.93742414,62.86210345,0.906926897,3.47157931,98.973,52.131,0.92633,3.2346,29,59.25012108,31.17944156,0.053462597,0.796512979,39,5968,19.9626,4784,140,34.1714,39,1.3617,0.0181,0.2178,0.09214,131072,0.433823943,2444.306152,0.236946061,25.96972656,22.352211,1671.297119,0.659056902,0.432065696,2444.776123,0.220227987,25.94922256,20.98584175,1650.547607,0.666251838,0.138661861,557.2955933,0.130305514,5.963229656,9.478186607,529.4071655,0.106621765,1mgml,flu,roi3,8072.097397,65290.15255,32424.12521,166.8540879,65225.8263,56449.33131,6609.955872,3568.11763,3800.849464,56506.59317,13340.46133,13363.39383,12394.95354,12576.44781,58071.88396,3074.607234,11425.59691,10143.20074,56744.24726,13704.55962,827.6428299,6125,65534,32575,9,65511,58873,5202,2714,1706,59077,10867,10892,10079,10234,58074,120,8529,7975,59221.5,12620,138,6064.340354,2927.737352,1742.681527,1149.060685,685.7162821,1085.089209,7282.762048,4776.578139,5619.538848,7415.513961,8230.968675,8237.079241,7681.163607,7784.180944,104.0769063,6956.89932,7793.769311,6944.761229,7176.691289,6258.292691,2293.886584,D1,N8,t
appliedMASKiso_flu_1mgml_roi3_8bit.ome,40,94.7042,55.48682667,0.9007752,3.370153333,98.973,45.669,0.91228,3.0112,75,55.74164261,26.43728044,0.060493975,1.086532665,40,7186,16.24,5858,176,33.2841,56,1.4192,0.0246,0.5097,0.05583,131072,0.10191299,3633.405518,0.145596504,41.52334976,45.92832947,2125.154541,0.336737633,0.084564313,3773.281982,0.124255627,43.07202148,45.95128632,2117.529053,0.322683185,0.073485702,427.3008118,0.097981207,4.655858517,9.333351135,185.5979004,0.089964032,1mgml,flu,roi3,10912.08256,65533.89895,32661.26397,499.6187028,64578.98217,51434.83167,12915.26971,6897.322708,5390.299034,51780.28367,18500.99335,18533.39448,18107.38506,18208.25907,58072.83681,11078.33333,13580.05574,14283.88731,51868.26651,15140.08753,2296.870644,9106,65535,32668,31,65390,53725,11285,5903,3542,54033,16402,16437,16067,16153,58073,146,11525,12315,54087,14977,699,6393.802049,3999.969458,97.70582103,46.58615301,1781.275844,2582.85695,8414.503159,6818.604885,5616.193838,8116.767583,8440.458259,8443.680399,8374.324547,8397.750232,2.697721174,15544.16732,6349.285505,7449.406882,8030.113404,3980.202792,4673.748975,D1,N8,t
appliedMASKiso_flu_1mgml_roi3_8bit.ome,41,102.4520189,60.62998113,0.917135849,3.48834717,106.89,45.593,0.92032,3.1864,53,50.97781775,31.76112015,0.037765957,1.065068301,41,6946,16.8703,5735,181,31.6851,53,1.4081,0.0254,0.4321,0.04325,131072,0.153524086,3654.114258,0.140126914,40.76233292,39.45793915,2134.688721,0.404367656,0.135703802,3760.876465,0.116178483,41.91087723,39.47803879,2147.837158,0.391694248,0.081052944,427.6388245,0.096637502,4.691735268,8.452707291,246.6873016,0.087525234,1mgml,flu,roi3,9525.547707,65533.71995,32648.89648,281.3904712,65000.63893,54011.29127,11156.19191,5967.865662,4017.065865,54416.84933,15848.64252,15875.71178,15532.31599,15615.20877,58071.47356,8310.75,11596.32887,12361.85201,54433.56217,15005.48644,1298.663658,7790,65534,32656,13,65481,56226,9551,5012,2308,56636,13757,13789,13498,13570,58072,87,9375,10436,56619,14670,286,5934.248623,3662.930553,97.71279149,52.93644427,1131.457083,1692.210808,7537.451969,6127.638078,4844.482861,7326.003953,7836.569452,7838.171906,7722.776163,7753.128398,2.748232668,14289.6608,6363.587455,6887.652158,7248.715814,4573.297063,3088.006845,D1,N8,t
appliedMASKiso_flu_1mgml_roi3_8bit.ome,42,81.6747996,52.83433663,0.899345347,3.417717822,78.996,43.539,0.91394,3.0758,101,57.73864566,26.03214343,0.059184663,1.047824258,42,6273,18.8948,5225,138,37.8623,34,1.3777,0.0146,0.6749,0.04622,131072,0.037977025,3292.381348,0.105486594,39.36146545,58.44601822,1816.11853,0.223009825,0.021755304,3400.297363,0.062726498,40.64274979,59.80951309,1807.82666,0.197775304,0.054730911,400.1796875,0.120191835,4.504593372,8.062512398,109.02388,0.088018462,1mgml,flu,roi3,12659.66924,65533.88863,32666.07832,947.3225971,63616.57829,46160.75854,15733.40075,8343.854012,10948.90826,45624.01079,23545.84924,23591.96807,22884.25842,23039.71399,58074.38885,8309.75,19269.56513,17311.75636,46004.27093,12607.06805,6082.524864,11219,65535,32670,338,64557,47823,14175,7411,10248,47076.5,22059,22110,21350,21514,58074,87,18750,15773,47482,11970,4442,5293.336262,3920.934931,97.70055196,40.18786403,1971.04467,2839.427587,7119.604723,6717.964603,4177.415689,6650.957438,6783.048693,6785.163706,6989.82781,6963.964713,2.682121878,14290.24192,3985.945456,6195.671464,6661.374361,3042.037167,5412.364874,D1,N8,t
appliedMASKiso_flu_1mgml_roi3_8bit.ome,43,79.29347368,53.58244737,0.891314737,3.196027632,73.0635,45.305,0.90642,2.73505,76,56.52312376,26.71505543,0.061776166,0.950156523,43,5541,21.6551,4601,132,34.8561,40,1.34,0.0278,0.6257,0.01596,131072,0.049476422,3495.813965,0.090503283,41.35967255,53.42247391,1862.492188,0.250222117,0.032739747,3625.018066,0.042237788,42.85826874,54.53398895,1861.869263,0.225299984,0.057900157,411.3554993,0.115217254,4.738911629,7.159162998,80.69992828,0.086242944,1mgml,flu,roi3,10981.50869,65533.81831,32660.6834,425.442822,64523.22843,48776.46243,13059.14864,6910.930008,9555.30619,48059.52715,21334.52287,21377.93446,20446.48292,20635.00958,58074.71725,11078.33333,18741.01568,15240.27,48471.004,12669.95958,3852.79187,9619,65534,32664,141,65045,50379,11367,5946,9044,49405,19958,19996,18905,19117,58075,146,18362,13742,49877.5,11970,2717.5,4651.7969,3578.680097,97.70147031,40.63859159,1032.68487,1674.808463,6362.501133,6228.662841,3543.774908,5968.882359,6169.225331,6172.958774,6391.365994,6362.410742,2.716487097,15544.16732,3544.741373,5547.361974,5982.17183,3057.91499,3756.291564,D1,N8,t
appliedMASKiso_flu_1mgml_roi3_8bit.ome,44,86.06857119,42.12513559,0.89161322,2.626830508,86.532,38.514,0.90319,2.4647,59,57.58910135,13.05827606,0.058983871,0.52336504,44,4897,24.766,4080,131,31.145,26,1.3085,0.0232,0.5185,0.03826,131072,0.08783444,3703.037842,0.080840714,43.22691345,43.75037003,1902.426758,0.321897775,0.070319191,3843.693359,0.033535499,44.85047913,44.65209198,1918.530273,0.300910681,0.063317575,418.0032043,0.099545717,4.857319355,5.669604778,89.71120453,0.078613155,1mgml,flu,roi3,8483.009041,65533.72536,32650.67196,77.9734319,65274.71021,53218.80878,9176.584969,4855.590477,6258.813499,52546.98119,17234.69987,17270.3448,16183.26118,16390.5671,58075.40058,11078.33333,16311.19266,11911.0997,52911.04774,12812.29076,1298.928703,7335,65534,32653,20,65429,54622,7762,4050,5746,53758.5,15936,15972,14776,14995,58075,146,15869,10607,54165,12039,830,3797.025006,2906.681199,97.70105437,42.16666425,254.8953336,562.1701261,5153.490908,5058.974557,2743.91814,4888.79755,5314.708754,5318.672155,5428.682264,5416.603003,2.822684571,15544.16732,3452.858095,4609.21775,4888.152392,3272.368003,1643.481703,D1,N8,t
appliedMASKiso_flu_1mgml_roi3_8bit.ome,45,93.55880323,43.73432258,0.911120968,2.400509677,90,40.316,0.91107,2.3305,31,53.95148281,12.11432811,0.042410728,0.219255649,45,4155,29.5458,3425,108,31.713,27,1.2601,0.0352,0.5066,0.04014,131072,0.09300448,3683.663818,0.115270868,43.39174271,42.034935,1842.598633,0.330556273,0.075267643,3816.628418,0.081568249,44.95939636,43.18934631,1864.233643,0.309225559,0.062045664,410.4083252,0.112464145,4.829314232,5.03074789,83.6361084,0.076127335,1mgml,flu,roi3,7756.002403,65533.66939,32646.12847,35.38914365,65381.84327,53897.62625,7138.552063,3779.406303,6817.482704,52903.46304,16744.01937,16779.20921,15289.77776,15562.423,58076.8252,11078.33333,17180.62396,11065.52138,53411.37713,12247.21138,1025.253235,6800,65534,32648,15,65450,54981,6028,3160,6438.5,53808,15670,15706,14129,14414,58077,146,16830,9981,54360,11387,792,3076.546448,2259.640243,97.70077599,41.30590284,75.94495772,236.133393,4089.905599,3908.018765,2462.866752,3933.075782,4432.153004,4435.38908,4438.566343,4442.815468,2.792619385,15544.16732,3259.0815,3744.343057,3910.106724,3166.311637,871.8684736,D1,N8,t
appliedMASKiso_flu_2mgml_roi1_8bit.ome,1,61.190115,59.82225,0.927755,3.754525,40.8975,51.6545,0.936475,3.77295,40,54.97644338,29.31922831,0.037883696,0.701475596,1,4591,26.55,3778,116,32.569,25,1.2821,0.0232,0.1364,0.1896,131072,0.634524941,1074.375488,0.545061946,12.4067049,15.24341869,1299.714844,0.797777414,0.641872346,1040.701416,0.570674658,11.9940815,14.22243118,1269.783936,0.808436871,0.15422377,443.468811,0.129755348,5.1965065,8.167497635,628.890686,0.09543509,2mgml,flu,roi1,5041.469571,54772.63036,30247.19048,197.0805013,65362.96459,62163.7281,5429.091402,3664.249581,1087.863087,62389.22703,5456.965946,5440.428668,5800.133222,5741.010596,3036.377808,2898.779692,4110.525327,5619.826368,62393.91947,7750.17742,495.9226763,2851,64661,30005,14,65535,64329,3219,2053,271,64272,3369,3364,3560,3527,3036,107,2515,3321,64392,5648,45,5976.989371,4397.583953,14445.55996,2901.222889,746.5534344,799.9196822,4964.594055,6133.546956,2113.681267,4224.574211,6053.455317,6032.100007,6437.152697,6369.031913,6.548026827,7014.063058,4653.558682,6423.072105,4543.148778,7369.666361,1478.218231,D1,N8,t
appliedMASKiso_flu_2mgml_roi1_8bit.ome,2,59.73949792,55.931625,0.925056458,3.705775,42.017,44.5295,0.92689,3.59965,48,52.49594465,29.92274584,0.033960669,0.918821573,2,4775,25.4498,3902,109,35.7982,31,1.3033,0.0202,0.1434,0.2059,131072,0.615954757,1117.444946,0.534194291,12.99562645,16.10992622,1312.089844,0.784269929,0.626311302,1104.230713,0.56234777,12.7544899,14.44208145,1258.546875,0.798778236,0.172273338,488.6618347,0.126932472,5.775265694,9.392097473,659.2988892,0.110060781,2mgml,flu,roi1,5474.274544,55186.25791,30230.72276,295.1180378,65299.44405,61809.33447,5828.846118,3913.840964,1311.079491,62042.31036,5995.861592,5980.762723,6332.883978,6274.97136,3036.372841,3222.653879,4582.248875,6118.710988,62046.11619,8209.531413,674.0926964,3085,65161,30023,15,65534,64205,3483,2190,307,64156,3695,3691,3885,3853,3036,119.5,2756,3610,64274,6112,47,6541.408806,4716.712314,14439.00987,2914.836862,1256.964084,1198.16573,5619.445304,6631.839707,2606.947741,4881.853432,6718.045214,6697.622344,7110.031191,7040.783914,6.522045977,7550.424499,5285.111908,7066.430776,5203.050322,7610.615919,2123.693986,D1,N8,t
appliedMASKiso_flu_2mgml_roi1_8bit.ome,3,62.60610833,53.127375,0.920859167,3.8511375,51.34,45.544,0.922335,3.7528,48,51.52313186,19.7809195,0.031164459,0.860252055,3,4647,26.2059,3824,126,30.3492,27,1.298,0.0274,0.1488,0.198,131072,0.603294849,1158.716309,0.521619558,13.54934502,16.59855652,1332.566406,0.775872767,0.606207967,1146.65564,0.544718146,13.33140182,15.0973587,1285.657959,0.786394835,0.1788636,517.1803589,0.136438921,6.132594585,9.90391922,684.4723511,0.115236163,2mgml,flu,roi1,5813.804942,55766.08363,30215.27645,403.3954683,65229.88894,61532.89423,6178.013724,4178.794725,1372.475461,61828.02119,6316.89907,6298.872416,6679.504063,6616.960253,3036.362854,2605.968085,4747.545661,6471.64742,61807.94762,8593.989395,796.0464902,3258,65337,30031,15,65534,64082,3588,2251,342,64047,3919,3912,4092.5,4064,3036,105,2970,3807,64158,6438.5,52,7053.02188,5213.446083,14195.21759,2835.707654,1762.526959,1590.004478,6098.494077,7250.357956,2775.228303,5245.282895,7123.226786,7096.603456,7585.946871,7504.042272,7.669466363,6567.950393,5364.892545,7573.275667,5609.040631,7926.948815,2631.317755,D1,N8,t
appliedMASKiso_flu_2mgml_roi1_8bit.ome,4,60.08998372,59.79890698,0.91831814,3.807746512,46.169,48.129,0.92775,3.6215,43,49.87438719,34.69176188,0.040092231,0.720796315,4,4590,26.5562,3669,112,32.7589,28,1.2888,0.021,0.1377,0.2158,131072,0.627773583,1103.195068,0.53540045,12.77449322,15.79428005,1315.187622,0.790916622,0.634129763,1085.827637,0.559345007,12.48044682,14.42944145,1286.765991,0.802941382,0.179767847,533.3102417,0.138549,6.245739937,9.855057716,721.508728,0.113649033,2mgml,flu,roi1,6004.193205,55723.99107,30207.89613,359.0700998,65250.69466,61509.8632,6259.554266,4299.865982,1353.03337,61837.80541,6360.065342,6337.114174,6730.198823,6665.74677,3036.342819,2482.679599,4885.57288,6602.170776,61797.25255,8962.089416,711.5249854,3248.5,65297,30045,16,65534,64153,3509,2236,326,64120,3823,3815,3991,3965,3036,106,2944,3748,64231,6470.5,49,7336.369329,5424.588686,14053.59503,2759.606236,1325.412653,1337.490081,6113.403353,7420.22852,2610.869115,5193.588659,7198.242419,7164.752332,7675.116029,7589.914079,6.64179204,6089.787877,5514.733938,7770.461913,5594.420318,8415.247436,2164.492482,D1,N8,t
appliedMASKiso_flu_2mgml_roi1_8bit.ome,5,72.77283824,53.81597059,0.926219706,3.825602941,50.288,39.6915,0.940215,3.7107,34,55.60135549,28.40006849,0.04271874,0.778523705,5,4481,27.2508,3614,122,29.623,24,1.2877,0.0144,0.1223,0.2691,131072,0.657552958,1055.719971,0.544036329,11.95628929,14.82960606,1301.159546,0.809452713,0.668879449,1017.781738,0.552081466,11.37437057,13.1800766,1225.48877,0.823535264,0.174500406,520.2177124,0.139678612,6.006969929,9.824914932,759.9689941,0.109061144,2mgml,flu,roi1,6094.459908,55842.00139,30199.15472,343.23426,65263.44617,61592.48134,6162.994451,4311.919183,1315.0148,61936.93282,6256.257713,6229.237393,6611.426973,6548.910667,3036.359962,2460.277555,4939.422718,6592.872458,61886.83965,9237.223717,640.7597423,3182,65207,30043,16,65534,64194,3271,2099,302,64157,3673,3669,3818,3792,3036,91,2970,3636,64270,6406,40,7518.680749,5643.764986,13820.94165,2782.577894,1110.164805,1204.474682,6026.467985,7501.043883,2587.969282,5070.316853,7136.912863,7095.989548,7616.83496,7529.838242,8.958036977,6196.022919,5575.644721,7835.934454,5495.645948,8861.22351,1953.117577,D1,N8,t
appliedMASKiso_flu_2mgml_roi1_8bit.ome,6,65.38913529,54.8635,0.933632353,3.919452941,44.283,46.3715,0.944085,3.79645,34,53.88117945,24.8655026,0.040744743,0.801210063,6,4093,30.0237,3302,130,25.4,19,1.2563,0.0272,0.1117,0.2084,131072,0.690068007,950.4267578,0.543518662,10.67525578,13.40213394,1196.838013,0.829609036,0.70755136,911.9020996,0.579271495,10.20258236,11.31550026,1071.252441,0.845891297,0.164941862,469.355072,0.151769668,5.403672695,9.392362595,731.7994995,0.101955131,2mgml,flu,roi1,6182.760994,56046.24171,30159.96966,306.5652229,65283.78044,61567.89631,6154.597008,4324.259004,1332.169522,61917.09143,6282.955191,6254.166251,6635.6446,6573.304103,3036.318733,2668.358417,5042.950037,6655.356026,61859.16226,9455.994722,598.5084595,3204,65160,30034,18,65534,64166,3271,2099,297,64127,3658,3652,3806,3776,3036,115,2997,3641,64242,6473,39,7522.183997,5554.736502,13533.38283,2708.63201,1178.831683,1198.247122,5949.498599,7372.074542,2736.54554,5036.296463,7078.902677,7037.801893,7531.226045,7448.56148,7.351467688,6287.405077,5681.567444,7797.133131,5443.001469,9041.71518,2039.185709,D1,N8,t
appliedMASKiso_flu_2mgml_roi1_8bit.ome,7,66.46199143,57.83565714,0.909621714,3.723342857,46.042,47.586,0.91847,3.7938,35,51.34019708,23.99887919,0.038892987,0.616196708,7,4258,28.7828,3432,139,24.6906,16,1.2699,0.0191,0.1157,0.241,131072,0.682534695,987.5095215,0.523608208,11.12864017,13.07699299,1148.771729,0.825728238,0.694813371,945.494812,0.563867688,10.61263466,11.54883003,1060.731812,0.838352799,0.157009169,462.3838196,0.13980414,5.335287094,8.361012459,636.0363159,0.097121261,2mgml,flu,roi1,6401.531302,56918.67396,30091.36963,270.3873184,65292.18176,61367.5044,6477.563179,4562.513081,1363.436101,61769.39649,6541.513134,6510.363353,6926.136688,6858.184144,3036.269119,2729.555789,5199.032284,6917.146762,61684.72076,9783.567955,566.9055551,3409.5,65398,30025,18,65534,63990,3562,2312,324,64002,3907,3897,4084,4054,3036,92,3104,3888,64092,6822,41,7609.139045,5689.463004,13228.57637,2661.808529,1015.343994,1098.658654,6053.137914,7497.446541,2678.55453,5115.584099,7180.943813,7137.446245,7638.61896,7554.660622,8.035871709,6711.226574,5784.734122,7889.445675,5534.623061,9101.344671,1717.494755,D1,N8,t
appliedMASKiso_flu_2mgml_roi1_8bit.ome,8,60.94411538,52.40358974,0.926064359,3.912610256,34.824,40.895,0.93224,3.9492,39,58.27090553,22.67359841,0.041156296,0.683068018,8,4225,29.0232,3424,135,25.363,12,1.261,0.0244,0.1203,0.2796,131072,0.666016638,1029.805054,0.552357674,11.67199516,14.21162224,1254.889893,0.814946473,0.677747607,960.3582764,0.583107412,10.9107542,12.86126614,1203.768311,0.828616798,0.170878425,541.7769165,0.135931849,6.181819439,9.033191681,700.7799072,0.106367119,2mgml,flu,roi1,6741.27377,57090.78516,30149.50489,337.2338148,65244.29249,61090.36868,6862.44827,4837.970041,1390.01035,61569.46483,6841.993327,6808.534666,7269.06468,7193.762539,3036.242043,2918.424619,5322.487536,7267.838641,61453.61182,10217.54336,594.8406019,3733,65419,30039,18,65534,63733,3931,2540,363,63826,4233,4223,4461,4425,3036,92,3291,4256,63868,7362,47,7911.753681,5957.029995,12790.10178,2542.296136,1652.106833,1519.128862,6209.883172,7789.217871,2581.556876,5186.61339,7284.688044,7237.075697,7788.771522,7696.449195,8.074044035,6985.756891,5695.93242,8112.014267,5634.765768,9339.26778,2067.580582,D1,N8,t
appliedMASKiso_flu_2mgml_roi1_8bit.ome,9,55.94506571,52.19654286,0.940504857,3.984082857,34.902,48.773,0.94659,3.7742,35,57.0216834,18.20205322,0.02963632,0.91607772,9,3597,34.4395,3002,101,29.7228,19,1.2176,0.0171,0.1028,0.3095,131072,0.699362218,950.9281006,0.599847138,10.37865543,14.04988194,1335.696899,0.834591687,0.71324414,904.9145508,0.628029644,9.798501968,12.31155205,1240.422974,0.849188566,0.170524105,542.2547607,0.129937485,5.997217655,9.860569,826.6221313,0.104857229,2mgml,flu,roi1,6927.661908,56412.58733,30151.48209,344.2592328,65231.26303,61067.60461,6625.273424,4718.741855,1496.344546,61487.96582,6888.887871,6854.6081,7240.469826,7177.579557,3036.356003,2937.355546,5624.5577,7354.897382,61396.07108,10523.05538,602.8730241,3780,65166,30041,17,65534,63689,3773,2449,382,63755,4258,4247,4438,4411,3036,87,3479,4272,63812,7470,44,8182.897661,5853.041894,12530.02156,2439.785176,1444.985473,1429.673275,6229.012242,7567.115029,2765.590487,5291.281565,7343.542164,7296.957052,7763.30273,7684.753297,6.886282356,7161.504449,6009.117814,8243.529067,5699.69298,9692.77603,1937.771736,D1,N8,t
appliedMASKiso_flu_2mgml_roi1_8bit.ome,10,75.06896061,53.562,0.935439091,3.883033333,42.274,45.629,0.93653,3.9541,33,62.20843501,20.53087859,0.022305054,0.710095289,10,3719,33.2441,3060,115,26.6087,15,1.2284,0.0275,0.1013,0.2852,131072,0.69708544,969.4460449,0.608461976,10.46212292,14.58798313,1418.934937,0.83362031,0.703141868,944.593689,0.631743371,10.1781311,12.97623825,1326.871094,0.843407869,0.166428581,519.890625,0.128098071,5.719499111,10.09185982,885.0790405,0.101375215,2mgml,flu,roi1,7061.541201,56588.36346,30176.24502,406.4495416,65191.58483,60993.19876,6571.054318,4689.601647,1527.768829,61393.96257,6967.949747,6933.537722,7288.92716,7231.091972,3036.374741,3381.361635,5729.209078,7450.669645,61314.15825,10655.04743,637.8592534,3848,65344,30043,19,65533,63606,3720,2403,408,63649,4370,4357,4506,4480,3036,106,3639,4342,63720,7574,41,8466.710911,5970.250299,12268.98434,2699.226327,1630.779436,1584.131049,6347.236905,7702.41979,2776.322662,5387.13854,7447.889387,7395.636181,7875.707288,7795.134058,6.892973826,7597.779001,6035.513307,8454.397335,5814.944329,9866.028512,1977.515612,D1,N8,t
appliedMASKiso_flu_2mgml_roi1_8bit.ome,11,67.87842632,58.53931579,0.937490263,3.828971053,45.559,52.5055,0.94193,3.74045,38,57.13400377,26.58130085,0.024851271,0.798262833,11,3809,32.4114,3149,118,26.6864,17,1.2441,0.0163,0.1078,0.2722,131072,0.686728895,994.375061,0.60395968,10.7918539,14.86931515,1439.098145,0.828243792,0.691662014,965.2070923,0.630992651,10.48586082,13.19033909,1315.244263,0.837044239,0.161279485,499.4115601,0.127440646,5.521789551,9.74888134,882.9234619,0.097401388,2mgml,flu,roi1,7178.088575,56794.01075,30121.15805,414.6152504,65179.35036,60913.15997,6706.23359,4814.919938,1545.363472,61346.69537,7072.242157,7035.148182,7405.338913,7345.14001,3036.872818,2633.927567,5817.351858,7570.180397,61251.04699,10791.66224,637.4609219,3921.5,65363.5,30047,17,65533,63572,3799,2464,416,63641,4444,4431,4589,4565,3036,77,3693,4431,63696,7709,47,8643.908598,6227.224369,12300.88022,2551.10256,1507.383033,1565.695708,6431.470153,7931.160465,2733.925955,5409.332473,7550.979462,7493.946047,7995.454383,7911.067185,172.7529791,6660.670906,6106.185944,8600.141745,5860.759307,10029.62598,1854.298834,D1,N8,t
appliedMASKiso_flu_2mgml_roi1_8bit.ome,12,67.26356,56.20328571,0.936180857,4.099605714,51.072,46.417,0.93919,3.9546,35,56.99447868,25.58930402,0.038666195,0.840537336,12,3934,31.318,3278,124,26.4355,17,1.2501,0.0205,0.1112,0.2236,131072,0.687159717,989.1342163,0.588762283,10.80248547,14.50493431,1389.714355,0.828804314,0.702546358,952.8128662,0.610534549,10.27887821,12.33791161,1220.171143,0.843562782,0.156652734,473.1315918,0.132559195,5.294425488,9.368927002,843.9959106,0.094905883,2mgml,flu,roi1,7197.820041,56858.2374,30112.44741,434.6609902,65163.20278,60894.71163,6816.208072,4910.713444,1581.583732,61339.04209,7061.441438,7022.074695,7420.678741,7355.83765,3036.357887,3139.48925,5818.447565,7589.508382,61230.86118,10756.96121,694.7038815,3923,65354,30039,18,65533,63649,3878,2525,396,63728,4342,4324,4536,4500,3036,99,3613,4399,63772,7748,49,8700.514918,6337.057216,12358.35076,2595.120719,1496.107488,1592.425279,6550.193963,8075.120373,2894.562552,5535.665611,7657.101683,7599.407784,8118.143897,8030.927245,7.358771034,7161.861974,6244.752151,8694.757868,5991.768014,10027.32131,2019.886566,D1,N8,t
appliedMASKiso_flu_2mgml_roi1_8bit.ome,13,67.62872,60.9296,0.928205667,3.993053333,46.7465,52.004,0.934705,3.8009,30,59.34169109,26.17395062,0.034121157,0.913801207,13,3886,31.7295,3162,113,27.9823,16,1.2442,0.0249,0.107,0.2013,131072,0.696774065,984.2865601,0.567192078,10.65333271,13.7757225,1323.703003,0.834845603,0.720024645,925.5266724,0.588047564,9.948326111,11.53832531,1129.902954,0.853291929,0.151674256,471.9845886,0.142855421,5.199577332,8.962215424,818.1400146,0.091282636,2mgml,flu,roi1,7034.280471,56661.4414,30127.03491,460.4660744,65165.86834,61033.20888,6605.353501,4754.236382,1549.301069,61449.41734,6892.641707,6854.682222,7234.115355,7172.407289,3036.292343,2816.777276,5704.302091,7408.410304,61356.81191,10567.52346,676.8453057,3877,65278,30031,19,65533,63699,3773,2494,386,63773,4242,4229,4430,4398,3036,85,3532,4323,63821,7680,47,8490.527558,6126.96918,12552.48564,2672.407374,1981.708913,1825.016626,6391.683924,7856.633279,2858.195796,5405.486602,7505.611393,7451.585526,7943.473992,7860.46673,8.577487274,6798.604557,6154.502473,8495.901574,5845.030682,9820.684836,2077.716252,D1,N8,t
appliedMASKiso_flu_2mgml_roi1_8bit.ome,14,58.69356667,51.84244444,0.915078889,4.050375,51.328,39.8385,0.917425,3.92225,36,45.60909855,23.90975903,0.045140542,0.8385029,14,3721,33.2252,3056,108,28.2963,18,1.2275,0.0201,0.1139,0.218,131072,0.674497545,980.4656982,0.58067739,10.93476963,14.70859718,1328.328735,0.820747375,0.682317555,976.8951416,0.606273711,10.77376938,13.06583118,1256.610596,0.831788301,0.167626753,467.2675781,0.135165393,5.372026443,9.562196732,774.2473755,0.102368474,2mgml,flu,roi1,7031.005469,56522.57329,30214.91292,394.0994116,65183.79712,60930.47649,6830.273156,4874.573203,1587.212037,61378.0959,6975.518169,6939.168421,7361.05702,7292.256213,3036.313583,2964.229065,5683.227748,7472.747449,61269.04741,10460.58866,701.2219561,3931,65200,30035,21,65533,63669,3957,2616,400,63752,4307,4290,4513,4476,3036,92,3559,4386,63789,7748,51,8268.52577,6060.321726,12624.87765,2612.974896,1399.392817,1504.256199,6444.454357,7860.769631,2901.42085,5466.269056,7517.908852,7470.004424,7982.336037,7896.257649,7.915095437,7214.438559,6083.746928,8398.818756,5900.06923,9503.988071,2036.244561,D1,N8,t
appliedMASKiso_flu_2mgml_roi1_8bit.ome,15,60.80086667,54.95551515,0.931546667,4.081939394,50.194,48.495,0.94247,3.894,33,41.4784091,24.57720068,0.03221081,0.987992835,15,3952,31.1662,3282,117,28.0513,22,1.2541,0.0195,0.1245,0.2522,131072,0.650758028,1018.865906,0.566212595,11.71082592,15.0691967,1297.497437,0.806087494,0.648192823,1035.54248,0.592850924,11.79779243,14.56857491,1330.946289,0.812126875,0.174950391,485.5762939,0.129177377,5.702960968,9.24006176,694.2155151,0.107734539,2mgml,flu,roi1,7016.054176,56850.68137,30166.82359,329.9165728,65214.90408,60841.74062,7132.237121,5072.197401,1485.985313,61350.49078,7076.324538,7039.281406,7523.486888,7444.372978,3036.293983,2940.281293,5518.238686,7543.306814,61217.18652,10433.39398,672.1629632,4023,65411,30038,19,65533,63577,4168,2768,412,63682,4469,4453,4693,4656,3036,100,3613,4530,63709,7858.5,54,8147.406034,6200.253777,12684.38241,2560.100979,1132.06583,1328.083768,6536.245999,8106.672876,2678.690842,5471.05751,7555.755768,7507.744721,8093.70986,7995.845451,6.955175992,6976.8452,5782.03888,8390.783659,5937.238036,9306.21251,1921.457683,D1,N8,t
appliedMASKiso_flu_2mgml_roi1_8bit.ome,16,50.80221935,54.56393548,0.92419871,4.033377419,36.119,47.789,0.93372,3.8054,31,41.72705505,23.94548626,0.035112467,0.954767922,16,3524,35.1944,2939,111,26.4775,14,1.2252,0.0195,0.1079,0.2552,131072,0.699101508,921.762085,0.54240036,10.43422031,12.49592113,1119.41687,0.83550483,0.708639562,880.5679321,0.568913102,9.930918694,11.28016186,1057.695313,0.846882761,0.163188785,511.1663513,0.15197666,5.808606625,8.114253044,669.5588989,0.097533189,2mgml,flu,roi1,6696.384739,56424.27573,30111.13333,314.7838689,65249.16819,61156.69261,6750.215694,4823.956832,1361.668136,61627.73893,6688.409436,6651.501858,7112.275529,7037.050008,3036.25429,3214.701043,5261.502262,7169.40223,61508.94154,10127.84845,595.921172,3711,65208,30030,17,65534,63815,3773,2479,342,63884,4084,4069,4279,4245,3036,135,3291,4163,63933.5,7369,43,7999.834814,6031.674131,12621.69523,2568.713694,1228.860695,1352.688252,6368.8134,7932.471051,2565.57183,5325.515358,7390.139056,7342.674759,7919.111515,7822.837728,9.983696503,7394.336542,5681.319065,8241.847084,5790.431886,9217.564812,1904.283371,D1,N8,t
appliedMASKiso_flu_2mgml_roi1_8bit.ome,17,55.26434,52.40568571,0.917501429,3.88928,41.309,44.594,0.92542,3.6903,35,42.52265039,27.09353266,0.041627313,1.009156906,17,3675,33.6661,2950,116,25.431,18,1.2299,0.0163,0.113,0.2579,131072,0.682369828,941.4068604,0.533722818,10.8452425,13.26748276,1145.433716,0.824575484,0.704097509,855.7365112,0.577248216,9.830870628,11.07763386,1003.513306,0.844464362,0.174619749,526.4160156,0.167828098,6.137530327,9.235011101,721.3748779,0.107958131,2mgml,flu,roi1,6722.593223,56792.76035,30151.44152,407.1935373,65199.64287,61064.96562,6839.95855,4869.139671,1356.577279,61563.93915,6781.90497,6745.403462,7214.568209,7137.92992,3036.29213,2750.881011,5219.587875,7230.86192,61440.55369,10058.93985,659.8968481,3708,65351,30028,16,65534,63787,3746,2479,343,63861,4121,4101,4318,4284,3036,117,3291,4177,63915,7350.5,40,8114.751031,6211.301078,12544.78241,2636.905361,1768.595988,1722.359761,6604.086191,8200.115314,2639.665491,5499.533546,7556.956769,7507.031014,8124.135069,8021.26831,8.911446692,6469.309224,5655.527174,8401.229467,5984.765328,9067.083748,2270.844197,D1,N8,t
appliedMASKiso_flu_2mgml_roi1_8bit.ome,18,72.52326857,46.3372,0.923404286,4.082157143,65.695,39.706,0.92365,4.2036,35,47.73109559,19.43752541,0.033974011,0.933519763,18,3771,32.7581,3071,114,26.9386,17,1.2437,0.0211,0.1164,0.2464,131072,0.67757225,925.6585083,0.536628783,10.74385548,13.64283466,1145.056641,0.821089387,0.712282658,833.0151978,0.577780485,9.595711708,10.9826498,992.7250366,0.849178135,0.179904118,498.605835,0.162834689,5.917047024,10.01315975,725.7455444,0.113603011,2mgml,flu,roi1,6727.305552,56985.55509,30171.76942,449.629643,65170.05583,60971.50901,6916.306192,4902.065849,1468.70133,61456.91798,6859.23569,6823.489959,7293.360833,7216.58309,3036.251099,2693.394189,5337.517018,7275.362439,61332.42054,9965.495773,756.4418535,3762,65347,30021,17,65534,63724,3878,2555,344,63822,4178,4161,4395,4357,3036,102,3318,4241,63861,7467,38,8106.464636,6135.57871,12299.83892,2714.57145,1930.143203,1850.805607,6807.45334,8177.024541,3131.986434,5794.382415,7735.418977,7688.903257,8273.330581,8175.93457,8.65567173,6782.117321,5991.932709,8479.225517,6247.601989,8852.013061,2668.278659,D1,N8,t
appliedMASKiso_flu_2mgml_roi1_8bit.ome,19,73.94797895,55.30297368,0.917438421,4.058473684,69.5385,46.222,0.92553,4.15125,38,46.45753755,27.88781726,0.043979077,0.795661374,19,4068,30.2205,3320,132,25.1515,13,1.2625,0.0129,0.1262,0.2236,131072,0.65214026,965.1663818,0.549671233,11.33848286,15.18680859,1233.040405,0.804442167,0.679959655,889.0062256,0.583151698,10.34016514,12.47139549,1109.214722,0.830834448,0.193926916,495.643158,0.149732053,6.027485847,11.34626007,770.4284668,0.124848016,2mgml,flu,roi1,6830.186822,57350.98677,30164.84721,513.8695652,65117.382,60756.77664,7072.646965,4961.622462,1609.576491,61250.30802,7076.479052,7043.483075,7515.109917,7437.95436,3036.228935,2754.981997,5495.935906,7442.626013,61124.87411,9984.25948,903.1702923,3926,65390,30037,15,65533,63554,4063,2677,377,63689,4373,4356,4599,4559,3036,111,3425,4429,63714,7741,41,8139.29589,6094.332574,12025.49543,2702.083617,2103.322595,2075.041313,7092.727438,8239.197544,3602.973939,6131.797885,7970.535939,7928.668848,8493.979309,8399.702482,7.294497687,6554.25415,6261.197908,8612.976412,6562.88305,8643.232463,3381.952704,D1,N8,t
appliedMASKiso_flu_2mgml_roi1_8bit.ome,20,68.87168056,59.23158333,0.9200525,3.835538889,66.3455,49.264,0.93217,3.69545,36,46.98218067,28.57614233,0.050080583,0.813466963,20,4230,28.9865,3444,127,27.1181,20,1.2716,0.018,0.1222,0.176,131072,0.661186755,965.3994141,0.570128024,11.1612072,15.28623009,1293.436646,0.810178578,0.697283685,872.5517578,0.599169374,9.941486359,12.16312313,1137.255127,0.840477288,0.192834571,514.8196411,0.138444021,6.164550781,11.47444248,834.1370239,0.12293274,2mgml,flu,roi1,6834.964017,57132.6078,30176.49112,424.9928335,65166.63132,60826.90191,7078.47315,4990.96888,1494.790191,61343.78537,6988.709609,6953.283076,7446.646039,7365.965298,3036.285461,3080.541268,5414.711082,7414.676427,61202.08884,10142.38488,762.3681621,4093,65265,30044,14,65533,63425,4274,2798,403,63596,4522,4506,4783,4740,3036,104.5,3532,4616,63600,8002,44,8019.994542,6048.364569,11817.90063,2609.714676,1983.310249,1934.427238,6807.382716,8136.764439,3113.567576,5795.310999,7686.45131,7642.017021,8230.917468,8132.674713,7.425613355,7118.347853,5952.663529,8420.756291,6247.808853,8739.976225,2816.252822,D1,N8,t
appliedMASKiso_flu_2mgml_roi1_8bit.ome,21,80.13535313,59.67625,0.922662812,3.681596875,78.8,51.214,0.93603,3.6592,32,48.74335654,34.25083186,0.039367996,0.724116258,21,3997,30.7928,3265,124,26.3306,18,1.2556,0.0237,0.1077,0.1793,131072,0.688477755,965.6339722,0.574228168,10.73915768,14.4278698,1326.795044,0.826957047,0.731154203,867.046936,0.592438757,9.448277473,10.55611515,1036.516602,0.859576941,0.185176402,548.0271606,0.134889886,6.292351246,11.05869961,935.4919434,0.115397811,2mgml,flu,roi1,6674.986916,56773.01314,30123.48692,353.8536034,65230.4034,61136.2878,6700.766149,4773.556779,1361.770405,61609.7413,6673.585653,6637.600051,7087.681901,7014.192831,3036.271759,2457.046622,5287.490591,7145.597272,61487.48053,10168.87887,563.2249106,3981,65023.5,30032,13,65533,63539,4116,2722,389,63680,4354,4339,4600,4557,3036,91,3479,4462,63695,7808,43,7942.805275,5977.555854,11920.09536,2552.71754,1919.613463,1781.787866,6256.638101,7769.6972,2715.085723,5236.301358,7224.277678,7174.034236,7725.637983,7633.285683,7.745468263,5989.353899,5675.295171,8101.246341,5691.748011,9066.768739,2069.202641,D1,N8,t
appliedMASKiso_flu_2mgml_roi1_8bit.ome,22,84.81323667,61.97136667,0.917348333,3.846026667,81.9405,55.892,0.93833,3.5921,30,48.77522193,29.61116906,0.057281469,0.872039611,22,4053,30.3397,3279,104,31.5288,22,1.2537,0.0216,0.1075,0.128,131072,0.686619341,967.3912964,0.577935755,10.75968075,14.48750401,1342.025269,0.826266348,0.714257777,887.7158813,0.595045626,9.74569416,11.66598225,1128.371216,0.850102425,0.181804165,546.6657104,0.140297845,6.227708817,10.81715202,945.2611694,0.112778842,2mgml,flu,roi1,6663.35787,56750.09981,30176.03996,380.8413294,65218.75748,61196.01152,6712.036078,4841.73498,1334.554495,61670.04685,6606.014931,6566.744094,7029.191349,6953.759934,3036.234818,2610.66934,5233.909841,7104.283654,61540.35042,10172.51058,562.1127773,3898.5,65089,30033,13,65533,63574,3984,2646,389,63702,4323,4305,4558,4519,3036,105,3425,4396,63719,7675,43,8100.247074,6323.713475,12041.68935,2587.697239,2118.246148,1866.018189,6212.308447,7955.382576,2596.29929,5153.883256,7169.422136,7112.466124,7698.677714,7600.509304,8.289312291,6298.792178,5609.360663,8147.467592,5630.351494,9353.089848,2043.553338,D1,N8,t
appliedMASKiso_flu_2mgml_roi1_8bit.ome,23,88.69231389,58.13419444,0.928658889,3.963391667,85.4545,45.446,0.944675,4.0234,36,54.87338451,32.06653979,0.051413979,0.935954335,23,4137,29.6831,3309,119,27.8067,22,1.2617,0.0232,0.1083,0.1366,131072,0.677695036,984.9035645,0.575167358,11.02618122,14.81787968,1340.453003,0.820474923,0.703704178,916.4852295,0.596338212,10.14112949,12.09480762,1176.162964,0.843952,0.185854092,554.6237183,0.141062886,6.324680328,10.68588257,880.477478,0.115116954,2mgml,flu,roi1,6561.152714,57001.57494,30133.17822,329.9368719,65244.64316,61209.45418,6709.755389,4799.578604,1323.495646,61680.59746,6551.363335,6513.59981,6989.701031,6911.958199,3036.197403,2306.640236,5128.455937,7035.990012,61550.67702,9980.876828,570.246859,3710,65156,30027,14,65533,63690,3931,2586,349,63804,4112,4097,4372,4330,3036,107,3211,4197,63832,7317,43,7945.332134,6130.693138,12019.53209,2594.442937,1616.474829,1533.281309,6195.641278,7892.942636,2571.148909,5161.466219,7184.017679,7129.578198,7714.818967,7616.971582,11.7342815,5765.790557,5598.641995,8103.316073,5636.708961,9219.573637,1912.364145,D1,N8,t
appliedMASKiso_flu_2mgml_roi1_8bit.ome,24,86.65984048,59.01066667,0.935322381,3.824264286,78.5685,52.938,0.942485,3.95305,42,52.3700522,25.76297096,0.028711093,0.722249776,24,4432,27.5742,3605,115,31.3478,29,1.2758,0.024,0.1232,0.0935,131072,0.645437002,1048.589233,0.560432553,12.06113052,15.78346348,1368.040039,0.801013827,0.668143392,993.5167236,0.594209015,11.29277992,12.92447853,1180.553467,0.823425472,0.18896471,546.2849121,0.136177301,6.416125774,10.64921379,860.1212158,0.117845982,2mgml,flu,roi1,6580.312621,57435.16856,30133.48349,280.8937801,65262.54138,61047.90558,6986.506132,4954.86356,1327.13658,61569.31459,6709.602654,6672.452259,7192.317888,7107.300981,3036.231064,2250.880648,5058.602996,7145.659938,61421.11178,9909.6066,581.3019907,3648,65377,30027,15,65533,63700,4037,2646,340,63812,4105,4088,4374,4328,3036,96,3104,4166,63845,7210,48,7874.384944,6187.691209,11999.66303,2631.361915,1030.380033,1184.560804,6310.751716,8092.865302,2425.456285,5206.473835,7297.103656,7243.276708,7879.013711,7773.21952,7.251599366,5509.061954,5526.985135,8149.556298,5707.214561,9129.414239,1609.603389,D1,N8,t
appliedMASKiso_flu_2mgml_roi1_8bit.ome,25,90.16477353,63.35997059,0.941071765,3.909479412,80.193,54.1295,0.945775,4.08695,34,49.60043075,33.17862269,0.024717825,0.589681181,25,4259,28.7755,3446,96,35.8958,24,1.2651,0.0228,0.1161,0.114,131072,0.676635683,984.3440552,0.546392858,11.11919594,14.06052399,1252.973755,0.821460605,0.686845303,949.2150269,0.570715129,10.67900467,12.25359726,1131.711914,0.834402084,0.174459144,511.3721313,0.137581497,5.906315327,9.650857925,821.3567505,0.105996363,2mgml,flu,roi1,6379.615552,57288.69443,30208.02681,194.4611364,65329.77337,61244.99889,6689.770341,4736.423417,1243.17456,61725.09885,6505.268312,6470.446237,6952.761849,6873.894886,3036.25251,2661.428187,4984.642626,6918.939369,61596.50396,9843.541202,469.8610116,3511,65286,30037,16,65534,63774,3852,2525,323,63869,3978,3965,4228,4182,3036,116,2997,4022,63906,6969,46,7494.716907,5790.953175,11829.7,2630.646184,679.694843,856.7761714,5897.80934,7590.990753,2206.535606,4878.901117,6984.518913,6936.350148,7504.117104,7409.428997,6.281114977,6419.68915,5409.820342,7761.49978,5343.235487,9186.146784,1239.104043,D1,N8,t
appliedMASKiso_flu_2mgml_roi1_8bit.ome,26,76.48233784,61.09594595,0.939462432,3.758127027,68.962,50.65,0.94422,3.6119,37,48.01747637,33.81695956,0.033156468,0.758315962,26,3974,30.9826,3271,86,38.0349,24,1.2477,0.0212,0.1094,0.09074,131072,0.698632002,920.2614746,0.543231368,10.33824062,13.12884998,1189.463257,0.834742248,0.699138641,905.4639893,0.5694803,10.08039665,11.79807758,1097.086792,0.841692626,0.169251546,488.1011658,0.152635038,5.628626823,9.553390503,807.0113525,0.102175541,2mgml,flu,roi1,6292.70437,56936.5918,30196.44506,242.149819,65315.72671,61379.05383,6521.459796,4654.076976,1235.527601,61833.73586,6358.849778,6322.473794,6789.077693,6712.863594,3036.259636,2567.712495,4925.505875,6791.057235,61711.02681,9796.221377,481.5496334,3419,65151,30027,16,65534,63860,3694,2403,312,63923,3863,3852,4094,4055,3036,112,2970,3904,63975,6804,41,7395.003791,5703.223256,11901.91426,2596.93415,1226.555339,1194.491544,5758.700567,7399.917806,2423.099134,4806.141121,6869.984509,6822.565176,7343.362769,7255.860446,6.008603178,6181.897529,5451.307789,7626.826547,5238.702539,9182.910956,1656.200428,D1,N8,t
appliedMASKiso_flu_2mgml_roi1_8bit.ome,27,71.93716765,61.89776471,0.933207353,3.610591176,60.35,52.076,0.942725,3.48985,34,50.69760274,35.27642279,0.036249348,0.656482407,27,3832,32.2048,3126,89,35.1236,20,1.2302,0.0203,0.1027,0.1461,131072,0.714650154,888.6951904,0.539909303,9.880371094,12.64848423,1168.071411,0.843907475,0.72185564,848.3358765,0.570441484,9.331887245,11.06494331,1051.243286,0.854770064,0.16907078,498.8562927,0.1689495,5.683860302,9.841930389,836.7971802,0.102299303,2mgml,flu,roi1,6152.377952,56611.62651,30205.45362,289.9850865,65304.20362,61535.25211,6305.332804,4542.742724,1182.934462,61953.54262,6162.704274,6125.705592,6566.452396,6494.552694,3036.328209,2795.727652,4829.942668,6605.289215,61845.94414,9630.048772,479.9569776,3258.5,64766.5,30036,16,65534,63974,3456,2266,287,64014,3667,3656,3874,3841,3036,106,2890,3709,64080,6527,38,7346.490508,5731.106447,11978.12406,2612.550567,1786.052289,1492.214861,5624.421622,7310.440472,2251.281116,4682.862948,6738.576908,6689.606236,7204.578422,7118.152323,6.414974635,6731.120014,5319.50918,7534.342152,5118.669891,9180.807983,1816.822494,D1,N8,t
appliedMASKiso_flu_2mgml_roi1_8bit.ome,28,69.05239394,60.78975758,0.946189394,4.0024,67.126,50.761,0.95354,4.0602,33,40.37290131,30.24872114,0.024486783,0.773708261,28,3988,30.8668,3254,88,36.9773,20,1.2444,0.0141,0.1093,0.1234,131072,0.698890686,902.9855347,0.557038844,10.20928669,13.40900803,1211.368164,0.834143341,0.711452127,853.7398682,0.582611501,9.647773743,10.95281315,1039.043213,0.848392844,0.174925774,498.9996338,0.157480508,5.788125515,10.30090046,841.9376221,0.107633166,2mgml,flu,roi1,6142.289774,57017.17619,30114.01146,373.1317235,65268.08396,61508.49899,6422.470118,4608.721341,1157.820477,61961.86526,6150.465174,6113.158827,6589.94424,6512.076067,3036.290459,2774.029084,4700.4195,6608.451987,61838.25473,9536.970288,504.2256723,3222,65160,30015,16,65534,63957,3483,2266,283,63994,3673,3665,3875,3844,3036,92,2863,3687,64058,6482,35,7449.915472,5919.943274,11840.77872,2649.690226,2590.926946,1916.625943,5703.52874,7575.930985,2129.183868,4662.130233,6726.302085,6672.67018,7262.9208,7164.215915,7.400578485,6361.397036,5101.518683,7607.499709,5141.804981,9082.269658,1814.746283,D1,N8,t
appliedMASKiso_flu_2mgml_roi1_8bit.ome,29,76.01058889,57.48541667,0.930719167,3.897291667,72.9035,50.355,0.942985,3.9505,36,43.00041336,26.46967495,0.03502392,0.824197521,29,4219,29.0673,3473,82,42.3537,21,1.2585,0.0143,0.1161,0.1362,131072,0.682827234,926.2097778,0.560465157,10.64997578,13.83136463,1226.312622,0.82508409,0.69030261,891.0067749,0.580705225,10.23244953,12.25647163,1125.104248,0.836822152,0.172771186,493.9105225,0.148723647,5.804327011,9.921069145,796.8110962,0.107225701,2mgml,flu,roi1,6026.890577,57044.86494,30125.71066,260.8861672,65310.85787,61504.62399,6447.617093,4606.569886,1117.523961,61963.98774,6135.244978,6099.444885,6587.421105,6507.647009,3036.269409,2473.705075,4563.087196,6541.150114,61843.54833,9361.213975,467.9408173,3224,65236,30012,14,65534,63914,3614,2342,283,63971,3686,3674,3919,3884,3036,96,2783,3713,64021,6432,36,7277.747454,5879.715548,11780.23757,2693.778245,1372.570702,1258.100212,5676.392432,7548.478946,2017.720813,4617.754887,6684.005549,6631.013937,7235.793331,7135.095154,7.7286223,6237.405734,4904.295537,7497.132054,5096.850888,8883.472875,1494.857323,D1,N8,t
appliedMASKiso_flu_2mgml_roi1_8bit.ome,30,78.71774286,54.14991429,0.935626857,3.567991429,84.174,48.407,0.94007,3.6225,35,41.52889334,23.32032859,0.029333777,0.631905428,30,3754,32.9155,3064,94,32.5957,17,1.2245,0.0131,0.0925,0.1067,131072,0.73006767,837.0130615,0.557572842,9.339929581,11.66043472,1106.517822,0.853883386,0.745086789,803.0568848,0.58578676,8.917342186,10.35743904,1040.250488,0.86753267,0.155532688,458.8034668,0.149507225,5.240535736,8.260409355,718.9100342,0.09207987,2mgml,flu,roi1,5638.939845,55875.43864,30145.07104,147.2213031,65387.5126,61977.78111,6030.759608,4407.692208,939.7972002,62390.83984,5610.981669,5571.775655,6039.288381,5963.013915,3036.290909,2525.919523,4221.883387,6057.433568,62286.86085,9063.769446,323.4672875,3077,64256,30007,12,65534,64094,3377,2220,257,64136,3456,3440,3685,3644,3036,92,2622,3514,64196,6193,32,6774.986382,5748.479756,12319.24449,2702.617094,500.3362097,642.7980577,5004.029188,7089.334706,1663.041207,4001.616743,6077.665381,6021.6578,6595.64401,6499.771683,8.73980365,6189.201622,4549.584723,6903.069561,4467.960861,8832.571606,887.7434385,D1,N8,t
appliedMASKiso_flu_2mgml_roi1_8bit.ome,31,81.55675,63.12689286,0.937738929,3.861228571,85.7695,57.5675,0.942185,3.89295,28,40.06088618,27.59436149,0.035706977,0.620088958,31,3613,34.2782,2954,80,36.925,12,1.2141,0.0175,0.0881,0.1247,131072,0.739489973,785.7749023,0.56629169,8.815504074,10.9651823,1036.845947,0.860358894,0.745021701,764.0826416,0.588956475,8.570855141,10.08184624,1013.676819,0.867474914,0.144143969,422.8499146,0.149956822,4.810453415,7.057115555,618.9158325,0.083252594,2mgml,flu,roi1,5487.819193,55259.63057,30172.7608,161.725219,65384.79057,62034.62358,6002.320715,4345.066704,919.5811365,62442.7241,5547.899589,5511.338921,5982.743655,5905.754437,3036.413109,2491.85421,4072.125743,5948.657246,62346.43538,8785.73443,333.5091234,3063,63151.5,30030,11,65534,64117,3483,2281,256,64163,3475,3463,3712,3672,3036,102,2542,3520,64223,6146,35,6576.574664,5570.954812,12647.90033,2713.395047,759.451329,809.5988146,4951.91089,6979.106647,1593.455931,3942.068576,6002.339713,5951.301469,6524.77543,6429.033363,5.943675086,6161.94686,4374.508336,6764.072667,4403.345342,8485.026668,962.0494357,D1,N8,t
appliedMASKiso_flu_2mgml_roi1_8bit.ome,32,75.66921875,52.5430625,0.935305938,3.9672375,84.066,46.928,0.935565,3.687,32,38.8055777,20.80659233,0.024225174,0.972977806,32,3711,33.3201,3061,111,27.5766,9,1.2289,0.0138,0.0993,0.2352,131072,0.711541712,810.8533325,0.550198734,9.500427246,11.56540775,1031.526367,0.844600558,0.706366897,814.1535645,0.581383288,9.51465416,11.06559753,1006.723938,0.846251965,0.147407889,405.57724,0.154118925,4.801771641,7.013215065,591.0432739,0.085458845,2mgml,flu,roi1,5421.329306,55553.38091,30275.00814,184.3827946,65367.05789,61911.52801,6150.145761,4381.446289,936.8178806,62326.23495,5690.730565,5657.491891,6139.895449,6060.970688,3036.290466,2953.206236,3969.895408,5987.158787,62232.34846,8518.863375,401.0107175,3063,64519,30035,10,65534,64066,3694,2418,262,64125,3590,3575,3843,3803,3036,112,2515,3582,64183,6117,38,6541.286945,5512.168306,12884.22323,2842.469929,819.7614886,895.1892008,5222.1011,7092.664426,1703.759073,4197.425849,6228.430647,6182.352846,6765.755198,6668.651707,8.719484739,6714.541258,4282.642248,6866.693889,4652.356211,8114.95366,1240.9066,D1,N8,t
appliedMASKiso_flu_2mgml_roi1_8bit.ome,33,90.15918276,53.86196552,0.936291379,3.833286207,88.877,53.113,0.94204,3.7491,29,41.14144328,17.09159628,0.032624484,0.893675503,33,3693,33.4923,3025,87,34.7701,11,1.2305,0.0119,0.1026,0.2346,131072,0.701573968,817.7730103,0.544849098,9.705057144,12.04139709,1057.381958,0.838085532,0.695935667,827.0037231,0.582888544,9.794492722,11.37162113,1019.671143,0.839839995,0.153393418,408.0410461,0.161357805,4.916734695,7.58044529,643.6964111,0.090324245,2mgml,flu,roi1,5356.841164,55431.09389,30264.76077,193.1313108,65367.64365,61932.38047,6088.146981,4289.418517,955.4060392,62319.25706,5712.043318,5682.066232,6145.97451,6070.011064,3036.392792,3148.564754,3989.021516,5953.577758,62243.51536,8384.361571,417.6909934,2992,64730,30032,12,65534,64130,3562,2312,260,64159,3574,3562,3805,3767,3036,102,2542,3522,64233,5991,35,6488.073837,5410.227424,13287.7661,2872.818192,961.5206075,967.5366969,5287.41933,7095.42626,1734.798856,4285.065919,6298.795538,6256.796083,6835.823687,6739.313626,5.249759857,7642.012897,4287.231953,6870.806971,4725.395379,7970.583401,1308.662709,D1,N8,t
appliedMASKiso_flu_2mgml_roi1_8bit.ome,34,78.71751515,53.39781818,0.93769697,3.646463636,86.634,48.894,0.94165,3.5185,33,35.95407404,18.15573163,0.02742627,0.721281363,34,3142,39.7164,2602,81,32.1235,7,1.1817,0.0185,0.0829,0.2447,131072,0.74487108,731.4139404,0.543268919,8.39900589,10.61627865,975.2532959,0.86297065,0.759514391,688.4945679,0.584192514,7.840782642,9.373114586,896.6958618,0.875512779,0.147746071,393.9195557,0.166970029,4.627182007,7.644956589,666.8366089,0.08600758,2mgml,flu,roi1,5072.695769,54108.48396,30246.8446,138.9503477,65412.23261,62291.7443,5700.249063,4025.636564,863.0936448,62621.93085,5304.753825,5275.812893,5720.765934,5647.910527,3036.469475,2937.178122,3783.20668,5594.608337,62567.85377,8169.717632,328.5072016,2834,61008.5,30051,10,65535,64328,3377,2190,228,64329,3285,3272,3523,3481,3036,92,2328,3301,64419,5730,32,6155.742432,5014.583107,13722.82785,2708.508008,746.4825582,764.2270514,4845.405942,6593.436506,1627.266273,3930.055226,5917.172873,5880.701517,6407.396419,6319.466871,6.978274757,7053.392664,4229.868642,6489.588089,4335.596464,7917.037119,1077.996854,D1,N8,t
appliedMASKiso_flu_2mgml_roi1_8bit.ome,35,76.86192444,59.10385185,0.942583333,3.756607407,78.69,53.238,0.94359,3.7076,27,36.72273786,24.15593134,0.022446343,0.765345464,35,3367,36.9287,2728,85,32.0941,15,1.1946,0.012,0.0836,0.262,131072,0.741595864,748.2485352,0.528026104,8.603858948,10.641922,960.2356567,0.860670388,0.76396656,692.0015259,0.569801033,7.882229805,8.889522552,846.619873,0.877967596,0.155480698,423.6961365,0.166673869,4.963336945,8.059439659,679.6278076,0.091516741,2mgml,flu,roi1,4960.527621,53875.96977,30263.04993,148.670423,65411.50382,62366.18573,5641.182947,3988.038902,834.0583073,62693.04207,5215.49578,5186.342084,5630.33706,5557.646561,3036.41967,3398.218374,3644.652351,5487.447386,62642.12309,7994.238647,330.6309765,2798,60276,30042,9,65535,64364,3351,2190,223,64364,3260,3248,3493,3452,3036,144,2275,3260,64463,5646,32,6085.265246,5028.483671,13889.76041,2843.026795,939.54977,862.8442779,4782.237422,6574.313014,1617.298882,3864.131032,5850.394806,5812.985293,6340.129639,6252.001197,6.84462629,7735.878444,4104.011658,6415.796541,4270.606898,7812.754741,1161.014922,D1,N8,t
appliedMASKiso_flu_2mgml_roi1_8bit.ome,36,77.90834444,58.26903704,0.92638,3.775374074,86.269,52.892,0.93905,3.7263,27,38.65036221,25.82911921,0.036738003,0.689370907,36,3645,33.9597,2968,84,35.3333,13,1.2239,0.0159,0.0827,0.2283,131072,0.738411784,772.0300903,0.546319544,8.802174568,11.0490427,1003.683777,0.858169079,0.765813351,678.6432495,0.579424322,7.690719604,8.729753494,831.1558228,0.879558206,0.166244864,482.736084,0.161140725,5.586042881,8.811202049,748.541748,0.099211171,2mgml,flu,roi1,4898.103497,53536.21171,30269.69176,144.8635634,65413.30937,62431.99805,5602.402726,3979.954624,824.6468239,62741.81429,5132.911581,5103.345904,5547.635918,5474.904552,3036.463326,2914.653249,3588.025141,5411.004313,62694.02488,7894.503886,324.4406207,2734,56497.5,30040,9,65535,64434,3298,2160,219,64419,3182,3169,3419,3381,3036,100,2194,3198,64519,5536,30,6069.501445,5137.01654,14063.15904,2720.534788,694.9734099,715.1506278,4683.034511,6619.329251,1569.44059,3765.867882,5751.933315,5711.115697,6256.150776,6164.950186,7.403856471,7112.90343,4015.694105,6360.209637,4184.655391,7858.153746,1097.557505,D1,N8,t
appliedMASKiso_flu_2mgml_roi1_8bit.ome,37,89.74434483,53.36806897,0.938562759,3.890472414,90,46.846,0.94957,3.802,29,35.2185405,23.32049482,0.046069573,0.829178312,37,3667,33.7439,3042,79,38.5063,14,1.228,0.0201,0.0891,0.2376,131072,0.711904466,822.6344604,0.539865732,9.613534927,12.1313839,1069.133423,0.841668487,0.729730248,753.6300659,0.564543962,8.771497726,10.31172752,944.0010376,0.859327793,0.180924371,507.3486023,0.171075284,6.030244827,9.530909538,788.9240112,0.109389216,2mgml,flu,roi1,4828.959313,53537.0631,30292.3098,146.0611753,65408.82402,62429.47085,5641.700358,3995.01295,816.3430673,62742.85073,5139.423769,5110.279541,5558.680361,5485.263504,3036.440552,2757.144184,3495.136146,5375.714995,62697.95924,7678.797245,348.1978177,2650,60417.5,30043,10,65535,64476,3271,2144,214,64442,3120,3107,3351,3312,3036,92,2168,3117,64552,5355,30,5999.596744,5155.456528,14340.802,2833.774029,473.8669662,578.2324166,4708.766136,6669.235915,1557.930279,3771.887943,5776.703724,5735.799729,6298.701343,6204.863733,8.770258,6754.995363,3872.689181,6340.058191,4199.882263,7666.563871,1037.094582,D1,N8,t
appliedMASKiso_flu_2mgml_roi1_8bit.ome,38,81.08369333,58.03436667,0.922703,3.829186667,86.243,48.5405,0.92361,3.7285,30,29.93348088,28.77397188,0.045558054,0.826506222,38,3250,38.3301,2729,76,35.9079,12,1.1909,0.0143,0.0899,0.1957,131072,0.698710918,823.2610474,0.548874795,9.804774284,12.62113762,1064.443237,0.833255172,0.721150875,749.7575684,0.583527625,8.882763863,10.42130566,924.8519287,0.854376853,0.191320494,526.65271,0.160311118,6.367423534,9.880340576,770.814209,0.116463751,2mgml,flu,roi1,4592.078636,52324.19183,30392.43199,147.5541611,65414.91777,62542.10352,5504.893813,3855.77483,832.3081927,62795.33951,5033.402534,5008.441606,5429.547241,5360.521784,3036.526184,3289.988372,3374.012806,5184.096747,62780.59565,7233.867702,382.9169735,2417,51078,30076,12,65535,64651,3087,2023,201,64563,2890,2883,3100,3066,3037,92,2034,2856,64702,4912,29,5754.075644,4970.348428,14957.39063,2894.039997,454.6333052,539.2927085,4729.20746,6563.758367,1616.133644,3861.49991,5847.98016,5813.307501,6347.087555,6258.155691,6.725754965,8409.705045,3838.028015,6244.744306,4262.168628,7282.229163,1117.150713,D1,N8,t
appliedMASKiso_flu_2mgml_roi1_8bit.ome,39,76.85572059,55.05602941,0.921385882,3.608944118,78.0805,45.6305,0.92164,3.4583,34,36.99838688,28.40796594,0.043362146,0.708067547,39,3600,34.4092,2928,88,33.2727,12,1.2172,0.0224,0.0942,0.1669,131072,0.672793329,863.4182739,0.526306748,10.5402422,13.4943552,1055.250244,0.815306783,0.708049178,758.1403809,0.53726393,9.171800613,10.32006454,877.8555908,0.847198784,0.213261157,570.3139648,0.152019516,7.054502487,11.00722313,778.0687866,0.134341329,2mgml,flu,roi1,4370.647443,51678.62165,30430.88264,204.0088383,65394.3054,62606.25582,5243.227784,3596.845226,907.7199683,62773.87455,5015.899048,4997.396594,5358.526619,5299.235754,3036.574165,2636.89955,3404.261009,5024.216902,62806.49744,6745.808547,489.8425353,2172,51078,30084,11,65535,64816,2849,1840,189,64655,2698,2695,2867,2839,3037,96,1980,2605,64833,4445,30,5654.925087,4724.514202,15502.88596,2906.937493,672.5438461,713.8940107,4866.783521,6429.756981,1865.075729,4081.730731,6020.940392,5993.893892,6472.568912,6392.700328,8.544634611,6350.169872,3943.46635,6255.375907,4433.75691,6853.682888,1553.946207,D1,N8,t
appliedMASKiso_flu_2mgml_roi1_8bit.ome,40,86.22510385,49.00088462,0.933518846,3.946184615,83.026,43.9155,0.94115,4.13945,26,39.48604931,18.92915968,0.026497577,0.870058483,40,3362,36.9866,2697,77,35.026,15,1.1846,0.0203,0.0841,0.1564,131072,0.692026794,808.1291504,0.523640215,9.932181358,12.71889973,1021.960266,0.827209234,0.732091308,678.7677002,0.534130037,8.282757759,9.477684021,822.458313,0.860953152,0.213923693,580.3911743,0.177885175,7.162272453,10.69400978,798.9346924,0.13197124,2mgml,flu,roi1,4024.507515,50303.16502,30353.21774,222.2421784,65408.45303,62937.33446,4929.154479,3359.376384,753.458013,63064.18195,4604.260678,4587.047906,4943.535144,4884.971417,3036.682541,2624.940954,3086.398393,4629.998776,63114.00383,6299.331785,410.1581353,1841,51073,30082,10,65535,64976,2480,1582,152,64764,2343,2340,2490,2466,3037,111,1739,2236,64967,3808,23,5489.211072,4574.118414,15858.24647,2934.954822,860.3259744,778.0058567,4574.326127,6351.254763,1521.773183,3738.938191,5721.613724,5692.100262,6218.679668,6131.249048,7.984935179,6529.126768,3599.690834,6039.394398,4122.77465,6683.320836,1345.359661,D1,N8,t
appliedMASKiso_flu_2mgml_roi1_8bit.ome,41,85.039928,51.9948,0.9282112,3.8655,80.69,50.161,0.93391,3.9549,25,39.05542236,15.01075181,0.031423332,0.896157698,41,3215,38.7692,2541,75,33.88,7,1.1744,0.0161,0.0762,0.1863,131072,0.709945738,758.6341553,0.528469324,9.250823975,11.89062405,979.4293213,0.839044094,0.740376472,651.2424927,0.55742991,7.901286125,9.420682907,851.371582,0.86516881,0.200218827,538.9240723,0.182838291,6.62441349,9.763104439,748.305481,0.121481583,2mgml,flu,roi1,3799.078712,49243.16075,30394.71906,211.1005605,65424.31178,63166.52816,4620.625441,3145.347396,721.0857736,63251.51849,4318.63792,4302.794948,4631.189763,4577.240873,3036.709839,2639.336351,2931.119059,4355.996428,63322.40187,6006.617213,392.1573009,1643,51068,30105,9,65535,65115,2216,1414,121,64864,2078.5,2070,2206,2183,3037,93,1525,1985,65089,3448,20,5388.107055,4352.773111,16098.53554,3007.455469,837.8450164,715.2944449,4401.502261,6098.272192,1544.519046,3610.034174,5616.889193,5591.686502,6070.791734,5991.009216,6.864616511,6342.897754,3661.939035,5913.383065,3966.706774,6666.820967,1245.184242,D1,N8,t
appliedMASKiso_flu_2mgml_roi1_8bit.ome,42,82.95631818,54.1125,0.933139091,3.750772727,76.544,47.7955,0.939715,3.74905,22,36.4918257,17.7549346,0.037286576,0.776473873,42,2929,42.7501,2334,74,31.5405,13,1.1485,0.0227,0.0679,0.1728,131072,0.729914963,727.7630615,0.537547886,8.695264816,11.11352634,955.0120239,0.852479279,0.75337702,661.2751465,0.575947523,7.834772587,9.389231682,867.116333,0.872664213,0.179020479,471.3655701,0.170857728,5.743121147,9.044216156,726.409729,0.106699228,2mgml,flu,roi1,3576.223058,48149.94651,30489.95363,204.288518,65438.58794,63425.36765,4366.172298,2990.571338,647.9286867,63472.73522,3989.947649,3973.67066,4289.535556,4237.676726,3036.7799,3347.401916,2728.057222,4068.702812,63559.38013,5753.770453,348.9096269,1458,51056,30134,8,65535,65226.5,2005,1262,106,64936,1855,1851,1972.5,1950,3037,107,1365,1772,65184,3088.5,18,5261.371613,4332.362765,16312.88433,2975.075536,832.1790264,669.1348277,4098.426772,5966.928911,1409.187001,3321.042006,5347.439853,5318.583376,5802.353314,5721.867042,5.733731899,7795.673218,3525.943013,5717.951483,3685.784153,6677.05317,1138.27223,D1,N8,t
appliedMASKiso_flu_2mgml_roi1_8bit.ome,43,81.31043333,50.49216667,0.936879444,3.808738889,80.5975,43.079,0.93059,3.8735,18,33.99142898,20.49275088,0.021493215,0.936574258,43,2808,44.6784,2261,75,30.1467,8,1.14,0.012,0.064,0.1869,131072,0.747920096,676.6882935,0.539159775,8.069420815,10.21279526,889.0198975,0.863833129,0.767008364,634.4886475,0.569779277,7.499094486,8.343150139,758.2469482,0.879540026,0.161493286,413.8175049,0.171743825,5.043306351,8.275134087,672.4827881,0.094977811,2mgml,flu,roi1,3376.769342,47319.26038,30394.62336,242.1074787,65437.7727,63615.89134,4112.97659,2804.632683,608.1226015,63624.0546,3763.440053,3748.729677,4050.602819,4001.015988,3036.841194,2892.257143,2579.48622,3843.20272,63729.33154,5469.330902,369.7188962,1344,51032,30127,8,65535,65296,1847,1171,95,64980,1722,1722,1830,1811,3037,106,1258,1634,65244,2863,17,5066.944286,4089.770219,16598.8985,2943.460323,986.8450853,732.9998549,3903.856352,5694.987524,1429.439369,3177.347914,5149.956942,5124.003432,5585.040993,5508.412338,6.043415324,7112.808016,3422.260655,5513.601846,3520.310143,6437.189707,1423.815896,D1,N8,t
appliedMASKiso_flu_2mgml_roi1_8bit.ome,44,84.39846923,50.61415385,0.927373077,3.643053846,80.694,43.794,0.93374,3.3206,26,38.41106403,17.87938422,0.031994717,0.975511067,44,2982,41.9547,2322,66,35.1818,9,1.1533,0.0149,0.0686,0.1967,131072,0.749607086,664.625,0.524422884,7.980873585,9.813445091,840.7744141,0.865198135,0.772314489,621.7993164,0.551342785,7.382918835,7.774334431,710.1296387,0.882667661,0.157874212,400.8050232,0.17220071,4.887820244,7.652752399,613.1681519,0.092199773,2mgml,flu,roi1,3221.697334,47117.11102,30422.43717,226.6899364,65442.65891,63686.40845,3985.025419,2709.34306,600.4266658,63661.7503,3683.997244,3670.390827,3948.31023,3902.659738,3036.827209,2616.026474,2529.950432,3706.893867,63782.15945,5216.88466,367.3363407,1314,51017,30150,7,65535,65316,1847,1171,98,64985,1716,1713,1816,1799,3037,100,1284,1610,65255,2784,19,4763.485232,3860.361288,16739.00045,3085.089125,999.895399,733.2423098,3722.70235,5405.845313,1411.601729,3052.407285,4974.135506,4950.216488,5372.434095,5302.292181,5.902084345,6490.357556,3323.839802,5245.638954,3372.472591,6089.62483,1484.005121,D1,N8,t
appliedMASKiso_flu_2mgml_roi1_8bit.ome,45,80.532,47.52723529,0.934538529,3.741188235,72.443,41.9195,0.9409,3.5967,34,40.02638772,16.16554489,0.032765943,0.87087552,45,3186,39.1403,2501,72,34.7361,11,1.1786,0.0278,0.0744,0.1432,131072,0.753587425,628.1200562,0.536470771,7.645670891,9.388637543,795.1778564,0.868553936,0.784440279,555.0610352,0.590267539,6.745711327,7.784042358,706.9938354,0.889433384,0.149129242,372.2484436,0.168260723,4.568600655,6.777322769,527.2883911,0.08585491,2mgml,flu,roi1,3063.371944,46630.10332,30525.80412,173.9811487,65455.50421,63697.67743,3813.325033,2554.736953,615.7572087,63638.00048,3627.847007,3617.853003,3860.334393,3820.446344,3036.858597,2993.5423,2475.082755,3573.737434,63780.94382,4909.588448,352.4171725,1319,50955,30174,8,65535,65298,1926,1217,116,64966,1775,1776,1869,1855,3037,107,1338,1638,65238,2757,22,4287.084543,3428.803372,16608.61854,3094.286825,865.7059996,630.3572416,3489.990306,4871.475674,1310.506489,2906.201582,4703.257177,4687.228235,5026.57331,4969.858064,7.140024097,6852.597181,3054.354879,4808.875883,3167.85845,5558.231879,1245.415772,D1,N8,t
appliedMASKiso_flu_2mgml_roi2_8bit.ome,1,56.78753,49.88443333,0.920959667,3.808493333,32.64,40.589,0.92456,3.42865,30,52.92362778,20.14002483,0.037077673,0.860540842,1,3219,38.7185,2704,80,33.8,13,1.1854,0.0199,0.1122,0.2571,131072,0.597609878,1319.753784,0.452748269,14.77048302,18.67157173,1485.30188,0.764145494,0.617051601,1264.618774,0.448560238,14.20815182,14.42953491,1256.746826,0.792677879,0.23980622,775.887085,0.195260093,8.748027802,14.78351116,1072.402832,0.158531174,2mgml,flu,roi2,2956.841243,50003.22097,33030.02806,653.7934976,65298.98606,63056.55101,3144.741387,2142.097375,1559.377618,62838.4341,4578.537216,4614.488035,4396.688666,4430.312279,54967.24504,2138.674524,4581.473603,3828.292676,63002.20937,5420.954202,799.8286922,1094,51076,32657,16,65535,65226,1349,854,177,65061,1851,1864,1798,1808,54967,93,1777,1493,65204,2898,36,4475.839521,3289.175272,16313.44059,2919.74193,2876.597181,1606.030104,4819.12775,4514.625563,3548.528652,4882.158283,6455.845319,6500.381851,6202.553265,6247.48939,134.3918329,5137.811837,6456.45532,5575.343326,4854.88277,6198.493193,2773.20127,D1,N8,t
appliedMASKiso_flu_2mgml_roi2_8bit.ome,2,62.93653125,55.00059375,0.904906563,3.803728125,38.806,47.0995,0.919585,3.5215,32,52.8505875,23.21505005,0.060119578,0.8659472,2,3427,36.2471,2832,86,32.9302,11,1.2103,0.0118,0.1194,0.2295,131072,0.582473576,1380.388672,0.454206467,15.39760876,18.96085739,1462.202759,0.754607677,0.578684628,1387.442139,0.47279349,15.40409279,16.37915039,1401.158813,0.769336581,0.23687385,768.3709106,0.167962939,8.685355186,13.9895668,927.2501221,0.157629281,2mgml,flu,roi2,3219.074606,50858.61217,32931.4256,568.8482896,65297.87575,62773.27524,3437.006522,2346.959871,1683.828346,62569.6,5022.363219,5061.400113,4828.511503,4864.45034,54965.51808,2029.568316,4968.296597,4187.515718,62725.48207,5858.959691,828.1466731,1245,51078,32628,21,65535,65123,1507,963,187,64979,2120,2136,2066,2076,54965,92,1983,1705,65110,3280,37,4755.792238,3575.356171,16161.38096,2837.186481,2266.121833,1440.20124,5259.246189,4861.138301,3815.452402,5323.850953,6933.166248,6980.006586,6661.869697,6709.764463,114.1982077,5031.891711,6933.023788,5965.065987,5293.855252,6434.505883,2693.407047,D1,N8,t
appliedMASKiso_flu_2mgml_roi2_8bit.ome,3,65.91658148,57.03814815,0.928880741,3.923244444,32.32,50.878,0.93758,3.8827,27,62.2471395,25.28846194,0.036961888,0.949368103,3,3304,37.671,2685,77,34.8701,9,1.1911,0.0209,0.1129,0.2287,131072,0.600666344,1327.700928,0.476787478,14.61027527,18.12470245,1435.751953,0.768192589,0.589746237,1325.057861,0.510357022,14.52226448,16.23290634,1432.537354,0.776429296,0.228543773,758.9517212,0.159684598,8.460105896,13.06812191,878.1827393,0.149760798,2mgml,flu,roi2,3359.073961,51411.6224,32899.86415,551.9938594,65298.85708,62678.16166,3446.789137,2349.427571,1785.168162,62452.11121,5208.304273,5249.347063,4978.069458,5020.068318,54965.92082,2618.308111,5271.193308,4344.369137,62617.52191,6149.788425,796.5623706,1376,54670,32624,19,65535,65038,1574,1004,215,64896,2340,2365,2258,2274,54964,122,2266,1878,65023,3602,31,4921.78178,3582.718971,16070.89445,2804.437531,2192.191773,1433.350988,5409.366646,4920.292281,3926.826793,5490.142135,7094.241848,7142.059323,6796.863761,6848.786287,115.8149602,6113.655546,7176.879694,6131.703269,5453.386265,6587.997008,2539.058563,D1,N8,t
appliedMASKiso_flu_2mgml_roi2_8bit.ome,4,73.04182083,54.43041667,0.92373125,4.127845833,42.6885,50.9085,0.93448,4.06135,24,61.59089442,19.27236114,0.0395492,0.87581391,4,3043,41.0736,2460,79,31.1392,9,1.1726,0.0141,0.0935,0.2535,131072,0.651016235,1247.748535,0.483913898,13.23442268,15.48106194,1339.087158,0.802720368,0.640143991,1255.375977,0.505259931,13.25635529,14.87756252,1402.397949,0.806309938,0.205476284,746.0742798,0.152190194,7.970120907,10.89606476,817.6384277,0.128821403,2mgml,flu,roi2,3395.712514,51182.75808,32815.72166,530.0111055,65325.1632,62771.37093,3159.627668,2207.128024,1753.583465,62466.31754,5186.582338,5225.823268,4849.554374,4908.345095,54966.55807,2474.575676,5471.691202,4309.079445,62670.42361,6464.322219,648.9211577,1499,51078,32610,15,65535,64972,1417,909,262,64790.5,2528,2550,2356,2388,54965,134,2652,2001,64939,3921.5,25,4981.252195,3585.621538,15898.89801,2900.256334,2637.776432,1598.736637,5222.053245,4775.547533,3905.706397,5390.938488,6938.281949,6980.688033,6578.957845,6639.177661,119.249638,5851.489651,7143.83251,6064.334591,5320.03737,6925.039857,2489.657594,D1,N8,t
appliedMASKiso_flu_2mgml_roi2_8bit.ome,5,56.09537407,56.10511111,0.921417778,3.959718519,32.735,50.058,0.92359,3.9546,27,54.8112233,21.90156938,0.037823889,0.871342139,5,3108,40.1728,2499,68,36.75,12,1.1764,0.0103,0.0975,0.211,131072,0.648054242,1248.431274,0.470960051,13.3705883,15.24473763,1315.732544,0.801669776,0.635671735,1262.490112,0.480182409,13.57169437,14.60996532,1356.837769,0.803246617,0.199319512,729.9500122,0.169107437,7.8182621,10.33082676,784.2671509,0.123908445,2mgml,flu,roi2,3530.376844,51901.97321,32863.06378,563.3150307,65302.66173,62637.96798,3422.89735,2377.043012,1733.882863,62379.61504,5376.594949,5417.262598,5077.695999,5130.592337,54965.90434,2439.794271,5568.770493,4497.414396,62561.39493,6723.639755,698.8739332,1668,56110,32617,12,65535,64874,1642,1058,288,64704.5,2778,2803,2600,2633,54963,114,2884,2216,64844,4323,27,5014.216905,3594.065392,15856.67639,2850.24666,3084.015122,1892.529344,5430.088083,4907.883968,4076.128286,5572.930042,7060.697643,7107.383379,6745.258322,6799.53224,128.3291009,5919.651869,7121.83566,6167.368724,5510.631582,6858.717714,3183.085898,D1,N8,t
appliedMASKiso_flu_2mgml_roi2_8bit.ome,6,81.0342125,55.37595833,0.9121275,3.912704167,51.8685,46.864,0.92152,3.9506,24,60.54259102,22.45422315,0.038798613,0.814295372,6,3227,38.6176,2602,84,30.9762,12,1.1882,0.0115,0.1054,0.2066,131072,0.628490508,1290.210205,0.453756034,14.0369873,15.70341587,1309.021606,0.789588511,0.63477695,1248.877808,0.478588998,13.65424347,14.07295227,1275.098633,0.803296804,0.193901569,679.9782104,0.164159894,7.432506084,10.31756783,745.9794312,0.122707404,2mgml,flu,roi2,3663.2888,52909.40649,32881.00351,437.9767977,65324.03484,62475.88744,3744.037783,2606.954733,1747.32477,62268.93396,5602.95355,5643.566055,5344.305676,5390.777305,54963.32536,2447.411948,5729.619994,4699.027036,62420.67943,7025.338284,652.0093473,1885,63347,32611,11,65535,64714,1957,1261,329,64576,3085,3112,2928,2961,54961,108,3167,2504,64695,4842,30,4918.740612,3713.99099,15715.65267,2746.476412,2700.51219,1764.36819,5487.388384,5003.903843,4329.429974,5611.460642,7086.384146,7130.906092,6800.009881,6849.673072,150.4066599,6068.551699,7252.994272,6128.504407,5566.643873,6821.260333,3057.627642,D1,N8,t
appliedMASKiso_flu_2mgml_roi2_8bit.ome,7,88.17869615,53.09296154,0.916414231,3.821511538,62.7455,41.654,0.929355,3.792,26,60.00367221,27.1935352,0.054480279,0.664323989,7,3508,35.364,2829,90,31.4333,16,1.2074,0.0139,0.1069,0.2089,131072,0.623533845,1311.612305,0.438253582,14.32317543,15.67181301,1298.243164,0.786819458,0.631727576,1281.590088,0.454668462,14.01757145,13.46127701,1201.625122,0.800667346,0.189608365,649.6832886,0.162677869,7.153839588,10.28676128,738.2999878,0.120942086,2mgml,flu,roi2,3745.704683,53602.68204,32821.46227,333.2162369,65348.38615,62390.52902,3856.895665,2715.748921,1697.601732,62197.66302,5716.251594,5756.494312,5457.708603,5504.116873,54962.95296,2377.079677,5820.527571,4800.412927,62342.76994,7252.148606,577.6676887,2050,64228,32598,10,65535,64602,2069,1343,382,64464,3351,3376,3164,3201,54960,106,3451,2716,64583.5,5239,34,4853.047512,3830.394661,15463.59614,2734.64031,1849.389086,1392.67774,5397.073398,5016.176272,4035.846349,5495.680932,6975.137188,7016.884085,6710.663316,6756.554309,125.5102262,5786.605143,7044.605512,6043.830442,5463.451472,6908.472472,2537.53629,D1,N8,t
appliedMASKiso_flu_2mgml_roi2_8bit.ome,8,55.16851739,59.0706087,0.923496522,3.875426087,45,50.918,0.93779,3.9489,23,48.7773156,26.92262779,0.041078332,0.776003974,8,4064,30.2522,3199,88,36.3523,24,1.2502,0.0166,0.124,0.2194,131072,0.587744892,1435.138428,0.405550212,15.97502613,16.61416626,1315.088745,0.76331377,0.591751397,1431.615723,0.422385514,15.86942005,14.89275932,1289.999878,0.776139677,0.19138214,653.9651489,0.14968951,7.351612091,10.23985672,678.5654297,0.125906676,2mgml,flu,roi2,3910.847657,55241.90717,32817.00443,355.1961411,65327.87424,62137.72723,4284.418107,3000.45601,1685.238573,61999.35736,5988.022536,6029.154705,5779.141312,5817.742136,54961.5323,2189.464975,5821.787321,5044.848691,62118.7444,7487.761673,613.5823864,2231,65280,32578,12,65535,64395,2451,1587,396,64289,3667,3701,3506,3535,54958,94,3579,2976,64392,5665,34,4942.332976,4034.201301,15125.41815,2741.594768,1901.233751,1460.651,5618.463818,5355.051268,3818.58403,5636.58983,7099.886605,7140.783438,6907.391048,6941.759925,130.0492601,5488.490999,6864.479421,6182.174081,5633.954595,6919.126831,2534.81545,D1,N8,t
appliedMASKiso_flu_2mgml_roi2_8bit.ome,9,55.77615172,55.87572414,0.92095069,3.678668966,40.179,53.795,0.93372,3.5108,29,44.5359865,21.50927532,0.04849925,0.889327242,9,4267,28.7178,3414,98,34.8367,19,1.2685,0.0124,0.1333,0.2428,131072,0.573620141,1481.81958,0.398762643,16.5836792,16.90958595,1318.567261,0.754649282,0.565358102,1498.927246,0.401439548,16.73671532,16.04317474,1354.599976,0.759383559,0.187052324,644.651123,0.138170019,7.274668217,9.963920593,637.9335938,0.124125428,2mgml,flu,roi2,4070.823722,56051.49314,32847.85214,401.6842826,65301.21536,61913.24523,4552.353304,3172.388961,1692.899881,61796.2882,6260.061583,6303.728678,6055.47917,6093.720351,54960.65949,2290.067933,5979.181259,5267.093494,61909.08712,7744.03318,631.5654699,2365,65449.5,32575,12,65535,64256,2631,1722,425,64158,3858,3886,3681,3710,54958,132,3760,3144,64255,5956,39,5090.73561,4260.747701,14686.13425,2826.515132,2359.975163,1766.492804,5817.736059,5644.91322,3774.18957,5757.693071,7243.777074,7282.047774,7092.789118,7120.192066,182.5382848,5352.049838,6825.304145,6352.193827,5785.066727,6973.100017,2794.99553,D1,N8,t
appliedMASKiso_flu_2mgml_roi2_8bit.ome,10,51.97770769,56.67157692,0.911658846,3.641296154,45.3015,48.293,0.928535,3.6225,26,34.76968046,29.74195941,0.051779253,0.64572132,10,4315,28.3761,3421,92,37.1848,23,1.2738,0.0157,0.1297,0.293,131072,0.587676823,1454.902832,0.407638133,16.12261963,16.40050888,1311.94397,0.764164507,0.582250655,1469.650146,0.414570093,16.24401855,15.18019867,1293.431885,0.770272374,0.182238668,650.6727905,0.13845405,7.254001617,9.662913322,650.1749268,0.120156944,2mgml,flu,roi2,4146.939502,56083.29598,32744.71955,398.7873605,65299.66164,61880.26628,4361.984344,3059.764567,1737.59037,61731.78791,6325.297329,6369.388882,6061.680754,6109.394329,54961.76262,2667.823026,6241.749242,5318.927965,61862.49468,7934.20874,587.7507572,2434,65400,32568,12,65534,64175.5,2519,1641,451,64067,3942,3974,3741,3774,54958,134,3966,3214,64172.5,6128,41,5214.06186,4272.01383,14408.28658,2828.061742,2439.48559,1819.162312,5748.144415,5540.142485,3683.065225,5657.387624,7217.610446,7251.454852,7026.208206,7059.31711,118.50821,5829.801215,6928.519474,6393.55459,5691.383065,7172.37075,2568.426834,D1,N8,t
appliedMASKiso_flu_2mgml_roi2_8bit.ome,11,48.8525,61.51334615,0.913075385,3.579761538,43.6985,51.379,0.925915,3.3315,26,37.80069683,47.61582087,0.044611615,0.775488461,11,4112,29.8757,3202,101,31.703,18,1.2599,0.0139,0.1233,0.3312,131072,0.613416731,1373.374512,0.418606937,15.06837845,15.52845383,1282.693848,0.781017184,0.618337691,1355.808594,0.437847972,14.83531094,14.06807804,1227.88501,0.792260051,0.179287791,643.8015137,0.153656274,7.101490021,9.428117752,674.7037964,0.115491867,2mgml,flu,roi2,4139.619558,56224.21037,32767.68264,390.6743962,65301.63154,61904.26928,4185.950121,2942.049428,1759.12548,61736.54336,6250.414888,6293.917644,5971.967666,6021.97214,54961.29108,2527.583697,6283.753486,5275.78644,61876.50383,7926.820357,574.7652779,2359,65304,32567,12,65534,64227,2339,1519,427,64103,3806,3837,3607,3642,54959,111,3863,3107,64214,5976,39,5340.683327,4320.922516,14048.31385,2818.354181,2302.959017,1737.732575,5752.016266,5533.914357,3615.754381,5660.930246,7236.040811,7267.681956,7028.525985,7063.731358,138.0484978,5953.322595,7040.820871,6468.925902,5694.749038,7333.275763,2283.939445,D1,N8,t
appliedMASKiso_flu_2mgml_roi2_8bit.ome,12,43.346265,61.530875,0.923653333,3.7454625,44.4595,40.178,0.93051,3.6343,24,23.24934854,51.6296359,0.058656694,0.695823132,12,3862,31.9391,3021,90,33.5667,18,1.2476,0.0176,0.1081,0.369,131072,0.664793491,1191.94165,0.452582717,12.81477928,13.93069363,1217.139038,0.813430548,0.688856363,1113.748535,0.480840445,11.92527866,11.72470188,1098.175537,0.835073709,0.175799876,620.2424927,0.164971501,6.705656528,9.355797768,724.6682129,0.109639786,2mgml,flu,roi2,4163.202288,55690.48254,32723.73336,364.8883305,65309.42247,61940.71268,3903.596103,2790.366247,1832.102017,61706.05084,6218.417759,6260.785614,5863.403707,5925.469358,54960.96502,2685.790167,6491.864791,5243.811322,61876.12973,7996.290958,558.6245985,2318,65218,32557,11,65534,64253,2024,1316,443,64079,3754,3782,3479,3527,54959,108,3991,3027,64216,5860,38,5439.046962,4376.870025,13951.14954,2864.317663,2059.939248,1588.820401,5704.109192,5446.618388,3654.476975,5673.77657,7244.985219,7274.854278,6980.10576,7023.744778,173.8953201,6088.95958,7206.492742,6506.980581,5686.318294,7576.673578,2084.065046,D1,N8,t
appliedMASKiso_flu_2mgml_roi2_8bit.ome,13,55.16539,68.65085,0.940813,3.88099,46.1765,64.107,0.94023,3.83015,20,41.78345084,27.38494842,0.021961101,0.892969546,13,3742,33.0275,2947,99,29.7677,18,1.2384,0.0123,0.0926,0.3642,131072,0.713106513,1077.857422,0.466770053,11.20308018,12.38845444,1159.388794,0.842243433,0.749199986,923.3294678,0.501307845,9.583835602,9.743217468,976.918457,0.869394004,0.172899902,651.9219971,0.166754231,6.818924427,9.547587395,807.7799683,0.1062769,2mgml,flu,roi2,4134.455588,55305.29078,32719.58605,345.8949913,65321.65645,62026.60548,3716.213421,2713.764231,1786.817637,61737.02999,6092.927346,6132.016971,5698.646438,5766.554303,54962.59795,2467.262216,6445.032966,5149.114869,61930.7825,7997.7759,511.5918735,2200,65448,32557,12,65535,64280,1844,1207,419,64074,3589,3620,3296,3348,54960,134,3914,2864,64228,5574,32,5463.112103,4437.188788,13854.94131,3007.22473,1725.665895,1368.87614,5563.125244,5353.653654,3530.245469,5620.516026,7135.191224,7161.417029,6832.881419,6881.466083,206.166906,5486.270452,7224.779228,6446.411707,5600.467985,7797.234613,1820.784664,D1,N8,t
appliedMASKiso_flu_2mgml_roi2_8bit.ome,14,55.77060938,52.773375,0.929886563,3.96028125,45.5405,51.466,0.939345,3.7585,32,42.47502132,19.24364765,0.033862608,0.869080781,14,3788,32.6022,3006,100,30.06,18,1.2383,0.0096,0.1112,0.3337,131072,0.658434749,1225.800049,0.453485489,13.12206078,15.11109543,1322.54248,0.807144225,0.694657981,1080.842285,0.47073108,11.48341846,11.84671879,1122.93689,0.838493884,0.194386438,656.5656128,0.171057776,7.20043087,12.02911568,928.4873657,0.125570714,2mgml,flu,roi2,4374.130895,56058.61416,32785.81542,584.9327263,65209.91979,61702.55663,3976.926083,2892.267904,2068.149596,61428.89516,6451.660542,6493.225337,6056.374484,6124.759885,54961.62058,3216.673649,6794.613494,5458.392529,61617.87885,8152.856117,687.2430373,2279,65403,32556,14,65534,64187,2002,1316,446,63997,3716,3745,3434.5,3487,54960,143,3991,2977,64140,5727.5,37,5843.328389,4584.090798,13513.27735,2793.123133,2734.41883,1951.83523,6110.031591,5598.745463,4239.489888,6181.477639,7675.02699,7705.822306,7329.894965,7386.096161,147.9417836,6203.361177,7845.431541,6894.811678,6138.355816,7814.116447,2370.576608,D1,N8,t
appliedMASKiso_flu_2mgml_roi2_8bit.ome,15,68.36405263,66.00847368,0.901547895,3.899163158,51.34,53.73,0.93225,3.575,19,48.19208049,40.50097987,0.070163459,0.905604295,15,3442,36.0805,2773,106,26.1604,8,1.2174,0.0166,0.0878,0.311,131072,0.718671441,1059.406982,0.470627606,10.92891026,12.74645329,1219.164307,0.844856203,0.761990368,950.2080688,0.481188864,9.632001877,8.726523399,896.8396606,0.875938356,0.176468045,608.2345581,0.169122949,6.475915432,10.86887264,948.2254639,0.109258085,2mgml,flu,roi2,4165.530472,55430.87772,32741.76417,522.3793403,65259.68506,61999.32548,3828.970104,2822.907023,1766.904725,61748.37408,6020.01504,6055.557226,5662.145852,5723.78792,54961.86029,2611.183355,6270.369068,5148.622875,61924.82642,7952.056338,577.9773474,2120,65426,32554,13,65535,64304,1844,1207,389,64110,3458,3490,3192,3238,54960,134,3708,2770,64258,5387,31,5696.304769,4577.439446,13503.01929,3108.57781,2664.913879,1794.291326,5686.703915,5558.136671,3518.99863,5682.925943,7217.802396,7240.636303,6950.467521,6993.098452,159.52118,5902.593842,7149.234289,6628.739083,5685.994698,7983.846685,2048.314378,D1,N8,t
appliedMASKiso_flu_2mgml_roi2_8bit.ome,16,54.71682917,50.75716667,0.925310833,3.989491667,49.931,46.941,0.93176,3.77345,24,26.76080472,18.00545995,0.036816235,1.036197467,16,3355,37.068,2705,102,26.5196,9,1.2128,0.0136,0.093,0.393,131072,0.720602155,1033.354858,0.48452726,10.71575069,12.44437218,1180.6427,0.846585572,0.759406567,932.9286499,0.515985191,9.539886475,9.301241875,955.546936,0.875253558,0.173596084,592.1951294,0.155551597,6.297141552,10.09276772,853.243103,0.106501915,2mgml,flu,roi2,4279.666207,55658.75793,32781.18266,478.3824571,65263.35735,61890.23299,3857.449752,2844.26283,1856.862271,61613.76715,6183.472706,6221.117886,5793.311444,5860.375254,54962.73793,2311.832884,6475.680845,5279.521523,61804.18716,8134.670872,601.9727057,2148,65465,32571,13,65535,64318,1844,1194,392,64121,3455,3481,3189,3236,54961,134,3734,2784,64271,5450,34,5842.481988,4737.363189,13447.37852,3136.784908,2141.072715,1602.305629,5857.377214,5673.164906,3680.776142,5888.59993,7435.162889,7460.779928,7135.5001,7183.403655,159.738698,5491.345781,7439.238277,6807.460458,5873.742055,8193.830739,2032.252963,D1,N8,t
appliedMASKiso_flu_2mgml_roi2_8bit.ome,17,60.94610333,52.52486667,0.931200667,3.762,53.249,45.653,0.931075,3.65205,30,38.61838986,19.59806328,0.025684052,0.782459488,17,3580,34.6126,2882,97,29.7113,21,1.2201,0.0189,0.0952,0.3988,131072,0.724277914,1022.716553,0.488599956,10.57093048,12.18571758,1163.745483,0.84908855,0.753234267,910.3251343,0.526523232,9.315330505,9.853539467,1015.498291,0.871801853,0.168475226,593.2890625,0.153349787,6.242071152,9.497945786,818.4326172,0.10224285,2mgml,flu,roi2,4335.301027,55801.54679,32773.3811,387.1012762,65291.97021,61845.12633,3855.983369,2859.430952,1918.232355,61540.14864,6272.437062,6309.800005,5858.267394,5929.129001,54962.7577,2337.720118,6665.368962,5344.986024,61739.32352,8282.403123,571.5771808,2188,65490,32570,14,65535,64279,1822,1207,416,64067,3525,3552,3230,3281.5,54961,134,3863,2829,64229,5564,34,5823.943276,4728.887207,13426.32123,3064.353473,1647.75122,1355.211834,5852.223694,5637.25299,3709.606472,5926.354035,7473.630665,7498.612072,7152.140481,7203.480851,154.5860882,5372.353546,7579.301772,6807.42513,5901.060122,8277.830863,1851.187273,D1,N8,t
appliedMASKiso_flu_2mgml_roi2_8bit.ome,18,60.75446364,53.53169697,0.930459697,3.794575758,48.013,46.744,0.93393,3.6388,33,41.78771154,19.73852569,0.030150757,0.748294676,18,3976,30.966,3165,100,31.65,18,1.2508,0.017,0.1099,0.3737,131072,0.691485167,1105.315186,0.486518532,11.68744278,13.32209206,1220.17041,0.829763889,0.711133063,1016.1745,0.52579391,10.66470051,11.4583807,1131.343262,0.847812116,0.173427567,599.3831177,0.148198083,6.441236496,9.471266747,773.2286987,0.106698819,2mgml,flu,roi2,4503.607597,56516.7028,32798.25468,369.7852626,65287.67948,61625.8104,3799.577717,2794.003989,2225.824952,61238.87598,6627.837562,6671.667425,6124.352944,6210.284369,54964.05492,2234.452501,7229.976903,5571.891678,61477.72774,8543.218697,630.8722101,2333,65516,32574,15,65534,64186,1844,1207,472,63948,3754,3780,3412,3472,54960,134,4223,3005,64112,5911,40,5883.00279,4484.888465,13441.01898,3110.520564,1546.544633,1322.581919,6082.294655,5415.936856,4317.70347,6296.455724,7796.672081,7832.325474,7347.759136,7420.68516,129.9660084,5228.176111,8196.914992,6937.719839,6195.577788,8294.374473,1941.06766,D1,N8,t
appliedMASKiso_flu_2mgml_roi2_8bit.ome,19,63.84882941,58.08779412,0.920297647,3.861414706,63.453,52.9495,0.924965,3.80095,34,39.06185354,23.72628823,0.029581574,0.863965922,19,4153,29.561,3367,99,34.0101,20,1.2575,0.0163,0.1294,0.3708,131072,0.644740343,1244.567627,0.471056998,13.43815517,15.05793953,1310.056885,0.801255286,0.655265749,1209.045044,0.509953141,12.98583031,13.54545689,1262.563843,0.81573391,0.178499505,609.4290771,0.147683024,6.681297779,9.670764923,742.8965454,0.112042233,2mgml,flu,roi2,4639.565096,57000.19524,32816.6356,367.3525945,65273.87199,61434.08205,4195.421424,3034.667655,2261.782312,61120.58889,6852.34183,6897.449851,6421.726585,6496.203915,54962.12397,2458.04925,7330.401264,5793.355741,61316.4183,8678.388774,672.8354202,2454,65458,32580,16,65534,64108,2092,1383,511,63890,3948,3983,3636,3688.5,54959,134,4352,3175,64039,6183,46,5901.827507,4508.307048,13302.68282,2894.406779,1465.733246,1299.920044,6265.274739,5641.455385,4304.045508,6389.697108,7936.293768,7974.289105,7563.312333,7625.052188,138.831428,5567.184917,8210.130204,7055.05889,6334.43059,8195.401562,1942.262656,D1,N8,t
appliedMASKiso_flu_2mgml_roi2_8bit.ome,20,58.8993359,50.232,0.928941538,4.054730769,53.13,43.579,0.93493,3.9585,39,36.38818993,23.89659373,0.03446569,0.842000975,20,4685,25.9772,3767,105,35.8762,18,1.294,0.0155,0.1559,0.3528,131072,0.588022709,1414.166382,0.449258596,15.64498043,17.21114731,1412.615601,0.765087485,0.593829036,1379.707642,0.4730874,15.20672798,15.4666996,1349.024292,0.777618051,0.179773852,597.5064087,0.144226387,6.719620705,10.11637688,723.5415649,0.117156118,2mgml,flu,roi2,4802.82669,57713.8264,32738.7836,423.5486026,65224.95023,61123.19018,4690.843443,3339.22471,2310.856285,60864.47272,7172.143376,7220.625293,6811.763207,6875.475483,54960.12077,2730.838008,7373.484052,6069.997555,61033.60055,8781.544951,788.8298921,2656,65491,32569,18,65534,63911,2519,1655,571,63729,4278,4313,4008,4053,54959,134,4506,3477,63856,6589,60,5940.193558,4660.839941,13102.39521,2873.121531,1565.289443,1436.789324,6550.153042,5937.727352,4371.254561,6634.184578,8136.932153,8178.555914,7830.340271,7882.449092,153.3571398,6207.509641,8154.476722,7203.993091,6597.417191,7999.138127,2283.036035,D1,N8,t
appliedMASKiso_flu_2mgml_roi2_8bit.ome,21,61.3307875,51.469,0.917982188,3.623603125,54.974,42.25,0.92655,3.48315,32,41.43450352,22.08941574,0.041857903,0.78689951,21,4402,27.7758,3557,98,36.2959,20,1.2692,0.0127,0.1265,0.3486,131072,0.655762732,1242.960571,0.448155254,13.30007362,14.33493328,1265.098633,0.808518708,0.668298066,1205.61377,0.473654032,12.84573746,12.42643452,1160.937622,0.822978616,0.171990216,590.4317017,0.144709438,6.448757648,9.317204475,747.1518555,0.106323533,2mgml,flu,roi2,4550.729529,56862.28496,32822.10378,349.7199809,65288.26373,61544.06768,3977.361106,2885.774035,2250.934464,61168.43475,6750.452373,6796.539376,6264.877207,6348.237928,54962.0563,2331.693167,7366.562596,5668.253103,61397.63122,8601.035098,643.0865767,2505,65478,32578,15,65534,64116,2024,1329,547,63862,4006,4035,3653,3712,54960,134,4506,3223,64032,6300,48,5690.824915,4208.424856,13477.03806,3066.001882,1475.82378,1269.723618,6050.674641,5274.737597,4230.758849,6262.778214,7767.234003,7809.518141,7339.4058,7410.707865,156.9540863,5454.119421,8146.522508,6829.534877,6166.221725,8080.848943,1934.048775,D1,N8,t
appliedMASKiso_flu_2mgml_roi2_8bit.ome,22,79.6577,53.31379412,0.917900294,4.107770588,76.5655,47.2725,0.935385,3.7276,34,46.54280327,24.1779333,0.049533088,1.218644812,22,4404,27.7623,3688,89,41.4382,22,1.2764,0.0124,0.1407,0.2912,131072,0.625383079,1289.851929,0.467334121,14.0485754,16.18990326,1390.456909,0.788991511,0.624572158,1323.859619,0.498937428,14.3343029,14.25722313,1283.489502,0.796477079,0.183650628,585.1845703,0.152988642,6.519657135,10.53461647,820.9829712,0.115528516,2mgml,flu,roi2,4719.170447,57126.58915,32824.99166,442.7328037,65228.08401,61310.91014,4362.086259,3152.836691,2350.097278,60980.27702,6953.647485,6999.840263,6522.030152,6596.799458,54960.64013,2360.351648,7394.793451,5888.388535,61185.14563,8661.11904,765.2298747,2478,65473,32586,18,65534,64105,2159,1424,550,63864,4006,4041.5,3683,3735,54959,103.5,4429,3218,64025,6210,56,5960.474676,4553.476977,13357.00693,3090.902007,1799.777928,1496.401424,6383.951207,5767.638231,4309.255695,6520.004923,8055.267513,8097.239269,7694.170168,7754.589443,160.5969734,5591.249818,8235.47708,7157.092613,6463.166391,8185.579584,2136.381259,D1,N8,t
appliedMASKiso_flu_2mgml_roi2_8bit.ome,23,79.24133103,61.52665517,0.930443103,4.171137931,65.606,55.427,0.93476,4.317,29,51.9633719,24.43563941,0.029744724,0.948584076,23,3683,33.5886,3084,91,33.8901,16,1.2209,0.0202,0.1043,0.2845,131072,0.707588732,1042.483887,0.506844401,10.83191395,13.72517204,1328.470947,0.839210927,0.714221358,1065.471558,0.557791531,10.94269753,11.59958458,1148.241089,0.849979877,0.177333057,579.6553345,0.184521466,6.144398212,10.39451313,949.2372437,0.105309889,2mgml,flu,roi2,4568.917391,54995.96486,32817.42631,432.9839433,65259.93281,61696.63617,4063.823374,3011.452436,2138.173796,61317.49103,6543.178316,6582.995251,6080.328657,6159.25673,54963.23923,2393.462314,7009.652699,5594.252652,61542.86082,8573.291401,682.7575546,2289.5,65491,32592,17,65535,64354,1844,1248,491,64073,3641,3673,3277,3341,54961,134,4172,2915,64263,5811.5,47,5917.788803,4501.920774,14173.66316,3293.961583,1984.874586,1504.034003,6019.299518,5602.954933,3996.975254,6220.15809,7743.041677,7779.437916,7369.71446,7430.994651,169.8937567,5707.72789,7847.349274,6983.180857,6151.211303,8428.575514,2049.300567,D1,N8,t
appliedMASKiso_flu_2mgml_roi2_8bit.ome,24,81.6308,68.078,0.906725667,3.884323333,76.9165,60.6895,0.92295,3.7714,30,45.16861621,29.94513706,0.060681737,0.892476092,24,3602,34.3889,3010,94,32.0213,23,1.2183,0.0156,0.118,0.2557,131072,0.678160965,1142.479492,0.486679614,12.07077885,14.31635284,1300.556519,0.820890367,0.681799531,1139.871704,0.528172016,11.96780014,12.85820198,1243.138184,0.831195831,0.188823998,650.2822266,0.165786326,6.930142403,10.13253498,846.7929077,0.113914505,2mgml,flu,roi2,4700.258964,55236.01658,32887.45358,431.4057778,65251.95097,61495.45423,4028.767293,2957.547366,2476.901574,61016.619,6887.327778,6933.203672,6338.435688,6431.861886,54961.12855,2094.575202,7603.181704,5794.963705,61286.04175,8770.594785,767.7622354,2490,65511,32601,19,65534,64199,1912,1275,591,63918,3968,4000,3569,3643,54961,134,4558,3176,64106,6241,53,5891.542535,4322.346096,14225.69272,3249.710399,2058.632709,1584.931276,6186.693048,5407.297074,4680.729443,6565.083253,7975.413304,8019.672701,7499.862086,7578.423352,451.8556716,5082.640466,8446.996209,7031.957189,6419.952968,8357.790789,2445.610815,D1,N8,t
appliedMASKiso_flu_2mgml_roi2_8bit.ome,25,80.13195294,52.89761765,0.919946176,3.755008824,75.3215,40.591,0.927315,3.7615,34,39.80228016,33.38900777,0.033987216,0.838625501,25,3818,32.3303,3109,93,33.4301,17,1.2307,0.0106,0.1223,0.2442,131072,0.667049825,1206.75293,0.452727228,12.8439312,14.07052612,1238.707153,0.814231157,0.67125845,1191.785034,0.486975759,12.57622719,12.65373039,1184.471436,0.824756086,0.189143836,688.6201782,0.157774612,7.361629009,9.654364586,773.6984253,0.115369819,2mgml,flu,roi2,4610.679616,55292.69606,32827.15714,404.1373546,65270.11236,61544.83747,4050.634347,2935.214474,2344.909205,61147.91557,6816.886258,6863.512591,6319.548966,6404.852961,54964.60816,2452.023529,7423.631312,5732.28116,61383.62215,8655.806217,710.3470146,2450,65314,32590,17,65534,64198,2024,1343,547,63939,3913,3946,3560.5,3622,54961,134,4455,3146,64113,6168,46,5749.144673,4200.385441,14056.83673,2963.036624,2041.037352,1574.899232,6121.827555,5325.447492,4532.387278,6394.168405,7871.844019,7916.852823,7429.088889,7502.922965,139.7909613,5694.880563,8265.154912,6914.610256,6282.779935,8143.52731,2386.198989,D1,N8,t
appliedMASKiso_flu_2mgml_roi2_8bit.ome,26,76.52015676,54.6782973,0.923574865,3.848043243,68.682,48.372,0.92773,3.737,37,41.23535607,22.90616399,0.039613266,0.703793534,26,4093,30.0237,3340,100,33.4,22,1.2561,0.0177,0.135,0.2427,131072,0.637396634,1294.453369,0.418348521,14.06968403,14.94369698,1253.179688,0.794834137,0.635093689,1275.640869,0.460890949,13.81889629,13.54988861,1197.831665,0.803082705,0.194889113,694.0628052,0.164510682,7.590860844,10.15113449,756.6622314,0.123043105,2mgml,flu,roi2,4577.053292,56165.49213,32841.94242,438.2108391,65251.16864,61457.83015,4300.022595,3056.643307,2305.073367,61132.91646,6845.643969,6893.885949,6425.846151,6498.996558,54962.84457,2657.221477,7250.264525,5757.770605,61334.56773,8479.90336,762.8628599,2417,65396,32596,18,65534,64185,2204,1465,511,63967,3884,3916,3571,3627,54960,134,4275,3128,64121,6072,49,5728.635723,4201.648807,13888.12858,2914.711471,2261.439514,1709.259162,6287.844947,5472.556002,4630.741913,6494.33731,7968.610661,8016.748044,7574.877581,7641.645421,145.4152764,5927.912605,8229.858387,6967.101235,6404.192059,7904.569962,2631.007189,D1,N8,t
appliedMASKiso_flu_2mgml_roi2_8bit.ome,27,66.06731333,59.35213333,0.901437,3.680896667,59.7585,50.4405,0.924845,3.5829,30,38.10712792,27.49719074,0.066893258,0.835384179,27,3772,32.7489,3112,102,30.5098,18,1.235,0.013,0.1186,0.2236,131072,0.668314993,1173.084229,0.436650485,12.6651535,13.93007183,1206.307495,0.814256012,0.676886857,1141.211182,0.470563471,12.27349091,12.27608585,1151.026855,0.828292489,0.19165048,669.9903564,0.175900638,7.280816078,10.04155445,782.5239258,0.118777379,2mgml,flu,roi2,4407.514677,55557.40967,32810.49212,368.9807369,65296.14272,61701.6269,4015.754638,2899.766244,2195.087428,61340.63086,6566.849147,6611.424586,6123.932185,6200.295523,54964.27884,2590.614356,7099.972882,5517.572205,61556.04568,8301.129273,661.4444418,2276,65226,32591,18,65535,64320,1979,1316,466,64078,3667,3694,3353,3410,54960,134,4094,2942,64241,5753,42,5568.569742,4075.402616,14022.35551,2918.184111,1965.068117,1489.337079,6010.902741,5209.873648,4401.925089,6256.532951,7743.335562,7787.683855,7315.527016,7387.253955,121.272064,6123.397544,8158.237037,6754.652828,6156.998344,7885.182921,2248.704616,D1,N8,t
appliedMASKiso_flu_2mgml_roi2_8bit.ome,28,66.0890875,54.9571875,0.92826375,4.019496875,60.305,47.5825,0.93658,3.9528,32,39.39329429,24.39720442,0.035816784,0.859904934,28,3776,32.7121,3123,94,33.2234,18,1.2324,0.0166,0.106,0.2468,131072,0.684642494,1091.500244,0.469318241,11.71055126,13.9735918,1249.591187,0.824035645,0.708456814,1023.150452,0.520680189,10.92935944,11.49906349,1121.315186,0.846132517,0.19091697,637.4561768,0.191497669,6.893919468,10.63344383,855.0740967,0.117949508,2mgml,flu,roi2,4285.839673,55248.57362,32890.33666,398.6302212,65287.19717,61822.58131,3733.584761,2720.684804,2232.130521,61413.98247,6318.862954,6361.426521,5844.044438,5925.237474,54964.39079,2474.040347,6914.355804,5315.66088,61655.08062,8028.065753,710.2463864,2041,64903,32598,20,65535,64478,1664,1112,412,64223,3287,3314,2967,3024,54961,134,3785,2620,64398,5236,41,5597.313193,3941.89681,13847.02618,3161.610525,1801.257658,1414.358979,5992.927088,5038.992131,4550.693262,6324.574523,7747.150641,7793.369447,7261.181432,7342.303823,136.2799016,5828.058959,8241.384811,6751.763418,6188.003905,7922.837343,2282.392473,D1,N8,t
appliedMASKiso_flu_2mgml_roi2_8bit.ome,29,82.50503,52.01516667,0.924999667,3.812653333,75.5165,41.373,0.93377,3.822,30,42.39933627,24.2708269,0.044458938,0.743178111,29,3253,38.293,2710,96,28.2292,16,1.1946,0.0175,0.082,0.2091,131072,0.739988983,921.0310669,0.510739386,9.599703789,11.98731995,1172.380127,0.85810411,0.762317181,843.8110352,0.547040701,8.733647346,9.773456573,1017.980591,0.876709342,0.171372041,584.3912964,0.188853592,6.148165703,9.774071693,885.1422119,0.102120072,2mgml,flu,roi2,4066.298261,53556.99091,32873.15128,330.4783982,65333.66312,62196.86904,3582.052978,2663.708892,1827.737345,61804.74109,5820.526157,5856.028448,5387.985915,5461.527642,54965.35014,2783.448419,6271.382356,4970.215955,62034.24061,7832.153616,552.0960094,1856,51079,32598,18,65535,64635,1484,990,366,64351,3006,3033,2673,2730,54965,134,3502,2369,64546,4793,38,5428.780755,4052.951879,14135.37877,3364.387379,1455.142169,1173.668874,5426.815981,5090.17372,3513.404234,5653.854716,7124.574886,7159.06929,6753.214372,6813.977664,177.0717895,6007.573454,7262.710237,6408.999552,5581.310249,8053.442365,1736.533476,D1,N8,t
appliedMASKiso_flu_2mgml_roi2_8bit.ome,30,63.086536,52.38464,0.9347388,4.00326,65.225,41.314,0.94577,3.8203,25,39.7888504,25.31204039,0.035818343,0.777380674,30,3317,37.5155,2793,88,31.7386,17,1.2062,0.0168,0.086,0.1817,131072,0.725071132,958.8341675,0.49091199,10.17420197,12.22538662,1177.040894,0.850130916,0.743288696,942.9371338,0.516803265,9.920948982,9.873451233,987.8616333,0.866174161,0.165339127,542.8870239,0.200805128,5.865272045,9.394871712,844.8878784,0.098770015,2mgml,flu,roi2,4008.21404,54145.75916,32899.60583,379.3068094,65318.08752,62248.94498,3564.780974,2690.079247,1838.529842,61849.62331,5722.523046,5755.915199,5280.763875,5355.502171,54965.12866,2488.872444,6212.223457,4884.15276,62083.80948,7730.256832,588.9735334,1828,64522,32595,17,65535,64654,1484,990,365,64357,2960,2987,2618,2679,54963,134,3476,2327,64560,4744,38,5407.129576,4169.114831,14163.97084,3476.994988,1532.527129,1234.260647,5428.702141,5121.472948,3781.928808,5691.20402,7112.467522,7143.99278,6724.192721,6787.09487,161.9174084,5868.770935,7371.938596,6383.854098,5606.367152,8021.818385,2005.161586,D1,N8,t
appliedMASKiso_flu_2mgml_roi2_8bit.ome,31,64.83883333,57.13427778,0.936524444,4.081022222,68.952,46.8555,0.935415,3.9537,18,41.62352748,24.3668571,0.032149848,0.764292551,31,3221,38.6933,2608,91,28.6593,13,1.1981,0.0152,0.0874,0.1748,131072,0.713395596,1035.902222,0.464562237,10.93507767,12.12791538,1152.632935,0.84408617,0.717033505,1018.211182,0.498880208,10.73663139,10.98085594,1075.309082,0.851449132,0.158834398,549.3918457,0.185889423,5.850539684,8.292448997,754.661438,0.093020797,2mgml,flu,roi2,3966.061898,53969.98961,32901.20819,275.7537383,65361.30141,62346.09068,3542.554271,2681.881229,1845.205021,61936.79191,5672.777234,5706.443135,5223.84573,5299.760467,54965.63361,2662.406458,6208.307426,4831.719195,62174.82079,7776.998461,541.8433548,1882,65097,32595,15,65535,64681,1597,1071,361,64400,2983,3007,2658,2713,54963,134,3476,2386,64596,4869,35,5239.088331,3977.884089,14543.85349,3490.863238,969.1631764,883.7790972,5287.742899,4832.336254,4006.039515,5641.389993,7028.459515,7065.688247,6588.091001,6660.228551,154.3454307,6005.915748,7451.576125,6220.040551,5513.213044,8023.429784,1790.793987,D1,N8,t
appliedMASKiso_flu_2mgml_roi2_8bit.ome,32,80.80529048,53.71752381,0.925314286,3.820761905,76.675,43.431,0.93284,3.7332,21,41.85190739,27.16827869,0.030323173,0.831106682,32,3419,36.3366,2746,90,30.5111,8,1.215,0.0094,0.0886,0.1946,131072,0.703083992,1091.804199,0.45238167,11.50950623,12.52066517,1161.889771,0.836835861,0.719464064,1046.697021,0.46312201,10.95176983,10.76089382,1032.395874,0.852199256,0.171025619,613.1456909,0.166903898,6.517716408,8.916507721,787.5961304,0.101649821,2mgml,flu,roi2,3937.307228,53943.61845,32868.56483,226.4078208,65383.43619,62405.39117,3511.749038,2653.730037,1707.729622,62003.31491,5635.678198,5669.086185,5185.51984,5261.602014,54966.78513,2114.471958,6144.524925,4797.597312,62238.63857,7802.032486,454.2948946,1938,65143,32582,13,65535,64643,1619,1099,365,64369,3067,3095,2749,2805,54963,134,3528,2459,64558,4999,37,5083.010804,3851.084944,14603.77729,3431.789123,774.3949387,724.9639305,5013.330439,4735.238142,3341.063807,5284.021961,6748.960152,6781.753921,6345.707014,6411.236301,104.0109474,5153.921597,7035.554361,6017.633162,5193.165891,7961.024403,1327.326171,D1,N8,t
appliedMASKiso_flu_2mgml_roi2_8bit.ome,33,72.82558333,53.89095833,0.92041875,3.925429167,66.7295,46.924,0.92982,3.6723,24,37.08843391,21.46599818,0.035769324,0.966560801,33,3340,37.2434,2642,86,30.7209,14,1.1984,0.013,0.09,0.1636,131072,0.705955744,1071.846802,0.46134752,11.26703548,12.88305283,1188.403442,0.837481618,0.724987447,1036.241943,0.479875088,10.74988556,10.32332039,1001.996216,0.85584569,0.183813468,643.9558716,0.168188527,6.847203255,10.20714378,878.6583252,0.111084372,2mgml,flu,roi2,3959.98797,53689.54426,32824.69836,302.3483011,65353.92816,62373.57025,3439.964199,2584.280278,1823.373256,61956.25137,5689.885915,5724.815527,5229.848393,5307.700619,54967.28592,2337.782717,6214.164469,4832.220143,62199.18504,7761.636601,534.1612565,1878,64653,32592,14,65535,64678,1597,1058,349,64402,2998,3024,2684,2736.5,54963,134,3451,2392,64592,4854,37,5163.560473,3792.350269,14745.63899,3358.789895,1230.371109,979.3492333,5145.15288,4678.184416,3682.563314,5467.297544,6909.195899,6945.16357,6464.043806,6536.729297,98.04474424,5180.430325,7274.774992,6120.860994,5349.357938,7911.219184,1662.573416,D1,N8,t
appliedMASKiso_flu_2mgml_roi2_8bit.ome,34,74.68786,52.37376667,0.927589667,3.909076667,72.6855,47.5655,0.92725,3.8435,30,39.57289395,20.28655731,0.026732477,0.648889127,34,3285,37.9004,2642,79,33.443,13,1.1991,0.0143,0.0934,0.1712,131072,0.704893649,1039.323364,0.487150848,10.95316219,13.26830292,1212.740479,0.836730301,0.735275269,950.3739624,0.519798756,9.925551414,10.22978592,996.5783081,0.861709058,0.188889757,637.2108154,0.166432843,6.795534611,10.64321136,893.0709229,0.114343442,2mgml,flu,roi2,3989.654472,53395.14802,32868.36745,382.4375374,65321.75107,62306.45315,3484.388011,2593.518365,1927.394401,61870.65746,5740.655646,5777.406505,5283.610498,5361.22234,54966.03307,2159.637288,6252.482051,4876.230049,62120.42524,7697.085286,634.7440772,1844,61509.5,32602,16,65535,64692,1552,1017,366,64419,2975,2998,2651,2707,54964,134,3425,2350,64609,4761,36,5294.195272,3798.830914,14720.80067,3324.916532,1519.538824,1147.427716,5370.767151,4755.511595,3950.804918,5756.357174,7141.502637,7181.685991,6685.918913,6761.229292,136.7757808,5281.864655,7499.868924,6307.274528,5617.57984,7922.062205,1956.838426,D1,N8,t
appliedMASKiso_flu_2mgml_roi2_8bit.ome,35,75.34960588,56.88594118,0.927034118,3.853494118,72.035,47.82,0.940995,3.7363,34,37.5500463,25.66894399,0.033281861,0.830666736,35,3268,38.108,2638,75,35.1733,11,1.2008,0.022,0.0956,0.1806,131072,0.710505605,995.2990112,0.504518986,10.53915882,13.15914536,1208.5448,0.839944899,0.748691797,845.8967285,0.544382453,8.926900864,10.10442162,1001.326233,0.869343638,0.188535407,630.9979248,0.171911299,6.748818398,10.49333572,877.8370361,0.114181384,2mgml,flu,roi2,3974.074444,53405.26099,32910.09949,388.3742618,65317.66611,62316.13251,3503.844397,2611.945448,1948.400917,61882.16483,5688.488859,5724.668056,5239.361303,5315.637542,54966.68482,2051.391569,6161.304871,4846.546789,62130.95461,7625.910727,664.9193338,1764,61153.5,32604.5,16,65535,64747,1439,963,357,64473,2864,2884,2535,2595,54964,134,3296,2253,64666,4578,36,5396.372726,3917.663552,14685.65971,3478.322815,1400.079058,1108.420086,5450.458639,4943.229465,4014.961429,5823.127061,7223.836053,7263.826045,6793.405816,6864.596686,128.3158961,5056.999609,7504.08373,6421.370857,5695.325092,8051.169732,1996.063248,D1,N8,t
appliedMASKiso_flu_2mgml_roi2_8bit.ome,36,85.41733333,57.6057037,0.936057778,3.871777778,82.648,53.943,0.94975,3.9544,27,37.31026207,25.48391422,0.029819527,0.647577359,36,3345,37.1847,2623,75,34.9733,7,1.2002,0.012,0.0883,0.1628,131072,0.73396498,961.6126099,0.521260679,9.907001495,12.32314301,1207.108276,0.854529262,0.770825148,811.3796387,0.569897294,8.330543518,9.71131897,1034.823975,0.881883562,0.178412274,642.7958984,0.168046698,6.667273998,9.640868187,876.7736206,0.105524205,2mgml,flu,roi2,3928.134688,52572.00763,32851.90488,301.3607962,65356.8397,62506.96585,3670.914009,2790.954309,1651.295238,62158.45406,5461.510981,5490.73586,5081.419426,5145.792523,54966.09573,2336.286442,5743.740645,4743.242603,62367.52938,7654.879441,538.4705696,1684,51079,32607,15,65535,64853,1507,1004,300,64589,2676,2699,2387,2435,54965,134,3090,2135,64778,4398,31,5476.121574,4307.887314,15019.93793,3403.843355,910.626676,839.9719333,5260.081157,5264.506396,3430.871771,5451.709784,7035.350632,7064.240907,6700.790235,6755.057461,166.2709566,5513.352987,7005.007292,6418.192033,5400.948016,8398.935604,1558.662208,D1,N8,t
appliedMASKiso_flu_2mgml_roi2_8bit.ome,37,88.50736,59.65572,0.92444,4.025812,81.119,53.685,0.93351,4.0726,25,39.49381173,25.39442261,0.043739213,0.867692294,37,3050,40.9747,2354,73,32.2466,13,1.1762,0.0107,0.0831,0.1502,131072,0.757868052,877.9273071,0.538387299,8.967989922,11.52846622,1184.309082,0.868874371,0.782035112,781.770874,0.589871109,7.898415565,9.4159832,1016.611694,0.887723088,0.166736305,587.5866089,0.179638356,6.074120998,9.546125412,923.5201416,0.097281948,2mgml,flu,roi2,3856.152398,51846.67524,32891.99091,388.6411733,65337.92327,62676.41754,3903.788584,3017.316824,1459.782797,62386.83629,5223.470593,5246.57792,4910.205014,4963.130056,54968.50149,1988.839725,5347.547726,4617.688504,62563.67948,7556.707915,518.6623521,1616,51079,32609,14,65535,64915,1597,1085,283,64658,2578,2593,2297,2343,54966,134,2987,2054,64844,4232,30,5568.046062,4925.304599,15337.45064,3398.954331,1457.059331,1093.129456,5101.86816,5827.318291,3045.333319,5137.175034,6782.096,6796.352448,6591.322135,6620.129917,95.57502267,4972.854835,6457.056086,6410.850753,5170.257219,8542.998111,1652.897308,D1,N8,t
appliedMASKiso_flu_2mgml_roi2_8bit.ome,38,87.79676,58.37904,0.938394,3.717412,86.987,49.734,0.93699,3.5451,25,41.32420747,23.36959385,0.025981797,0.72239977,38,2662,47.2385,2131,62,34.371,7,1.1444,0.015,0.0682,0.1517,131072,0.805127084,726.1155396,0.557900727,7.119793415,9.771814346,1075.885254,0.896443605,0.838775456,631.6608887,0.60159111,6.092142105,7.000416279,794.7613525,0.918260574,0.14857918,523.749939,0.180964872,5.227125645,9.032126427,963.4975586,0.084147237,2mgml,flu,roi2,3642.188833,50447.38031,32911.57742,444.7123522,65347.45728,63008.18741,3861.15897,3000.560616,1182.429055,62785.77623,4796.572074,4815.237738,4558.25173,4598.660696,54968.83274,2265.607834,4740.376366,4320.421892,62934.08227,7298.661897,424.2683002,1544,51078,32623,10,65535,65019,1664,1126,263,64772,2424,2442,2179,2220.5,54969,134,2755,1952.5,64953,4046,28,5390.939506,5054.216645,15724.97213,3279.707963,2176.20704,1324.045448,4622.750963,5769.054727,2446.911401,4513.036298,6232.03673,6238.33902,6139.447512,6151.81092,119.9495942,5339.295723,5594.472717,6069.220583,4603.764794,8510.387854,1497.828817,D1,N8,t
appliedMASKiso_flu_2mgml_roi2_8bit.ome,39,97.91173077,55.80146154,0.936282308,4.101453846,98.6355,51.013,0.94183,3.9967,26,41.06294723,21.85097439,0.024671105,0.88085687,39,2873,43.6223,2316,69,33.5652,11,1.1647,0.0181,0.0767,0.1257,131072,0.794084191,730.8295898,0.524273992,7.451789856,9.744031906,1014.350891,0.889977038,0.826539874,618.1611328,0.573689103,6.282911777,7.1203475,763.5888062,0.911971927,0.155341476,516.6259766,0.18617022,5.368071556,8.94216156,893.8944092,0.088584185,2mgml,flu,roi2,3642.516058,50111.21188,32912.84111,490.7690912,65331.14384,62965.20996,3778.561983,2891.977736,1350.304564,62691.61752,4922.674588,4946.554156,4632.87955,4682.156343,54969.27156,2111.119888,5020.210457,4357.579591,62868.27256,7162.051477,513.8186152,1537,51078,32632,13,65535,65054,1574,1058,286,64791,2476,2497,2193,2244,54969,134,2884,1958,64981,4021,28,5395.776577,4833.658427,16139.77048,3347.376827,2164.316862,1353.428435,4767.274597,5688.965342,2791.093478,4719.094292,6445.891012,6458.79445,6298.34973,6320.570842,128.77432,5129.37581,6024.316663,6158.62631,4779.927572,8278.998912,1807.946139,D1,N8,t
appliedMASKiso_flu_2mgml_roi2_8bit.ome,40,86.80627083,55.56020833,0.912489167,3.699983333,88.7815,50.308,0.928995,3.61605,24,39.72468624,19.16741481,0.046581772,0.766867845,40,3048,41.0029,2511,76,33.0395,14,1.1759,0.0179,0.0803,0.1221,131072,0.775581658,787.6365356,0.48434785,8.274993896,9.815341949,963.4174805,0.879264116,0.809601903,680.4476318,0.536623657,7.073818207,7.425848007,778.800293,0.902696729,0.161267713,542.5564575,0.197105065,5.770673752,8.461848259,787.0778809,0.092589132,2mgml,flu,roi2,3495.212811,49709.27734,32946.56447,328.1103052,65387.87466,63070.44154,3470.604228,2637.9963,1463.519386,62733.86358,4911.573821,4939.58522,4545.713978,4607.652855,54970.7521,2118.618173,5228.25934,4230.072739,62946.59702,6936.974972,472.2358115,1408,51079,32657,13,65535,65140,1394,936,275,64868,2332,2356,2034,2085,54969,134,2833,1799,65068,3708,29,5088.02179,4337.952917,16814.97594,3387.904244,1356.918251,942.6624469,4610.758218,5166.190773,2992.812291,4695.846619,6442.593517,6463.402467,6173.791038,6216.723374,83.40557922,4972.206749,6363.88609,5930.659686,4691.016666,8007.112585,1554.885492,D1,N8,t
appliedMASKiso_flu_2mgml_roi2_8bit.ome,41,88.61478,52.92672,0.9205032,3.650128,93.18,50.262,0.9319,3.6025,25,40.83028464,19.91921472,0.035252942,0.575079449,41,3297,37.7552,2631,76,34.6184,12,1.1944,0.0275,0.0846,0.06933,131072,0.757157862,825.5095825,0.484535754,8.848786354,10.30670547,963.7305908,0.868444443,0.785869539,725.65271,0.527409315,7.719891548,8.207547188,828.7613525,0.889875591,0.170710206,567.6419067,0.185125157,6.12746954,8.557293892,745.3309937,0.099419437,2mgml,flu,roi2,3368.300363,49385.37791,33026.00822,326.0957272,65395.23959,63170.43157,3360.657303,2524.945146,1466.145279,62879.3471,4801.548076,4829.699907,4477.001567,4532.367772,54970.19064,2456.338207,5098.268466,4120.848708,63075.57941,6690.084565,486.5572226,1313,51079,32683,14,65535,65222,1349,882,241,64968,2164,2184,1920,1963,54970,134,2549,1689,65159,3475,30,4903.109606,4182.719029,17146.16457,3329.118308,1465.852964,974.2246029,4538.134819,4991.659052,3165.104676,4598.515529,6400.807904,6425.945844,6126.790295,6171.224869,91.22301865,5598.619404,6463.041798,5796.348913,4587.897776,7757.888199,1743.186713,D1,N8,t
appliedMASKiso_flu_2mgml_roi2_8bit.ome,42,84.73711333,52.44813333,0.927904667,3.592763333,92.6705,47.932,0.928105,3.3478,30,38.5768844,26.59572827,0.033213407,0.800597127,42,3068,40.7226,2472,79,31.2911,9,1.1739,0.0221,0.0837,0.09506,131072,0.756785691,819.340332,0.472650677,8.861298561,10.07409,923.8429565,0.8681885,0.789990664,687.3203125,0.521481693,7.418725967,7.957758904,789.5180054,0.892083883,0.171377122,571.7503662,0.177760318,6.210524559,8.348543167,708.8919067,0.100201711,2mgml,flu,roi2,3183.179249,48536.18903,32979.44657,245.735105,65424.42781,63352.86264,3323.16005,2461.09895,1292.769177,63108.37885,4536.248367,4562.263531,4287.674795,4330.653749,54970.58666,2311.035471,4691.306821,3921.263246,63279.68641,6390.741056,433.8050654,1215,51078,32682,13,65535,65291,1327,868,209,65051,1990,2011,1804,1837,54971,134,2266,1579,65238,3233,30,4623.343155,3939.294356,17324.11919,3164.156635,1011.795819,731.2495512,4248.717428,4811.210888,2789.737547,4252.879431,6076.481383,6102.219878,5862.527107,5897.655684,113.6222495,5476.96606,6028.270987,5506.507962,4270.376636,7463.271445,1406.693553,D1,N8,t
appliedMASKiso_flu_2mgml_roi2_8bit.ome,43,91.52797308,47.8085,0.930891538,3.624011538,100.083,43.4965,0.942215,3.53325,26,41.37464671,18.58180457,0.034451487,0.67530421,43,3095,40.3499,2427,73,33.2466,14,1.1861,0.0204,0.0793,0.1071,131072,0.766087055,800.0090942,0.455282956,8.650798798,9.418803215,867.1296997,0.873683691,0.793562055,681.6256104,0.483632118,7.410801888,7.520328999,735.8358765,0.894104123,0.163822249,558.4363403,0.183390692,6.065350056,7.790959835,661.6640015,0.09564998,2mgml,flu,roi2,2951.780064,47779.39404,33003.28099,245.4431785,65437.3564,63580.4808,3152.221163,2330.618833,1129.058533,63362.51712,4186.004779,4209.614216,3980.112052,4015.975195,54970.34311,2360.727358,4269.904949,3637.238509,63522.93935,6006.648057,387.1171204,1092,51075,32768,14,65535,65338,1259,814,169,65100,1790,1802,1628,1655,54971,134,2009,1419,65287,2931,25,4366.090132,3761.139958,17459.74188,3167.171649,1011.58903,688.125108,3930.342137,4602.375293,2461.279052,3884.183575,5712.202911,5736.251636,5531.713507,5561.328724,117.0669951,5337.839997,5619.655286,5194.069634,3920.854962,7155.439988,1252.233838,D1,N8,t
appliedMASKiso_flu_2mgml_roi2_8bit.ome,44,89.28814828,44.66496552,0.921531379,3.564227586,98.246,40.978,0.92355,3.5387,29,43.03106443,13.24797089,0.032152407,0.822488819,44,3134,39.8229,2543,75,33.9067,11,1.1991,0.0185,0.0784,0.1214,131072,0.765603006,805.1055298,0.45710963,8.727209091,9.327357292,850.7820435,0.873342693,0.793049216,693.1345825,0.486144692,7.476152897,7.539626122,727.4104004,0.893705845,0.161871597,555.9829712,0.167568386,6.089045525,7.858352661,644.5020142,0.096513137,2mgml,flu,roi2,2731.372583,46959.90141,33009.04713,216.4827874,65450.19698,63756.92687,3004.492582,2248.229166,973.5963161,63563.81353,3868.354103,3888.389961,3699.091428,3728.645412,54970.94529,2694.49443,3883.970315,3371.932871,63713.00452,5611.264524,331.4049834,1043,51066,32768,13,65535,65351,1147,732,164,65115,1723,1741,1567,1596,54973,143,1906,1361,65302,2790,21,4081.381349,3707.257574,17391.35832,3159.434086,828.0759932,582.2017481,3592.993887,4472.881025,2048.870242,3478.173787,5264.520165,5282.564868,5151.737484,5169.940466,113.0578079,5773.71501,5028.71633,4843.789067,3556.803546,6781.05701,1054.046524,D1,N8,t
appliedMASKiso_flu_2mgml_roi2_8bit.ome,45,90.67830769,47.99523077,0.93555,3.6039,95.7055,42.1235,0.93912,3.3929,26,46.67574211,15.63090073,0.027763869,0.800314011,45,2998,41.7201,2430,75,32.4,16,1.1798,0.0163,0.0689,0.1113,131072,0.791235209,698.9302979,0.500747919,7.486457825,8.69479084,828.2269897,0.888759732,0.812235773,617.6203613,0.552898407,6.58562088,7.160190582,720.6593018,0.904501319,0.143792436,457.8953857,0.162428677,5.0256567,7.401563644,635.84552,0.083947577,2mgml,flu,roi2,2564.874299,44960.94048,32968.79391,120.7771201,65477.70677,63932.35122,2683.441897,1986.702885,949.7086856,63702.25229,3636.000209,3656.445659,3444.399874,3477.5709,54971.83645,2562.562085,3752.297469,3156.101056,63870.87873,5334.124289,273.1432114,1052,50836,32768,10,65535,65369,1080,705,171,65129,1686,1697,1534,1560,54975,134,1880,1351,65319,2792,22,3667.596624,3161.496696,17211.09624,3093.47813,365.7517686,319.9607122,3155.355336,3862.542437,1905.461159,3125.909209,4802.007361,4821.529391,4648.165099,4673.287873,141.0237991,5506.106804,4737.312658,4369.868059,3166.116973,6357.588201,752.0386825,D1,N8,t
appliedMASKiso_flu_2mgml_roi3_8bit.ome,1,92.50863721,47.86862791,0.906892558,3.42822093,90,43.439,0.91414,3.1991,43,54.33405417,14.19468977,0.037830538,0.772552392,1,5514,21.7709,4483,168,26.6845,30,1.3419,0.025,0.2303,0.02619,131072,0.393194169,3658.426514,0.297315657,32.26775742,32.53284836,2723.868652,0.618711591,0.373055339,3731.632813,0.305975378,32.84415817,31.3751812,2865.564697,0.621954024,0.188057706,1095.854858,0.120888583,9.788435936,16.10191727,980.8366699,0.150216758,2mgml,flu,roi3,4913.931647,62413.80921,31854.25745,245.3615963,65309.46534,60440.41975,4963.647659,3544.545225,3182.590131,59921.09735,7952.675065,7995.662299,7317.903466,7420.46711,2380.009521,2820.998104,9008.989532,6205.114361,60296.769,8226.294488,1024.449912,2840,65530,31674,16,65534,63195,2751,1850,982,62724,5213,5252,4579,4683,2380,138,6907,3740,63058,6155,76,5580.688621,4342.260072,7508.46128,3412.407493,950.6972969,1007.320693,6661.109289,5813.16687,5157.395337,6802.125107,8155.416764,8189.815201,7806.463205,7862.18038,2.769286227,6485.309415,7881.019491,6821.651796,6718.6926,7432.619084,3037.212533,D1,N8,t
appliedMASKiso_flu_2mgml_roi3_8bit.ome,2,94.07237273,50.96065909,0.899837727,3.508379545,94.836,41.586,0.913695,3.3252,44,53.60880716,24.45318775,0.056143925,0.805324107,2,5846,20.421,4817,189,25.4868,46,1.36,0.0279,0.2381,0.03804,131072,0.379477322,3751.213379,0.290929347,33.1545105,33.33572006,2760.86792,0.607938349,0.359966755,3865.101074,0.295049846,34.07123566,31.84595299,2863.97998,0.611472249,0.184027702,1065.379639,0.118223213,9.563737869,16.13781929,962.4865112,0.148949832,2mgml,flu,roi3,5229.632146,62817.41241,31915.12093,262.9220674,65289.48437,60099.83268,5234.394687,3761.618843,3403.458319,59587.42555,8410.748277,8454.463521,7741.435638,7849.382066,2379.97995,2782.79023,9520.292259,6581.945878,59962.15051,8713.695408,1060.54748,2975,65531,31695,18,65534,63069,2751,1836,1050,62586,5455,5492,4786,4895,2380,138,7282,3915,62932,6451,79,5970.432006,4741.845374,6883.470716,3319.328969,911.3613114,1029.895425,7053.218086,6255.893624,5304.216277,7136.067074,8591.956904,8622.30269,8248.017873,8302.133061,3.715530986,6151.172689,8285.814526,7248.478443,7080.316872,7881.86219,2936.53921,D1,N8,t
appliedMASKiso_flu_2mgml_roi3_8bit.ome,3,78.52398049,54.58880488,0.904346098,3.489656098,82.763,49.727,0.91165,3.4915,41,58.69109124,25.56038834,0.035896204,0.760752483,3,5755,20.7755,4670,177,26.3842,35,1.3555,0.0272,0.2349,0.02906,131072,0.385036349,3719.337402,0.29559952,32.78947067,32.92124939,2759.643555,0.613426745,0.370070517,3811.079102,0.298457175,33.55499649,30.70718575,2795.738037,0.61937201,0.180834591,1052.141113,0.123675808,9.411003113,15.78508472,965.2547607,0.14485459,2mgml,flu,roi3,5483.295626,63005.60176,31787.04939,260.9590637,65285.75413,59905.12901,5449.343322,3928.803294,3370.582846,59446.05771,8686.886595,8730.249048,8029.458516,8135.537192,2379.985046,2960.721807,9572.378203,6863.343168,59797.90684,9158.449742,1039.385843,3118,65531,31695,18,65533,62967,2864,1907,1071,62498,5661,5702.5,4984,5093,2380,138,7406,4088,62831,6780,82,6237.163641,4967.285382,6718.299305,3207.302485,897.0469988,1035.49417,7272.817124,6502.54741,5189.814361,7287.250898,8824.706294,8851.565974,8499.243553,8550.199829,3.129528812,6439.202899,8171.600006,7519.95962,7261.534261,8244.576181,2920.766625,D1,N8,t
appliedMASKiso_flu_2mgml_roi3_8bit.ome,4,93.22725455,56.49954545,0.908019697,3.696133333,97.125,45.066,0.91879,3.5542,33,55.56524676,25.67517961,0.054942806,0.786770566,4,5631,21.277,4614,174,26.5172,35,1.3464,0.018,0.2178,0.03469,131072,0.407477945,3674.794678,0.29445684,31.96846771,31.57601357,2722.358643,0.630593121,0.388399988,3802.871094,0.303352416,33.01239014,29.77052498,2772.727295,0.633390248,0.188905016,1133.675903,0.118123554,10.0080061,15.61672211,1017.55249,0.146575078,2mgml,flu,roi3,5596.207849,62895.04666,31871.88869,216.30748,65316.78401,59959.21342,5716.061318,4132.019112,3058.616261,59627.62234,8593.449326,8632.498754,8053.056353,8140.669883,2379.936485,2665.778202,8959.025592,6945.366584,59909.0976,9460.593467,935.5426113,3110,65531,31712,17,65534,63130,3023,2049,883,62776,5437,5477,4874,4970,2380,138,6658,4035,63046,6835,72,6436.165739,5159.106338,7083.001873,3279.312072,675.6434543,845.2305246,7364.865151,6746.56146,4895.839058,7295.923771,8911.070799,8936.427883,8650.0839,8691.198832,3.643974619,5988.643072,7865.553014,7706.957539,7313.532112,8658.992179,2488.365169,D1,N8,t
appliedMASKiso_flu_2mgml_roi3_8bit.ome,5,76.73102045,52.51079545,0.915411818,3.455754545,75.607,43.378,0.91559,3.3201,44,53.30627758,23.67203443,0.028043135,0.746932081,5,6050,19.665,4955,169,29.3195,40,1.3713,0.0254,0.242,0.03808,131072,0.369605064,3857.031738,0.293101192,33.82145691,34.69109726,2839.344971,0.597985864,0.342182577,4082.280762,0.306896955,35.65260315,33.46632004,3002.391602,0.596231699,0.19221133,1111.959839,0.114881255,9.926959038,16.87682152,992.8203125,0.155313998,2mgml,flu,roi3,6186.540958,63337.5597,31755.40029,312.1026852,65223.49912,59189.34698,6250.671614,4535.940025,3749.74874,58805.38702,9502.505066,9544.673102,8889.758229,8988.840053,2379.925224,2569.116327,9896.65771,7671.261827,59114.59911,10081.5654,1268.949162,3502,65532,31710,23,65533,62703,3364,2291,1113,62311.5,6074,6116,5447,5544,2380,138,7490,4531,62593,7596,86,7018.229872,5637.329422,6280.089457,3025.704164,1067.59805,1221.412119,8256.646754,7335.219261,5953.11696,8265.722527,9722.590883,9749.189694,9429.456573,9475.52291,3.785783177,5867.378916,8509.454049,8399.754156,8243.894197,8852.391598,3391.948039,D1,N8,t
appliedMASKiso_flu_2mgml_roi3_8bit.ome,6,84.52052,56.259075,0.9075415,3.6125775,86.3675,49.5825,0.90711,3.55035,40,52.4920441,27.79135484,0.037880843,0.844847256,6,5071,23.8476,4246,155,27.3935,40,1.321,0.0245,0.181,0.05092,131072,0.471503764,3267.175293,0.35943076,27.7267437,29.73893356,2739.901123,0.676749706,0.460737854,3322.676514,0.362087786,28.02426338,27.18404007,2758.12793,0.687551677,0.21183835,1248.216431,0.132404566,10.78542995,17.45928955,1267.658569,0.155780837,2mgml,flu,roi3,6032.639304,62226.39183,31928.37064,346.2815585,65233.47055,59831.07007,6337.76822,4674.518734,2779.446027,59768.12943,8580.081642,8606.017498,8245.005341,8299.53301,2379.92379,2819.524412,7943.846506,7296.524595,59915.35768,10101.84099,1001.864303,3248,65529,31741,16,65534,63209,3432,2377,716,63060,5191,5218,4838,4897,2380,138,5617,4115,63230,7185,60,7285.105858,6031.982998,7767.650634,3004.364768,1388.008986,1406.097531,7952.493052,7652.200893,4922.416038,7622.353571,9307.694822,9315.435738,9204.737888,9219.578546,4.046126237,6282.576325,7449.342175,8452.814744,7769.482544,9358.58732,2956.439566,D1,N8,t
appliedMASKiso_flu_2mgml_roi3_8bit.ome,7,82.1699825,56.633875,0.90723525,3.613965,79.959,50.7115,0.912085,3.44835,40,47.69954373,25.01633956,0.03863892,0.776740253,7,4903,24.7332,4181,161,25.9689,30,1.312,0.0141,0.1699,0.0141,131072,0.499410033,3100.513184,0.392951041,26.05810165,28.67828178,2759.901611,0.69723469,0.494831175,3092.731934,0.393028289,25.87604713,25.34137726,2669.294434,0.711618066,0.213398814,1294.509277,0.136196718,11.02322865,17.44894409,1355.365967,0.153494403,2mgml,flu,roi3,6324.707995,61455.27065,31976.19253,425.3439582,65183.94394,59703.58143,6709.377894,5017.04029,2729.030685,59763.17483,8713.258621,8732.061731,8438.322539,8482.752668,2379.911415,2836.227905,7850.557049,7556.501841,59851.59171,10579.9001,1007.109908,3480,65528,31761,13,65533,63063,3705,2576,758,62977,5366.5,5393,5041,5095,2380,118,5617,4347,63122.5,7647,61,7717.587513,6507.600834,8506.890242,2773.406959,2166.403254,1867.243265,8186.323528,8129.154032,4892.931054,7683.673732,9463.670855,9458.153867,9445.624441,9445.787171,4.703681738,6339.414872,7423.770009,8812.117403,7915.251282,9779.296642,3187.641596,D1,N8,t
appliedMASKiso_flu_2mgml_roi3_8bit.ome,8,81.92758857,52.54225714,0.914296571,3.772554286,87.955,48.07,0.92403,3.8188,35,49.63152252,17.28950354,0.041199211,0.601555889,8,4765,25.5074,4025,161,25,29,1.3078,0.0238,0.1707,0.03994,131072,0.513771772,2981.577393,0.391263604,25.13606834,27.07978439,2640.051025,0.709276736,0.521989226,2853.65918,0.399073243,24.0043602,24.05131531,2577.775879,0.729700744,0.206458271,1248.681396,0.138877988,10.62698746,15.92532349,1267.234619,0.145065621,2mgml,flu,roi3,6535.734816,62081.141,31933.73621,421.9417998,65172.26233,59480.62727,6944.535484,5222.138972,2888.389262,59557.46689,8986.607904,9003.617297,8708.588997,8753.268166,2379.883911,2829.340984,8102.484974,7803.725378,59635.10832,10863.23931,1078.425122,3599,65529,31753,14,65533,62924,3796,2647,795,62840,5619,5643,5258,5314,2380,118,5825,4513,62979,7883.5,56,7963.749213,6689.934006,7818.401535,2834.044039,1863.2453,1747.90794,8511.671966,8336.124018,5327.782159,8016.806507,9770.217633,9763.880357,9737.951156,9740.349218,3.882340491,6554.968414,7717.402042,9092.106847,8234.980392,9960.703919,3345.732186,D1,N8,t
appliedMASKiso_flu_2mgml_roi3_8bit.ome,9,85.29951429,49.46103571,0.9196475,4.090914286,90.7765,44.2515,0.9245,4.00815,28,54.23596418,14.91068932,0.033206202,1.05565404,9,4560,26.7441,3841,141,27.2411,17,1.2985,0.0231,0.1568,0.07454,131072,0.547543049,2826.058105,0.393026501,23.60005569,24.82006645,2543.209717,0.733924508,0.562655032,2695.69873,0.409074545,22.49773598,21.48784256,2403.041016,0.756008983,0.197579071,1219.860229,0.154511586,10.24009228,14.83150864,1286.631958,0.13456659,2mgml,flu,roi3,6636.634524,61700.0735,31908.91502,388.3064964,65185.97423,59500.74219,6976.149583,5268.018548,2795.802829,59646.1863,8969.795616,8983.920523,8714.840738,8755.633609,2379.916031,2905.840234,8026.792901,7864.553432,59697.0575,11099.96298,1006.3515,3712,65527,31752,13,65533,62834,3842,2675,801,62784,5747,5779,5393,5449,2380,118,5825,4642,62921,8128,52,8044.934251,6779.935815,8166.314219,2740.042487,1393.548564,1519.208277,8394.433277,8386.567647,5036.986902,7807.504217,9623.629763,9610.455293,9636.206343,9630.812158,3.748966162,6630.149577,7582.288487,9087.222259,8070.55289,10176.6471,2984.415462,D1,N8,t
appliedMASKiso_flu_2mgml_roi3_8bit.ome,10,75.086424,52.51744,0.9163528,3.74486,81.254,47.401,0.92043,3.7424,25,46.00488075,21.06641543,0.032217179,0.806287872,10,4154,29.5534,3426,157,21.8217,15,1.2703,0.0247,0.1367,0.05894,131072,0.594582975,2564.46582,0.414822578,21.10341835,22.37270737,2427.571777,0.76607132,0.598172784,2498.739258,0.431616545,20.5598011,19.64004898,2251.085449,0.778901815,0.19416222,1211.90625,0.1611792,10.03870678,14.20768738,1348.357788,0.127027258,2mgml,flu,roi3,6535.713156,61114.35439,31961.15632,331.1794763,65227.04186,59784.42229,6873.65592,5250.013708,2579.419074,59997.81592,8590.38062,8597.897555,8401.048438,8430.965546,2379.891609,2694.655059,7650.691079,7663.416581,60007.74889,11117.79664,864.7923149,3651,65521,31750,12,65533,62930,3819,2647,760,62910,5533,5557,5243,5290,2380,117,5451,4540,63031,7996,51,7972.328503,6832.207113,8404.94494,2759.406402,1295.050578,1393.956928,8017.427067,8289.532452,4657.494451,7333.798114,9250.528836,9226.660619,9312.489369,9298.276863,3.532171448,6384.175504,7443.984984,8894.932115,7658.544786,10387.00486,2569.600665,D1,N8,t
appliedMASKiso_flu_2mgml_roi3_8bit.ome,11,83.61902,51.11153333,0.907948333,4.00021,84.926,46.4845,0.916595,3.8995,30,54.2395667,19.71693066,0.046721872,0.890387609,11,4482,27.2443,3694,150,24.6267,20,1.2888,0.0183,0.1527,0.05066,131072,0.56637156,2699.386719,0.413290888,22.43683815,24.0582428,2520.0625,0.746562779,0.563507259,2702.403809,0.448405564,22.37416649,21.16225815,2390.116699,0.756564856,0.19990176,1229.700439,0.159036875,10.34080315,14.81894684,1329.283447,0.134203181,2mgml,flu,roi3,6723.717723,61349.15568,31984.40628,355.1888993,65198.48092,59606.29657,7125.105919,5434.350864,2692.480562,59848.88147,8759.7637,8766.144007,8610.435724,8634.08286,2379.875496,2980.957162,7644.682426,7871.979595,59835.89104,11329.34682,970.4591079,3752,65524,31751,14,65533,62866,3978,2775,781,62864,5615,5639,5347,5393,2380,136.5,5409,4649,62964,8203,57,8141.544281,6970.988926,8407.533865,2710.488551,1224.398296,1413.173615,8269.3822,8509.849577,4891.323803,7591.642765,9468.562866,9445.962971,9550.435935,9533.375829,4.58933609,6562.590314,7580.786619,9108.168312,7918.189751,10481.89783,2829.553031,D1,N8,t
appliedMASKiso_flu_2mgml_roi3_8bit.ome,12,78.61121034,49.00617241,0.914271724,3.901706897,82.185,45.056,0.916,3.8517,29,49.76811176,19.42479644,0.041910463,0.839115645,12,4184,29.3272,3439,141,24.3901,23,1.2746,0.0239,0.1432,0.1179,131072,0.5839082,2600.791992,0.435600817,21.35473824,23.56113052,2519.625732,0.758162916,0.584605813,2579.822266,0.457816333,21.11051178,20.88714981,2409.683105,0.770451427,0.202090159,1262.433105,0.15810971,10.42995167,14.86574078,1358.601074,0.133757219,2mgml,flu,roi3,6716.416097,60830.85423,31989.66738,296.0568829,65238.75904,59806.88119,7090.463629,5440.394035,2587.088359,60098.22616,8505.493304,8506.542357,8414.15787,8428.260284,2379.847786,2488.249522,7465.360417,7780.163182,60050.81709,11476.77208,872.9451929,3725,65520,31767,15,65533,62965,4001,2804,739,62996,5426,5449,5224,5260,2380,94,5035,4583,63070,8144.5,60,8072.941329,6872.857349,9023.231561,2758.96189,985.7920101,1208.022392,7954.345911,8350.040794,4766.047353,7252.506277,9209.2481,9182.736069,9306.181378,9286.33402,5.452937643,5768.989505,7763.888881,8959.535845,7604.774515,10770.69627,2493.8273,D1,N8,t
appliedMASKiso_flu_2mgml_roi3_8bit.ome,13,89.35844118,49.56382353,0.89857,3.9859,92.898,42.1305,0.910705,3.8542,34,48.51820979,19.88746733,0.052920328,0.945967187,13,4297,28.5034,3490,156,22.3718,23,1.2773,0.0189,0.1488,0.1081,131072,0.565137208,2708.228271,0.443528533,22.31381798,25.40573311,2653.378418,0.743113816,0.569352806,2677.357422,0.463297725,21.99383545,22.22366333,2546.379395,0.761216164,0.214797467,1335.289917,0.149496704,11.1061058,16.71590614,1462.613037,0.146427765,2mgml,flu,roi3,6862.347891,60205.71796,31935.27713,285.1406966,65240.38575,59752.37459,7291.382354,5631.850051,2606.106162,60078.39573,8542.225541,8538.207992,8504.835781,8510.040604,2379.857742,2591.075984,7460.079469,7909.356137,59999.9364,11702.64643,884.793977,3702,65513,31766,18,65533,63066,4069,2875,701,63120,5277,5296,5141,5166,2380,96,4785,4529,63172,8107,69,8191.529267,7041.76754,9604.852644,2735.537169,889.3582532,1138.347809,7975.908539,8497.681425,4646.344755,7247.619091,9280.723887,9249.617529,9397.851108,9374.317234,5.65420712,6091.937702,7910.431562,9073.01813,7629.119258,11066.4479,2396.551378,D1,N8,t
appliedMASKiso_flu_2mgml_roi3_8bit.ome,14,85.50162667,56.57036667,0.906129,3.724613333,95.012,50.187,0.918855,3.6371,30,46.86387251,23.52702167,0.047679374,0.779478935,14,4503,27.1079,3710,131,28.3206,27,1.2889,0.0198,0.1382,0.05541,131072,0.575431168,2713.794922,0.444773108,22.03371048,25.52011681,2729.999023,0.749634743,0.585455298,2727.418945,0.46895802,21.83977509,21.35568047,2506.560547,0.77120173,0.218641445,1333.6875,0.141543299,11.10830021,17.99738884,1639.000488,0.14866446,2mgml,flu,roi3,6794.6137,59567.07603,31954.07792,349.0098543,65223.26484,60005.10651,7143.358476,5569.272166,2504.273152,60355.92259,8250.396352,8241.734289,8236.687112,8237.689167,2379.848007,2589.99282,7346.171577,7743.265086,60264.43842,11673.23702,851.2927729,3469.5,65502,31758,21,65534,63405,3842,2704,597,63454,4828,4847,4723,4742.5,2380,92,4327,4200,63519,7715,59,8277.526894,7110.121805,10287.68923,2616.241547,1440.27731,1418.948319,7747.961974,8451.464331,4415.213623,6952.672113,9089.748503,9050.530408,9223.80872,9196.658723,4.927388714,6174.284674,7982.652462,9026.597489,7367.315153,11366.87438,2434.366358,D1,N8,t
appliedMASKiso_flu_2mgml_roi3_8bit.ome,15,82.22848966,55.57844828,0.912065862,3.784448276,86.236,46.708,0.91915,3.6717,29,44.88170222,25.95897405,0.045462511,0.793990822,15,4348,28.1456,3598,134,26.8507,22,1.2709,0.0298,0.1331,0.06806,131072,0.576601386,2741.00415,0.440171629,22.09158707,25.43754959,2736.38501,0.751176238,0.569560766,2860.482178,0.457538724,22.7163372,22.325737,2605.278564,0.760936797,0.215974197,1329.580078,0.143139616,10.94380283,17.83771515,1628.841675,0.145623669,2mgml,flu,roi3,6745.348368,59487.1202,31932.58524,482.8251291,65167.00134,60092.09444,7075.423448,5551.819962,2486.601568,60447.0975,8113.267855,8101.883469,8110.943345,8109.861685,2379.805603,2327.177003,7280.37232,7656.484156,60349.36312,11559.83358,928.76069,3316,65496,31755,20,65534,63568,3705,2633,536,63629,4582,4599,4493,4510,2380,88,4078,4007,63684,7429,60,8392.439516,7189.053959,10274.12023,2638.615933,2391.343516,2007.385715,7775.807235,8502.486935,4555.380695,6970.216283,9103.313321,9060.991335,9240.948533,9212.838832,5.771210908,5706.620046,8084.563786,9099.08707,7396.085317,11420.71054,3034.21976,D1,N8,t
appliedMASKiso_flu_2mgml_roi3_8bit.ome,16,78.80734828,57.65906897,0.918296207,3.82487931,82.648,43.404,0.92558,4.0355,29,46.37970773,29.80412018,0.035617909,0.712329456,16,4360,28.0626,3520,152,23.1579,20,1.2835,0.0114,0.144,0.1026,131072,0.557891965,2871.989502,0.431206167,23.2529335,25.83837509,2758.158447,0.739863575,0.530138969,3007.647461,0.446466535,24.29967117,25.14599228,2868.047607,0.734778225,0.209625691,1336.484375,0.135893464,10.93173313,16.15971375,1482.92981,0.139952675,2mgml,flu,roi3,6862.033286,59766.73668,31951.27703,426.5998243,65181.9439,59937.84047,7204.052785,5631.499201,2538.865055,60311.77111,8315.465009,8305.134471,8308.394708,8308.172758,2379.804047,2525.631471,7345.680313,7815.180863,60210.7775,11718.11319,936.9392316,3516,65511,31766,20,65534,63388,3887,2747,583,63479,4839,4851,4762,4777,2380,103,4244,4249,63512,7803,63,8421.311743,7252.371421,10200.76623,2560.670065,1863.848998,1745.663309,7878.085256,8594.875666,4583.326431,7046.961303,9205.560611,9163.142776,9346.098321,9317.433891,8.003333891,5937.41559,8037.371618,9165.493275,7481.488374,11449.36475,2961.283825,D1,N8,t
appliedMASKiso_flu_2mgml_roi3_8bit.ome,17,88.55140811,49.83013514,0.911251622,3.500005405,90,41.896,0.91162,3.2532,37,46.084057,19.76598436,0.029940357,0.846382282,17,4545,26.8389,3702,146,25.3562,26,1.2919,0.0191,0.1507,0.1153,131072,0.54387325,2963.063721,0.439858019,24.06269455,26.52628517,2835,0.730938256,0.521070004,3029.753418,0.459086031,24.58797073,26.33566475,3003.444092,0.728770673,0.20243603,1313.409546,0.126566738,10.76718998,15.230299,1400.593628,0.135890916,2mgml,flu,roi3,6896.074483,60192.84761,31970.90151,310.3053757,65233.96297,59919.56226,7270.67063,5694.631038,2503.128392,60314.35805,8347.195775,8336.100528,8357.000382,8354.094194,2379.846733,2313.928927,7315.968113,7857.853716,60200.10014,11845.15938,869.4480987,3618,65512,31774,20,65533,63305,3955,2789,606,63412,4978,4990,4900,4913,2380,97,4327,4371,63437,8010,62,8342.214431,7246.127462,9972.326898,2597.888586,998.9043175,1200.892343,7813.938026,8588.420255,4496.453143,6993.497485,9145.194357,9103.816669,9305.316627,9273.874144,4.81151067,5752.992472,7950.565992,9104.370168,7427.11721,11526.13122,2404.880006,D1,N8,t
appliedMASKiso_flu_2mgml_roi3_8bit.ome,18,98.91624333,53.21456667,0.925515333,3.985676667,113.82,43.1135,0.929095,3.6294,30,48.73352627,22.11139444,0.031072946,1.032248961,18,4679,26.013,3729,151,24.6954,19,1.2977,0.0199,0.1427,0.1323,131072,0.565007865,2811.769043,0.458770514,22.69452095,25.36952591,2778.848145,0.746386647,0.545286715,2917.632324,0.470075369,23.54842567,24.88770676,2926.47168,0.745022297,0.19755207,1285.355957,0.132454708,10.44974804,14.51412964,1379.970703,0.129713625,2mgml,flu,roi3,6769.91124,59783.44077,31949.76347,261.7076672,65269.35529,60092.31149,7056.107183,5504.967974,2429.409935,60469.59869,8162.811547,8153.399613,8161.001398,8160.087245,2379.807594,2261.219085,7261.182682,7694.746525,60367.13255,11754.75094,796.289276,3585,65503,31771,18,65534,63369,3864,2718,595,63469,4912,4929,4820,4836,2380,100,4327,4312,63499.5,7965.5,60,8210.993382,6968.533686,10189.59947,2581.165586,825.7136551,1050.895706,7644.656363,8343.692502,4400.830378,6854.64723,9003.726162,8967.096546,9139.137828,9112.174353,4.904612834,5356.5491,7938.927772,8953.19908,7267.979426,11501.8323,2208.309963,D1,N8,t
appliedMASKiso_flu_2mgml_roi3_8bit.ome,19,90.60266923,50.65597436,0.911094359,3.746641026,97.853,40.486,0.91777,3.5263,39,48.49423417,23.77555114,0.032746854,1.055041498,19,4535,26.9025,3709,160,23.1812,13,1.2906,0.0102,0.1543,0.1089,131072,0.546190977,2861.502441,0.455000728,23.41067123,26.49449348,2805.073486,0.732784271,0.534894466,2921.900635,0.463194728,23.79981995,25.12842751,2867.623291,0.73786217,0.202621087,1286.392822,0.135889769,10.59488106,15.22844791,1374.982056,0.136166543,2mgml,flu,roi3,6897.138379,60335.70834,31959.82199,310.611548,65231.54855,59898.15776,7250.995931,5638.313356,2528.636449,60286.49078,8379.569443,8371.314835,8382.347874,8380.87736,2379.797264,2305.495395,7329.794436,7871.181417,60178.64793,11840.44041,881.3518074,3711,65515,31777,18,65533,63217,4023,2846,637,63326,5102,5117,5013,5029,2380,86,4494,4483,63350,8195,63,8359.879918,7101.044497,9959.772778,2593.400854,1096.791693,1270.208044,7906.05607,8533.91902,4570.136319,7097.757112,9214.6085,9178.629891,9358.034216,9329.981697,5.44109897,5718.333845,7965.888039,9140.285268,7513.184199,11421.38361,2508.078077,D1,N8,t
appliedMASKiso_flu_2mgml_roi3_8bit.ome,20,96.25874857,53.40962857,0.921198571,3.695825714,107.22,43.16,0.92461,3.5292,35,39.38841437,22.67890135,0.02354548,0.849564253,20,4612,26.42,3715,156,23.8141,15,1.2937,0.0224,0.1529,0.1071,131072,0.555117667,2797.667969,0.442939758,22.90128899,25.76583862,2726.08667,0.73893261,0.560611486,2763.369385,0.462049484,22.50527,22.63788605,2668.368164,0.75482887,0.202571988,1253.63269,0.140790284,10.33552933,15.43879414,1404.833618,0.135783717,2mgml,flu,roi3,6827.917344,60518.29243,31962.80066,346.0667002,65215.5104,59986.33678,7140.609638,5565.602877,2520.383296,60362.23241,8308.2286,8299.155585,8298.757886,8299.063492,2379.793465,2478.880292,7250.953801,7790.77399,60263.18578,11713.43373,914.6480567,3629,65516,31767,18,65533,63333,3887,2761,605,63437,4985,4998,4882,4902,2380,104,4452,4372,63466,8058,59,8387.822914,7150.770536,9985.968407,2640.651461,1180.956646,1360.809358,7943.592088,8554.715323,4779.178981,7140.279543,9233.932468,9195.918024,9369.091223,9341.866295,6.841908041,5659.381772,7955.379653,9155.808733,7549.223191,11314.47812,2708.280532,D1,N8,t
appliedMASKiso_flu_2mgml_roi3_8bit.ome,21,83.17615455,55.395,0.911882121,3.939912121,87.709,45.559,0.93021,3.7783,33,45.53569427,22.29997403,0.045756482,1.151137025,21,4839,25.0868,3950,163,24.2331,22,1.3047,0.0279,0.1614,0.09426,131072,0.543491185,2849.512939,0.422827214,23.55582428,26.29604149,2721.314453,0.730556071,0.553554356,2826.378662,0.429121554,23.29272461,22.43069458,2528.66748,0.750014305,0.204135716,1220.409912,0.146333352,10.22766495,16.23654938,1441.914551,0.139042139,2mgml,flu,roi3,6867.834291,60847.7746,31940.73421,476.5865993,65140.55195,59895.04902,7276.50734,5704.127381,2600.882911,60274.27626,8385.371173,8374.063152,8385.666323,8384.196159,2379.768814,2527.529501,7264.411727,7853.822483,60168.66331,11612.77381,1063.918874,3568,65520,31764,18,65534,63385,3910,2775,586,63460,4928,4942,4834,4853,2380,92,4452,4308,63502,7946,57,8589.494817,7475.092043,9864.163652,2713.319796,1779.471648,1807.547329,8263.343511,8864.56599,5113.937501,7442.263221,9470.485498,9427.08205,9625.913869,9594.939369,7.37850538,6169.670381,8052.598817,9390.433949,7861.468939,11162.05097,3326.183862,D1,N8,t
appliedMASKiso_flu_2mgml_roi3_8bit.ome,22,92.4782381,59.96738095,0.907642381,3.704257143,90.818,48.725,0.91072,3.6532,21,42.73760809,32.84007536,0.042280771,0.828609129,22,4865,24.942,3960,186,21.2903,16,1.3091,0.023,0.1534,0.09242,131072,0.564832091,2794.141357,0.382064015,23.07191467,24.02393341,2510.952148,0.745286167,0.589898527,2769.500488,0.384405226,22.58764839,19.19734573,2185.566406,0.773182631,0.196320474,1169.309814,0.145408794,9.872035027,15.93622398,1419.289307,0.134407282,2mgml,flu,roi3,6530.847602,60678.89069,31960.6498,433.7546761,65185.4244,60245.12674,6964.923804,5474.529225,2300.035742,60623.82377,7984.565008,7973.351211,7986.302291,7984.618078,2379.787605,2756.940423,6808.227356,7471.901321,60527.19362,11224.60612,906.7770001,3432,65517,31753,14,65534,63505,3773,2704,555,63573,4743,4757,4636.5,4658,2380,112,4327,4143,63620,7673,55,8288.288127,7318.571121,9950.044282,2806.268875,1752.621763,1751.544598,7880.599833,8616.87026,4504.413812,6993.122218,9070.746001,9025.538052,9248.714594,9214.152278,6.286709905,6351.398873,7385.643358,9038.161399,7434.335741,10907.25437,3017.828926,D1,N8,t
appliedMASKiso_flu_2mgml_roi3_8bit.ome,23,87.36031212,56.62118182,0.907545152,3.670775758,94.917,46.606,0.92443,3.3963,33,46.0696177,24.56096368,0.048942225,0.891953582,23,5194,23.2355,4271,163,26.2025,28,1.3255,0.0298,0.1926,0.07663,131072,0.488181263,3181.125488,0.352735281,27.21122742,27.9485569,2646.060791,0.690353632,0.495527774,3162.654541,0.348811209,26.83918571,23.95194244,2480.903564,0.71122402,0.19642891,1151.923096,0.13881886,10.10017586,17.18835068,1255.671387,0.147430107,2mgml,flu,roi3,6727.273586,61729.74229,31786.83902,517.7758087,65114.33889,59772.57915,7142.132981,5585.327768,2610.008226,60067.25082,8586.645746,8581.532549,8481.985384,8497.358948,2379.749756,2894.818102,7557.926058,7808.571222,60024.05476,11329.16009,1088.549258,3780,65525,31720,15,65533,63034,4001,2846,747,63066,5448,5462,5239,5274,2380,117,5326,4615,63132,8279,67,8325.810344,7367.47187,8990.034825,2782.365619,2261.904158,2143.984761,8287.198316,8737.788937,4884.21869,7486.59327,9402.812071,9365.2616,9536.331121,9509.286315,5.689954286,6787.372948,7413.977312,9181.581628,7856.133598,10534.58661,3670.69092,D1,N8,t
appliedMASKiso_flu_2mgml_roi3_8bit.ome,24,85.69541111,51.98236111,0.917245833,3.711263889,97.202,45.425,0.924605,3.71935,36,47.94233912,18.68572394,0.045139254,0.731004297,24,4983,24.304,4229,172,24.5872,20,1.3123,0.0257,0.1835,0.08706,131072,0.500780106,3049.421387,0.370651573,26.12596512,27.2708931,2614.736816,0.699721277,0.512781858,3008.447754,0.376403809,25.64569855,23.26034927,2463.084717,0.722920895,0.198250353,1166.735962,0.144455776,10.17111111,16.56183815,1255.976563,0.146807432,2mgml,flu,roi3,6598.70968,61557.56535,31848.447,426.281345,65175.12018,59914.08392,6962.701333,5434.622037,2594.556423,60187.50711,8430.969953,8427.165318,8323.566309,8339.517902,2379.789566,2993.831907,7388.388209,7660.327205,60153.01951,11188.63418,1010.03647,3649,65525,31723,16,65533,63137,3796,2704,728,63151,5323,5341,5087,5127,2380,135,5284,4471,63224,8041,57,8170.290816,7146.568373,9174.267096,2817.891598,1867.472469,1824.899332,8146.250271,8509.12514,5038.050889,7454.652715,9303.686937,9271.960297,9405.229454,9383.910405,5.249822567,6880.589019,7376.313283,9021.631445,7780.634347,10476.93383,3279.252579,D1,N8,t
appliedMASKiso_flu_2mgml_roi3_8bit.ome,25,91.44323333,52.44148148,0.894704074,3.457703704,94.185,49.958,0.91107,3.4342,27,53.89105407,17.34127229,0.089934906,0.764705368,25,4476,27.2835,3730,167,22.3353,16,1.2814,0.019,0.1381,0.07412,131072,0.582101464,2643.537109,0.395398647,22.01413155,22.39687729,2382.414063,0.757598817,0.604459643,2453.668457,0.38734147,20.39209366,19.46100235,2232.875,0.782800436,0.191503242,1259.588745,0.155364841,10.5310812,13.86434364,1288.327515,0.129350156,2mgml,flu,roi3,6107.404983,60301.12815,31915.10943,306.3469355,65280.21784,60677.81646,6509.43742,5125.502764,1987.979151,61038.59856,7489.817569,7478.402268,7494.992067,7492.757039,2379.77861,2709.354388,6307.651773,6997.531529,60952.92663,10748.93684,696.7158693,3254,65511,31733,13,65534,63640.5,3455,2462,504,63702,4518,4530,4402,4422,2380,101,4203,3927,63763.5,7314,41,7765.094239,6976.41409,10238.56864,2731.918378,1326.178887,1344.674359,7306.322301,8166.208546,3891.363485,6459.318304,8499.063989,8456.303313,8690.558219,8654.207669,5.400812463,6446.847343,6636.207883,8465.805147,6882.68848,10578.76026,2335.065594,D1,N8,t
appliedMASKiso_flu_2mgml_roi3_8bit.ome,26,79.25634348,51.29952174,0.908905217,3.638826087,88.21,40.569,0.90902,3.573,23,49.53342232,22.03491402,0.050516964,1.031254039,26,4329,28.2779,3606,174,20.7241,23,1.2757,0.0177,0.1312,0.07119,131072,0.597364426,2550.775146,0.406478614,21.1232605,21.57699013,2348.300537,0.768497288,0.610551,2427.233154,0.40027684,20.12779617,19.10831261,2202.916504,0.786848783,0.184888229,1217.512573,0.157252744,10.07441616,13.16732979,1269.835449,0.121934347,2mgml,flu,roi3,6028.364484,60008.89284,31924.50494,314.66711,65278.41952,60775.54258,6431.255149,5074.778609,1937.746941,61144.00507,7340.535089,7327.06187,7358.119607,7353.73202,2379.777184,2535.345786,6199.122596,6890.086777,61054.73523,10615.83646,703.1374304,3209,65503,31739,12,65534,63694,3432,2476,476,63766,4408,4418,4315.5,4331,2380,104,4036,3866,63813,7219,39,7736.736896,6973.483151,10309.71395,2782.114932,1416.051733,1374.605424,7233.872094,8144.994089,3831.861149,6357.917028,8418.510562,8371.867587,8618.803719,8580.608973,6.277626713,6220.493507,6682.660424,8425.299483,6793.175892,10556.40776,2380.155699,D1,N8,t
appliedMASKiso_flu_2mgml_roi3_8bit.ome,27,99.799,60.04563636,0.895788636,3.847254545,107.66,56.36,0.91148,3.84085,22,48.32987023,22.71925154,0.056646592,0.778654329,27,4423,27.6344,3693,141,26.1915,21,1.2735,0.0162,0.1402,0.1087,131072,0.576217473,2603.386719,0.420535594,21.79517555,23.17547607,2441.101563,0.753565311,0.584761381,2513.190674,0.440395176,20.99303436,19.94924545,2237.457031,0.770422101,0.19327046,1225.844604,0.155738607,10.29319,14.29153538,1280.835327,0.130627021,2mgml,flu,roi3,6128.836349,60387.2292,31945.00963,362.7683156,65245.36433,60612.66709,6556.309013,5160.950967,2041.101427,60984.81276,7501.260572,7488.776403,7510.31426,7507.356907,2379.791817,2412.018387,6308.935381,7018.977825,60894.47459,10668.9901,793.2606461,3230,65513,31739,13,65534,63631.5,3455,2476,493,63706,4476.5,4489,4370,4388,2380,96,4119,3896,63763,7247.5,41,7894.288445,7071.343949,9952.223911,2801.953843,1566.523798,1525.021066,7502.423716,8331.152313,4034.574241,6614.934718,8663.548409,8617.530775,8863.211653,8825.335007,5.386809609,5915.451409,6777.866821,8634.625982,7060.31651,10572.69289,2727.878081,D1,N8,t
appliedMASKiso_flu_2mgml_roi3_8bit.ome,28,85.27314286,54.11171429,0.921978214,3.618460714,91.008,44.333,0.920985,3.45605,28,48.64164522,27.9189141,0.031687458,0.757026824,28,3766,32.8043,3149,143,22.021,19,1.2366,0.0188,0.1206,0.05389,131072,0.615010142,2376.729004,0.446201712,19.54952621,21.53072548,2357.596924,0.779281497,0.636177123,2272.963379,0.464435875,18.49903679,17.78104973,2140.469482,0.802809238,0.194914177,1211.941895,0.153751716,10.06902981,14.36603928,1361.461426,0.12760067,2mgml,flu,roi3,5941.697507,59334.18414,31997.73354,351.9068387,65264.44652,60878.22475,6257.552777,4944.473918,1986.077712,61233.64574,7160.579468,7147.879147,7171.168564,7167.945845,2379.777672,2603.279105,6179.888719,6754.361014,61155.9474,10431.23733,752.3842805,2998,65473,31752,13,65534,63853,3251,2348,430,63899,4105,4117.5,4027,4041,2380,103,3745,3607,63964,6776,37,7807.451542,6811.354942,10477.17143,2712.725945,1567.132108,1482.101445,7265.366374,8003.731567,4170.774758,6427.958816,8488.630704,8447.925497,8639.515792,8609.840905,7.716778898,6300.810136,7060.760249,8479.455367,6832.307712,10658.06274,2752.050194,D1,N8,t
appliedMASKiso_flu_2mgml_roi3_8bit.ome,29,87.88134815,48.36811111,0.914280741,3.914711111,91.637,44.315,0.93309,3.7269,27,47.07053724,14.66490734,0.052521099,1.000989873,29,3623,34.178,2983,124,24.0565,13,1.2201,0.0182,0.1168,0.04399,131072,0.616008997,2384.916992,0.446317524,19.58049202,21.91877556,2413.496338,0.778629422,0.651379466,2283.0896,0.455370665,18.64069939,16.77698517,2013.27771,0.811559498,0.204310954,1254.380737,0.16236195,10.41468811,15.33335972,1483.585815,0.133719489,2mgml,flu,roi3,5845.188648,58710.50244,31925.33433,376.4428486,65257.24632,61000.20944,6185.052951,4927.835538,1917.826888,61368.1981,6951.432039,6934.046806,6987.608504,6979.884705,2379.804886,2786.340062,5958.950911,6612.09538,61277.76203,10275.56211,761.8490462,2825,65433,31733,12,65534,63971.5,3069,2192,395,63996,3874,3885,3805,3816,2380,94,3495,3408,64070,6412,37,7832.978577,6899.499665,10568.74069,2661.949142,1565.742795,1472.304343,7181.571026,8046.867164,4223.81471,6330.015178,8407.277083,8360.665501,8577.963807,8544.368922,6.14600253,6267.74143,7037.059948,8459.785146,6752.184986,10782.9259,2780.286398,D1,N8,t
appliedMASKiso_flu_2mgml_roi3_8bit.ome,30,103.3968846,48.84192308,0.911179231,3.769592308,108.355,45.9485,0.914095,3.77115,26,38.71790598,16.18022949,0.044263815,0.615830846,30,3694,33.4827,2991,134,22.3209,17,1.223,0.0204,0.1013,0.1119,131072,0.640817344,2254.489258,0.466629684,18.18303108,21.27464676,2440.847168,0.794625759,0.673080683,2113.382324,0.492579013,16.93397522,16.77514076,2159.48877,0.82486558,0.207832739,1279.924194,0.170141682,10.38582993,15.45548153,1598.426514,0.131658807,2mgml,flu,roi3,5650.979059,57926.39204,31867.22292,340.3167522,65289.91138,61257.45444,5947.858356,4815.741489,1750.521085,61622.49497,6587.442691,6564.751833,6635.212893,6625.056425,2379.755653,2679.409816,5771.432934,6336.094963,61525.36239,10042.2997,644.5503084,2564,65124,31714,14,65535,64144,2773,1992,340,64138,3514,3520,3445,3458,2380,101.5,3246,3086,64235,5858,31,7677.463667,6891.162386,10543.21545,2710.883273,1478.009478,1329.219832,6801.17042,7893.215377,3608.746791,5895.324905,8069.862724,8015.549457,8258.728911,8221.214747,6.358443545,6287.361907,6841.587506,8219.196592,6360.743448,10906.36792,2096.027592,D1,N8,t
appliedMASKiso_flu_2mgml_roi3_8bit.ome,31,96.32105862,55.69534483,0.92116,3.695286207,97.595,48.792,0.91865,3.7315,29,43.20165467,22.13140095,0.030199656,0.705990509,31,3820,32.3123,3059,127,24.0866,12,1.2322,0.0162,0.1176,0.09663,131072,0.59902364,2449.531738,0.473558873,19.97439384,24.11701775,2641.164063,0.767100215,0.604317248,2434.481689,0.507555127,19.7830677,20.8238163,2481.835205,0.783484697,0.212971836,1265.829834,0.157095492,10.43960762,16.50662422,1580.498291,0.139749244,2mgml,flu,roi3,5866.707637,58904.31667,31994.68703,370.5362657,65266.36304,61026.22942,6170.098998,4948.336491,1892.899241,61397.54892,6879.256461,6858.821426,6925.563819,6915.914713,2379.766896,2289.191104,6040.655619,6596.216899,61296.30851,10334.14353,707.8976824,2674,65416,31745,16,65534,64066,2910,2078,358,64072,3646,3656,3587,3599,2380,92,3329,3216,64160,6086,34,7834.770813,6863.580426,10239.59391,2676.323841,1792.83311,1494.938761,7052.783014,7971.781503,3822.560334,6165.93902,8341.386266,8293.195424,8504.171221,8471.647431,7.713026854,5416.790127,7113.508196,8425.166892,6609.617088,11004.50036,2238.172029,D1,N8,t
appliedMASKiso_flu_2mgml_roi3_8bit.ome,32,99.87247059,47.29708824,0.896420882,3.759329412,100.305,37.9125,0.90658,3.71065,34,46.46598802,21.55205649,0.057989439,0.777156126,32,3999,30.7764,3314,127,26.0945,18,1.258,0.0187,0.1133,0.08405,131072,0.605563879,2415.075439,0.48543334,19.59709167,23.89423561,2664.384277,0.771835983,0.588360727,2522.542236,0.523296714,20.52367973,22.41444016,2681.659912,0.772527814,0.207507834,1237.051147,0.153073683,10.17734241,16.03937531,1555.341064,0.135337576,2mgml,flu,roi3,5777.421973,58318.75872,31926.81945,270.4752667,65312.00514,61167.50986,6030.261349,4831.613582,1868.785711,61512.0967,6739.372388,6720.191035,6778.252215,6769.896298,2379.783691,2554.201475,6058.232595,6478.859519,61416.6157,10286.04211,647.4828552,2681,65298,31738,16,65534,64103,2864,2049,352,64116,3600,3609,3537,3550,2380,106,3287,3198,64201,6124.5,31,7662.926482,6695.930311,10439.73779,2632.784702,822.9882847,954.8619404,6815.529459,7782.514751,3732.15593,5977.746599,8133.590299,8086.077861,8291.006971,8259.298584,6.642850741,5926.707566,7167.915138,8236.124712,6421.90021,10976.02621,1865.563278,D1,N8,t
appliedMASKiso_flu_2mgml_roi3_8bit.ome,33,101.0461786,46.36567857,0.925378929,3.742346429,105.485,44.568,0.924225,3.71015,28,45.80529758,13.09162556,0.024643556,0.729316707,33,3925,31.3944,3288,150,21.92,17,1.251,0.0254,0.1207,0.03196,131072,0.589201868,2508.429688,0.471636862,20.49115372,24.49224854,2695.73999,0.761879444,0.562609971,2598.911621,0.50644362,21.27562332,23.37440681,2690.660645,0.756805599,0.203614473,1203.305664,0.149067283,9.971390724,15.74732018,1533.271606,0.133246377,2mgml,flu,roi3,5796.201324,58485.09692,31931.49648,293.4018058,65304.95285,61162.91024,6077.702221,4843.948013,1851.658446,61512.32426,6802.578365,6785.29191,6847.921305,6838.813051,2379.854988,2506.48753,6037.944348,6521.553349,61420.99251,10353.47087,627.6600119,2839,65383,31750,15,65534,64003,3091,2220,378,64054,3792,3797,3753,3762,2380,93,3370,3394,64114,6456,29,7597.885008,6624.993375,10843.50128,2531.660416,979.8595917,1058.353368,6745.513593,7715.152285,3613.183724,5882.193159,8033.416391,7986.923767,8201.338761,8168.15193,5.272048977,6057.1472,7004.179161,8152.08092,6320.957884,10804.4813,1864.409966,D1,N8,t
appliedMASKiso_flu_2mgml_roi3_8bit.ome,34,99.27348182,46.2270303,0.911120606,3.729251515,101.63,38.48,0.93172,3.6419,33,43.82578117,18.42703078,0.054713509,0.630707906,34,4090,30.0472,3440,140,24.5714,18,1.2583,0.02,0.1242,0.04772,131072,0.586751282,2512.517822,0.469223082,20.59575653,24.43390846,2679.016357,0.760630071,0.578515351,2491.211182,0.489008725,20.36190414,22.34511375,2603.010254,0.767152548,0.200554729,1192.870239,0.149803147,9.899740219,15.51806831,1507.792725,0.131794438,2mgml,flu,roi3,5819.434808,58705.78909,31996.78835,316.2205646,65291.79047,61123.34237,6155.153335,4897.110862,1842.004841,61481.01717,6852.623286,6835.726604,6898.658627,6889.486925,2379.824516,2607.761327,6027.988204,6558.012157,61385.09621,10392.62465,634.8518389,2912.5,65441,31750,14,65534,63925,3228,2305,399,63985.5,3924,3928,3880,3890,2380,108,3495,3492,64043,6617,31,7601.410671,6698.451878,10632.70272,2613.732994,1124.500183,1165.324486,6728.268039,7772.354286,3516.988939,5833.686396,7977.035147,7927.524303,8169.620787,8132.266632,5.205849204,6192.215449,6840.198824,8136.109888,6295.353697,10738.14086,1930.25099,D1,N8,t
appliedMASKiso_flu_2mgml_roi3_8bit.ome,35,103.471292,55.18236,0.906016,3.900624,106.7,43.973,0.91062,3.6201,25,44.35110752,28.5433462,0.047876223,0.81586513,35,4211,29.1263,3527,149,23.6711,25,1.2732,0.0214,0.1149,0.05506,131072,0.612703025,2334.097168,0.482494265,18.99754524,23.1749649,2610.383301,0.778331995,0.620645821,2300.283447,0.512735367,18.57649231,20.03265762,2404.762451,0.793586135,0.195411101,1119.475464,0.162724257,9.272557259,15.17007351,1516.976807,0.125706866,2mgml,flu,roi3,5766.681572,58529.96117,31959.97755,357.1765819,65278.46686,61241.661,6096.881049,4875.96211,1781.906985,61602.81426,6732.538046,6712.530789,6789.2305,6778.042156,2379.78949,2136.776824,5927.534579,6476.870161,61497.43876,10332.21934,656.5135001,2933,65398,31743,12,65534,63937,3182,2291,399,63993,3952,3956,3892,3900,2380,76,3537,3511,64049,6648,31,7565.185256,6651.619639,10862.23111,2666.345663,1368.083847,1316.402911,6631.24169,7708.349211,3556.91232,5755.914363,7843.572841,7791.178719,8049.394037,8009.670584,5.930280356,5317.765273,6743.898348,8061.085485,6223.399343,10659.36052,2176.670553,D1,N8,t
appliedMASKiso_flu_2mgml_roi3_8bit.ome,36,93.84456,51.31268,0.9100784,3.923884,101,41.674,0.91078,3.9547,25,45.73982815,20.09879978,0.044890233,0.906444866,36,3998,30.7846,3389,137,24.7372,25,1.2645,0.0205,0.1122,0.07711,131072,0.629374862,2242.229248,0.486831218,18.13805008,22.17749977,2550.500732,0.789373517,0.644453824,2209.535645,0.518523216,17.79662704,18.46759415,2270.155273,0.807430387,0.18906866,1058.825806,0.164921954,8.738327026,14.81666279,1520.102173,0.120232932,2mgml,flu,roi3,5757.797037,58343.74789,31977.78245,445.135183,65242.7821,61276.20164,6018.078354,4835.82286,1843.751495,61611.14458,6720.766195,6701.106961,6749.657887,6742.769586,2379.812973,2530.805167,6001.542514,6451.692584,61520.39033,10319.22869,711.9782632,2962,65382,31744,11,65534,63922,3182,2291,419,63969,3991,3999,3928,3937,2380,114,3620,3545,64034,6701,32,7583.488099,6593.464013,10908.17414,2591.425868,1938.089684,1667.329926,6602.326652,7583.972941,3907.235355,5793.515272,7818.181959,7766.513825,7984.972255,7951.22833,6.004374639,5890.514513,6845.758388,8038.657919,6227.601693,10624.12933,2674.452838,D1,N8,t
appliedMASKiso_flu_2mgml_roi3_8bit.ome,37,102.3668808,52.17215385,0.913234231,3.776861538,115.69,42.7055,0.914915,3.5515,26,54.91250393,25.62909987,0.038289836,1.019729792,37,4091,30.0393,3350,161,20.8075,21,1.272,0.0206,0.1043,0.09204,131072,0.661557794,2136.130615,0.483052135,16.99097443,19.8403759,2375.993408,0.81042254,0.680626512,2089.546387,0.49968493,16.45564651,16.04731941,2025.751465,0.829035521,0.177310273,1059.859863,0.156655937,8.556282043,13.36490059,1457.818604,0.109950647,2mgml,flu,roi3,5578.250918,58089.2552,31952.82993,348.2333363,65299.83573,61510.00158,5782.584898,4681.541722,1694.83551,61817.15788,6487.250554,6466.275605,6501.767012,6496.91482,2379.795517,2475.335151,5886.442333,6231.62532,61737.78892,10192.22118,589.6462537,2877,65323,31743,10,65534,64021,3046,2206,406,64034,3877,3883,3797,3812,2380,92,3662,3432,64115,6533.5,32,7248.681023,6417.827415,11216.88277,2569.63969,1698.203471,1453.598878,6154.950953,7272.688685,3533.064318,5367.723647,7429.510331,7376.78934,7587.199534,7554.42717,6.546808252,6048.02412,6538.77139,7658.832462,5798.380583,10563.23761,2376.094318,D1,N8,t
appliedMASKiso_flu_2mgml_roi3_8bit.ome,38,92.71505714,52.45902857,0.915583143,3.597765714,92.726,47.534,0.92458,3.5561,35,55.58383006,22.11897587,0.041398306,0.767490666,38,4588,26.5686,3748,142,26.3944,21,1.2919,0.0209,0.1249,0.03984,131072,0.643552065,2254.827148,0.456342995,18.23635101,19.3830719,2244.511963,0.800569892,0.661410034,2153.989746,0.473110884,17.33811188,17.06271172,2119.973633,0.818142235,0.164614499,1069.575073,0.142998457,8.653019905,11.24463749,1165.622559,0.103280693,2mgml,flu,roi3,5537.920725,58482.02265,31917.83855,184.5952754,65371.66122,61460.02273,5888.402821,4698.322239,1637.240496,61778.48795,6602.175149,6585.640998,6622.510125,6617.318345,2379.784966,2434.183351,5845.922891,6267.442363,61698.30188,10215.70501,474.8708054,3091,65460,31731,10,65534,63867,3364,2419,461,63896,4177,4185,4101,4115,2380,92,3828,3697,63966,6960,42,6723.483613,6091.18687,11390.61015,2627.91606,884.3731249,903.5122721,5827.008836,6982.915804,3037.253752,5024.998573,7155.036775,7110.242149,7317.79836,7285.410067,7.407986725,5912.155179,6119.990835,7241.35328,5447.415713,10155.42083,1624.707979,D1,N8,t
appliedMASKiso_flu_2mgml_roi3_8bit.ome,39,98.04672059,51.32876471,0.928367941,3.483897059,109.37,41.9025,0.935955,3.5334,34,54.33028379,22.72859667,0.0357815,0.6251189,39,4688,25.9593,3800,146,26.0274,23,1.2958,0.0181,0.1224,0.05334,131072,0.662682235,2130.810303,0.443395406,17.29503441,17.75909615,2070.302734,0.812632442,0.67470181,2002.896851,0.4671911,16.3139534,16.46496773,2032.700195,0.825625598,0.155241176,1012.785156,0.152458802,8.213457108,10.08968163,1058.5448,0.095810004,2mgml,flu,roi3,5256.783073,58383.61884,32062.20135,145.2403501,65400.05934,61683.75185,5620.344823,4477.58123,1546.605462,61955.68991,6323.918686,6309.890836,6338.960987,6334.896409,2379.820534,2404.563943,5612.511712,5975.169554,61898.60204,9776.864013,428.367192,2909,65451,31746,10,65534,64003.5,3182,2249,435,64008,3974,3982,3895,3913,2380,101,3662,3496,64092,6582,40,6311.834171,5840.263439,11606.73027,2705.846717,575.1845116,662.5480861,5483.877611,6688.068095,2744.071798,4734.077331,6832.220527,6791.031086,6993.971151,6962.214274,10.39238392,5867.296553,5784.565999,6862.375005,5143.104669,9746.314462,1311.249206,D1,N8,t
appliedMASKiso_flu_2mgml_roi3_8bit.ome,40,100.1180029,51.32485294,0.910902059,3.489870588,102.168,46.731,0.92257,3.45535,34,55.68097931,23.01091887,0.040212029,0.56731515,40,4461,27.382,3622,134,27.0299,15,1.2895,0.0254,0.1278,0.04203,131072,0.644116461,2204.897461,0.41008231,18.2516346,18.16810799,2038.525513,0.801303685,0.658049047,2149.759033,0.415487826,17.74162483,16.10037994,1896.542114,0.815675974,0.1551909,953.5784302,0.158433363,7.901203632,10.41481113,1052.049194,0.096790388,2mgml,flu,roi3,4935.83801,58640.02008,32043.47681,180.1955005,65396.25081,61865.8958,5390.073248,4259.107097,1445.462249,62088.55663,6099.258364,6089.078333,6089.594278,6089.788374,2379.896538,2610.144228,5295.846719,5674.11427,62062.88232,9189.187343,446.6068829,2633,65486,31744,10,65535,64192,2955,2064,386,64147,3707,3717,3609,3628,2380,114,3537,3202,64264,5999,36,6026.337202,5569.272711,11787.65084,2860.668263,1016.769712,876.033324,5369.858229,6468.6633,2632.952173,4670.337663,6725.501959,6691.241,6857.444525,6831.112123,5.6305853,6205.373308,5419.211408,6638.070222,5047.278471,9288.115985,1574.291769,D1,N8,t
appliedMASKiso_flu_2mgml_roi3_8bit.ome,41,89.135675,51.71518421,0.912284737,3.539805263,93.26,43.9185,0.92042,3.5569,38,53.34920778,24.03415962,0.04664353,0.639579455,41,4721,25.7638,3769,125,30.152,20,1.2988,0.0156,0.1388,0.04644,131072,0.612211108,2315.222656,0.399648875,19.56185341,19.76646423,2119.66626,0.780964315,0.621758878,2314.147461,0.409074694,19.46797752,17.3960495,1964.294556,0.793630242,0.161039948,915.4945068,0.160406873,7.791701794,11.33337879,1066.956299,0.103064872,2mgml,flu,roi3,4749.776943,58652.172,32031.62215,175.7324785,65399.84208,61897.58302,5237.35344,4086.481057,1477.033311,62056.63531,6025.649886,6020.990027,5984.095736,5989.864165,2379.825874,2790.25837,5224.962356,5515.70282,62069.69865,8778.08727,487.6006674,2426,65490,31743,12,65535,64286,2728,1907,366,64197,3546,3559,3405,3428,2380,113,3578,2985,64334,5556,33,5892.500648,5351.461398,11801.46051,2971.205122,778.8770621,747.0038481,5422.288558,6358.46696,2727.317118,4800.220087,6791.866965,6769.8454,6893.085739,6873.02142,7.073950705,6475.860349,5305.784534,6577.020128,5123.459931,9041.42402,1639.386332,D1,N8,t
appliedMASKiso_flu_2mgml_roi3_8bit.ome,42,93.42112,47.65794286,0.921924857,3.802782857,100.12,42.248,0.93449,3.8286,35,59.19474695,16.79333856,0.045700413,0.851872036,42,4425,27.621,3604,146,24.6849,17,1.281,0.0229,0.1331,0.04428,131072,0.615211904,2311.781494,0.385863781,19.567173,19.4787426,2071.031006,0.782011747,0.630047977,2301.775391,0.394270271,19.39637947,16.84592247,1892.79834,0.798430741,0.167612135,949.248291,0.153825879,8.137782097,11.82048512,1092.123413,0.108408637,2mgml,flu,roi3,4364.171004,58511.02039,32115.61884,130.071392,65432.72265,62230.73556,4875.036624,3802.958289,1344.115151,62341.26862,5598.318487,5594.641271,5540.016841,5548.471394,2380.361877,2642.218232,4935.638467,5087.158572,62380.9096,8185.459818,417.2986531,2082,65485,31752,10,65535,64532,2410,1679,295,64408,3108,3118,2957,2983,2380,110.5,3204,2573,64571,4830,29,5537.608978,5072.288485,11938.72399,3137.378415,466.3419495,514.8685478,5066.779101,6037.617253,2582.428657,4497.434623,6484.835716,6464.534857,6564.568701,6548.080724,174.5431855,6026.309105,5149.098123,6222.919509,4802.324461,8741.430646,1341.383229,D1,N8,t
appliedMASKiso_flu_2mgml_roi3_8bit.ome,43,91.66334286,49.46960714,0.912941429,3.852489286,95.428,44.1935,0.92032,3.69825,28,56.39157749,23.38305231,0.043706859,0.728932684,43,4809,25.2558,3878,140,27.7,19,1.3034,0.0165,0.1453,0.02202,131072,0.583611369,2450.615234,0.376556873,21.0593853,21.13105583,2151.55542,0.76066184,0.595465958,2420.548584,0.377286375,20.71102524,18.27310562,1982.075073,0.777264178,0.174627289,967.4836426,0.149957553,8.450387955,12.84756374,1101.130615,0.117550641,2mgml,flu,roi3,4180.145682,58559.77538,32160.68786,128.4784763,65433.5834,62252.15391,4703.52277,3648.193018,1420.346939,62276.83226,5549.364896,5549.938567,5447.304748,5462.987112,2379.929489,2645.214029,4982.548948,4936.322879,62359.83915,7772.623828,457.6488144,1953,65485,31757,11,65535,64580,2250,1565,305,64406,3002,3009,2819,2848,2380,114,3329,2434,64596,4527,31,5317.434467,4901.040767,11863.34932,3202.420992,451.4063222,492.5434001,5043.795831,5892.970834,2634.052334,4582.956572,6464.342695,6452.007532,6510.927707,6500.405865,5.488531702,6144.033,5036.013934,6071.781874,4835.298859,8343.810604,1371.144101,D1,N8,t
appliedMASKiso_flu_2mgml_roi3_8bit.ome,44,90.27841143,49.25377143,0.915265714,3.50968,101.31,43.378,0.92276,3.4903,35,54.60569106,20.19082187,0.047623697,0.717100985,44,4786,25.3867,3806,137,27.781,21,1.3015,0.0193,0.141,0.01441,131072,0.590276957,2370.882813,0.374183238,20.49925232,20.77548409,2093.208984,0.764515698,0.604592323,2353.284424,0.395337939,20.21948242,17.60760307,1910.967285,0.782792807,0.177174911,925.7764893,0.149597198,8.205172539,13.39099884,1111.911987,0.11998602,2mgml,flu,roi3,3813.119896,57937.07533,32178.58963,167.4073412,65427.40897,62520.10378,4264.936807,3274.15664,1326.711378,62489.37683,5162.381511,5166.806231,5027.387959,5048.596077,2379.974304,2619.817531,4768.435357,4528.871566,62610.33868,7117.099035,464.0723998,1774,65448,31743,9,65535,64678,2069,1437,277,64477,2734,2748,2564,2592,2380,134,3079,2212,64681,4114.5,28,4977.438388,4438.86679,11993.02125,3255.20001,739.7719164,663.1440491,4770.714007,5428.629877,2565.146209,4344.380216,6151.289661,6145.75322,6148.54977,6146.585845,6.417413254,6199.033026,4904.347713,5711.230372,4558.472755,7781.107988,1660.270892,D1,N8,t
appliedMASKiso_flu_2mgml_roi3_8bit.ome,45,89.64443913,53.54726087,0.919885652,3.769078261,96.789,40.177,0.93172,3.6407,23,46.08029996,30.2392913,0.055661957,0.86016614,45,4482,27.2443,3579,127,28.1811,20,1.281,0.0187,0.1298,0.01135,131072,0.610447407,2207.313477,0.381276101,19.17597389,19.68619537,2008.365723,0.777979016,0.63195014,2150.618896,0.402007341,18.46969223,16.67048454,1837.60376,0.799690962,0.174839884,875.2589722,0.160133809,7.851012707,13.02269745,1127.197754,0.115822256,2mgml,flu,roi3,3451.098494,57214.2422,32316.6573,229.6940414,65418.49484,62828.93848,3924.081286,3010.656557,1187.430133,62761.78881,4706.184606,4710.316446,4585.711461,4604.665414,2379.972221,2759.392595,4368.157051,4116.167001,62899.35143,6451.396479,469.1069307,1642,65379,31747,8,65535,64760,1932,1338,254,64552,2553,2561,2391,2416,2380,132,2788,2060,64759,3809,24,4607.908776,4244.082922,12453.05731,3360.667296,1312.011073,944.1589019,4418.061417,5150.776483,2394.325456,4014.396341,5696.108355,5687.185658,5718.481544,5712.302284,10.3456026,6579.458516,4598.024579,5304.477042,4238.368275,7113.756373,2066.487975,D1,N8,t
appliedMASKiso_flu_3mgml_roi1_8bit.ome,1,57.10443333,57.11979487,0.921325641,3.8043,45.764,50.378,0.92542,3.6917,39,46.41765303,27.95119798,0.036152296,0.97928879,1,4314,28.3832,3559,33,107.8485,28,1.2642,0.0173,0.0012,0.3429,131072,0.457073718,295.307312,0.299687028,8.669647217,8.27033329,221.3742371,0.686496139,0.465328544,292.3834839,0.301054746,8.559171677,7.402297974,214.7049255,0.702714562,0.174500912,92.94221497,0.121971346,2.76195097,4.198969364,86.30867767,0.121863179,3mgml,flu,roi1,4966.343882,63715.91672,32493.14694,125.5088189,65395.31016,60605.61185,1944.512731,1144.869459,1898.295,60519.37317,7231.436186,7231.297612,6954.894995,7014.844809,35149.27951,2495.143004,7503.26147,6426.3544,60572.61092,4835.557685,577.7980834,3618,65535,32495,8,65533,62510,896,518,630,62439,5355,5355,5122,5169,35121,203,5607,4709,62484,4965,51,4537.311295,1637.732066,6285.549838,3088.14239,447.2114075,594.6456922,5421.859703,2594.245088,3142.378893,5470.403732,6429.253724,6429.222283,6246.037464,6287.015289,130.1693198,3702.090184,6587.800663,5816.132377,5442.775371,2611.731989,1685.708184,D1,N8,t
appliedMASKiso_flu_3mgml_roi1_8bit.ome,2,60.14973171,61.75563415,0.905568049,3.429707317,58.046,45.75,0.92002,3.2304,41,39.18753724,35.2296601,0.059370284,0.682289126,2,4299,28.4892,3435,36,95.4167,27,1.261,0.023,0.0008,0.3646,131072,0.482579738,283.0783997,0.319618404,8.210658073,7.883399487,218.6408081,0.705169916,0.485078573,280.0349731,0.331313163,8.098987579,7.284621239,217.1607208,0.716980219,0.172918603,92.98493195,0.122334637,2.726067305,3.957561255,86.14525604,0.117249511,3mgml,flu,roi1,5160.885681,63665.01332,32478.51583,78.84056627,65425.13558,60388.18307,1743.61158,1029.869949,1959.679659,60292.69868,7531.440045,7531.28052,7239.201211,7302.435088,35149.5693,2494.460928,7826.481502,6684.148298,60348.94439,4955.252765,520.8045562,3850,65535,32519,8,65532,62276,896,518,698,62200,5702,5702,5452,5511,35121,203,5956,5011,62247,5249,64,4649.420539,1448.678036,6513.402875,3006.373584,219.9207856,381.5745387,5570.418539,2145.917934,3111.790517,5637.285033,6646.738526,6646.660789,6438.266565,6484.364316,138.0094925,3763.060936,6844.397944,5978.46238,5603.483074,2635.798846,1321.140251,D1,N8,t
appliedMASKiso_flu_3mgml_roi1_8bit.ome,3,64.83096,57.65344444,0.917410889,3.499202222,55.305,49.489,0.92912,3.2665,45,47.68435327,25.84652796,0.036401559,0.784912728,3,4623,26.3524,3724,45,82.7556,28,1.2865,0.018,0.001,0.3138,131072,0.473003983,289.1423035,0.318749636,8.399790764,7.964571476,221.0117645,0.699145019,0.462776572,290.6135559,0.32955116,8.444925308,7.74516058,227.9501343,0.702609301,0.165698797,92.44477844,0.117204003,2.700111866,3.680729151,80.76917267,0.112459987,3mgml,flu,roi1,5559.549321,63865.84414,32388.06828,94.24858286,65409.74109,59944.72355,1806.818668,1066.008848,2125.026547,59845.88623,8100.150972,8099.977875,7790.157594,7857.346446,35142.63757,2375.649728,8408.742825,7196.469054,59904.61073,5238.202562,555.3913027,4192,65535,32520,9,65531,61928,896,518,801,61847.5,6200,6200,5925,5989,35121,203,6465,5458,61896,5618,81,4949.624626,1706.510132,6173.251034,2889.700195,540.7345366,669.1424017,5932.979986,2651.498005,3322.06328,5986.536801,7014.911034,7014.8005,6814.526149,6859.333823,197.05722,3609.49409,7190.589896,6344.731379,5956.791605,2735.53577,1728.487468,D1,N8,t
appliedMASKiso_flu_3mgml_roi1_8bit.ome,4,79.99017021,60.49453191,0.905387872,3.601840426,68.199,54.731,0.90929,3.4427,47,56.61021363,25.21974399,0.037482374,0.796826313,4,4456,27.4149,3699,43,86.0233,24,1.2766,0.0203,0.0012,0.2782,131072,0.391241223,333.9767151,0.288557053,9.881324768,9.347195625,241.0736542,0.641771555,0.374105275,335.8968811,0.281663179,9.968252182,9.154390335,249.1647491,0.639171004,0.149307191,85.29813385,0.109420434,2.524344921,3.654324293,70.26320648,0.108400546,3mgml,flu,roi1,6379.881116,64712.68061,32348.95997,143.1696351,65348.33336,58962.10612,1944.354181,1146.784072,2623.372888,58849.47409,9293.348266,9293.151273,8935.745557,9013.193788,35126.59556,2436.78542,9644.854489,8255.992697,58916.97801,5648.270653,729.2610035,4968,65535,32534,11,65528,61085,896,518,1049,60995,7331,7331,7015,7087,35121,203,7640,6458,61050,6081,102,5450.990521,2020.172989,4300.391921,2466.439839,936.7688196,1060.046739,6682.111603,3244.541384,3931.016969,6731.872075,7680.844165,7680.680446,7467.86758,7515.539395,107.9490415,3375.54293,7851.45196,6967.247852,6698.915417,2714.935984,2229.326483,D1,N8,t
appliedMASKiso_flu_3mgml_roi1_8bit.ome,5,64.20945,57.87161364,0.9075725,3.472097727,60.7465,45.212,0.92115,3.4005,44,47.85995146,27.73960079,0.057590829,0.813445827,5,4288,28.5674,3529,42,84.0238,31,1.265,0.013,0.0015,0.2155,131072,0.455136091,301.2268372,0.311495751,8.759524345,8.236321449,228.2825623,0.68823868,0.452751249,302.0794678,0.301196188,8.772943497,7.750618935,227.4484711,0.695018351,0.15422073,85.94095612,0.125086218,2.505023956,3.630313873,80.04370117,0.10547515,3mgml,flu,roi1,6167.395838,64483.02241,32396.35163,141.7590612,65364.30318,59302.91217,2112.628144,1247.609606,2379.097321,59207.19318,8928.150752,8927.883392,8605.263895,8675.757135,35130.02643,2361.488095,9233.866606,7965.067724,59265.37902,5701.998336,645.9272844,4716,65535,32537,7,65530,61421,1038,600,923,61338,6924,6924,6642,6700,35121,203,7211,6116,61388,6125,75,5501.997144,2110.780101,4832.570762,2530.730678,892.657227,1035.484904,6681.804319,3403.043134,3945.848995,6717.834332,7673.500045,7673.235466,7491.915108,7533.561785,114.7891505,3336.836023,7807.603261,7009.419827,6694.256793,2792.635861,2341.339066,D1,N8,t
appliedMASKiso_flu_3mgml_roi1_8bit.ome,6,71.62645745,57.55102128,0.916888936,3.542493617,63.435,48.643,0.92799,3.4613,47,52.15364488,29.94334166,0.047141907,0.844043703,6,4216,29.0894,3457,40,86.425,30,1.261,0.0208,0.0016,0.09915,131072,0.431913286,310.1184387,0.318007499,9.043766975,8.862998009,238.2441711,0.671315372,0.426336586,316.6605835,0.316381931,9.200775146,8.367061615,239.6724548,0.676909864,0.161440343,83.67279053,0.120785415,2.467210293,4.023786068,82.94277954,0.112272628,3mgml,flu,roi1,6613.846989,64699.5191,32407.74108,172.8464599,65317.15376,58728.40059,2068.158982,1220.093744,2747.456281,58624.21265,9582.345761,9582.083903,9231.481397,9307.956889,35126.25207,2384.782329,9913.669157,8543.049261,58688.12779,5825.84277,812.8053554,5029,65535,32542,9,65529,61073,1132,655,1035.5,60983,7391,7391,7086,7149,35121,203,7688,6524,61033,6269,84,5885.222798,2004.941572,4244.381435,2295.152806,878.1118332,1110.52939,7300.300492,3137.847556,4670.273141,7349.464657,8249.018123,8248.538008,8026.354697,8076.457743,91.86728296,3396.094613,8417.704164,7500.418932,7313.995298,2732.663131,2788.906498,D1,N8,t
appliedMASKiso_flu_3mgml_roi1_8bit.ome,7,91.7247569,59.95210345,0.917420345,3.728467241,84.402,52.0845,0.92675,3.5706,58,54.20247814,34.73756844,0.036226211,0.803794681,7,3971,31.0075,3323,35,94.9429,31,1.244,0.0207,0.0013,0.097,131072,0.329033732,357.2548523,0.302195609,10.71471596,10.94377899,263.944397,0.594220638,0.309523672,369.6068115,0.313393295,11.09049511,10.68160057,272.8375549,0.588937521,0.144476205,72.15184784,0.107121244,2.203620911,4.143931866,70.29573059,0.110935219,3mgml,flu,roi1,7841.219299,65125.9906,32393.03657,245.8660727,65182.78728,57140.25561,2038.067361,1223.269768,3759.92689,57001.0286,11400.35126,11399.8344,10968.61534,11062.26458,35117.79167,2432.622344,11827.90781,10138.96602,57081.846,6209.837585,1239.146687,6238,65535,32574,14,65521,59635,1038,600,1577,59516,9187,9187,8809,8890,35121,203,9578,8102,59583,6564,147,6433.684563,2305.37024,2949.641032,1963.924564,1013.277134,1389.257732,8226.98943,3310.72634,5713.461733,8303.136264,9057.473146,9056.451241,8795.279267,8853.578103,68.95040202,3592.717802,9286.457384,8203.980778,8256.587116,2642.768918,3468.29237,D1,N8,t
appliedMASKiso_flu_3mgml_roi1_8bit.ome,8,90.399405,63.93421667,0.9032915,3.624861667,90.182,52.8365,0.920655,3.55255,60,48.12134982,37.53429938,0.065749192,0.823423963,8,4245,28.877,3532,36,98.1111,20,1.2608,0.0206,0.0016,0.07388,131072,0.317879796,364.5154724,0.299223483,10.9409914,11.1674509,268.5672913,0.58528775,0.288282633,374.9103088,0.310545772,11.289711,11.25331306,279.4723511,0.572400689,0.141034931,72.09035492,0.111818448,2.18988061,4.011579514,71.01331329,0.108468771,3mgml,flu,roi1,8232.388908,65194.92368,32393.80048,249.6906027,65160.53555,56679.22382,2120.368266,1290.131332,3991.820203,56536.53209,11941.84841,11941.1571,11497.29868,11593.92103,35115.73748,2310.513772,12378.90986,10634.17329,56618.81149,6329.214981,1296.945467,6641,65535,32581,16,65516,59129,1132,655,1788,58996,9775,9775,9368,9455,35121,203,10197,8628,59074,6648,179,6560.613872,2573.782227,2686.76929,1823.196167,982.5323424,1398.284908,8334.90182,3410.687584,5775.695322,8406.612281,9164.167757,9162.686172,8913.586376,8969.712873,61.30999259,3664.900423,9377.704665,8329.470064,8364.147928,2639.243456,3499.868346,D1,N8,t
appliedMASKiso_flu_3mgml_roi1_8bit.ome,9,94.038565,62.0751,0.9167985,3.615625,85.308,51.0195,0.92482,3.46245,40,49.57510943,29.12811925,0.039269803,0.605444465,9,4336,28.229,3537,43,82.2558,31,1.2688,0.0206,0.0016,0.1231,131072,0.461872458,297.0223694,0.335315675,8.554193497,8.345815659,236.6203613,0.693734586,0.43505168,306.0353394,0.34074384,8.844959259,8.405424118,244.6618652,0.683801055,0.15797399,85.13539886,0.133632556,2.461900473,3.573761702,86.51885986,0.103573874,3mgml,flu,roi1,7296.923197,64560.58813,32497.62587,123.1620462,65330.23647,57981.7395,2259.183915,1353.798013,3018.75696,57878.05154,10503.68399,10503.13838,10146.91586,10225.44895,35126.41388,2573.199476,10839.1178,9405.864448,57939.26961,6098.149761,786.277038,5794,65535,32585,9,65524,60174,1227,709,1365,60073,8485,8485,8149,8222,35121,203,8815,7520,60133,6523,119,5987.803462,2381.989986,4491.207076,2353.70228,453.067743,754.3803285,7284.056939,3367.965708,4385.877925,7319.220837,8269.159325,8267.946456,8085.124677,8127.683589,102.2462007,3799.978298,8404.927384,7581.256707,7296.469748,2565.175459,2089.460065,D1,N8,t
appliedMASKiso_flu_3mgml_roi1_8bit.ome,10,70.54515227,57.95963636,0.905327045,3.395793182,65.025,49.478,0.91563,3.2164,44,43.74723456,26.94701632,0.049655887,0.709402832,10,4418,27.6679,3511,49,71.6531,30,1.2769,0.0215,0.0021,0.1746,131072,0.4844172,286.6989746,0.333598018,8.199231148,7.892534256,229.1100464,0.709704578,0.466229022,295.2092285,0.329418004,8.474727631,7.665933609,229.4432068,0.704349697,0.149751619,78.04133606,0.137103423,2.247869253,3.411950827,84.89738464,0.096396878,3mgml,flu,roi1,7268.345054,64395.28516,32549.26434,111.7536621,65338.97124,58031.41473,2384.939835,1395.822097,2984.373457,57938.70922,10429.53048,10429.31194,10092.06506,10166.92148,35127.96652,2377.05059,10732.75987,9364.130312,57995.20981,6026.674114,765.7900774,5749,65535,32586,10,65524,60230,1274,737,1346,60134,8402,8402,8077,8150,35121,203,8736,7457,60188,6460,117,5925.245064,2017.159431,4748.182619,2373.894048,368.4617893,652.2057997,7191.50386,3247.21141,4218.252124,7216.337571,8187.977846,8187.449549,8020.55899,8059.989415,119.1543846,4000.280282,8295.550388,7523.207834,7197.315879,2493.284512,1868.08805,D1,N8,t
appliedMASKiso_flu_3mgml_roi1_8bit.ome,11,90.76251707,63.348,0.910526341,3.567490244,84.193,56.574,0.92818,3.293,41,49.42758778,28.15900303,0.052681611,0.812011155,11,4633,26.2912,3703,50,74.06,34,1.2848,0.0207,0.0021,0.2002,131072,0.511458933,274.7444458,0.342794567,7.784883976,7.403886795,222.1174927,0.727971613,0.50384587,284.7446289,0.338153601,8.057312012,6.987048149,215.8066559,0.727816939,0.141408592,73.71967316,0.133472905,2.112776756,3.226369858,83.30945587,0.089714654,3mgml,flu,roi1,7144.135747,64363.34588,32484.61404,108.7429729,65346.66638,58218.33018,2457.344804,1436.126568,2862.340939,58135.26695,10211.88021,10211.67761,9898.559835,9968.628025,35126.22536,2514.590282,10482.47378,9194.656745,58185.79124,5986.596238,724.8266209,5623,65535,32573,9,65525,60373,1274,737,1294,60282,8198,8198,7890,7957,35120,203,8514,7286,60333,6381,109,5901.98016,2085.678383,4804.053945,2372.188013,346.9251544,631.0210062,7090.367834,3404.68818,4074.153582,7097.302555,8085.492022,8084.977263,7952.356523,7985.151079,152.4125702,4349.607974,8142.877496,7478.518449,7088.615088,2475.750772,1790.6911,D1,N8,t
appliedMASKiso_flu_3mgml_roi1_8bit.ome,12,80.20874103,66.38966667,0.915499744,3.821833333,63.435,56.013,0.92758,3.7603,39,50.20734612,36.02651382,0.034677366,0.901666858,12,4652,26.1756,3723,42,88.6429,30,1.2848,0.0198,0.0021,0.2217,131072,0.462840229,296.5184937,0.355091155,8.483124733,8.454270363,244.2254028,0.695769966,0.443191826,304.3417969,0.361726075,8.760668755,8.357971191,247.3657532,0.689423561,0.14446938,74.08654785,0.134891406,2.14760685,3.521208763,86.97396088,0.094853878,3mgml,flu,roi1,7430.433371,64745.85693,32491.36529,129.7469256,65314.45848,57872.36436,2524.058855,1485.982036,3080.406872,57787.03639,10612.01322,10611.62815,10290.35653,10362.39565,35118.16172,2538.946486,10891.7406,9560.615869,57838.32329,6066.216014,816.765248,5779,65535,32575,12,65523,60182.5,1321,764,1372,60086,8432,8432,8106,8179,35116,203,8752,7484,60143,6434,117,6069.593253,2163.552152,3950.005463,2214.08589,405.9798171,714.8554498,7358.126817,3468.390662,4334.269133,7367.77149,8323.247954,8322.59753,8186.36987,8220.08027,99.19595707,3743.911622,8388.284021,7695.581563,7358.085994,2422.447578,1972.721606,D1,N8,t
appliedMASKiso_flu_3mgml_roi1_8bit.ome,13,69.07551628,60.62597674,0.915445116,3.699772093,56.634,54.18,0.92567,3.4446,43,47.99653678,26.70489065,0.047818329,0.877799557,13,4505,27.095,3620,52,69.6154,26,1.2793,0.0201,0.003,0.258,131072,0.509346068,273.7485657,0.369575828,7.687254429,7.901809216,238.4060059,0.726031065,0.491778016,284.1179199,0.364082396,7.992328167,7.466081619,230.9917297,0.722167552,0.160009801,78.67905426,0.150757283,2.256532192,3.933355808,103.6600952,0.101790577,3mgml,flu,roi1,7011.516232,64195.904,32487.72279,110.7764227,65349.2584,58474.27648,2770.391117,1619.973255,2674.427636,58423.65061,9906.164974,9905.890081,9642.827946,9703.119326,35125.3572,2678.551064,10097.11013,8988.502117,58460.26113,5934.080065,663.6753664,5490,65535,32553,10,65525,60568,1415,819,1229,60496,7934,7934,7659,7718,35115,203,8180,7089,60538,6308,104,5781.776855,2214.981504,5031.658886,2302.032282,399.9103873,653.989097,6775.204935,3647.106042,3642.608553,6737.58799,7763.341064,7762.829955,7687.202128,7708.72636,207.043745,5067.160168,7724.966942,7274.134146,6744.867732,2431.726882,1563.074766,D1,N8,t
appliedMASKiso_flu_3mgml_roi1_8bit.ome,14,70.888706,58.38076,0.9154188,3.441988,60.6075,47.0265,0.919645,3.35785,50,49.57015823,29.41382309,0.032826483,0.787952789,14,4947,24.4954,4013,55,72.9636,31,1.308,0.0175,0.0017,0.2237,131072,0.488056928,289.5115356,0.359121382,8.128206253,8.150149345,239.4028168,0.711636782,0.476297349,294.3781433,0.359550983,8.25114727,7.736599445,236.9620361,0.712164879,0.157774016,83.63930511,0.12745823,2.382869482,3.768033981,91.17881775,0.102959409,3mgml,flu,roi1,7060.387762,64324.37049,32521.78305,99.15718903,65359.87588,58393.1244,2538.245311,1481.543664,2750.333479,58326.63464,10034.6202,10034.42546,9749.543548,9814.091391,35123.80534,2243.589674,10265.66255,9071.145232,58369.11643,6047.362169,682.4991181,5598,65535,32569,9,65525,60450,1415,819,1252,60385,8100,8100,7819,7881,35114,203,8339,7234,60430,6424,105,5695.958424,1849.472097,4874.628802,2268.303969,334.9744495,591.0882355,6834.893534,3016.989832,3928.77003,6848.135371,7830.938335,7830.655845,7699.875942,7732.146858,158.1965928,3892.043124,7896.192327,7232.260151,6838.254289,2492.393925,1723.539093,D1,N8,t
appliedMASKiso_flu_3mgml_roi1_8bit.ome,15,76.55678654,59.67744231,0.918771538,3.697213462,68.239,49.733,0.934975,3.62405,52,49.72924365,31.48084378,0.041244421,0.807723885,15,4777,25.4383,3863,48,80.4792,32,1.2925,0.0158,0.0014,0.1974,131072,0.473994762,296.0939636,0.369534701,8.314240456,8.476707458,245.1226959,0.702228129,0.470456421,298.2401428,0.382839859,8.351915359,8.057510376,248.8457947,0.708208263,0.160958692,87.92614746,0.113686763,2.491982222,3.793262243,86.84970093,0.106798209,3mgml,flu,roi1,7198.077867,64325.06908,32495.14864,117.2414947,65336.84822,58208.18389,2452.294797,1429.884964,2905.553395,58136.13702,10243.23943,10243.06727,9947.82763,10014.55255,35123.75959,2470.404995,10486.95774,9252.108246,58181.09047,6085.706099,765.7387025,5653,65535,32569,10,65525,60417,1415,819,1256,60344,8168,8168,7888,7947,35113,203,8418,7300,60389.5,6473,102,5927.243884,1739.199668,4924.703729,2194.247307,414.6341148,715.6585539,7232.367564,2866.186864,4389.354946,7254.115315,8190.0342,8189.866481,8038.457247,8075.118416,114.3684455,3727.57121,8273.623901,7539.720892,7238.629801,2489.570107,2061.90738,D1,N8,t
appliedMASKiso_flu_3mgml_roi1_8bit.ome,16,82.79671064,62.77025532,0.915051277,3.50263617,82.185,55.087,0.92441,3.3266,47,48.86803569,31.501995,0.046137988,0.72640021,16,4604,26.4694,3747,43,87.1395,34,1.2797,0.0157,0.0027,0.1623,131072,0.52625072,271.5291138,0.395809323,7.467369556,7.760310173,237.8888702,0.736082435,0.51810497,275.4467163,0.406254321,7.551270485,7.329304695,237.1085815,0.739667654,0.168038309,92.78942871,0.121281125,2.594229698,3.943852425,98.23823547,0.108943112,3mgml,flu,roi1,6827.601049,63453.52281,32518.33301,134.4062669,65339.80386,58772.06449,2770.272683,1610.990826,2537.083701,58738.12019,9572.773429,9572.631185,9353.967597,9405.513332,35136.68276,2722.221948,9712.085488,8737.097141,58763.45887,5988.751389,675.8246424,5230,65535,32566,8,65527,60935,1463,846,1072,60885,7505,7505,7268.5,7322,35109,203,7703,6741,60918,6358,82,5951.007043,2121.424006,6234.492672,2242.357327,628.3135954,899.111308,6999.019537,3602.955512,3980.376799,6952.090671,7954.24895,7954.15357,7909.62787,7925.608599,194.6779028,4442.704459,7875.476728,7492.129159,6968.722647,2594.439182,2062.586477,D1,N8,t
appliedMASKiso_flu_3mgml_roi1_8bit.ome,17,67.82922,62.273925,0.917807,3.604465,57.976,51.5445,0.921275,3.47955,40,43.87652401,28.06540054,0.038363094,0.842082817,17,4619,26.3769,3757,44,85.3864,32,1.2778,0.015,0.0041,0.1462,131072,0.540146291,262.3041687,0.408736914,7.19203186,7.721923828,240.081665,0.74442786,0.536417842,266.9456177,0.416728884,7.27907896,7.034323692,230.9588623,0.751001596,0.174601659,92.90903473,0.136015266,2.615894079,4.358713627,110.4504318,0.11357595,3mgml,flu,roi1,6715.478995,63116.35209,32554.28723,220.3621148,65281.29691,58999.59574,3173.308499,1841.905096,2398.990427,59004.56033,9269.443804,9269.328701,9108.450935,9148.763961,35139.61921,2473.789531,9306.196205,8548.610002,59014.18209,5963.056937,729.7350849,5029,65535,32568,7,65529,61207,1651,955,975,61170,7165,7165,6968,7014,35107.5,203,7322,6471,61194,6306,74,6203.138909,2484.61301,6756.38085,2343.62349,1250.267475,1405.656589,7104.366129,4268.878386,3903.526492,6977.768145,8014.333522,8014.282387,8057.651527,8056.946628,184.5408043,3858.610444,7753.082451,7714.929828,7021.398913,2796.005303,2481.302687,D1,N8,t
appliedMASKiso_flu_3mgml_roi1_8bit.ome,18,90.24685111,59.45444444,0.910326222,3.666368889,87.325,53.691,0.92088,3.6116,45,50.0474365,25.57628888,0.037388652,0.798456148,18,4453,27.4348,3586,46,77.9565,27,1.2676,0.0129,0.0044,0.138,131072,0.562017798,254.942749,0.408459663,6.913285255,7.386895657,233.6585693,0.757490575,0.578102469,250.1498566,0.42306,6.736562729,6.310190201,215.8079834,0.776539624,0.180018768,98.45586395,0.128018424,2.737127781,4.47102499,115.7043762,0.116946764,3mgml,flu,roi1,6576.534797,62595.13189,32586.6355,190.9322326,65305.425,59210.48604,3295.669363,1910.406527,2289.703252,59234.41647,9003.616182,9003.526548,8874.810864,8908.767345,35145.60887,2575.777457,8989.554937,8349.8734,59235.73438,5878.701524,689.2308861,4842,65535,32571,8,65529,61458,1793,1037,901,61428,6841,6841,6671,6713,35105,203,6957,6214,61447,6189,69,6159.058489,2473.777716,7501.5401,2330.83337,917.5962293,1145.592879,6985.698499,4265.216053,3789.114405,6849.953945,7926.741285,7926.704234,7979.549846,7976.903535,281.4942856,4370.310283,7647.756092,7649.819492,6895.583273,2827.852444,2268.070695,D1,N8,t
appliedMASKiso_flu_3mgml_roi1_8bit.ome,19,75.37123404,59.93812766,0.906994894,3.498878723,61.887,54.482,0.90803,3.3997,47,48.86400302,29.0448667,0.047830482,0.714607639,19,4648,26.1999,3671,34,107.9706,39,1.274,0.0191,0.0032,0.163,131072,0.538049281,265.2047424,0.379199654,7.30727911,7.630051136,229.7733002,0.741333902,0.552688181,257.3065796,0.389717668,7.068589687,6.564136505,216.6365051,0.760708928,0.187663466,101.8465805,0.131123886,2.858189344,4.57014513,109.1639404,0.123099007,3mgml,flu,roi1,6756.432388,63195.6861,32596.27283,185.0471729,65297.85263,58937.81181,3129.860677,1813.456209,2504.530707,58947.59031,9311.374452,9311.296325,9154.763573,9194.302007,35135.56723,2516.048141,9337.7547,8596.326695,58955.97195,5906.401736,774.3813355,5029,65535,32584,9,65528,61259,1793,1037,965,61241,7105,7105,6939,6979,35103,203,7195,6461,61254,6265,82,6221.268922,2251.567276,6814.747378,2427.645172,806.4279524,1096.683733,7211.081113,3880.515269,4199.101414,7118.408655,8177.218181,8177.16101,8165.908107,8175.701289,169.0660607,4150.314917,8003.785382,7778.983805,7144.691819,2847.377914,2500.796791,D1,N8,t
appliedMASKiso_flu_3mgml_roi1_8bit.ome,20,76.69493171,62.4174878,0.922767317,3.647736585,66.695,56.789,0.92202,3.4761,41,48.51758702,27.58490158,0.030583532,0.736757594,20,3826,32.2585,2947,35,84.2,26,1.2272,0.0152,0.0042,0.176,131072,0.557418585,258.9354858,0.367021799,7.092515945,7.255007267,221.9431,0.752577782,0.573397517,253.0976715,0.392415285,6.875945568,6.328670979,213.0062103,0.77283752,0.193544418,106.9624252,0.147798419,2.982545137,4.559688568,112.5428848,0.124748945,3mgml,flu,roi1,6587.993395,62491.4491,32563.50863,151.808649,65329.00944,59209.14053,3373.249442,1954.444522,2325.830407,59242.18907,8968.122588,8968.033224,8858.775533,8889.020991,35146.95969,2564.768891,8922.508503,8348.906665,59238.16072,5807.478157,697.6544042,4857,65535,32577,10,65529,61463,1887,1091,896,61455,6818,6818,6680,6714,35103,203,6862,6238,61464,6122,78,6063.69056,2386.091365,7544.368601,2541.860939,610.1125536,881.0089154,6886.248913,4106.946466,3854.39173,6787.362191,7882.617573,7882.51084,7907.988992,7910.297473,215.8595811,4270.261571,7686.897126,7555.478333,6823.24177,2883.985316,2145.266386,D1,N8,t
appliedMASKiso_flu_3mgml_roi1_8bit.ome,21,71.45156098,58.64270732,0.92105439,3.632782927,61.645,44.572,0.92483,3.5577,41,48.78166308,29.10758092,0.033295857,0.964282586,21,3771,32.7581,2898,48,60.375,22,1.2298,0.0115,0.0049,0.3079,131072,0.551280618,266.6740112,0.357759237,7.303197861,7.273980618,226.1818237,0.748798072,0.554875851,270.250946,0.350350142,7.390078068,6.223195553,204.1463928,0.759126067,0.187451422,109.1453552,0.162654117,3.004533052,4.318049431,114.5287247,0.119228475,3mgml,flu,roi1,6510.21348,62853.68539,32620.26898,139.7592189,65340.43385,59359.37555,3429.73977,1985.751291,2204.026618,59409.98939,8795.352016,8795.291631,8704.562908,8731.123526,35138.54431,2685.720298,8699.344664,8224.594906,59401.06524,5790.949777,639.8263911,4777,65535,32566,9,65529,61546,1793,1037,866,61542,6698,6698,6557,6593,35101,203,6735,6122,61549.5,6076,71,5986.882213,2520.352857,7197.978706,2561.799787,499.4996277,775.6762258,6695.192551,4345.877422,3704.704687,6570.935165,7657.563973,7657.472501,7703.98098,7701.772459,309.6564162,4316.742153,7409.307141,7401.567164,6610.667385,2802.80803,1942.985811,D1,N8,t
appliedMASKiso_flu_3mgml_roi1_8bit.ome,22,84.16324878,56.75409756,0.92104561,3.69975122,62.978,48.34,0.92519,3.5156,41,55.42808719,24.73160367,0.053166104,1.056469697,22,4915,24.6679,3894,46,84.6522,27,1.2997,0.0155,0.0044,0.2855,131072,0.489918262,302.7165833,0.359147072,8.364748001,8.351216316,246.4718475,0.708926737,0.487507939,303.9306641,0.352534205,8.380296707,7.607278824,238.4678497,0.718335271,0.182909325,111.4397125,0.124667689,3.099042654,4.286208153,102.2624893,0.123128459,3mgml,flu,roi1,6887.089472,63665.17204,32528.90891,134.5747342,65333.05508,58933.71278,3480.020294,2015.212622,2391.985995,58977.11382,9354.280218,9354.209763,9243.794635,9274.668519,35120.41399,2668.338865,9288.443145,8718.849135,58971.04189,6036.580399,677.6700007,5160,65535,32563,9,65528,61149,1793,1037,992,61129,7271,7271,7097,7138,35099,203,7370,6616,61143,6403,82,6137.637988,2532.17995,6253.997081,2358.642844,477.4994011,766.557034,6905.898935,4361.047736,3808.745814,6779.938339,7872.755398,7872.631182,7921.622785,7919.283403,171.5157488,4568.461656,7614.248855,7602.794505,6821.843223,2800.329832,1946.38311,D1,N8,t
appliedMASKiso_flu_3mgml_roi1_8bit.ome,23,81.10809388,55.80028571,0.926133878,3.66295102,66.194,47.293,0.92825,3.7281,49,50.30541863,22.18800101,0.033853447,0.861349126,23,5158,23.4116,4086,58,70.4483,37,1.3147,0.0177,0.0038,0.3301,131072,0.49043557,302.723999,0.377870262,8.299135208,8.487270355,252.87323,0.709543169,0.494608223,302.0635986,0.384110063,8.240521431,7.705206871,247.7695313,0.722675622,0.177097782,104.1605453,0.106828809,2.902991772,4.312188625,100.2496185,0.120397478,3mgml,flu,roi1,6956.963679,63849.67616,32484.26867,112.9826341,65352.0063,58861.46307,3461.690079,2003.802738,2419.41902,58899.89964,9467.845257,9467.794345,9355.022135,9386.464687,35117.35375,2667.775641,9416.977125,8816.94143,58893.94636,6080.265843,651.2045712,5220,65535,32561,9,65528,61079,1887,1091,1010,61058,7376,7376,7198,7238,35096,203,7465,6708,61068,6431,82,6131.630385,2401.264985,6045.718656,2320.865538,367.3892982,642.7387616,6883.903184,4139.383659,3664.226527,6759.04224,7892.001924,7891.898384,7942.316487,7940.011878,207.9185188,4375.411843,7633.505098,7612.819939,6802.806871,2809.61246,1691.791107,D1,N8,t
appliedMASKiso_flu_3mgml_roi1_8bit.ome,24,69.567308,61.22028,0.9208186,3.668188,57.747,56.9925,0.930005,3.72675,50,49.2844102,26.50144726,0.043573292,0.751213969,24,5516,21.7623,4399,60,73.3167,43,1.328,0.0249,0.0053,0.2874,131072,0.508876085,290.5679321,0.415774256,7.871879578,8.431095123,261.5936584,0.723758936,0.511615157,292.8903809,0.423640162,7.894707203,7.708422661,256.901123,0.735229015,0.17274341,97.99497986,0.109647192,2.712603092,4.306793213,106.9865112,0.114219308,3mgml,flu,roi1,7061.786775,63746.54943,32527.4744,119.2561726,65343.57004,58846.98656,3789.539035,2194.069698,2367.27991,58915.34273,9486.581467,9486.511082,9418.683033,9441.659174,35114.72994,2726.679494,9353.40108,8911.736492,58895.80909,6175.669894,641.0257223,5349,65535,32564,10,65527,61016,2123,1228,1017,61016,7452,7452,7325,7357,35093,203,7481,6843,61019,6524,85,6171.817397,2598.230619,6170.51796,2366.105739,383.4010786,661.2332123,6792.08343,4477.176372,3506.340339,6635.190843,7796.458721,7796.322062,7895.4924,7883.655722,199.4871646,4621.56752,7461.116108,7611.245343,6692.837063,2852.16868,1641.963483,D1,N8,t
appliedMASKiso_flu_3mgml_roi1_8bit.ome,25,84.13185106,60.59906383,0.930980426,3.736587234,69.444,53.098,0.93479,3.6786,47,50.01754552,30.60785508,0.03370183,0.723531858,25,4848,25.0365,3904,63,61.9683,30,1.294,0.0222,0.0086,0.2842,131072,0.559508502,267.3007202,0.445045114,7.04668045,7.763768673,260.9648132,0.756925404,0.569996238,261.1398315,0.470131427,6.858332157,6.876397133,244.4715881,0.771079302,0.171127677,99.31161499,0.130254537,2.663628101,4.184082031,121.1674347,0.107977465,3mgml,flu,roi1,6887.758332,63127.37364,32571.59562,108.5627188,65359.33395,59244.09264,4267.496199,2471.219944,2066.876733,59371.57235,8996.314864,8996.221116,9018.113292,9023.620952,35119.63969,2723.592282,8691.381232,8607.773851,59327.51975,6178.216862,552.8639004,5215,65535,32568,9,65527,61223,2453,1419,947,61253,7135,7135,7052,7072,35088,203,7068,6635,61241.5,6489,82,6126.552285,2891.088613,7011.874944,2416.125678,339.18809,599.6346075,6388.991374,4981.261195,2981.778565,6153.778861,7389.177295,7389.004669,7589.103097,7557.547692,265.6897588,4835.28145,6857.813624,7424.79522,6240.51832,3002.387258,1384.944169,D1,N8,t
appliedMASKiso_flu_3mgml_roi1_8bit.ome,26,78.76705714,64.76635714,0.921830476,3.604221429,66.1905,62.959,0.924385,3.5541,42,54.72890093,28.83106646,0.038731141,0.746431261,26,4730,25.711,3830,52,73.6538,28,1.2844,0.0215,0.0088,0.2427,131072,0.595251024,248.9308929,0.461657077,6.457391739,7.178318024,251.622406,0.779265106,0.594892383,249.9639893,0.491528332,6.451052189,6.642173767,246.6247711,0.786106825,0.168274522,99.89917755,0.136314616,2.625262976,3.990702629,121.7031937,0.103379749,3mgml,flu,roi1,6720.570977,62362.71949,32561.25951,106.7468724,65368.63763,59490.13309,4403.074552,2550.831468,1909.409912,59639.03664,8679.140854,8679.012678,8737.749979,8735.96386,35130.83676,2744.632642,8317.876895,8368.470807,59585.55048,6123.040684,506.4659009,5089,65535,32575,9,65528,61364,2453,1419,897,61408,6924,6924,6877,6898,35088,203,6814,6478,61394,6408,81,6041.275598,3011.685095,7787.96528,2404.974043,389.7745607,632.2944002,6163.227773,5183.877379,2739.723781,5898.763626,7164.276724,7164.017836,7404.325881,7364.808664,292.0937582,5279.669912,6569.260246,7281.76593,5997.839926,3089.648095,1347.865864,D1,N8,t
appliedMASKiso_flu_3mgml_roi1_8bit.ome,27,81.5073214,57.63489474,0.915754035,3.668164912,80.961,48.585,0.91998,3.6709,57,52.41132735,27.75182205,0.038662023,0.700193794,27,5168,23.3624,4221,56,75.375,48,1.309,0.0322,0.0064,0.1744,131072,0.517823935,283.4973755,0.433724195,7.618629456,8.410435677,267.2869263,0.731033623,0.514925003,286.1419678,0.46818012,7.664926052,8.101482391,275.7029724,0.737837613,0.169469222,94.83457184,0.128375649,2.589133739,4.179983616,108.983551,0.109044299,3mgml,flu,roi1,7121.135456,63561.78155,32549.38273,151.7193059,65307.64951,58882.30383,4178.662379,2422.473113,2332.053357,58998.54703,9379.150481,9378.982494,9381.503027,9391.08294,35109.57053,2769.921925,9121.856093,8929.349974,58959.09856,6139.97044,706.2180065,5437,65535,32573,12,65526,60990,2453,1419,1021,61029,7429,7429,7352,7378,35085,203,7370,6918,61016,6562,99,6290.05839,2836.101392,6383.06893,2385.912332,549.1961806,840.8210538,6791.539634,4869.062724,3392.4095,6581.629034,7771.134868,7770.824603,7932.382554,7908.538698,217.2963749,5043.72157,7319.907003,7699.943537,6658.536716,2917.127693,1801.224123,D1,N8,t
appliedMASKiso_flu_3mgml_roi1_8bit.ome,28,86.32670196,53.8715098,0.916716863,3.665182353,79.695,51.36,0.92609,3.6126,51,47.70835272,21.30787017,0.044173665,0.735685901,28,4825,25.1654,4009,69,58.1014,31,1.2984,0.0188,0.0051,0.1815,131072,0.501874685,296.5023193,0.399167717,8.029058456,8.449398041,263.4165344,0.720325887,0.4931674,303.1517639,0.408697933,8.186511993,7.924434662,258.4595642,0.722335935,0.162388131,93.24559784,0.133310929,2.549339771,4.028568745,106.1666183,0.105525829,3mgml,flu,roi1,7052.205144,63621.36599,32546.81529,174.3711579,65292.76417,58934.21146,4011.657016,2322.376342,2338.823273,59038.3756,9329.392095,9329.321706,9315.185653,9327.854297,35108.2486,2762.304581,9098.159796,8854.978715,59004.28469,6183.924343,735.2058008,5370,65535,32572,10,65527,61069,2359,1364,986,61097,7376,7376,7282.5,7309,35085,203,7306,6839,61088,6610,88,6323.011828,2821.67503,6286.493781,2382.66125,667.2455012,965.2695202,6893.953524,4867.514231,3591.633834,6691.427338,7837.621554,7837.489897,7988.216546,7966.46768,248.0915368,4919.456169,7399.0969,7747.339081,6764.663803,2958.063389,2041.117786,D1,N8,t
appliedMASKiso_flu_3mgml_roi1_8bit.ome,29,81.42761333,55.53911111,0.923993333,3.811815556,77.32,47.23,0.93744,3.5777,45,45.6136354,22.31133499,0.042958057,0.829943893,29,4606,26.457,3765,56,67.2321,30,1.2869,0.0263,0.0057,0.2318,131072,0.539235353,276.3746948,0.413568735,7.391183376,7.7807827,253.0235291,0.744934082,0.531183124,284.2335815,0.427000254,7.578925133,7.510764122,255.4112244,0.74724853,0.164221108,96.08249664,0.133811623,2.587928295,3.769126892,107.783577,0.10212373,3mgml,flu,roi1,6905.600249,63065.53848,32578.39588,149.4618826,65327.95192,59193.76826,4053.662554,2346.75755,2135.215222,59319.24313,9036.893095,9036.817359,9057.614661,9063.375608,35116.11436,2924.139548,8744.676321,8638.923126,59276.04652,6165.444752,612.0625788,5308,65535,32571,9,65527,61209,2453,1419,928,61262.5,7173,7173,7115,7133,35081,203,7052,6727,61245,6618,84,6209.890754,2800.064498,7099.189625,2412.258414,833.6237271,1017.506912,6598.136142,4828.129442,3164.433435,6370.880394,7580.56661,7580.411843,7747.235921,7722.119777,275.0657712,5945.67349,7093.631027,7552.897584,6449.052226,2982.38017,1716.677745,D1,N8,t
appliedMASKiso_flu_3mgml_roi1_8bit.ome,30,79.73816667,59.16289583,0.913362292,3.662725,73.3185,52.9215,0.922065,3.63895,48,41.67092948,27.33622703,0.046776612,0.799201347,30,4505,27.095,3639,45,80.8667,32,1.272,0.0239,0.0065,0.2928,131072,0.56120497,267.8204651,0.412528545,7.099816322,7.373222828,243.5105286,0.758067012,0.55149734,272.0353699,0.429259568,7.20221138,7.138759613,247.216568,0.759405911,0.168321609,104.2261276,0.138062745,2.768545151,3.735666037,106.211998,0.104873121,3mgml,flu,roi1,6946.112201,62757.01408,32604.77768,120.3300279,65352.81434,59240.82196,4262.222498,2467.484015,2042.339145,59389.39728,8998.173004,8998.091903,9056.577815,9055.182844,35118.70779,2522.342924,8643.44685,8663.638549,59334.75777,6290.96535,552.1518628,5424,65535,32583,9,65527,61141.5,2595,1501,933,61226,7248,7248,7241,7251,35079,203,7068,6856,61190,6737,86,6045.557195,2799.788012,7241.604294,2348.209642,647.8363849,846.2668513,6331.747329,4827.465563,2921.077329,6102.155507,7332.71308,7332.548508,7515.885538,7487.256145,284.4515844,4904.340217,6833.401434,7341.268816,6184.260641,3004.971058,1473.667753,D1,N8,t
appliedMASKiso_flu_3mgml_roi1_8bit.ome,31,76.37787037,54.07896296,0.908477778,3.551631481,70.079,46.2525,0.91476,3.5034,54,37.47053609,25.6335971,0.040142237,0.817132387,31,4745,25.6234,3852,56,68.7857,45,1.2926,0.0185,0.0058,0.3688,131072,0.552887917,269.9317932,0.411683857,7.184263229,7.546155453,245.6618652,0.752887964,0.543061137,273.6998291,0.426903695,7.293615341,7.274946213,250.1743164,0.754467607,0.17084536,103.1103745,0.137119919,2.75848794,3.882440805,106.4009933,0.107259691,3mgml,flu,roi1,7190.434584,62873.71593,32529.83603,103.4648095,65357.87425,58989.11738,4317.778993,2500.153424,2158.006978,59144.72082,9311.385684,9311.286953,9368.861364,9367.970304,35113.74792,2691.574699,8939.2755,8964.57396,59088.76221,6426.486042,569.8824554,5714,65534,32581,10,65525,60875,2737,1582,1006,60985,7572,7572,7578,7588,35076,203,7322,7201,60944,6887.5,96.5,6032.818297,2742.399628,7230.864983,2291.15482,416.1306795,658.4446095,6353.650105,4729.269507,2960.085918,6135.511669,7365.125616,7364.975451,7532.177394,7506.588827,253.1206721,5211.332875,6897.867475,7342.432943,6211.985035,2977.068263,1367.66274,D1,N8,t
appliedMASKiso_flu_3mgml_roi1_8bit.ome,32,62.24323654,55.42109615,0.914248077,3.668738462,52.9475,48.9725,0.922545,3.5651,52,35.42724543,25.96512655,0.043362561,0.837131532,32,4926,24.6084,3916,59,66.3729,37,1.2984,0.0179,0.0064,0.4121,131072,0.561985016,260.5611267,0.421770066,6.953739643,7.383791447,242.7212372,0.759693027,0.555999637,264.0216064,0.433681548,7.012745857,7.10799551,245.7428894,0.76372838,0.164888501,96.54345703,0.136198536,2.589551926,3.803162336,105.8551331,0.1029118,3mgml,flu,roi1,7318.417535,63035.72774,32568.36109,110.181525,65348.54185,58947.53048,4572.529462,2649.334092,2144.722484,59134.61852,9357.313665,9357.155973,9454.815952,9446.411068,35105.18417,2699.547523,8896.112704,9083.367623,59066.32034,6559.241542,582.8489322,5855,65534,32589,11,65524,60782,2925,1692,1019,60900,7708,7708,7733,7737,35071,203,7322,7362,60853,6991,99,6102.69714,2893.00401,7034.157749,2308.575497,453.8157072,704.6285572,6341.237626,4980.116147,2924.952251,6093.440774,7331.825104,7331.592403,7538.116225,7504.928782,256.7264208,5400.301289,6796.049251,7385.124552,6181.211041,3048.522354,1445.571231,D1,N8,t
appliedMASKiso_flu_3mgml_roi1_8bit.ome,33,64.61451591,57.63786364,0.923430909,3.836270455,54.4415,44.0555,0.93163,3.7659,44,41.498995,29.04028317,0.031840156,0.75350422,33,4572,26.6686,3614,68,53.1471,20,1.2836,0.0123,0.0081,0.4177,131072,0.595229447,249.5086823,0.426347405,6.541023731,6.814139843,235.0917511,0.780296028,0.593660235,249.1420441,0.429057777,6.520747185,6.497259617,232.0156555,0.785972118,0.158633128,96.90650177,0.140113115,2.560986519,3.59673214,108.8081665,0.096865565,3mgml,flu,roi1,7275.445042,62655.57571,32537.29855,109.1199916,65356.1868,59197.65985,4968.960548,2878.224891,1911.573117,59444.33519,9057.930666,9057.779656,9234.779533,9211.070938,35104.1834,3112.005138,8429.879896,8947.044225,59353.61147,6678.224766,516.9729106,5731,65534,32587,10,65525,61000,3256,1883,932,61147,7422,7422,7494,7493,35064,203,6973,7171,61083.5,7068,89,6134.13993,3076.357543,7411.091431,2377.58652,452.5293861,682.5066233,6130.015558,5303.386314,2579.330466,5810.553987,7101.440725,7101.249456,7389.276615,7340.48249,348.1526911,6594.645179,6389.720744,7326.419491,5922.403085,3198.76177,1307.420636,D1,N8,t
appliedMASKiso_flu_3mgml_roi1_8bit.ome,34,49.54558611,63.40952778,0.924491944,3.745305556,49.5705,57.874,0.93582,3.8123,36,31.87907481,30.26203165,0.043022779,0.849947255,34,4533,26.9153,3489,57,61.2105,25,1.2738,0.0158,0.0098,0.4628,131072,0.646041691,221.6125488,0.449972868,5.676464081,6.089634418,222.3637695,0.811136901,0.658429563,214.3037109,0.469317436,5.476597786,5.442345142,205.5718689,0.823841095,0.156763747,95.51368713,0.144381925,2.465835094,3.52735424,116.7618484,0.092573695,3mgml,flu,roi1,7282.283358,62034.51904,32623.13062,95.75444191,65368.92921,59384.26875,5370.843781,3111.547609,1728.67836,59686.87766,8805.667514,8805.480793,9070.753796,9030.104067,35103.02981,3324.641975,8005.499649,8868.547524,59571.45585,6756.273758,452.0673349,5676,65534,32591,10,65525,61114,3397,1964,888,61284.5,7241,7241,7359,7346,35058,203,6719,7063,61212,7028,86,6170.232373,3349.418194,7901.934694,2307.317045,355.4425899,580.4753967,5889.260032,5770.136735,2257.69638,5504.18398,6830.479129,6830.204525,7210.934526,7144.207736,493.1161672,7503.266322,5941.263472,7253.127699,5643.455011,3319.290092,1055.592838,D1,N8,t
appliedMASKiso_flu_3mgml_roi1_8bit.ome,35,54.26851163,61.25139535,0.931442558,3.78414186,48.945,54.04,0.93979,3.7618,43,31.60226781,28.58354714,0.040971393,0.731677665,35,4530,26.9344,3475,57,60.9649,23,1.2783,0.0234,0.0105,0.457,131072,0.647180915,216.510498,0.470171243,5.552891254,6.287200928,229.916214,0.811259151,0.661921263,209.127655,0.484124392,5.314608097,5.629182816,219.3939514,0.82551682,0.166699141,96.6760788,0.157694608,2.517143726,3.883624554,126.4652557,0.098346092,3mgml,flu,roi1,7646.572217,62004.44204,32583.54098,111.5759834,65341.5626,59106.57855,5760.429987,3337.531527,1790.257687,59453.75761,9115.831762,9115.616734,9436.079998,9385.342474,35096.06159,3202.40625,8187.304879,9267.552435,59320.11638,6961.928695,493.8138341,5948,65534,32594,11,65523,60859,3539,2060,961,61039.5,7535,7535,7683,7667,35050,203,6957,7395,60961,7196,95,6398.790938,3525.659135,7731.16701,2224.691735,404.6488433,649.3097961,6047.508831,6077.159531,2270.485534,5621.839318,6958.660182,6958.405268,7388.570288,7312.672634,481.5728719,6983.148776,5947.239229,7475.637426,5776.042865,3332.363517,1132.484254,D1,N8,t
appliedMASKiso_flu_3mgml_roi1_8bit.ome,36,63.29787333,60.22117778,0.917331333,3.7814,53.13,53.421,0.92914,3.7179,45,36.90916305,25.93523737,0.047270478,0.816447633,36,4778,25.4326,3694,64,57.7188,25,1.2989,0.0136,0.0091,0.4238,131072,0.603395641,241.104538,0.451364011,6.292105675,6.915241241,241.0211487,0.785009921,0.604810715,240.180542,0.475039065,6.226837158,6.284887314,231.4812622,0.792779744,0.167849004,98.80949402,0.154230595,2.610441685,3.936448574,120.5248871,0.101780623,3mgml,flu,roi1,8125.764524,62728.30868,32565.87224,142.4800051,65294.62968,58576.39599,6052.585058,3505.480222,2045.435513,58933.22944,9740.801149,9740.62044,10064.50486,10013.78803,35090.42006,2816.752094,8780.507746,9867.374645,58795.69285,7168.047394,609.0371248,6273,65534,32593,12,65521,60563,3822,2210,1039,60750,7942,7942,8091,8073,35047,203,7354,7799,60666,7439,102,6787.77688,3641.736476,7046.685293,2149.717447,572.798219,842.7235416,6596.691139,6281.270076,2761.434691,6165.801132,7467.282178,7467.067305,7898.462502,7822.866672,346.2192138,5669.238675,6430.156643,7962.542806,6320.037179,3275.913803,1547.197926,D1,N8,t
appliedMASKiso_flu_3mgml_roi1_8bit.ome,37,63.36274634,64.95858537,0.923234146,3.941360976,57.095,58.834,0.92679,3.6868,41,38.30680808,29.03207353,0.035798228,0.99008841,37,4899,24.755,3770,61,61.8033,21,1.3062,0.0169,0.01,0.4129,131072,0.569595695,266.228302,0.450782478,6.909295082,7.644757748,262.9813232,0.764035225,0.569888115,265.461731,0.467852026,6.86348629,7.15778017,258.5046387,0.771816254,0.16757971,100.4458542,0.133501038,2.635652781,4.009420395,121.2854233,0.103458807,3mgml,flu,roi1,8377.463196,62860.30251,32582.51836,172.9382729,65258.93438,58320.13371,6416.504856,3716.251937,2130.515964,58695.51139,10023.87597,10023.68699,10370.80904,10316.00775,35088.88931,2598.358688,9023.340818,10171.39325,58549.38301,7194.656694,666.4520498,6321,65534,32608,13,65520,60487,4058,2346,1071,60667,8055,8055,8200.5,8182,35048,203,7513,7878,60580,7477,107,7208.919107,3985.503176,6967.98479,2132.822415,655.3069213,985.2990647,6963.978288,6875.235357,2798.652727,6460.838738,7811.039949,7810.795928,8314.915992,8225.995974,386.5725468,5322.991805,6594.730541,8423.433635,6639.630831,3311.453426,1684.586346,D1,N8,t
appliedMASKiso_flu_3mgml_roi1_8bit.ome,38,69.79074286,56.43103571,0.925942857,3.961917857,65.218,52.195,0.9294,4.0391,56,42.20996977,22.34195099,0.025088491,0.809582173,38,5105,23.6754,4061,64,63.4531,47,1.3143,0.0238,0.0132,0.3527,131072,0.558541298,276.5826416,0.473132163,7.060007572,8.28742218,285.9676514,0.75643003,0.562577844,275.8129272,0.504186153,6.994767189,7.505250454,276.8088074,0.767590344,0.177451506,105.3431549,0.129379436,2.747266293,4.550006866,132.9244232,0.111780845,3mgml,flu,roi1,8382.356822,62611.31122,32537.71658,188.7962343,65244.19379,58414.22711,6786.861335,3931.134589,2069.269558,58824.69748,9870.696527,9870.484636,10271.21546,10206.13001,35090.64651,2703.659061,8758.896562,10124.32358,58663.62675,7146.148755,688.5674004,6077,65534,32602,16,65523,60769,4105,2374,976,60939,7738,7738,7880,7858,35043,203,7211,7556,60858.5,7418,99,7438.168322,4245.195772,7321.543325,2040.582658,657.8000723,981.0000409,7030.910481,7321.404528,2730.714131,6478.789511,7881.710081,7881.396196,8451.310481,8350.037294,347.8461038,5478.993993,6517.135668,8624.553776,6677.234393,3454.829666,1621.050888,D1,N8,t
appliedMASKiso_flu_3mgml_roi1_8bit.ome,39,72.09216897,60.65662069,0.912345862,3.8575,64.401,53.628,0.918855,3.8082,58,43.1123581,31.22350579,0.047226989,0.761156229,39,5260,22.9188,4164,58,71.7931,40,1.3244,0.0248,0.0165,0.338,131072,0.53872937,294.7016907,0.489275753,7.42993927,8.992730141,311.5856934,0.743350208,0.533350289,294.4295349,0.504802823,7.417426109,8.45401001,311.0517883,0.749976218,0.17979762,111.9983063,0.122662686,2.875203133,4.809372902,138.6561279,0.116057016,3mgml,flu,roi1,8418.072543,62797.64047,32524.35493,225.7361483,65210.4528,58463.82379,7080.074685,4103.948103,2023.886389,58905.78721,9776.585545,9776.267712,10218.49282,10145.47582,35081.64632,2694.4294,8570.15821,10117.65681,58732.55278,7154.12129,732.5034578,5919,65534,32601,17,65524,60976,4105,2374,913,61159,7505,7505,7656,7631,35036,203,7005,7362,61072,7415,93,7681.956147,4498.927137,7224.581016,2096.318183,705.2761816,1048.413188,7145.36215,7748.837655,2702.09292,6539.179255,7973.783336,7973.345453,8605.991558,8493.024758,355.0600402,5871.894843,6461.956718,8841.715557,6757.769189,3599.875008,1710.381581,D1,N8,t
appliedMASKiso_flu_3mgml_roi1_8bit.ome,40,66.54931719,58.46826563,0.915401719,3.797321875,56.5145,50.4535,0.92775,3.67265,64,43.42890743,31.07507556,0.046152934,0.750754353,40,5072,23.8425,4063,84,48.369,26,1.3121,0.0203,0.0201,0.3278,131072,0.542853475,306.3347778,0.499956787,7.530548096,9.077482224,328.1837158,0.74627918,0.525415182,315.423584,0.512936831,7.727056503,8.887704849,336.0576782,0.743852437,0.171551615,114.7567749,0.121692158,2.853453398,4.515387535,138.9572449,0.108984567,3mgml,flu,roi1,8207.354126,62581.03605,32530.00529,226.3906487,65222.98695,58827.5209,7334.223541,4250.098306,1815.761939,59299.93869,9319.470365,9319.180649,9811.826248,9728.799035,35081.78559,2674.588169,8002.078707,9787.089309,59114.01286,7107.612749,683.9323339,5532,65534,32587,18,65527,61404,4152,2401,784,61578,6984,6984,7141,7114,35032,203,6449,6875,61495,7327,81,7783.127781,4692.959445,7576.621098,2208.946893,644.6367268,979.5021838,7013.839137,8087.661719,2473.867734,6354.935945,7837.958663,7837.538715,8535.742904,8410.377667,368.894156,5542.921744,6157.154476,8860.598378,6593.481632,3771.150592,1593.694896,D1,N8,t
appliedMASKiso_flu_3mgml_roi1_8bit.ome,41,65.80801096,56.85416438,0.923289726,3.742661644,53.427,47.774,0.92729,3.814,73,48.4395492,26.21400968,0.033299896,0.840873505,41,5627,21.2936,4529,85,53.2824,43,1.3428,0.0208,0.0254,0.2733,131072,0.509716988,340.70755,0.508199155,8.249660492,9.986251831,363.8052979,0.725653827,0.494149059,347.8698425,0.51527226,8.40241909,9.765616417,367.3330078,0.723338306,0.159396112,111.143219,0.10222958,2.727891207,4.3754282,135.6953583,0.102735251,3mgml,flu,roi1,8364.935429,63232.91383,32531.23478,304.4652179,65156.58521,58788.80361,7745.906255,4487.260167,1780.000761,59305.79809,9324.124153,9323.863217,9872.089487,9778.571788,35061.81306,3187.897806,7856.183001,9908.592662,59103.78988,7158.269065,751.4240367,5593,65534,32585,19,65527,61399,4341,2510,784,61577.5,6999,6999,7184,7157,35022,203,6449,6941,61487,7410,88,8149.504882,5013.94982,7043.290607,2275.35273,1170.412861,1400.314755,7175.72918,8644.388927,2390.247146,6429.358335,7944.96348,7944.55961,8724.764393,8584.095301,389.5830129,6966.82222,6006.506076,9163.103479,6693.529567,3902.927558,1837.113955,D1,N8,t
appliedMASKiso_flu_3mgml_roi1_8bit.ome,42,69.45654923,60.69841538,0.921088462,3.767958462,54.926,55.915,0.92637,3.6112,65,51.12263495,25.24866969,0.036106673,0.835054807,42,6024,19.7585,4867,98,49.6633,56,1.3611,0.0246,0.0314,0.2759,131072,0.472876787,383.838562,0.498424739,9.125329018,11.13117504,400.7600098,0.700868666,0.464178711,386.1313477,0.505219221,9.166341782,10.67596626,397.479187,0.703321457,0.152915776,106.9542084,0.095382638,2.615293026,4.778100967,140.2833405,0.103635915,3mgml,flu,roi1,8532.562637,63652.86719,32465.67575,483.2598712,65030.41624,58752.42107,8223.039552,4765.431392,1750.855747,59318.2951,9313.345572,9313.008978,9931.021571,9824.318469,35041.43124,3096.236181,7693.277567,10035.46543,59095.59244,7203.774575,844.6000126,5679,65533,32567,22,65526,61404.5,4671,2701,772,61624,6984,6984,7230,7193,35010,203,6353,7014,61515,7494,91,8518.259282,5305.954885,6672.368563,2244.0713,2475.22401,2329.072538,7303.669471,9135.273098,2302.590048,6472.274652,7994.069325,7993.42362,8852.761543,8697.329072,415.7458354,6452.387941,5826.466997,9426.648446,6762.71832,3972.848479,2162.148099,D1,N8,t
appliedMASKiso_flu_3mgml_roi1_8bit.ome,43,72.78650816,53.17316327,0.903351837,3.605012245,67.6155,46.1345,0.92478,3.47625,98,49.91314889,26.75573191,0.067955378,0.783443328,43,7193,16.2223,5811,134,43.3657,53,1.4082,0.0254,0.0447,0.2326,131072,0.393586963,463.1217346,0.487415463,10.82761002,13.90538788,467.7002258,0.64071697,0.374261528,480.5406494,0.482058704,11.22491741,13.40857887,474.9061279,0.638609171,0.161133528,115.0521698,0.079601638,2.806678772,6.087022305,147.9718018,0.120805077,3mgml,flu,roi1,9317.762736,63881.51669,32462.07146,868.0638844,64665.22327,58175.57929,9117.303707,5282.339408,1912.191654,58832.58228,9880.353422,9880.011224,10632.46048,10500.97635,35030.57196,3340.995115,7961.29246,10849.27075,58568.63237,7510.687217,1140.183423,6560,65533,32561,25,65514,60630.5,5756,3329,997,60920,7844,7844,8206,8148,34998,203,6957,8023,60773,7736,141,9050.218532,5649.495207,6436.980338,2193.799463,4030.640028,3873.707511,7571.003747,9724.040216,2429.308008,6654.200388,8030.88206,8030.122483,8989.11011,8814.90546,490.8257883,6817.5081,5576.490947,9785.524498,6974.696266,3949.503054,3148.083646,D1,N8,t
appliedMASKiso_flu_3mgml_roi1_8bit.ome,44,71.46455,55.11990909,0.900199205,3.764526136,58.342,48.7505,0.905845,3.60675,88,53.8457318,23.56209032,0.058429979,0.876298435,44,7110,16.435,5898,140,42.1286,53,1.4089,0.024,0.0358,0.199,131072,0.394331038,443.0463867,0.484156549,10.58141899,13.84379768,444.5792542,0.639136434,0.377433658,461.6312866,0.485561728,10.94729805,13.10001373,455.7301636,0.641875327,0.173883736,115.7353973,0.080814287,2.910451889,6.672436714,142.0323334,0.13361232,3mgml,flu,roi1,8762.962583,63700.32882,32468.92346,829.0149209,64708.96933,58468.892,8523.101696,4934.099991,1932.245176,59043.54766,9542.940343,9542.759825,10203.27044,10088.78216,35040.06226,3074.792755,7869.983913,10312.71352,58810.10821,7202.712949,1174.877109,6354,65533,32551,24,65515,60713,5426,3138,1021,60969,7708,7708,8017,7968,35008,203,6941,7806,60839.5,7118,145,8430.074407,5370.478066,6844.393501,2274.021641,3756.983849,3696.25641,7279.764761,9265.039663,2456.270855,6448.74199,7736.759655,7736.39245,8634.866278,8471.730278,424.0305265,6668.628269,5469.237662,9270.898107,6747.034616,4070.831304,3407.640179,D1,N8,t
appliedMASKiso_flu_3mgml_roi1_8bit.ome,45,80.57455333,51.83043333,0.894254444,3.646252222,67.62,47.4705,0.91195,3.4377,90,57.02951808,21.11467365,0.05671479,0.833051996,45,6461,18.2868,5367,99,54.2121,52,1.38,0.0315,0.005,0.1834,131072,0.364586562,385.4734497,0.409410179,10.32487583,12.43844223,334.2531738,0.618860066,0.344744295,405.0772705,0.406425714,10.78830719,11.79767323,348.3506165,0.619592428,0.171415359,95.22672272,0.078868687,2.659651995,5.846465588,96.50828552,0.134499788,3mgml,flu,roi1,7583.522779,63495.64719,32472.97948,441.8967459,65021.47311,58521.6641,5128.053691,2970.523723,2849.560424,58721.45959,9566.703154,9566.551495,9705.517201,9689.533477,35074.21901,2713.526699,9000.980721,9365.256514,58642.67664,6527.817722,1305.262429,5646,65534,32536,18,65519,60668,2878,1664,1258,60718.5,7678,7678,7610,7631,35039,203,7545,7171,60696,6037,150,6914.428864,3681.031934,7002.341665,2393.488272,1889.100592,2189.84523,7095.988814,6343.446641,4126.368229,6716.911782,7783.858376,7783.557519,8187.292502,8117.641029,403.1170464,5660.941225,6784.636671,8191.085639,6864.118629,4243.750216,3770.204158,D1,N8,t
appliedMASKiso_flu_3mgml_roi2_8bit.ome,1,95.73495,47.2099,0.9130025,3.3649025,97.8625,42.607,0.9136,3.1618,40,35.67687684,15.55502249,0.032167963,0.831301071,1,5581,21.4856,4650,137,33.9416,34,1.3404,0.0234,0.1773,0.137,131072,0.503483415,2246.421387,0.338682622,22.42161942,22.34532356,1809.251099,0.704644442,0.508308887,2242.388672,0.342767537,22.25432587,19.97232437,1762.402832,0.720686793,0.184882686,767.7741089,0.12046615,7.840023518,13.12175941,800.3418579,0.135415629,3mgml,flu,roi2,3805.698554,60994.46565,32844.74557,177.6040138,65403.36145,62073.70101,2522.16794,1846.609734,1826.64154,61230.22877,6081.761407,6117.28982,5153.516043,5304.190879,53849.78382,2513.900973,6780.088704,4514.345616,61672.88279,6296.326327,512.3655657,2328,65534,32521,8,65534,63826,1217,820,598,63213,4085,4117,3318,3444,53843,138,4907,2837,63565,4880,42,4426.821069,2791.66508,10088.72194,3484.931507,764.1576701,720.6584836,4696.559175,3533.214837,3230.208374,5372.327257,6417.078443,6447.618181,5676.464397,5794.545248,50.36323426,5241.35569,6616.529452,5101.798443,5096.499149,5572.291105,1730.83232,D1,N8,t
appliedMASKiso_flu_3mgml_roi2_8bit.ome,2,89.66694571,45.92568571,0.893608571,3.524225714,97.595,41.887,0.91512,3.433,35,41.04687256,20.87273099,0.084150672,0.811395613,2,5232,23.0522,4383,155,28.2774,26,1.3272,0.026,0.1624,0.1484,131072,0.539993584,2094.0354,0.370002359,20.62080193,21.1637764,1795.536011,0.729665101,0.541204095,2076.105713,0.369026482,20.37431145,18.65753174,1714.72937,0.742872775,0.188439801,802.411377,0.124275342,8.080901146,13.4471302,902.9978027,0.134808168,3mgml,flu,roi2,3940.651261,60845.8679,32866.81757,195.0158766,65398.74032,62024.86678,2699.149633,1999.156242,1751.223386,61222.13901,6180.889329,6214.70655,5278.51726,5424.901127,53848.59122,2056.429597,6756.875063,4648.134585,61642.24754,6528.401177,481.2216694,2339,65534,32542,8,65534,63888,1260,848,559,63306,4052,4079,3314,3433,53841,138,4817,2839,63639.5,4941,40,4747.422281,3190.155441,10381.1254,3414.682824,985.2032537,827.0341788,4894.958426,3944.404498,3038.219115,5493.63465,6656.166797,6682.407811,5949.60627,6061.464124,130.3851695,4386.498021,6650.020061,5404.464583,5257.650668,5932.803659,1593.073094,D1,N8,t
appliedMASKiso_flu_3mgml_roi2_8bit.ome,3,85.85008182,52.2155,0.915958636,3.717652273,90.725,43.7075,0.91708,3.5205,44,41.49672946,20.000985,0.035819627,0.811590314,3,5649,21.2029,4720,153,30.8497,31,1.3477,0.0222,0.199,0.1597,131072,0.480335981,2305.911865,0.37144205,23.08015823,24.12291336,1949.391724,0.688878834,0.480154991,2306.544434,0.374671519,22.96686935,21.96767044,1921.017944,0.702467442,0.182917237,781.8442383,0.12522161,7.973670483,13.19429207,829.7838745,0.13453044,3mgml,flu,roi2,4575.161578,61785.55492,32737.09308,241.4940835,65341.09026,61245.27598,2931.382406,2155.017667,2376.295901,60264.42358,7249.232582,7290.563337,6164.003162,6340.134701,53846.44524,2325.570813,8005.233045,5412.690507,60763.12558,7235.741671,694.8180115,2746,65534,32538,13,65534,63471,1347,933,727,62787,4778,4809,3894,4038,53841,138,5668,3336,63164,5716,57,5267.723263,3283.34191,9235.22603,3182.330304,1118.285154,986.5143852,5665.880116,4111.845724,3920.753463,6457.941324,7551.385966,7584.42519,6689.876446,6827.035268,98.95692859,4932.092737,7721.706114,6038.104795,6134.709795,6181.787443,1929.310978,D1,N8,t
appliedMASKiso_flu_3mgml_roi2_8bit.ome,4,87.574995,53.4143,0.90973825,3.82732,86.413,46.8355,0.91807,3.89315,40,43.74826464,22.22333178,0.050558508,0.664696018,4,5416,22.2011,4568,138,33.1014,37,1.3325,0.028,0.1921,0.1864,131072,0.498998106,2218.519043,0.384708971,22.00482178,23.10614586,1910.940063,0.703595817,0.487265348,2235.386719,0.396649271,22.10239601,22.10075378,1962.4198,0.707868993,0.181813508,779.0133057,0.122107416,7.834667683,11.87252617,786.3660278,0.127813086,3mgml,flu,roi2,4754.755472,61999.68279,32704.82829,173.3615348,65369.78151,61066.02043,3028.02359,2203.018897,2452.930093,60051.47461,7520.307901,7564.254893,6415.791411,6595.293157,53845.14648,2211.500325,8270.874411,5631.077354,60559.71892,7551.578582,674.5909636,2835,65534,32541,15,65534,63428,1456,990,709,62746,4879,4916,3998,4145,53840,138,5758,3435,63119,5913,57,5288.610548,3078.353823,8940.388074,3122.056293,566.2073569,665.2625803,5792.435434,3950.042953,4066.143686,6682.407916,7742.198584,7780.947512,6833.869674,6979.479439,112.3068175,4668.503604,7985.331491,6121.459883,6321.182046,6362.490613,1812.069937,D1,N8,t
appliedMASKiso_flu_3mgml_roi2_8bit.ome,5,86.00715385,54.58771795,0.898359744,3.497494872,86.682,45.688,0.91248,3.5117,39,36.79669641,20.8494822,0.041801142,0.63358981,5,4951,24.474,4245,150,28.3,25,1.3069,0.0167,0.1793,0.1971,131072,0.51687485,2172.399414,0.377098203,21.45351982,21.89458656,1852.958862,0.716356874,0.499129295,2216.413818,0.388385534,21.88597107,21.69369316,1931.613892,0.715645432,0.179533198,805.5596924,0.1247131,7.996446133,11.16175365,791.4140625,0.123001501,3mgml,flu,roi2,4814.718645,62083.87208,32689.65074,154.8113605,65383.47824,61045.06295,3131.187261,2282.22879,2367.330041,60045.96581,7567.939697,7611.423115,6482.103997,6658.600981,53845.21548,2014.391987,8268.771699,5696.413178,60541.39291,7737.339833,615.0158185,2978,65534,32551,13,65534,63338,1630,1131,713,62688,5003,5035,4159,4295,53839,138,5758,3592,63037,6187,52,5280.11311,3092.989287,8637.041683,3083.397758,522.2584792,630.0389945,5768.460004,3952.942871,4001.097043,6652.379834,7711.925759,7749.258242,6820.121478,6963.015938,54.96657183,4392.355613,7938.37985,6111.250145,6299.861521,6434.375742,1767.374701,D1,N8,t
appliedMASKiso_flu_3mgml_roi2_8bit.ome,6,86.61095435,53.631,0.904144348,3.597163043,85.2105,45.6825,0.91965,3.551,46,38.51059973,24.02854263,0.091242934,0.772125079,6,5729,20.8789,4828,146,33.0685,43,1.3452,0.0183,0.2146,0.178,131072,0.441984028,2524.775879,0.329395145,25.43637848,24.98568916,1956.91687,0.662367344,0.425765336,2544.486084,0.330389798,25.65835762,24.37548256,2013.16748,0.663281679,0.17279917,786.871521,0.108975798,8.001587868,11.46994972,706.0342407,0.127328485,3mgml,flu,roi2,5261.168534,63452.86713,32622.90353,209.9495306,65331.44978,60400.12254,3023.555046,2213.358036,3006.816145,59192.42087,8485.389721,8535.502,7161.866781,7376.634905,53842.68624,2099.688362,9544.651601,6257.978983,59789.06179,8243.209817,794.8271402,3398.5,65535,32560,14,65533,62819,1543,1060,945,62014,5831.5,5869,4793,4961,53840,138,6856,4119,62440.5,6952,66,5571.508009,3105.878194,6758.294025,3013.471482,844.4898112,924.9081821,6329.257426,3981.170387,4953.13084,7394.048855,8311.691473,8353.667526,7263.869504,7431.632302,103.2407968,4328.557884,8792.261152,6477.104014,6952.955303,6394.275708,2460.27326,D1,N8,t
appliedMASKiso_flu_3mgml_roi2_8bit.ome,7,95.84534091,52.64138636,0.900734091,3.454370455,91.39,47.006,0.90972,3.37695,44,43.26766292,23.63412213,0.047213995,0.728145329,7,5523,21.7322,4638,137,33.854,37,1.336,0.0182,0.2255,0.1716,131072,0.41325587,2677.445801,0.305241525,27.1482048,26.27401733,1988.559204,0.6397717,0.395883024,2757.466797,0.303631037,27.89564133,25.1024971,2018.379883,0.640533388,0.173003301,795.3491211,0.109018311,8.159604073,11.88334179,673.0369263,0.132479817,3mgml,flu,roi2,5534.648975,63925.49017,32608.25947,239.7909241,65304.79688,60060.91168,3132.807554,2309.718129,3267.542348,58771.42307,8960.783746,9013.166441,7544.692956,7774.329413,53842.64781,1980.265746,10137.58925,6587.496083,59403.37634,8600.914903,856.8061266,3645,65535,32560,14,65532,62513,1586,1088,1069,61624.5,6297,6336,5159,5348,53840,138,7439,4426,62084,7365,70,5731.294451,3261.441206,5747.270916,2927.290029,1138.8972,1152.181704,6594.50145,4118.317358,5445.479241,7723.270907,8571.678894,8613.171973,7476.940982,7651.731187,39.63040233,4116.978381,9140.468667,6664.622791,7256.47729,6406.603281,2832.968162,D1,N8,t
appliedMASKiso_flu_3mgml_roi2_8bit.ome,8,93.18612105,54.84628947,0.908173684,3.469615789,93.3375,46.9455,0.91986,3.5014,38,41.39271449,27.32188556,0.049518106,0.856438504,8,5567,21.5446,4740,143,33.1469,34,1.3382,0.0222,0.202,0.1403,131072,0.446351826,2564.397705,0.310574323,25.73443985,24.60545158,1926.973633,0.664107203,0.442630738,2595.330566,0.315374345,25.99525833,22.58105278,1904.514282,0.674131751,0.176329225,830.0846558,0.116090111,8.393120766,11.8594389,702.6400146,0.132588342,3mgml,flu,roi2,5596.425284,63935.81484,32545.26648,244.1819981,65305.92199,60073.16461,3281.912267,2435.757608,3060.51257,58829.36862,8967.490469,9018.028982,7589.418535,7812.833876,53842.85472,1935.972304,10043.81011,6643.691192,59436.28867,8749.391044,791.3151211,3705,65535,32549,12,65532,62457,1630,1131,1081,61553,6393,6430,5229,5419,53840,138,7551,4494,62023,7475,66,5783.74772,3475.284864,5631.879046,2856.599096,1320.754704,1258.408641,6564.378048,4377.284998,5013.248554,7606.345655,8479.816143,8518.163544,7468.211892,7629.205996,32.24064792,4089.485232,8859.482171,6691.094647,7181.845571,6441.942833,2758.800164,D1,N8,t
appliedMASKiso_flu_3mgml_roi2_8bit.ome,9,97.92737632,53.73878947,0.903326316,3.518542105,99.655,46.0805,0.91383,3.40735,38,44.72171262,25.3974298,0.048970251,0.8459669,9,5712,20.9469,4837,139,34.7986,34,1.3488,0.0213,0.1724,0.1242,131072,0.500585437,2322.196533,0.343548,22.8982048,22.56686783,1862.453003,0.703104138,0.514541268,2269.02832,0.353190392,22.2963028,19.64445496,1769.530884,0.725155115,0.182833001,829.0903931,0.124642909,8.294352531,12.40865326,783.2147827,0.132642537,3mgml,flu,roi2,5662.755514,63588.80128,32574.88012,257.6918387,65294.93266,60100.73054,3472.614981,2572.438448,2842.073132,58947.93233,8895.45999,8944.186637,7595.137532,7806.080998,53843.18214,1832.23671,9728.32488,6684.453708,59514.25625,8844.739342,747.2751791,3778,65535,32550,11,65531,62400,1738,1187,1089,61515,6440,6481,5308,5493.5,53840,138,7483,4572,61970,7578,67,5884.459621,3638.545023,6054.050609,2773.739338,1511.038177,1368.733992,6508.433728,4620.049653,4543.190204,7393.729501,8337.599523,8372.47709,7442.07093,7584.377047,34.06558486,3757.721404,8358.659804,6733.953073,7034.021931,6507.851536,2582.076477,D1,N8,t
appliedMASKiso_flu_3mgml_roi2_8bit.ome,10,92.32082571,52.71657143,0.918367143,3.728894286,88.755,50.755,0.92549,3.635,35,47.3904969,19.85723979,0.037400586,0.723929932,10,5285,22.8009,4456,147,30.3129,28,1.3239,0.0224,0.162,0.1003,131072,0.518953204,2226.127197,0.368873239,21.77402878,22.63419151,1883.01001,0.713645518,0.544416308,2100.51123,0.386286348,20.43371773,18.94338417,1768.800049,0.744768977,0.195772603,865.9733276,0.127545089,8.666676521,14.09843159,890.5560913,0.143407926,3mgml,flu,roi2,5771.84849,63057.94704,32590.52106,300.9731087,65256.66237,60015.83496,3634.010158,2682.740591,2832.6212,58892.64164,8951.61498,9000.341151,7688.851244,7893.881375,53843.72186,2066.557554,9654.565176,6788.984877,59445.55306,8883.514247,793.0967386,3836,65535,32533,12,65531,62324,1760,1216,1142,61418,6525,6566,5396,5583,53840,138,7618,4643,61881,7630,74,6076.34382,3867.298843,6712.085763,2779.16334,1664.477598,1476.577141,6618.11148,4913.518386,4406.093104,7413.049812,8367.703816,8400.669078,7553.574545,7682.889758,75.44551903,4558.590799,8121.977351,6889.231187,7091.915554,6526.160095,2507.679846,D1,N8,t
appliedMASKiso_flu_3mgml_roi2_8bit.ome,11,85.81106176,60.39502941,0.915288529,3.483017647,92.6445,52.71,0.92626,3.3076,34,48.48264602,23.926703,0.036289011,0.757718206,11,5149,23.456,4439,151,29.3974,26,1.3255,0.0274,0.1618,0.1228,131072,0.526813984,2180.772217,0.38823694,21.16984177,22.72828674,1922.248901,0.719600439,0.548105478,2097.505371,0.398553908,20.26345062,18.63905907,1750.906494,0.747520328,0.195056394,835.2774048,0.1278404,8.330438614,14.26144505,934.9593506,0.140998989,3mgml,flu,roi2,5878.227512,62983.12873,32572.02824,282.9265559,65251.76772,59955.79996,3800.682329,2844.439489,2810.104521,58854.39671,9033.269851,9079.175289,7795.378844,7996.134504,53843.1817,2120.556714,9638.195961,6899.308905,59388.11967,9009.896588,810.9401038,3945,65535,32543,12,65530,62245,1847,1272,1171,61329,6685,6728,5531,5721,53839,138,7752,4769,61796,7830,74,6095.988576,4037.822109,6882.525552,2740.909882,998.4348234,1145.055854,6593.981947,5028.396753,4302.060283,7350.799858,8324.816256,8351.834129,7551.656308,7673.852221,74.7481118,4921.4316,7953.321129,6902.872668,7060.278679,6538.205126,2342.262643,D1,N8,t
appliedMASKiso_flu_3mgml_roi2_8bit.ome,12,97.75909388,57.19295918,0.911094898,3.547206122,99.926,51.235,0.9154,3.3314,49,43.33792939,26.56779806,0.038599693,0.642934716,12,5774,20.7005,4972,135,36.8296,37,1.3503,0.0284,0.1998,0.1567,131072,0.46355781,2422.111816,0.381567508,23.97664833,25.34727859,2066.831299,0.67819351,0.470347553,2382.849609,0.373901069,23.43201447,22.94584846,2014.427124,0.695364237,0.172761321,748.5906982,0.119186707,7.560651779,12.75204849,804.2809448,0.128165901,3mgml,flu,roi2,6247.766144,63822.99402,32587.0922,328.4153401,65210.73315,59461.76553,3844.86309,2862.004711,3297.338739,58198.9343,9759.286651,9811.505258,8358.688074,8585.863828,53842.01709,2279.528869,10632.8744,7365.160191,58806.10955,9452.505848,938.0762681,4311,65535,32564,14,65529,61845,1999,1385,1387,60827.5,7327,7374,6047,6259,53839,138,8536,5214,61340.5,8439,96,6228.100357,3978.01442,6032.457965,2686.358825,1641.102892,1558.615641,6890.825422,4927.177666,4891.489387,7806.928035,8720.934266,8753.190877,7816.338264,7959.715058,33.49765185,4774.30979,8669.649802,7095.550128,7441.865349,6581.79177,2744.039737,D1,N8,t
appliedMASKiso_flu_3mgml_roi2_8bit.ome,13,94.69341739,54.4508913,0.911162609,3.362665217,94.4105,44.277,0.915615,3.23185,46,42.2766499,25.41868243,0.033929057,0.707415045,13,5821,20.5173,4934,145,34.0276,34,1.36,0.0241,0.1846,0.1563,131072,0.484390289,2315.553955,0.391714633,22.81040955,24.49769783,2047.415894,0.693612158,0.483997852,2280.296387,0.393930107,22.47356033,22.24643517,1984.941162,0.705180228,0.175944045,730.1953735,0.128317878,7.365845203,12.63765907,863.7809448,0.125894308,3mgml,flu,roi2,6021.565437,63503.83047,32529.80933,279.3546385,65253.11078,59726.92144,3696.434613,2750.930083,3089.493359,58519.81179,9396.313237,9446.869126,8048.930019,8267.517445,53842.2609,2211.116456,10220.37974,7095.219804,59104.13257,9203.399917,842.138902,4072,65535,32554,13,65530,62112,1847,1272,1265,61146,6930,6974,5716,5917,53839,138,8111,4921,61635.5,8053,82,6121.486372,3945.009406,6368.760336,2690.39858,1237.83705,1275.416382,6691.893488,4864.865889,4632.813427,7558.270174,8523.907985,8556.177869,7645.095251,7784.32431,99.38348655,4689.609711,8440.469106,6954.496319,7213.102244,6584.848571,2335.91958,D1,N8,t
appliedMASKiso_flu_3mgml_roi2_8bit.ome,14,105.0658103,63.58641379,0.917726552,3.528317241,108,56.794,0.92041,3.1925,29,49.07459383,29.1254579,0.033864643,0.835907085,14,5647,21.2111,4767,133,35.8421,44,1.348,0.0197,0.183,0.1612,131072,0.477048695,2394.8396,0.362934142,23.6451931,25.09762764,2042.342773,0.68484205,0.48530063,2338.79126,0.352737069,22.8832531,21.41719246,1891.884155,0.705434203,0.192026004,800.5615845,0.13860175,8.129572868,14.66426849,946.5560303,0.141696438,3mgml,flu,roi2,5946.355696,63569.19552,32533.00752,301.0479581,65245.22807,59828.69837,3714.114321,2784.815895,2983.511336,58656.27324,9255.215422,9303.621336,7928.394676,8143.470053,53842.739,2022.615282,10058.38813,6996.734528,59227.91369,9103.933157,822.8753576,3988,65535,32544,12,65531,62174,1804,1230,1216,61227,6823,6867,5611,5807,53840,138,8021,4825,61712,7923,77,6144.153276,4119.571811,6305.171515,2796.032517,1216.65615,1269.55151,6629.293778,5086.615459,4400.627739,7414.267673,8414.982005,8443.467488,7596.567833,7725.359257,78.36782532,4515.764071,8235.495551,6944.047985,7105.645559,6582.670194,2276.563508,D1,N8,t
appliedMASKiso_flu_3mgml_roi2_8bit.ome,15,88.41065667,52.23943333,0.912933667,3.823203333,92.0185,43.928,0.916625,3.44655,30,38.52539782,17.44462037,0.035666866,1.110338099,15,5510,21.7882,4632,176,26.3182,30,1.3388,0.0189,0.1778,0.1315,131072,0.488738298,2356.020508,0.352088034,23.24944496,24.27420425,1971.298706,0.692309439,0.509456694,2262.173828,0.346340925,22.30189514,19.83185768,1781.614014,0.721645355,0.196478292,821.7114868,0.137936115,8.342874527,14.78081417,938.5224609,0.145104408,3mgml,flu,roi2,5861.547273,63574.01881,32503.2132,272.4960678,65267.83079,59961.06364,3758.610007,2827.007468,2858.099858,58832.01187,9079.143594,9125.808516,7794.674365,8002.861043,53842.57767,2156.721088,9808.928134,6887.046204,59384.03111,9045.577672,787.1742068,3937,65535,32537,12,65531,62249.5,1825,1258,1158,61334,6727,6770,5541,5735,53840,138,7819,4767,61804,7869,72,6102.406568,4167.977649,6345.120663,2814.47809,1019.634687,1118.193132,6537.933265,5072.038625,4233.647329,7301.083938,8334.006979,8361.901945,7532.050629,7658.354789,73.09801024,4405.560892,8107.036451,6887.203271,7001.535322,6674.839466,2161.485243,D1,N8,t
appliedMASKiso_flu_3mgml_roi2_8bit.ome,16,99.61253582,51.83407463,0.896805224,3.543055224,98.686,42.682,0.90485,3.2959,67,41.47379659,21.75760483,0.060572946,0.900417937,16,6545,18.0264,5459,154,35.4481,51,1.3858,0.0214,0.2902,0.1605,131072,0.319766492,3009.494873,0.298693985,31.26280212,32.82012558,2228.011719,0.561402619,0.321557671,3086.087158,0.292709976,31.8311615,29.18377686,2185.036377,0.580919206,0.156225368,621.7289429,0.119486034,6.647003651,14.79123974,644.2954102,0.140050456,3mgml,flu,roi2,7003.999442,64619.03999,32391.01019,461.7902231,65050.34252,58338.67978,3883.664379,2916.32727,4661.815897,56740.3927,11220.96562,11283.76786,9461.27468,9746.336127,53841.37297,2173.43036,12586.60102,8292.761966,57513.09145,10050.34732,1450.772648,5045,65535,32562,17,65523,60864,1912,1315,2005,59594,8745,8803,7133,7394,53840,138,10329,6124,60226.5,9458.5,154,6752.473075,4248.590068,4425.433653,2379.142385,1724.785152,1815.672181,7763.482451,5140.118483,6675.45124,8938.910273,9653.699442,9694.078501,8524.044545,8703.014605,40.43815836,4543.418626,9957.654836,7702.445288,8438.470367,6544.949568,3686.448709,D1,N8,t
appliedMASKiso_flu_3mgml_roi2_8bit.ome,17,94.05922889,54.12962222,0.906965556,3.786702222,90,51.128,0.91405,3.6435,45,37.25006657,20.95924458,0.057902135,0.933381956,17,5759,20.7597,4780,141,33.9007,40,1.3505,0.0261,0.219,0.1676,131072,0.429514766,2597.88916,0.324955404,26.19846725,26.1988163,2032.330444,0.65144074,0.44242388,2585.452881,0.332563818,25.90532875,22.81871605,1925.804565,0.674247384,0.172586784,734.831604,0.125504419,7.568026066,13.19031334,777.9944458,0.133407235,3mgml,flu,roi2,6248.925907,64005.9969,32537.78181,328.3856315,65216.04111,59521.22632,3920.826325,2957.443475,3253.451581,58311.57143,9674.71722,9724.20098,8294.614674,8518.219317,53840.967,2276.144954,10466.88011,7333.172811,58901.66328,9477.507167,935.2794325,4254,65535,32559,13,65530,61940,1934,1329,1316,60979,7217,7264,5959,6165,53839,138,8335,5141,61465,8388,93,6392.504105,4250.200635,5922.965486,2840.184737,1496.851352,1427.950895,6904.122856,5137.94698,4743.192456,7760.649788,8781.728492,8812.274672,7888.832294,8029.705975,114.5399493,4826.986644,8674.563542,7204.175589,7414.280863,6905.285628,2486.621805,D1,N8,t
appliedMASKiso_flu_3mgml_roi2_8bit.ome,18,98.09421212,54.59515152,0.907096364,3.69599697,94.16,48.402,0.92396,3.5566,33,40.49317453,21.23032512,0.068265506,0.928433627,18,5210,23.158,4312,123,35.0569,27,1.3269,0.0202,0.1684,0.1828,131072,0.523728609,2220.342041,0.354763448,21.72333145,21.64564514,1859.079224,0.720583498,0.526414812,2205.286377,0.359294593,21.48158836,19.21380997,1747.95459,0.733609617,0.178053543,783.2915039,0.13455309,7.782165051,12.3017416,879.1890259,0.124341495,3mgml,flu,roi2,5792.019705,62980.27753,32663.44929,309.9026228,65261.02004,60190.81162,3940.292242,2994.254309,2575.192759,59212.48676,8709.939457,8750.971068,7572.151383,7756.528249,53841.94391,2330.019931,9106.833333,6744.842107,59694.54197,9004.005596,752.5724975,3752,65535,32565,13,65532,62558,1912,1329,992,61776,6235,6275,5205,5372,53838,138,7058,4513,62181,7553,69,6181.026751,4385.24094,7223.839152,2766.878084,1473.100397,1342.304894,6383.14296,5202.86555,3763.784098,7004.493001,8178.485129,8201.747856,7465.159722,7577.209667,114.3541348,5321.347706,7670.619036,6889.052261,6766.920029,7046.043571,2171.939894,D1,N8,t
appliedMASKiso_flu_3mgml_roi2_8bit.ome,19,90.23466122,53.47410204,0.921605102,3.741322449,90,48.822,0.92641,3.6877,49,32.85794496,21.20574756,0.032298474,0.758081173,19,5678,21.0844,4673,144,32.4514,36,1.3487,0.0194,0.21,0.1756,131072,0.445451409,2471.652832,0.360173404,24.84709167,26.01777458,2056.684326,0.664429247,0.437131226,2532.584473,0.364532769,25.41159439,23.67099762,1989.605469,0.671895266,0.173418596,723.1661987,0.130083829,7.42852354,13.5180645,812.1989746,0.131183162,3mgml,flu,roi2,6272.705331,63593.53793,32618.00023,313.1079379,65214.92234,59561.97176,4087.880599,3097.002126,3132.135594,58426.92416,9560.557052,9606.885451,8262.69313,8472.94289,53841.08111,2389.160857,10144.26322,7333.789222,58978.20336,9448.832702,946.4135749,4100,65535,32576,18,65530,62159,1977,1385,1196,61289,6837,6881,5697,5885,53838,138,7819,4936,61734,8094,93,6439.729895,4320.590138,6595.884196,2759.74953,988.2790647,1147.629402,6867.929497,5264.30307,4413.616291,7640.820733,8748.663197,8775.799858,7919.829769,8050.478855,44.1494174,5331.545281,8419.056862,7252.871958,7339.981197,7069.013352,2368.056355,D1,N8,t
appliedMASKiso_flu_3mgml_roi2_8bit.ome,20,95.40919487,54.865,0.910634359,3.584058974,96.116,49.525,0.91518,3.4614,39,33.4904926,22.14871327,0.044404985,0.697579448,20,5231,23.057,4299,141,30.4894,25,1.3282,0.0192,0.1658,0.2183,131072,0.513327658,2264.328857,0.367719322,22.05963516,22.5902977,1918.50293,0.712840259,0.509757996,2301.515137,0.390626848,22.30167007,20.55880737,1878.685791,0.722064972,0.181473136,783.4890137,0.123838663,7.770772457,12.59900093,847.9212036,0.128004417,3mgml,flu,roi2,5732.956894,62493.36298,32640.0939,181.0087639,65330.15915,60230.43476,3938.672643,2975.021995,2579.313915,59252.40237,8650.841723,8691.806996,7529.977253,7711.678701,53842.59056,2511.402273,9066.017041,6695.681427,59729.35706,8939.598157,686.2117294,3619,65535,32560,16,65532,62672,1912,1329,945,61905,6044,6081,5040,5205,53838,138,6878,4360,62300,7320,65,5957.270744,4024.253734,7784.25291,2762.144611,505.7081773,686.6178885,6241.137148,4936.878274,3758.60611,6918.037844,8102.21956,8128.252842,7366.506673,7482.877362,101.610126,5535.205667,7723.694516,6737.314306,6663.961089,6989.207872,1645.371882,D1,N8,t
appliedMASKiso_flu_3mgml_roi2_8bit.ome,21,96.34723256,50.67860465,0.89781093,3.514760465,96.789,45.371,0.91375,3.3772,43,37.78788366,21.93373462,0.06434771,0.739927666,21,5169,23.3575,4272,139,30.7338,25,1.3249,0.0175,0.1728,0.2252,131072,0.489676505,2324.826416,0.383592755,22.80562019,23.97879601,2006.921509,0.69688648,0.480791032,2380.842285,0.398312688,23.30381012,22.34014511,2002.774658,0.702977121,0.180288211,782.4194336,0.118417457,7.776558399,12.19149303,829.8398438,0.127725884,3mgml,flu,roi2,5806.814727,62556.18056,32609.85765,188.9896463,65322.50577,60116.65226,3895.295702,2934.519381,2714.208291,59092.05762,8816.512905,8859.482008,7650.662733,7839.705247,53843.06168,2292.209917,9294.448507,6792.613856,59591.10701,9018.995782,714.2447376,3694,65535,32565,17,65532,62596,1956,1357,992,61811.5,6153,6190,5129,5296,53838,138,6990,4440,62216,7434,72,5967.864009,3915.538109,7760.836132,2777.771892,620.9661907,771.9994503,6339.506759,4829.125796,4025.030741,7093.191245,8234.086849,8263.749005,7433.500881,7560.310894,52.39194168,4913.451684,8011.770631,6774.442191,6799.387709,6949.693875,1721.66559,D1,N8,t
appliedMASKiso_flu_3mgml_roi2_8bit.ome,22,101.9977231,49.02013462,0.903958462,3.632726923,102.835,41.833,0.92033,3.5382,52,37.83421328,17.9493057,0.047014521,0.753054213,22,5485,21.8966,4478,138,32.4493,26,1.3375,0.0248,0.1905,0.1781,131072,0.441611707,2533.902588,0.380458593,25.06019783,26.6140461,2144.406738,0.662136316,0.416906953,2621.226563,0.397987068,25.9002018,26.6730175,2286.988037,0.656591535,0.179242834,790.8656006,0.110460073,7.908173561,12.16358566,785.9276123,0.129015729,3mgml,flu,roi2,5995.689094,62803.2897,32614.4155,232.0232488,65284.77554,59862.14669,3953.57842,2980.262221,2976.917652,58764.96703,9166.089242,9211.639479,7927.109051,8127.989113,53842.52013,2264.326531,9746.663949,7025.600513,59296.82794,9203.738065,820.4292766,3928,65535,32572,16,65531,62346,2043,1414,1116,61516,6536,6579,5465,5643,53838,138,7439,4727,61940,7821,83,6167.28494,4012.425183,7533.437241,2703.807486,861.344691,1002.565692,6672.165558,4937.004315,4492.119554,7503.581869,8569.739725,8601.904714,7711.089664,7847.275557,80.38853646,5035.692509,8399.914827,7014.124909,7175.171516,6923.657559,2165.393085,D1,N8,t
appliedMASKiso_flu_3mgml_roi2_8bit.ome,23,94.1813,53.66468293,0.913552195,3.585687805,101.69,45.836,0.91702,3.3491,41,35.57557237,22.17115325,0.046779984,0.805231241,23,5444,22.0766,4468,161,27.7516,31,1.3361,0.0189,0.1877,0.1844,131072,0.448965847,2518.427979,0.382747293,24.85437202,26.36144257,2138.005615,0.666582823,0.418792069,2627.316406,0.403239012,25.9150753,26.33182907,2243.8396,0.658290088,0.185393915,819.1761475,0.1066752,8.223395348,12.59740925,822.9910278,0.133020326,3mgml,flu,roi2,6017.015968,62974.04852,32665.96066,248.1582437,65274.74033,59894.83463,4082.32168,3061.776961,2841.811294,58845.90579,9109.262989,9154.300817,7913.720169,8107.698439,53841.83136,2246.037966,9568.511491,7031.591583,59355.92644,9262.516954,808.0344679,4036,65535,32581,14,65530,62287,2151,1498,1131,61467,6618,6660,5577,5744,53838,138,7483,4842,61891,8035,83,6289.362054,4170.319679,7316.165695,2773.655386,1178.883465,1233.019285,6728.734834,5200.181785,4305.615992,7473.57548,8546.572862,8577.247231,7767.374096,7890.820301,125.8834782,4856.577899,8143.653796,7107.861247,7184.35472,6958.198015,2324.385689,D1,N8,t
appliedMASKiso_flu_3mgml_roi2_8bit.ome,24,105.9608372,44.5445814,0.925854186,3.757334884,102.76,40.512,0.93223,3.4565,43,28.29015038,13.56869782,0.05105449,0.959296473,24,5219,23.1146,4238,129,32.8527,35,1.3174,0.0233,0.1613,0.2126,131072,0.501461864,2318.043701,0.399847955,22.45021057,23.90406036,2061.454834,0.705128908,0.487787843,2413.710449,0.409217477,23.35823822,21.92326546,1993.324951,0.707476199,0.185123548,819.5537109,0.117070198,8.08673954,12.54737282,913.3989258,0.127895802,3mgml,flu,roi2,5805.372825,62072.72998,32660.14938,282.2938231,65270.97115,60259.37018,4167.808122,3145.063882,2444.041075,59357.27215,8595.529097,8634.706935,7546.341335,7716.532713,53843.56323,2349.936502,8795.322893,6744.373863,59796.54318,9055.105033,740.0650499,3837,65534,32580,11,65531,62555,2216,1527,967,61832.5,6224,6260,5265,5423,53837,138,6901,4591,62204,7718,71,6310.392866,4459.495839,8288.961928,2725.487383,1587.044622,1494.45062,6562.757579,5510.891943,3812.418037,7138.693323,8263.534172,8286.702229,7624.801481,7724.974698,51.36098732,4832.320366,7530.589054,7052.786178,6931.340014,6996.380938,2441.219782,D1,N8,t
appliedMASKiso_flu_3mgml_roi2_8bit.ome,25,102.1104103,60.88215385,0.925094359,3.639561538,98.973,51.071,0.93049,3.5864,39,30.38208849,36.04694549,0.031382792,0.846234058,25,5259,22.9236,4256,134,31.7612,34,1.3269,0.016,0.1684,0.2083,131072,0.502646267,2278.56665,0.41096428,22.20561981,24.0382328,2081.982666,0.705689132,0.498295933,2374.962158,0.418711811,23.02603722,21.51376343,1961.974365,0.714441299,0.18239747,780.8275146,0.121204756,7.802476406,12.85665798,947.3283081,0.126918554,3mgml,flu,roi2,5849.921385,62394.4423,32728.19557,369.9937221,65220.40673,60271.32235,4371.176246,3308.306136,2368.927868,59435.33765,8515.075673,8551.520272,7534.481502,7693.524336,53841.28426,2375.085565,8509.776529,6765.113391,59840.06272,9058.816497,800.1940036,3873,65534,32581,12,65531,62550,2347,1626,966,61848,6212,6251,5291,5440,53836,138,6789,4622,62211,7773,73,6491.485899,4745.076664,7953.382377,2866.482342,2209.5624,1919.039864,6654.436053,5863.64573,3645.592531,7124.600168,8270.203471,8288.539958,7718.981507,7804.627139,107.0191468,5291.633113,7236.860069,7198.604839,6972.490599,7053.263207,2787.200106,D1,N8,t
appliedMASKiso_flu_3mgml_roi2_8bit.ome,26,99.3667,59.21712903,0.930045161,3.634741935,106.26,45.825,0.92963,3.7065,31,35.68876518,40.96894703,0.031545369,0.756019097,26,5193,23.2403,4201,138,30.442,40,1.328,0.0222,0.1453,0.2105,131072,0.563211083,2026.678833,0.424702138,19.36950111,20.99392128,1934.755859,0.748076975,0.573591232,2030.458008,0.436504036,19.25775528,18.04114723,1751.993408,0.764189661,0.177997977,768.1328735,0.129627362,7.500926018,12.07136917,983.244873,0.118014656,3mgml,flu,roi2,5598.466703,61322.5222,32688.18956,343.6842942,65254.69001,60659.81121,4362.309817,3298.121251,2066.864191,59948.78026,7983.238944,8016.103924,7139.057651,7276.16402,53842.8684,2463.48245,7749.246556,6442.676346,60297.21066,8825.161096,709.0987397,3708,65534,32565,11,65532,62803,2390,1668,847,62192,5855,5886,5029,5163,53836,138,6229,4406,62512,7492,66,6290.407509,4635.659753,9330.363307,2826.884185,2299.833121,1919.223573,6324.089072,5721.065596,3327.480927,6711.025981,7875.416055,7893.184211,7404.4468,7477.796786,69.22187532,5604.548385,6672.87833,6939.574726,6591.334128,7028.730306,2753.72032,D1,N8,t
appliedMASKiso_flu_3mgml_roi2_8bit.ome,27,104.9025946,52.77443243,0.917507838,3.639667568,103.83,47.689,0.92252,3.608,37,30.10606699,20.06510916,0.037125183,0.914451169,27,4966,24.3941,4091,137,29.8613,33,1.3128,0.0189,0.1443,0.229,131072,0.577500463,1973.044189,0.418291658,18.84826469,19.99872398,1875.091675,0.757624388,0.582927525,1984.974365,0.425027907,18.81520271,17.91469955,1743.520508,0.769869804,0.173689604,761.4071655,0.137116596,7.411908627,11.49003792,973.5046387,0.113760352,3mgml,flu,roi2,5569.234391,61367.63228,32742.3989,304.7924355,65272.80268,60737.00027,4391.679126,3356.54442,2001.626986,60069.58585,7876.089512,7905.535597,7061.609668,7193.606094,53841.44559,2405.577494,7603.95582,6389.783495,60397.60784,8823.087099,654.6706972,3705,65534,32570,12,65532,62827,2477,1753,822,62251,5774,5807,4991,5118,53836,138,6027,4391,62545,7478,67,6188.507816,4639.732438,9267.092558,2857.371115,1951.068386,1702.487661,6124.902321,5631.634843,3174.691449,6459.133413,7692.009097,7703.845651,7227.048986,7298.530642,165.4060593,5509.050499,6605.325402,6795.283078,6357.372845,7023.854009,2407.835031,D1,N8,t
appliedMASKiso_flu_3mgml_roi2_8bit.ome,28,88.59611765,58.06997059,0.913227353,3.5195,89.427,47.023,0.925475,3.4778,34,37.468965,26.56928001,0.052263815,0.78672781,28,5633,21.2688,4670,130,35.9231,31,1.3458,0.0184,0.1614,0.1948,131072,0.544277549,2106.112305,0.393051833,20.39459229,21.11545753,1885.752563,0.73598814,0.54604739,2122.791504,0.39113766,20.44647026,19.10389137,1788.783447,0.746169865,0.171942726,734.4834595,0.133336827,7.272780418,11.49163151,883.0380249,0.115775734,3mgml,flu,roi2,5664.327698,61836.94441,32647.90009,320.8491693,65256.40453,60550.86758,4397.515306,3331.507693,2193.332651,59812.98003,8110.725775,8143.521419,7244.132857,7384.762922,53839.26138,2421.475719,7946.601614,6528.373788,60171.3629,8840.403491,743.7347548,3674,65534,32556,14,65532,62835,2412,1696,820,62241,5771,5801,4967,5098,53835,138,6139,4363,62552,7434,68,6261.440638,4635.807023,8881.686194,2862.941298,1906.728506,1666.975333,6351.923914,5626.053848,3508.095074,6802.456663,7977.01565,7993.236234,7443.055757,7525.995497,209.7249938,5322.476833,7048.198145,6939.122407,6654.783302,6958.21998,2446.931008,D1,N8,t
appliedMASKiso_flu_3mgml_roi2_8bit.ome,29,104.2855152,59.22730303,0.919351515,3.732051515,101.89,50.562,0.92189,3.7789,33,40.03797739,27.84523028,0.024722274,0.659254357,29,5596,21.4226,4610,150,30.7333,23,1.3496,0.0191,0.1733,0.1746,131072,0.517434478,2258.572754,0.37764281,21.89103699,22.15551186,1926.745728,0.717712998,0.504440904,2312.384277,0.380500555,22.40526009,20.93412018,1914.63208,0.718291759,0.170255691,766.5541382,0.123800673,7.524347782,11.22003651,809.7585449,0.116294958,3mgml,flu,roi2,5783.301013,62032.40905,32648.10149,281.1510439,65276.35509,60427.64427,4439.88692,3344.476287,2262.441113,59659.43692,8313.427546,8348.234257,7419.331357,7564.544203,53840.21426,2570.601113,8158.960839,6676.973185,60028.37528,9065.290196,732.595995,3780,65534,32573,15,65532,62761,2521,1767,846,62151,5917,5949,5113,5244,53835,138,6296,4487,62462.5,7631,73,6238.086051,4436.727144,8805.82272,2818.170737,1683.66558,1484.577635,6367.99142,5502.130788,3562.152894,6864.364767,8050.381451,8070.732555,7487.283827,7575.512086,144.4944097,5640.239409,7163.374965,6949.755768,6696.678749,7084.980275,2273.935314,D1,N8,t
appliedMASKiso_flu_3mgml_roi2_8bit.ome,30,87.93683684,55.92184211,0.912038421,3.564942105,102.755,51.4655,0.923055,3.51315,38,44.34138437,25.09855314,0.040621279,0.735635314,30,5546,21.6338,4571,146,31.3082,23,1.3403,0.0168,0.1738,0.2154,131072,0.508323371,2324.270264,0.377543837,22.45747185,22.64217567,1962.895386,0.711507499,0.493901372,2377.76123,0.383704036,22.94955826,21.65870476,1973.06897,0.711571217,0.17198506,814.9041138,0.119563513,7.930351257,10.92457581,788.9887085,0.117931589,3mgml,flu,roi2,5802.830067,62256.28101,32690.95091,248.2723293,65300.69819,60441.1988,4465.630216,3370.391844,2197.12079,59701.02904,8296.948442,8331.066078,7420.933807,7563.2129,53838.84412,2592.695712,8077.453346,6689.200467,60056.63695,9189.453146,670.00078,3820,65534,32581,15,65532,62738,2564,1809,828,62152,5934,5969,5142,5279,53834,138,6251,4527,62452,7750,70,6182.430394,4429.754485,8352.674282,2810.637495,1627.541314,1395.484276,6247.629435,5448.41732,3367.584602,6705.00056,7959.752408,7978.44816,7403.299715,7490.245337,123.6717228,5583.539583,7046.083566,6881.765103,6554.148048,7212.94396,2049.649447,D1,N8,t
appliedMASKiso_flu_3mgml_roi2_8bit.ome,31,92.98673208,51.85273585,0.92035,3.510669811,101.31,46.7,0.92379,3.3797,53,41.66165733,20.48059198,0.036483597,0.747221784,31,5532,21.6936,4504,142,31.7183,26,1.343,0.0223,0.1797,0.2051,131072,0.490983933,2361.369385,0.401467353,22.89395714,24.24968338,2058.835938,0.697847724,0.476036578,2425.592285,0.412286967,23.49012756,23.06985664,2103.194336,0.699253321,0.180509299,827.7929077,0.106544338,8.134931564,12.00063992,806.0476074,0.127685323,3mgml,flu,roi2,5955.400619,62298.84106,32686.72694,270.5504747,65280.38304,60310.97293,4598.492573,3452.499868,2249.759869,59579.72125,8464.659858,8499.437119,7595.899957,7737.125593,53838.42995,2950.998603,8146.121525,6856.716313,59929.12346,9385.883876,713.4280627,3918,65534,32585,15,65531,62659,2629,1866,844,62086,6061,6090,5256,5393,53834,138,6318,4633,62380,7926,70,6291.309941,4458.574884,8430.475187,2701.004823,1659.386579,1451.167545,6389.130375,5590.607761,3450.457307,6842.848239,8062.84418,8082.679043,7531.847237,7614.889014,122.0460028,6325.292336,7039.915255,7005.708798,6696.534326,7249.869957,2213.819818,D1,N8,t
appliedMASKiso_flu_3mgml_roi2_8bit.ome,32,93.38219583,51.607875,0.907893333,3.424414583,105.575,41.945,0.91266,3.25665,48,48.01293801,28.74657817,0.041219048,0.695236248,32,5536,21.6765,4497,122,36.8607,27,1.3396,0.0264,0.1709,0.215,131072,0.508914232,2291.609863,0.41979003,22.08252716,23.75045967,2053.061035,0.709147394,0.505915403,2287.882568,0.431902826,21.95436478,21.77001381,2029.174194,0.719709039,0.184431091,876.626709,0.103314795,8.577028275,12.59903908,845.081604,0.132564768,3mgml,flu,roi2,5943.747186,62075.99654,32675.42595,255.2455745,65291.13964,60423.03757,4692.786446,3532.378936,2070.691934,59771.37328,8303.834963,8335.862636,7511.583405,7640.410642,53838.34328,2704.472305,7795.810166,6811.929417,60081.53026,9447.299787,658.7285522,3943.5,65534,32589,13,65531,62683,2694,1908,809,62157,5993,6022,5240.5,5366,53833,138,6094,4645,62425.5,7966,64,6258.97944,4474.812058,8569.617193,2700.114629,1452.946024,1313.240474,6246.811511,5629.793388,3143.320354,6610.369621,7867.812171,7885.865949,7408.82215,7480.501983,124.0855205,5947.510086,6620.700432,6930.581484,6502.680103,7292.444048,1995.472578,D1,N8,t
appliedMASKiso_flu_3mgml_roi2_8bit.ome,33,99.37377442,53.61176744,0.914974884,3.612944186,107.59,45.333,0.9219,3.501,43,43.82595215,25.34213752,0.048780238,0.817764623,33,5434,22.1209,4422,131,33.7557,39,1.3365,0.0198,0.156,0.2252,131072,0.531009197,2174.127686,0.445952028,20.69350624,23.83428383,2080.787598,0.722369134,0.547633111,2145.542236,0.470077872,20.24656296,20.27826118,1966.860229,0.747561693,0.195731789,844.4021606,0.107519701,8.315718651,14.83520699,955.9244385,0.142324239,3mgml,flu,roi2,5937.860571,61535.10175,32635.64799,286.7831924,65269.32517,60537.86557,4903.341088,3701.246007,1870.857553,59999.7718,8069.585346,8097.155858,7398.193057,7507.425749,53837.80301,2940.460567,7288.431747,6757.032311,60252.50726,9439.075986,669.4017064,3911,65534,32588,11,65531,62766,2803,1993,746,62295,5802,5835,5133,5243,53832,138,5713,4572,62539,7900,62,6372.76096,4694.580492,8838.232261,2607.061947,1343.712957,1307.511371,6253.473012,5901.887874,2937.251289,6508.777364,7779.055951,7792.418056,7428.161999,7482.579887,137.0034469,6398.533904,6214.601715,7002.971767,6457.332519,7383.813627,2084.085786,D1,N8,t
appliedMASKiso_flu_3mgml_roi2_8bit.ome,34,90.72467568,60.09132432,0.917506486,3.715227027,98.427,50.243,0.92722,3.4565,37,42.42220932,28.61477483,0.039890181,0.874781821,34,4885,24.8317,3996,116,34.4483,31,1.311,0.0202,0.1407,0.2052,131072,0.558376372,2038.499878,0.482383519,19.12849808,23.34661102,2138.924316,0.741785765,0.57552433,1991.919922,0.504131675,18.4291153,19.72385406,2012.168335,0.765761316,0.19562687,824.3567505,0.1224676,8.03441906,15.13902664,1065.919434,0.137475207,3mgml,flu,roi2,5973.606743,61152.13802,32703.90195,329.4298336,65241.48448,60635.33201,5170.986202,3946.992941,1674.458354,60225.00806,7836.181573,7856.978106,7294.847968,7382.741864,53833.10538,2798.439571,6689.973062,6730.097155,60409.85881,9487.872503,668.73015,3874,65533,32598,12,65531,62849,2955,2120,671,62453,5599,5622,5025,5123,53831,138,5288,4509,62656,7826,63,6492.647837,5026.253249,8966.590964,2696.093919,1453.004124,1419.597274,6162.661924,6226.165491,2581.045082,6257.828096,7597.508362,7600.609922,7373.869849,7407.078039,344.6410172,6273.94789,5648.433821,7043.918442,6294.741024,7563.391776,2138.574514,D1,N8,t
appliedMASKiso_flu_3mgml_roi2_8bit.ome,35,111.9528889,53.53968889,0.924516,3.777015556,112.62,49.457,0.92352,3.5017,45,35.35688555,19.28703582,0.033062669,0.935466867,35,5322,22.6285,4328,135,32.0593,34,1.3308,0.0276,0.1566,0.2826,131072,0.53638643,2166.193848,0.4762927,20.39877701,23.85803223,2198.59375,0.729020357,0.542384744,2144.16748,0.488411725,20.10716438,21.5120945,2115.925537,0.744482815,0.183849871,852.4085693,0.119524233,8.189807892,13.25379276,990.9353027,0.127746284,3mgml,flu,roi2,6269.685651,61610.60693,32609.54737,297.6941079,65247.8213,60359.80291,5327.86194,4086.262349,1787.359901,59923.57541,8248.198258,8269.471373,7665.338071,7759.834689,53833.98847,2715.505442,7110.217414,7066.601477,60115.69948,9943.671269,655.9148615,4206,65533,32578,14,65530,62541.5,3107,2219,765,62104,6120,6149,5489,5592,53830,138,5781,4905,62318,8435,72,6522.798699,5086.528727,8490.354229,2531.870077,1452.620573,1399.977733,6193.833027,6214.168379,2626.240079,6300.446031,7658.039144,7660.543859,7406.321993,7443.537788,219.7275273,6110.350184,5830.542908,7070.829319,6327.053908,7628.389318,1990.860056,D1,N8,t
appliedMASKiso_flu_3mgml_roi2_8bit.ome,36,99.17769216,55.32256863,0.923136667,3.608860784,104.71,53.03,0.93108,3.5902,51,41.89266097,20.89440924,0.027820804,0.717499054,36,5476,21.9359,4520,132,34.2424,28,1.3408,0.0221,0.1757,0.2795,131072,0.512716532,2294.824463,0.456996411,21.72138596,24.36569405,2215.576172,0.71438247,0.507309496,2320.796387,0.468446583,21.88636208,22.554039,2160.645264,0.720861197,0.172381923,831.3936157,0.114341252,7.966477394,11.7748518,889.3347778,0.119242534,3mgml,flu,roi2,6625.670037,62091.47468,32602.79856,271.6864727,65246.03743,60008.14754,5561.866714,4245.530445,1952.66181,59538.49703,8743.62859,8767.740946,8119.034279,8220.465452,53832.97641,2829.423811,7541.337423,7476.807215,59743.65296,10446.64944,685.9349596,4612,65534,32579,18,65528,62226,3455,2488,868,61787.5,6623,6649,5962,6072,53829,138,6184,5354,61997,9159.5,84,6551.75685,5012.838442,8083.899397,2395.774583,1224.275794,1311.915755,6314.77784,6173.553615,2774.009078,6487.532801,7796.916231,7803.732218,7508.832476,7552.215735,223.400503,6402.76447,6054.191126,7135.07303,6479.415212,7635.507878,2010.487059,D1,N8,t
appliedMASKiso_flu_3mgml_roi2_8bit.ome,37,95.52077619,58.83945238,0.912964762,3.621502381,103.46,52.0735,0.91986,3.50795,42,41.90074487,28.12045665,0.0396162,0.825232888,37,5714,20.9389,4715,129,36.5504,35,1.3518,0.022,0.1745,0.2615,131072,0.531200171,2233.729492,0.446250975,21.02414894,22.88765717,2135.014648,0.728768587,0.513179958,2285.347656,0.464074522,21.49765015,22.64178848,2172.586182,0.724511087,0.158468872,757.7194214,0.125477254,7.181255341,10.40328884,836.6122437,0.105505206,3mgml,flu,roi2,6585.616439,62444.19753,32505.51443,226.114806,65278.65361,60107.9548,5603.256646,4253.114982,1847.656849,59688.58313,8609.39368,8633.142539,8034.873027,8128.372244,53831.54393,2589.96477,7269.582618,7417.297156,59867.44425,10506.37073,632.6152213,4699.5,65534,32569,17,65528,62220,3629,2615,820,61861,6581.5,6609,5985,6086,53828,138,5915,5417,62032,9326.5,86,6405.455091,4840.452626,7849.82144,2378.68559,1077.519259,1172.492288,6134.886481,6038.80749,2599.690022,6281.4229,7592.2531,7599.923839,7334.07522,7373.137025,174.8016816,5805.896011,5785.498429,6975.809472,6286.943601,7608.343361,1788.533164,D1,N8,t
appliedMASKiso_flu_3mgml_roi2_8bit.ome,38,95.1145725,58.927975,0.9236485,3.475895,103.055,52.3285,0.936125,3.50115,40,42.01588201,30.00166258,0.036828146,0.586640432,38,5381,22.3585,4399,143,30.7622,28,1.3334,0.0199,0.1666,0.2109,131072,0.56469667,2110.949463,0.446120977,19.61641121,20.91231155,2021.047485,0.75220412,0.549782336,2167.60498,0.460895836,20.17338371,20.52236748,2045.270996,0.748608172,0.149497047,728.8157959,0.126551718,6.801126957,9.370433807,806.7649536,0.096129365,3mgml,flu,roi2,6254.006535,62197.42619,32573.64748,181.7066823,65328.89851,60493.30727,5423.385968,4117.312613,1633.980335,60128.45232,8110.456955,8131.84435,7604.694213,7687.065655,53830.75352,2848.031773,6737.462145,7032.913426,60280.65379,10207.78221,523.1431098,4382,65533,32568,14,65530,62541,3477,2516,707,62224,6086,6107,5567,5655.5,53828,138,5467,5040,62375.5,8791,70,6185.303568,4725.726196,8170.656921,2469.815908,975.5512933,1031.767693,5792.930707,5888.559099,2328.078823,5896.117846,7235.145154,7242.037547,7025.493519,7056.9366,169.0512485,6018.780091,5382.015064,6706.93186,5927.057637,7617.115059,1488.745688,D1,N8,t
appliedMASKiso_flu_3mgml_roi2_8bit.ome,39,95.67394138,52.13363793,0.919662759,3.54637069,107.565,44.7885,0.93263,3.4938,58,46.13321284,25.07091509,0.04118152,0.789979429,39,5865,20.3483,4817,154,31.2792,38,1.3536,0.0231,0.1814,0.2325,131072,0.538565099,2265.694092,0.43118915,21.1060791,22.2016449,2102.48877,0.734323561,0.518847704,2317.938477,0.439201593,21.70440483,21.80112839,2103.344971,0.728019476,0.15191485,779.3425293,0.132797331,7.258648872,9.848568916,819.404541,0.100618899,3mgml,flu,roi2,6197.18188,62387.28591,32568.01756,188.5137643,65328.91781,60565.6199,5359.918007,4069.833824,1605.318102,60206.52941,8038.759485,8060.034086,7530.593863,7613.33399,53831.172,2650.875,6701.666741,6965.949756,60358.4777,10169.36272,510.2683893,4254,65533,32571,14,65530,62648,3325,2389,694,62315,5968,5996,5440,5527,53827,138,5444,4914,62473,8607,63,6166.049683,4757.492051,8077.984652,2434.946583,909.26939,980.2056817,5714.426893,5925.263315,2230.816492,5776.148185,7156.280683,7161.816537,6965.970371,6993.903713,156.0115003,5855.197982,5300.81405,6667.552478,5824.330127,7673.436594,1431.82148,D1,N8,t
appliedMASKiso_flu_3mgml_roi2_8bit.ome,40,102.8228653,57.84779592,0.911446939,3.634804082,114.78,55.46,0.92239,3.4862,49,42.32728106,23.56011725,0.041911286,0.836905669,40,5857,20.3789,4795,140,34.25,50,1.3539,0.0229,0.1803,0.2073,131072,0.534430861,2320.495117,0.42830354,21.45423889,22.73319626,2143.730713,0.730625272,0.523571134,2355.498291,0.43198663,21.8652401,21.65177155,2108.251465,0.730909467,0.15667969,817.2054443,0.138671339,7.570976257,10.7186718,849.774353,0.105858266,3mgml,flu,roi2,5966.517063,62329.10796,32551.96485,222.8111912,65323.22503,60834.86803,5240.112117,3984.40584,1466.205009,60528.14313,7648.075234,7666.69918,7200.686219,7273.51527,53829.56951,2944.387097,6259.126262,6684.059502,60656.27541,9855.15437,508.3178097,3921.5,65533,32563,14,65532,62970,3086,2205,585,62671,5503,5527.5,5019,5098,53826,138,4996,4527,62817,8078,51,6134.485431,4743.354314,8250.587471,2377.64105,1025.720194,1029.954099,5609.716946,5925.795467,2107.831044,5626.210319,7036.968385,7040.326795,6882.789289,6905.065832,192.8697092,6293.936836,5061.98723,6614.427651,5701.346231,7725.432708,1519.013182,D1,N8,t
appliedMASKiso_flu_3mgml_roi2_8bit.ome,41,109.5213392,54.7905098,0.912578627,3.546080392,111.8,51.21,0.92698,3.3187,51,41.71113335,20.39931945,0.051459683,0.920427209,41,5822,20.5134,4746,156,30.4231,33,1.3536,0.0212,0.1841,0.2318,131072,0.516973078,2411.831055,0.443729103,22.18176651,24.65379333,2290.961914,0.716854393,0.514248431,2390.223633,0.434581339,22.05602074,22.49087715,2200.613281,0.724772632,0.169531748,879.4856567,0.129034698,8.113003731,12.43193245,936.0472412,0.11900644,3mgml,flu,roi2,5898.701153,62144.25518,32520.18472,272.2411552,65294.15257,60964.2587,5328.276795,4070.44523,1388.549328,60724.92459,7408.559212,7423.727595,7040.596182,7100.482541,53828.4565,2548.020772,5861.428532,6571.657395,60820.22952,9690.883212,556.6201589,3789,65532,32556,13,65532,63156,3086,2219,512,62923,5208,5227,4802,4872,53825,138,4548,4355,63039,7843,50,6239.419881,4990.830458,8545.323962,2443.029446,1146.172701,1113.907228,5639.992887,6140.63591,2077.591093,5609.093827,7030.699233,7030.785782,6929.750278,6943.278812,228.1392702,5682.608063,4888.523977,6693.011569,5710.105987,7818.772286,1600.119481,D1,N8,t
appliedMASKiso_flu_3mgml_roi2_8bit.ome,42,107.4892783,53.4719,0.911952667,3.539925,111.49,43.174,0.925615,3.45865,60,46.11454437,23.78276311,0.049546822,0.854170251,42,5807,20.5715,4762,148,32.1757,32,1.3517,0.0204,0.1833,0.2377,131072,0.507550478,2518.161377,0.45585528,22.76343918,26.31455612,2437.82251,0.708568811,0.517326951,2457.994141,0.459114403,22.18502426,23.26568413,2334.751221,0.727003574,0.181888446,909.1159668,0.105522886,8.376603127,14.0273962,1025.520386,0.129903421,3mgml,flu,roi2,5759.488026,61846.94339,32515.96398,238.5894019,65309.63924,61147.88099,5365.817887,4085.590618,1264.8311,60968.78534,7093.227836,7106.806192,6807.988971,6854.647529,53827.1655,2755.365127,5363.397944,6387.029285,61034.94254,9503.470642,552.9487084,3673,65532,32552,12,65533,63286,3151,2262,462,63094,4949,4964,4604,4659,53824,138,4190,4203,63194,7629,48,6115.487225,4888.851364,8892.24457,2546.12613,740.0913523,844.3983621,5477.138059,6076.112784,1933.90303,5410.030691,6825.712999,6826.34522,6777.505599,6783.327986,210.550116,5996.714509,4478.313163,6557.395837,5531.086314,7811.547194,1456.476825,D1,N8,t
appliedMASKiso_flu_3mgml_roi2_8bit.ome,43,113.2832877,55.10828767,0.907852877,3.727246575,116.57,48.772,0.9167,3.6404,73,39.76555793,23.80165598,0.035238645,0.852141256,43,6560,17.9806,5365,177,30.3107,36,1.3896,0.0244,0.222,0.2636,131072,0.436365783,2828.359863,0.462403357,25.91025352,31.45680618,2720.53125,0.655108094,0.418351293,2849.991943,0.464012533,26.09119034,29.99773979,2793.688965,0.657708764,0.187892452,945.4263306,0.093091041,8.82593441,15.33583927,987.8417969,0.142324373,3mgml,flu,roi2,6157.628082,62296.04713,32488.46818,359.0191294,65196.7519,60634.82114,5628.615551,4251.656365,1556.604644,60380.00768,7677.213043,7695.370434,7326.32786,7383.905817,53825.42973,2646.584944,5865.728038,6850.824273,60481.42959,9692.008664,774.001746,4014,65531,32541,22,65530,62870.5,3411,2431,615,62600,5515,5537,5083,5154,53823,138,4772,4619,62728,8115,73,6281.422748,4904.124607,8311.346676,2475.433691,1165.054602,1211.437936,5762.69672,6152.043643,2190.61368,5734.838826,7071.15272,7074.652459,6995.845526,7006.454863,301.5583929,5783.776856,4607.27495,6752.87852,5831.974136,7562.551218,1895.442668,D1,N8,t
appliedMASKiso_flu_3mgml_roi2_8bit.ome,44,119.7655636,62.17598182,0.898824364,3.660510909,122.83,54.907,0.90121,3.5456,55,37.21573378,26.5324525,0.048230197,0.850332165,44,6448,18.3277,5247,176,29.8125,37,1.3863,0.0141,0.2232,0.3114,131072,0.426339805,2971.969971,0.472228765,26.70641327,33.19210052,2926.722168,0.647373974,0.390122831,3047.741211,0.480127335,27.57422256,33.78810883,3144.072754,0.636404991,0.191137493,992.1375732,0.099717081,9.070306778,15.45922852,1057.894409,0.142257124,3mgml,flu,roi2,6100.59338,61928.31134,32528.10784,392.7601516,65172.85799,60791.27766,5770.37347,4368.501219,1390.412745,60634.5107,7367.637564,7381.297856,7126.743373,7166.43031,53824.44598,2535.860836,5302.409714,6726.741426,60683.73348,9558.296609,761.017973,3963.5,65530,32541,26,65530,62948,3498,2488,568,62730,5315,5333,4975,5032,53823,138,4391,4541,62832,7964,73,6220.425159,4989.582743,8632.296521,2619.872261,1278.777215,1285.420531,5521.761499,6254.505273,1893.774324,5375.90619,6731.72266,6729.013941,6761.92689,6755.110254,319.1968151,5479.44943,4082.188386,6608.080094,5540.856527,7538.19382,1819.773159,D1,N8,t
appliedMASKiso_flu_3mgml_roi2_8bit.ome,45,123.0851735,55.19260294,0.909962647,3.774029412,131.815,45.063,0.91986,3.6869,68,43.51938332,27.23514405,0.049911628,0.814643562,45,6591,17.8867,5338,180,29.6556,42,1.3881,0.0228,0.2135,0.2873,131072,0.432800621,3011.752441,0.518249333,26.29597855,35.40317154,3298.051514,0.652645826,0.403404236,3116.60376,0.533805311,27.22937012,35.36477661,3535.729492,0.646100283,0.190594777,957.8330078,0.092384465,8.66116333,16.86480904,1257.27478,0.140288472,3mgml,flu,roi2,6134.541741,61173.80895,32592.93698,535.1797149,65087.23813,61071.7579,5984.888778,4612.260521,1142.475317,61122.88879,6869.319313,6872.110712,6804.787526,6815.327253,53820.59905,2877.501369,4498.53289,6589.082672,61072.48401,9640.967924,728.0514625,3937,65527,32527,23,65530,63085,3716,2658,470,62978,4946,4962,4756,4788,53820,138,3674,4426,63028,7946,64,6300.458836,5218.619808,9490.353287,2629.79925,1879.283456,1702.676822,5220.701414,6327.426946,1654.998421,4875.588216,6257.843414,6242.381578,6402.89061,6376.442328,417.461652,6155.808884,3542.915448,6466.123544,5125.40813,7602.219129,1867.83821,D1,N8,t
appliedMASKiso_flu_3mgml_roi3_8bit.ome,1,44.618,55.78739474,0.914648684,3.541907895,27.955,49.0445,0.919785,3.377,38,45.78311814,26.40124083,0.043150802,0.751901802,1,4426,27.6143,3715,72,51.5972,26,1.2738,0.0149,0.0183,0.298,131072,0.484367311,470.6656799,0.317448139,10.61096478,9.853183746,366.0469971,0.705038726,0.484209716,473.855896,0.323278487,10.67198181,9.210964203,355.4898071,0.711439729,0.148958191,130.6759491,0.142211646,2.974332809,4.378455162,136.897934,0.100816756,3mgml,flu,roi3,4264.393211,62412.67414,32695.54733,268.7274114,65300.85169,60871.43275,4560.58525,3079.629886,2442.776888,60411.67657,7268.785757,7268.701855,6761.491948,6865.499495,55935.16325,2326.564403,8760.812781,5939.313859,60710.04382,5993.111553,852.3991714,2451,65532,32473,16,65534,63276,2601,1729,709,62859,4787,4787,4298,4398,55928,133,6304,3614,63145,5196,69,4817.957193,3560.415162,8074.833205,3638.688562,1041.34604,1077.904622,5844.025181,5094.480091,3885.60899,5963.076992,7272.039233,7272.392141,6976.276095,7043.308738,125.211913,5219.773278,8056.490503,6378.256959,5930.083397,4764.972983,2356.893339,D1,N8,t
appliedMASKiso_flu_3mgml_roi3_8bit.ome,2,50.30768679,57.97196226,0.896361321,3.615660377,26.565,49.988,0.89591,3.5582,53,53.60276302,28.78414875,0.048058986,0.828906122,2,4876,24.8812,4049,68,59.5441,28,1.2978,0.0163,0.0154,0.2851,131072,0.291176856,630.2561646,0.262494475,14.86512375,14.40604305,438.1781006,0.560697794,0.277371138,650.0464478,0.252036154,15.32760239,14.06511593,438.1966553,0.55662173,0.111199006,101.2482986,0.123170011,2.388546705,4.371614933,92.80596161,0.092422768,3mgml,flu,roi3,5677.586464,63135.64619,32639.26257,437.3291735,65027.46684,58185.79948,4740.863085,3197.272599,5702.432829,57289.99383,10571.96172,10572.58026,9530.359558,9732.613213,55934.47219,1908.887667,13814.05224,8140.631592,57768.29778,6606.577553,1853.995608,3828,65533,32521,28,65523,60884.5,2757,1833,2357.5,60069.5,7947,7948,6948,7138,55928,133,11033,5732,60519,5848,186,5423.559889,3713.370629,6747.380678,2937.752626,1529.4753,1794.863978,7557.248989,5312.342986,7850.332695,7999.497953,8892.739928,8893.546209,8311.769376,8430.090694,103.1990153,4089.655757,10753.88442,7393.049587,7832.995268,4213.789931,4524.444086,D1,N8,t
appliedMASKiso_flu_3mgml_roi3_8bit.ome,3,70.04450769,53.03520513,0.913138462,3.561682051,43.831,39.908,0.91435,3.4279,39,62.49277441,30.96009881,0.034577336,0.661075428,3,4161,29.5004,3495,66,52.9545,21,1.2593,0.0154,0.0152,0.3018,131072,0.501247883,454.3013611,0.308291763,10.23980999,9.238038063,343.588501,0.717724442,0.499507278,452.2866821,0.31460914,10.18410778,8.927646637,344.1182861,0.723172188,0.138551593,121.6279678,0.124017723,2.755472422,3.852904081,117.2393036,0.091773272,3mgml,flu,roi3,4484.535152,62734.09676,32638.15366,233.4884734,65322.04123,60620.10209,4888.626623,3266.962808,2557.120814,60157.52084,7635.309733,7636.024195,7123.792356,7229.580152,55932.66682,2138.418709,9144.496297,6258.326949,60452.29418,6368.904897,897.5840633,2479,65532,32498,16,65534,63328,2718,1807,676,62901,4817,4818,4329,4426,55926,133,6304,3637,63189,5444,77,5181.920749,3795.118185,7784.576549,3605.659885,922.4521886,994.2679182,6438.671529,5654.750708,4398.254262,6584.230537,7929.500487,7930.166031,7640.775715,7708.498979,120.2058379,4567.314349,8752.451462,6949.334882,6558.680618,5011.707421,2812.655645,D1,N8,t
appliedMASKiso_flu_3mgml_roi3_8bit.ome,4,64.12247586,57.26627586,0.921206897,3.585651724,29.157,50.64,0.92498,3.4183,29,65.57432056,21.10756667,0.037802387,0.751822158,4,3909,31.5311,3307,70,47.2429,20,1.2436,0.013,0.0177,0.294,131072,0.58411181,383.5061035,0.330839068,8.456818581,7.677206993,306.5033264,0.771272123,0.583575964,373.5386963,0.336031497,8.239523888,7.307862282,302.690979,0.776973486,0.142336622,125.4855347,0.142466038,2.778153658,3.761706829,128.4589691,0.089018486,3mgml,flu,roi3,4440.924568,62202.21738,32760.19485,228.3238073,65337.75274,60923.25102,5144.293087,3433.794337,2085.778163,60578.7859,7193.745226,7194.494382,6824.452821,6905.277684,55933.07954,2289.562574,8119.967523,6095.816866,60825.21934,6406.60275,771.1628829,2286,65531,32516,15,65534,63689,2795,1858,511,63335,4278,4279,3905,3976,55923,133,5453,3323,63592,5236,53,5436.145405,4034.859059,8539.456784,3643.265029,770.8036145,880.8352494,6455.545566,6035.155454,3708.139382,6474.739148,7895.477965,7896.347289,7717.120973,7766.714165,140.003901,5309.901439,7998.915894,7157.700878,6492.724877,5241.746411,2286.511495,D1,N8,t
appliedMASKiso_flu_3mgml_roi3_8bit.ome,5,73.20734857,57.95751429,0.892598286,3.486717143,41.285,53.589,0.91126,3.4758,35,63.86853571,26.49784918,0.04726777,0.708430209,5,3981,30.9246,3388,59,57.4237,20,1.2445,0.0132,0.0174,0.2834,131072,0.574667633,390.0267944,0.331003696,8.627476692,7.94846487,312.6860352,0.764688492,0.580912471,377.782074,0.32476896,8.354879379,7.462567329,307.8153687,0.77478677,0.152566433,134.5579987,0.141196132,2.98986721,4.09442091,136.5669861,0.096643388,3mgml,flu,roi3,4758.210828,62368.69538,32755.07536,277.2523564,65297.32305,60505.52317,5336.882154,3565.081722,2354.153637,60134.53316,7742.011549,7742.692927,7339.227687,7427.101901,55931.61501,2163.416378,8798.169554,6544.046783,60385.92591,6706.331739,858.0002128,2552,65531,32530,14,65534,63412,2951,1962,593,63055,4715,4716,4332,4410,55923,133,5989,3697,63309,5737,58,5780.576687,4289.064617,8292.971761,3363.020417,1222.093508,1243.011889,6974.096237,6410.888881,4159.368583,7016.541816,8379.606325,8380.365804,8194.841153,8246.618374,147.9395693,4814.31313,8522.336009,7605.401316,7030.274226,5254.010999,2813.36126,D1,N8,t
appliedMASKiso_flu_3mgml_roi3_8bit.ome,6,65.33786667,48.87615556,0.908221111,3.289844444,41.1,44.506,0.9167,3.2469,45,58.17485101,19.2740631,0.043218206,0.709675611,6,4183,29.3347,3567,64,55.7344,20,1.2648,0.0194,0.0167,0.3111,131072,0.56264329,404.2428589,0.330702275,8.924274445,8.24323082,320.6247253,0.756328344,0.571231246,390.4007568,0.326761067,8.633816719,7.495684624,309.0983582,0.768795609,0.161791578,148.8166351,0.133344233,3.291221857,4.247199535,140.2498932,0.103339009,3mgml,flu,roi3,5001.505473,62310.87373,32716.52242,263.1842193,65297.81416,60177.70692,5455.097125,3641.779547,2601.246638,59777.91292,8193.104574,8193.929879,7751.296693,7846.913433,55931.57222,2366.105263,9407.215404,6895.429814,60037.74284,6977.927584,871.4483176,2815,65531,32540,13,65534,63114,3067,2039,696,62753,5173,5174,4761,4846,55923,133,6525,4065,63007,6196,60,6006.872023,4341.861478,8279.242111,3269.501303,1346.142848,1319.741211,7331.812949,6498.144218,4630.699875,7420.582174,8767.923247,8768.841564,8539.262955,8599.386672,117.5192909,5262.898301,9101.500458,7909.784403,7416.614752,5274.984688,2901.168635,D1,N8,t
appliedMASKiso_flu_3mgml_roi3_8bit.ome,7,60.313805,54.957525,0.916848,3.5509125,32.327,42.076,0.919475,3.42275,40,58.2458294,36.75593292,0.035187987,0.667977377,7,4254,28.8117,3570,70,51,23,1.2657,0.0112,0.0192,0.3031,131072,0.56525296,390.5244751,0.367589921,8.628917694,8.544957161,331.6704407,0.757672369,0.577977896,372.839447,0.379314452,8.242840767,7.549849987,311.9053955,0.774004042,0.175751567,153.4095306,0.137142763,3.411391258,4.763704777,155.6005402,0.112049982,3mgml,flu,roi3,5337.323208,62025.43546,32763.34127,262.1188691,65270.67793,59818.32333,5924.40844,3954.615986,2715.311805,59450.4558,8594.34206,8595.191993,8175.707285,8268.505189,55932.74595,2351.757064,9674.321349,7314.972422,59697.41228,7226.179213,941.3350074,3046,65532,32559,12,65533,62840,3378,2246,803,62469,5559,5560,5119,5209,55922,133,6903,4385,62715,6562,67,6406.358537,4745.977125,8451.708262,3158.256311,959.1671181,1172.860627,7762.011342,7102.361376,4703.180921,7782.926743,9144.141466,9144.993185,8975.106071,9026.142911,111.3825347,5075.527486,9173.077653,8376.695283,7802.952125,5348.446471,2787.837424,D1,N8,t
appliedMASKiso_flu_3mgml_roi3_8bit.ome,8,55.81609394,56.13981818,0.920492727,3.702769697,25.71,46.394,0.92921,3.4903,33,57.75232126,25.72703064,0.043510617,0.846189985,8,4142,29.6448,3498,69,50.6957,20,1.258,0.0142,0.0225,0.3392,131072,0.59226495,363.358429,0.39828217,7.953186035,8.341553688,332.1507568,0.773796022,0.617988288,341.4776611,0.420200855,7.447509289,6.931649208,300.7264709,0.79804939,0.185780227,158.1502686,0.149614528,3.5077703,5.254965782,177.4090576,0.117634781,3mgml,flu,roi3,5537.489095,61562.75614,32768.69221,298.8245595,65234.65637,59719.77428,6226.502463,4157.191231,2614.639064,59410.84926,8671.633468,8672.40527,8312.671187,8395.675526,55934.18406,2236.468354,9419.65504,7512.101342,59634.51226,7422.024014,972.902047,3160,65531,32565,13,65533,62779,3533,2349,812,62432,5640,5641,5232,5318,55922,133,6872,4522,62666,6766.5,67,6700.918275,4949.612652,8895.401515,3041.399111,1035.065182,1304.571401,7943.530787,7407.378299,4530.883062,7881.126092,9238.782157,9239.602127,9130.411734,9171.689456,108.2261359,5015.310706,8709.845695,8642.674652,7921.603319,5458.38172,2949.318841,D1,N8,t
appliedMASKiso_flu_3mgml_roi3_8bit.ome,9,47.02260571,60.4386,0.911694857,3.568565714,31.608,57.385,0.92167,3.5617,35,50.79942479,26.4738124,0.044959254,0.640079254,9,3784,32.6387,3179,78,40.7564,17,1.2355,0.0149,0.0238,0.3436,131072,0.614856958,341.5550842,0.411817431,7.423761845,8.184690475,333.0721436,0.786562979,0.649062395,315.31604,0.438316524,6.823866844,6.471391678,289.1691284,0.81592536,0.194832295,159.2284241,0.167926177,3.530266285,5.834579468,203.9201355,0.122633077,3mgml,flu,roi3,5674.553835,60833.15494,32684.40534,393.97935,65172.27963,59621.53602,6454.551344,4309.170656,2637.013162,59348.28887,8721.733925,8722.489207,8407.861681,8483.446143,55934.09797,2590.3596,9282.524852,7647.60646,59556.24712,7488.412831,1058.385475,3222,65530,32548,14,65533,62731,3688,2452,809,62410,5650,5651,5297,5371,55922,133,6809,4599,62631,6852.5,70,6937.641884,5091.34813,9229.045713,2953.026477,1679.668482,1799.40182,8134.508275,7611.700471,4694.016977,8037.573643,9355.510367,9356.01841,9278.634799,9315.028837,112.9735903,5732.8283,8625.697211,8862.441824,8088.789345,5481.17144,3437.466871,D1,N8,t
appliedMASKiso_flu_3mgml_roi3_8bit.ome,10,59.54862759,52.70465517,0.922974138,3.459237931,31.264,44.469,0.92666,3.2641,29,58.95075225,22.61864281,0.036791878,0.832587767,10,3820,32.3123,3183,71,44.831,22,1.2336,0.0181,0.0262,0.3055,131072,0.651350975,321.6119995,0.420045704,6.818380833,7.539875984,323.0937805,0.808813632,0.684574246,289.9200134,0.43153128,6.109773636,5.881347656,271.780426,0.837252676,0.193546847,166.9118958,0.169805184,3.617567062,5.790566921,218.3786774,0.120094404,3mgml,flu,roi3,5575.458458,60215.67809,32733.99655,447.1440013,65155.35455,59900.94284,6442.930861,4300.670834,2435.208058,59680.73895,8307.923469,8308.620306,8070.285589,8132.00969,55933.71069,2548.16306,8647.802796,7424.847757,59866.95776,7441.321961,1022.896543,3083,65526,32562,14,65533,62942,3649,2452,718,62657,5315,5316,5009,5077,55920,133,6273,4369,62868,6631,63,7038.925627,5156.816595,9344.318079,3163.326116,1934.375734,1973.049577,7934.625606,7711.337336,4471.794263,7773.653553,9080.310894,9080.652884,9080.366302,9103.368933,157.4905872,5805.84597,8146.803543,8827.278995,7852.877843,5622.939799,3438.563539,D1,N8,t
appliedMASKiso_flu_3mgml_roi3_8bit.ome,11,54.646208,59.69796,0.9083556,3.5443,32.381,52.957,0.91192,3.3549,25,57.1685804,31.80437656,0.029167694,0.854294936,11,3780,32.6754,3138,65,48.2769,19,1.2359,0.0187,0.0265,0.2853,131072,0.623250604,348.1809692,0.403729588,7.445022106,7.956909657,330.8562622,0.79204911,0.648912072,324.3885193,0.395600796,6.885830879,6.463151932,288.22229,0.816453934,0.190164596,166.8997345,0.164594278,3.629388094,5.610238075,199.1535339,0.119711973,3mgml,flu,roi3,5600.87317,60010.68974,32872.10071,512.1428754,65116.74072,59904.49916,6483.24006,4324.759498,2485.755123,59694.64565,8289.353774,8290.108367,8063.770599,8123.432432,55935.15822,2796.727813,8504.21645,7439.576435,59878.96607,7391.673648,1136.766495,2980,65526,32568,15,65533,63107,3727,2478,688,62820,5112,5113,4835,4898,55919,133,5989,4222,63027,6487,64,7209.397801,5138.258583,10147.56426,3144.56172,2117.410207,2138.554628,8172.808014,7692.382326,4732.116539,8032.943104,9354.97153,9355.446607,9309.306794,9340.815334,142.5176831,5970.441436,8302.29676,9049.11702,8094.111947,5675.298535,3930.508885,D1,N8,t
appliedMASKiso_flu_3mgml_roi3_8bit.ome,12,60.61550667,59.2985,0.912220333,3.563123333,33.628,57.083,0.916315,3.4695,30,57.78471604,25.65937302,0.040198985,0.825307674,12,4266,28.725,3511,75,46.8133,28,1.2615,0.0121,0.0257,0.2809,131072,0.585671425,375.1607666,0.415396929,8.109416008,8.652171135,348.1654358,0.770073771,0.594371796,355.7463684,0.428945214,7.691705227,7.846969128,341.8666382,0.785288572,0.18555814,165.8220062,0.14028652,3.625910521,5.254113197,175.8562012,0.118009575,3mgml,flu,roi3,5825.706348,60282.90282,32805.57796,387.9504952,65160.41199,59597.00125,6874.448634,4582.906041,2657.185794,59386.13557,8715.484757,8716.351901,8498.765023,8558.080162,55933.15623,2427.543067,8884.382651,7794.818861,59563.97763,7554.480006,1172.917094,3168,65528,32583,18,65533,62965,3921,2607,759,62694,5396,5397,5122,5182,55918,133,6304,4479,62896,6811,77,7167.802607,5396.575051,10868.66509,3048.273044,1362.561935,1639.632494,8393.261425,8085.173716,4749.113873,8262.622408,9608.487025,9609.120535,9600.835674,9626.541201,154.74237,5522.84469,8516.738298,9175.45102,8337.933135,5690.3352,3642.449262,D1,N8,t
appliedMASKiso_flu_3mgml_roi3_8bit.ome,13,64.04282424,55.68824242,0.919063333,3.641542424,40.365,44.026,0.92741,3.3951,33,57.56322312,27.33452929,0.04822021,0.72959169,13,4622,26.3585,3820,76,50.2632,27,1.2866,0.0193,0.0236,0.3101,131072,0.565378606,398.0005188,0.389701843,8.644730568,8.771101952,345.5514221,0.757723153,0.568817854,381.654541,0.398597211,8.293739319,8.211027145,346.4652405,0.769043148,0.178805754,166.9249878,0.123341851,3.636491299,4.774301529,158.1353912,0.11386276,3mgml,flu,roi3,5935.950594,60494.73415,32814.24567,336.5886429,65185.80212,59365.84738,6900.26909,4601.88598,2894.089676,59105.69557,9058.837852,9059.67062,8797.06163,8864.823133,55932.08402,2503.512992,9475.901567,8007.188967,59296.132,7616.452609,1168.457271,3237,65528,32586,21,65533,62881,3921,2607,815,62585,5569,5570,5264,5330,55918,133,6588,4589,62794,6877,84,7067.414432,5289.958482,10910.91211,3066.367865,1152.218813,1442.847495,8454.403432,7921.022232,4967.102492,8400.52123,9772.722615,9773.308332,9704.093604,9740.333512,151.1342434,5475.803579,9120.422759,9159.539211,8455.524277,5613.982297,3326.430966,D1,N8,t
appliedMASKiso_flu_3mgml_roi3_8bit.ome,14,71.10744828,67.18565517,0.915415862,3.366317241,50.194,50.56,0.91974,3.2426,29,56.40779931,44.41969598,0.031046585,0.516886268,14,4549,26.8136,3767,75,50.2267,20,1.2863,0.0122,0.0236,0.3201,131072,0.582930923,386.5595398,0.379552841,8.359839439,8.282171249,329.0945435,0.76921314,0.586037219,375.2232971,0.387266695,8.099580765,7.696405411,325.6148376,0.779936433,0.176326767,162.8800659,0.118486345,3.547963858,4.692223549,155.7682343,0.111264244,3mgml,flu,roi3,5917.070232,60261.50224,32793.29049,352.5872808,65180.56778,59437.9708,6895.552731,4597.236013,2807.681695,59195.66592,8978.016315,8978.905171,8730.080917,8795.317977,55933.40169,2740.447584,9340.5504,7963.42847,59381.22266,7663.186292,1144.568499,3226,65528,32584,20,65533,62915,3960,2633,789,62630.5,5518,5519,5230,5295,55918,133,6462,4562,62835,6891,82,7025.230254,5228.742194,11019.14903,2983.44988,1213.993543,1486.990418,8339.736423,7833.590631,4877.732516,8274.464486,9655.933663,9656.621194,9594.745437,9629.54999,132.4226917,6114.601087,8977.268808,9078.366197,8331.907245,5654.98468,3328.391441,D1,N8,t
appliedMASKiso_flu_3mgml_roi3_8bit.ome,15,43.58727778,57.44333333,0.91742,3.57172963,25.313,50.718,0.92096,3.4603,27,45.61436059,29.74068628,0.031999329,0.767460671,15,3916,31.4711,3253,73,44.5616,15,1.2454,0.0095,0.0244,0.3087,131072,0.626231611,354.2543335,0.37596935,7.562542915,7.367380619,303.8922729,0.795459509,0.633742392,348.7058105,0.382957935,7.409548759,6.482397556,283.6876831,0.807250977,0.173721075,160.24086,0.122852929,3.468953371,4.698755741,164.3225861,0.108414628,3mgml,flu,roi3,5787.312842,59464.41707,32696.66313,337.7250479,65204.7424,59752.95325,6785.958381,4527.071965,2514.244125,59558.91331,8614.359562,8615.059537,8411.356473,8468.088484,55935.60027,2420.592326,8774.900139,7728.205705,59728.72141,7707.452466,999.4549429,3170,65527,32571,16,65533,63065,4038,2684,720,62811,5295,5296,5051,5106,55918,133,6084,4446,63008,6879,75,6931.111698,5128.237894,11712.76984,2881.487167,1166.132998,1408.752626,7921.140968,7666.397175,4275.874306,7771.280913,9234.325188,9234.470597,9211.424206,9238.631452,144.309156,5463.532043,8282.44657,8828.695354,7850.944744,5761.863016,2883.622617,D1,N8,t
appliedMASKiso_flu_3mgml_roi3_8bit.ome,16,50.63700645,55.21225806,0.918028065,3.580509677,29.476,44.665,0.92266,3.4774,31,50.27494958,30.04453786,0.034647138,0.823477488,16,4040,30.4438,3319,87,38.1494,21,1.2519,0.0149,0.0236,0.2825,131072,0.599187613,373.930603,0.372232437,8.075515747,7.955726624,318.328125,0.778283238,0.605126917,372.6430359,0.385554701,7.988489628,7.121630669,305.4391479,0.790328801,0.178798079,162.4748383,0.123645432,3.550535679,4.967913151,163.8515167,0.114191845,3mgml,flu,roi3,5899.300872,60271.23875,32713.28127,362.0305833,65181.55582,59561.90784,6789.301139,4527.049696,2695.345065,59339.41628,8881.613511,8882.46262,8637.995444,8702.256732,55932.68022,2576.206066,9177.128837,7906.65544,59521.96404,7764.331579,1096.078423,3337,65528,32575,16,65533,62904,4038,2684,775,62650,5589,5590,5315.5,5378.5,55918,133,6431,4683,62846,7162.5,82,6970.88636,5156.902917,11418.50838,3035.86031,1280.487374,1497.75586,8106.599799,7721.94681,4555.271424,7995.061144,9417.143467,9417.713785,9371.806723,9403.211068,147.6143657,5756.135658,8655.961158,8930.62317,8061.698112,5691.119964,3125.958208,D1,N8,t
appliedMASKiso_flu_3mgml_roi3_8bit.ome,17,59.46690571,54.01231429,0.918520286,3.6253,30.379,45.88,0.92454,3.6221,35,55.50639559,24.26920303,0.044275503,0.752240809,17,3918,31.4541,3256,85,38.3059,21,1.2441,0.012,0.0247,0.2654,131072,0.620117784,349.1444702,0.395717978,7.513822556,7.690389633,314.0671997,0.790904939,0.62353307,348.8730164,0.404560447,7.486558437,6.839609146,300.4380188,0.801013112,0.182198822,163.1218109,0.139027685,3.548090458,4.996018887,170.8481903,0.114388652,3mgml,flu,roi3,5841.994565,59512.32234,32698.61224,285.0667652,65233.60484,59726.97417,6853.583084,4568.474103,2517.461612,59537.87985,8676.757701,8677.632902,8483.826325,8539.063282,55935.52309,2600.724065,8783.837663,7799.421651,59704.61948,7822.667971,974.6704852,3320,65527,32578,17,65533,62957,4115,2736,752,62724.5,5498,5499,5259,5318,55917,133,6210,4643,62905.5,7158,78,6810.744372,5069.404566,11964.60887,2943.550519,875.1638784,1158.619763,7799.455262,7596.350531,4148.839458,7659.259608,9132.093247,9132.774681,9119.430733,9144.778009,166.1254684,6130.711438,8189.532726,8712.358199,7739.167721,5782.362189,2588.237433,D1,N8,t
appliedMASKiso_flu_3mgml_roi3_8bit.ome,18,60.33905455,52.90169697,0.909569091,3.737409091,28.968,41.838,0.91503,3.7041,33,56.2467209,26.9752168,0.046479178,0.785364551,18,3623,34.178,3024,76,39.7895,20,1.2169,0.0176,0.0263,0.2336,131072,0.628226876,343.0498657,0.409610689,7.36230278,7.547532558,315.0386658,0.79613477,0.629977345,335.500061,0.426182657,7.199249744,6.837364674,301.5986938,0.805416226,0.17987144,168.8894806,0.145898938,3.634505749,4.724173069,170.7955933,0.111247189,3mgml,flu,roi3,5831.81081,59279.6326,32792.20894,248.0945965,65260.72444,59818.27611,6731.007043,4486.914341,2440.506171,59641.07166,8578.334582,8579.187437,8398.669313,8451.42701,55936.769,2441.979709,8625.197419,7752.60183,59803.51365,7908.613376,907.364767,3342,65526,32589,20,65533,62948,4077,2710,748,62716,5498,5499,5263,5318,55917,133,6147,4659,62899,7176.5,79,6620.379588,4907.693386,12132.50343,2892.780145,763.7061011,1015.621841,7487.648233,7354.144552,3924.140718,7355.882972,8853.930708,8854.581156,8842.521567,8866.880519,192.710393,5573.386835,7998.500526,8459.735424,7438.189327,5847.815604,2295.677301,D1,N8,t
appliedMASKiso_flu_3mgml_roi3_8bit.ome,19,65.86854031,59.67421875,0.918823125,3.548765625,32.8955,51.797,0.923885,3.45145,32,62.53113451,30.67105169,0.032262345,0.739378807,19,3803,32.4657,3084,72,42.8333,18,1.2336,0.0122,0.0225,0.2531,131072,0.593597412,378.6451416,0.375310898,8.196153641,7.962854862,321.424408,0.775587499,0.585826457,374.7064514,0.385719717,8.12323761,7.71224308,330.0492859,0.778884351,0.174790844,167.7919464,0.135343477,3.630853176,4.371243954,151.3233643,0.10859073,3mgml,flu,roi3,5829.255017,60234.33548,32794.07063,198.491766,65288.44154,59661.33188,6557.300992,4376.505509,2585.810798,59444.53934,8808.420148,8809.067376,8558.794086,8623.843648,55932.44974,2496.992975,9115.800229,7823.792142,59626.0967,7910.294121,868.9923057,3492,65529,32590,19,65532,62739,4115,2762,824,62503,5762,5763,5511,5571,55918,133,6525,4870,62685,7380,88,6342.180461,4639.81111,11320.21568,2881.01973,495.1366934,782.8473569,7357.355143,6937.937948,3920.468926,7271.603824,8818.687821,8819.087323,8724.02509,8762.075938,168.7664982,5644.384261,8366.045614,8221.453337,7329.315565,5697.354488,1971.622115,D1,N8,t
appliedMASKiso_flu_3mgml_roi3_8bit.ome,20,69.67079394,55.39593939,0.918248182,3.579024242,30.685,46.213,0.91883,3.4909,33,68.96981742,26.26203938,0.022576867,0.627919297,20,4421,27.6478,3649,89,41,27,1.2722,0.0264,0.018,0.249,131072,0.513160825,447.7295837,0.334279209,9.959791183,9.357396126,350.1409302,0.723933876,0.489464492,455.4906006,0.342019826,10.14377975,9.496105194,373.2312622,0.717709243,0.169421703,159.1319122,0.116732977,3.541169405,4.382627964,135.5152588,0.110355906,3mgml,flu,roi3,6057.895454,61740.74255,32662.28866,222.1796767,65253.94586,59073.75195,6403.803512,4272.320646,3250.214479,58727.74592,9576.233705,9577.108082,9171.206321,9264.324347,55929.13313,2294.341463,10520.86114,8254.66029,58958.66302,7976.91995,1038.979112,3806,65531,32578,20,65531,62195,4077,2710,1070,61877,6555,6556,6164,6246,55919,133,7660,5384,62093.5,7754,110,6302.955056,4452.538064,9744.168596,2878.225488,585.6139397,877.5784112,7706.598685,6660.117154,4888.428003,7772.801562,9204.268475,9204.871782,8971.855006,9033.657381,171.5134103,5498.143937,9483.198272,8304.355566,7771.940233,5382.355198,2314.846303,D1,N8,t
appliedMASKiso_flu_3mgml_roi3_8bit.ome,21,68.93096667,51.2035,0.915988889,3.556613889,35.731,44.6595,0.915575,3.5998,36,66.49508914,19.14403179,0.039622975,0.656418344,21,3936,31.3011,3282,69,47.5652,23,1.2392,0.0128,0.0207,0.2394,131072,0.594232142,379.0759277,0.351841927,8.252937317,7.70088625,312.9332581,0.777065873,0.583538055,393.0021973,0.355144083,8.512845993,7.358183861,310.6178894,0.776480973,0.157155871,141.5159302,0.135760635,3.098181486,4.010800838,142.8919067,0.095694259,3mgml,flu,roi3,5720.535328,60755.26542,32696.3672,235.5945415,65281.77539,59805.57088,6315.213966,4210.904284,2431.031164,59582.19959,8664.310098,8665.144866,8416.935203,8481.25668,55929.17075,2638.897889,9032.477413,7686.030127,59762.24979,8028.977854,808.1302989,3558,65529,32560,15,65532,62585,3921,2607,867,62312,5965,5966,5665,5730,55918,133,6840,4983,62512,7466,86,6083.104726,4481.852455,10510.66307,2841.275764,1180.467748,1212.026333,6993.577889,6712.282219,3691.27498,6908.28184,8367.658972,8368.207899,8300.470174,8332.570313,172.0924481,5824.049773,7934.26141,7850.676044,6970.262153,5606.857663,2377.703668,D1,N8,t
appliedMASKiso_flu_3mgml_roi3_8bit.ome,22,65.33497179,53.58471795,0.906206154,3.463897436,28.968,47.144,0.91049,3.4769,39,63.98331933,23.06425577,0.04056845,0.573552486,22,3851,32.0361,3203,52,61.5962,17,1.227,0.0192,0.0204,0.2336,131072,0.565246582,395.2323608,0.361723483,8.703113556,8.412546158,333.0583191,0.759088278,0.553427279,412.8492126,0.384806216,9.052623749,8.126605034,333.610199,0.758992016,0.161517769,139.8040619,0.141116098,3.10903883,4.290335178,150.0371857,0.100006953,3mgml,flu,roi3,5834.242039,61318.331,32710.68027,223.4257537,65276.70531,59613.91774,6359.990368,4242.455356,2572.148888,59375.47364,8894.421731,8895.204125,8616.872568,8686.84505,55928.95691,2572.542603,9321.892543,7853.312623,59562.89408,8086.708008,847.3025375,3678,65529,32566,15,65531,62398,3999,2659,949,62120,6209,6210,5888,5956,55917,133,7156,5170,62319,7603,94,6191.665684,4490.030926,9951.878713,2806.918156,914.3207706,1065.370132,7183.535212,6719.864966,3863.433246,7101.395685,8567.948878,8568.394639,8470.745871,8508.470227,171.902086,5735.015141,8115.605234,8001.623441,7154.106565,5539.90937,2282.248549,D1,N8,t
appliedMASKiso_flu_3mgml_roi3_8bit.ome,23,61.83939429,58.09582857,0.912180857,3.654774286,27.553,50.431,0.92004,3.7151,35,64.0200607,24.17547707,0.040289861,0.705126813,23,4246,28.8698,3576,68,52.5882,23,1.256,0.0195,0.0204,0.2496,131072,0.56525749,393.6394043,0.367846668,8.66576767,8.461247444,335.4063416,0.759189487,0.552662969,410.809906,0.396243334,9.02626133,8.164214134,336.913269,0.758122563,0.16200915,139.1070862,0.139709651,3.090415955,4.301347256,150.2807159,0.100241661,3mgml,flu,roi3,5896.981455,61554.04131,32728.23989,184.2315247,65301.33405,59605.61974,6462.236602,4312.235346,2505.546133,59395.53102,8912.982218,8913.682978,8656.09494,8722.644384,55926.56374,2574.001647,9239.804267,7912.649296,59573.1304,8241.909895,787.7462319,3757,65530,32567,16,65531,62368,4077,2710,929,62102,6270,6271,5968,6032,55917,133,7156,5261,62290,7827.5,89,6209.85209,4551.509609,9709.189766,2865.281567,560.6083663,818.5946934,7136.165836,6810.190244,3693.666989,7019.285968,8516.3385,8516.74138,8447.842933,8480.60981,163.9176945,5730.513671,7941.468781,8003.586551,7084.069922,5622.897933,1931.285775,D1,N8,t
appliedMASKiso_flu_3mgml_roi3_8bit.ome,24,65.12284118,63.76573529,0.910604706,3.523805882,32.37,54.29,0.909745,3.4067,34,62.16776758,32.61010751,0.030812865,0.639709023,24,4270,28.6962,3569,72,49.5694,25,1.2615,0.0169,0.0222,0.228,131072,0.593068779,369.5768127,0.388366133,8.054913521,7.989849091,326.4425354,0.776795328,0.582907557,382.204071,0.413894296,8.319227219,7.665657043,326.8613281,0.776797533,0.159418821,139.1592102,0.144775242,3.053771734,4.20416832,151.6751251,0.097539209,3mgml,flu,roi3,5904.111942,61132.84464,32733.65688,170.9662565,65312.11074,59701.62203,6534.586753,4359.94659,2379.618076,59524.07027,8771.066765,8771.759896,8560.510104,8618.931723,55925.55638,2668.507937,8896.301779,7873.778354,59686.09933,8333.254157,745.7071088,3779.5,65529,32566,16,65531,62419,4154,2762,867,62201,6169,6170,5904.5,5962,55916,133,6840,5249,62375,7910.5,82,6179.448599,4558.724648,9987.127857,2863.227683,473.6033496,734.4389753,6990.053243,6824.230629,3520.67614,6859.538649,8348.586231,8349.075935,8315.83581,8342.230159,168.8414294,5662.576902,7627.888957,7922.01375,6936.115645,5715.161573,1758.86163,D1,N8,t
appliedMASKiso_flu_3mgml_roi3_8bit.ome,25,56.64429118,56.36702941,0.916597647,3.604273529,23.0025,50.7835,0.932855,3.67665,34,63.28649356,20.43282291,0.052051758,0.581375565,25,4173,29.4098,3476,63,55.1746,20,1.2526,0.0208,0.0237,0.2252,131072,0.624056578,345.4241638,0.395720124,7.438764572,7.405590057,311.584198,0.795808673,0.620549202,350.9530334,0.414062738,7.551448822,6.88978529,302.6929321,0.799124002,0.157917604,139.2264709,0.148405492,3.022058964,4.121886253,153.4956207,0.095288865,3mgml,flu,roi3,5875.296561,61034.52489,32740.46066,182.3807936,65308.11179,59843.68147,6637.767171,4429.845127,2213.423216,59709.29229,8541.72969,8542.317953,8390.930457,8438.729952,55924.95811,2714.685569,8443.048436,7777.010519,59851.65583,8392.678243,724.2432361,3718,65528,32567,17,65531,62518,4193,2813,822,62306,5976,5977,5750,5802,55916,133,6525,5127,62478,7823,80,6144.879597,4619.747669,9847.319087,2844.107727,604.4697883,820.3286987,6809.757713,6914.274963,3292.186886,6645.03428,8110.407362,8110.796437,8138.252422,8153.849425,180.5496533,6002.899327,7179.685993,7817.725737,6742.272461,5846.786354,1818.869152,D1,N8,t
appliedMASKiso_flu_3mgml_roi3_8bit.ome,26,87.33613333,61.55418182,0.917788182,3.637175758,70.346,54.114,0.92564,3.6254,33,69.25004078,26.03647404,0.037611523,0.627949092,26,4133,29.7138,3468,78,44.4615,19,1.2531,0.0147,0.0256,0.2581,131072,0.631668687,333.9562378,0.411225766,7.196521282,7.307592869,311.1094055,0.801001549,0.629816294,335.7578125,0.436305821,7.244113922,6.680137157,296.8110657,0.804531932,0.151835784,130.2814178,0.152474016,2.831098795,4.062511921,154.200119,0.090860471,3mgml,flu,roi3,6023.659262,61075.62755,32708.3028,226.547821,65270.09872,59725.95111,6747.432337,4501.135245,2248.444011,59610.13901,8662.390831,8663.072562,8524.789485,8570.710731,55926.75913,2590.211221,8459.732885,7936.1892,59746.8839,8520.026623,779.4172792,3791,65528,32557,18,65531,62419,4232,2839,857,62206,6118,6119,5881,5936,55915,133,6651,5237,62379,7919,84,6255.772871,4654.150054,9664.245186,2808.914111,841.5988253,1026.883826,6875.854758,6969.743388,3327.639143,6690.749232,8135.905332,8136.399122,8176.040576,8189.740256,174.7848341,5885.168668,7048.746419,7905.668732,6790.178546,5866.115855,2050.030786,D1,N8,t
appliedMASKiso_flu_3mgml_roi3_8bit.ome,27,54.26247895,51.71307895,0.926886842,3.611547368,29.126,41.313,0.933495,3.59,38,56.236101,25.00076343,0.031431127,0.577596639,27,4203,29.1856,3602,81,44.4691,18,1.2616,0.0129,0.0268,0.2826,131072,0.653487206,317.3581848,0.416492194,6.770357609,6.819698334,297.1635437,0.814748108,0.666445076,311.9222107,0.428420544,6.638217926,6.005642414,273.0884094,0.825874507,0.138765588,116.5763168,0.135430723,2.525828362,3.746384621,146.4968262,0.082038835,3mgml,flu,roi3,6031.868129,61277.14178,32669.77721,231.6311532,65266.64447,59792.54307,6784.763813,4525.007496,2173.623377,59697.08987,8584.020145,8584.727841,8481.089544,8521.002767,55922.5005,2833.729895,8281.008854,7922.660956,59821.37292,8641.045556,752.1946061,3911,65526,32554,14,65530,62340,4465,2968,858,62162,6173.5,6170,5990,6039,55914,133,6588,5364,62311,8067,79,6230.572429,4613.595344,9277.74274,2798.226272,899.3190176,1080.218443,6770.196493,6910.630588,3263.390683,6572.846736,7978.757893,7979.279324,8039.339339,8049.312325,185.2426756,6182.081724,6770.965418,7824.288146,6676.29696,5860.170643,2033.01303,D1,N8,t
appliedMASKiso_flu_3mgml_roi3_8bit.ome,28,71.34965,58.10928125,0.922914375,3.5428125,42.986,50.335,0.92728,3.47855,32,65.91545697,28.59766568,0.036644619,0.64375995,28,4181,29.3497,3634,69,52.6667,14,1.259,0.0147,0.0284,0.2604,131072,0.65667665,313.4801331,0.429500133,6.64966917,6.793038368,298.6203003,0.817684293,0.666808665,310.2962646,0.441119432,6.554880142,6.167284489,279.8809509,0.826629221,0.128399029,105.9326859,0.133793637,2.288707972,3.562366962,137.9605865,0.075771317,3mgml,flu,roi3,6150.224044,61366.16531,32675.85193,226.7875844,65264.25739,59745.0318,6982.566819,4657.258987,2139.811838,59684.10685,8634.353786,8635.028721,8571.803502,8605.085102,55921.14886,2779.422105,8176.231477,8044.28137,59791.23034,8885.829281,733.2222294,4076,65526,32557,13,65529,62221,4698,3123,855,62093,6280,6282,6141,6185,55913,133,6525,5561,62225,8359,76,6247.374212,4643.537242,9052.103337,2725.703345,834.4968343,1051.584608,6733.561257,6953.129128,3225.628181,6518.348724,7891.775034,7892.175405,7979.457755,7984.6821,184.9893991,6039.931656,6572.389126,7807.652244,6629.473642,5839.09448,1977.82158,D1,N8,t
appliedMASKiso_flu_3mgml_roi3_8bit.ome,29,86.07488,50.52566667,0.91233619,3.550009524,61.5405,45.654,0.92545,3.3825,42,69.92350977,20.54552977,0.048334355,0.736598884,29,4404,27.7623,3849,84,45.8214,18,1.2722,0.015,0.0291,0.2687,131072,0.640700579,335.3104858,0.417976081,7.105677605,7.087085247,311.3258057,0.807833493,0.644673824,333.5675049,0.43819496,7.058661461,6.618032455,298.1556396,0.813563466,0.128584459,112.4628677,0.138511792,2.407668829,3.459448338,138.1392517,0.076061495,3mgml,flu,roi3,6253.352759,61696.16166,32640.93492,199.2524446,65282.11004,59732.05755,7027.447169,4690.951599,2109.633093,59686.6418,8698.838929,8699.326288,8640.891178,8673.548968,55916.9872,2573.74288,8186.844003,8142.771125,59786.37634,9175.979725,693.8595238,4189,65526,32543,13,65529,62163,4814,3226,846,62057,6372,6373,6257,6296,55912,133,6557,5685,62175,8670,70,6284.287771,4605.258591,8721.078205,2557.37934,699.7219466,945.4954134,6687.769237,6885.436789,3161.596218,6472.946972,7834.971452,7835.091824,7918.593387,7924.315593,206.0888346,6012.818299,6483.109238,7798.142459,6584.172088,5920.026795,1863.339612,D1,N8,t
appliedMASKiso_flu_3mgml_roi3_8bit.ome,30,85.20277941,61.63855882,0.921074412,3.610767647,62.781,53.2715,0.93334,3.49325,34,71.84731247,28.55269596,0.031494787,0.631939506,30,4383,27.9049,3821,74,51.6351,20,1.2764,0.0107,0.0327,0.278,131072,0.631295681,348.4486389,0.438179165,7.325086594,7.512393951,333.1839905,0.801200271,0.627022564,350.6743774,0.449265778,7.35076952,7.161515713,328.8182068,0.803526759,0.144571483,133.9663086,0.125651911,2.835719824,3.781973839,152.1078491,0.086363956,3mgml,flu,roi3,6545.585881,61634.23105,32661.01344,181.3814672,65289.30434,59531.9667,7462.0806,4982.777381,2112.862732,59533.52217,8930.123069,8930.508488,8930.955947,8954.368404,55917.9304,2757.864816,8248.514101,8469.620883,59606.61159,9690.854318,656.7116036,4528,65526,32560,13,65528,61887,5319,3562,903,61819,6717,6708,6640,6665,55911,133,6746,6086,61913,9217,78,6357.702388,4694.031841,8365.84782,2385.803553,716.7431022,948.0939035,6632.306086,7007.1051,3067.772561,6387.64225,7760.549207,7760.364257,7883.908049,7882.717306,215.4192395,6012.538815,6385.776182,7821.107412,6515.21958,6146.848923,1760.248499,D1,N8,t
appliedMASKiso_flu_3mgml_roi3_8bit.ome,31,78.87901563,63.71109375,0.918500313,3.5598125,52.6275,54.5155,0.93032,3.3489,32,71.88595045,33.37711936,0.037576701,0.785913297,31,4479,27.2639,3896,60,64.9333,26,1.274,0.0156,0.0353,0.2926,131072,0.633683562,346.8366089,0.445068449,7.256704807,7.620725155,340.4517212,0.802010596,0.633708894,341.4729004,0.448432565,7.182227612,7.174664021,338.5049438,0.80779016,0.154120028,144.7463379,0.136397019,3.04142046,4.054261208,163.9976654,0.092216745,3mgml,flu,roi3,6780.337906,61530.74252,32629.62405,189.3863057,65277.61692,59394.88045,7715.686325,5155.635256,2115.090732,59434.03496,9088.012456,9088.244329,9126.514686,9144.016855,55916.38123,2756.721686,8189.713913,8714.182816,59490.1499,10071.46625,657.7901088,4791,65526,32568,13,65526,61692,5668,3794,922,61674,6921,6922,6915,6940,55910,133,6683,6396,61745,9670,81,6445.659097,4691.103336,8292.228111,2338.535328,817.4440348,1027.686238,6655.368732,6990.468554,3126.959425,6413.859461,7757.979591,7757.878935,7880.830923,7879.790276,205.5214066,6121.489776,6287.214823,7871.625002,6536.304794,6217.645801,1814.904063,D1,N8,t
appliedMASKiso_flu_3mgml_roi3_8bit.ome,32,93.55615366,58.42034146,0.897751951,3.539739024,79.046,48.728,0.915,3.4768,41,70.69857952,27.53712679,0.058798686,0.755785206,32,4437,27.5409,3878,79,49.0886,17,1.2747,0.0138,0.0381,0.3112,131072,0.603199959,369.0343933,0.450125009,7.786934376,8.43269825,365.133606,0.783204436,0.602033615,371.1513672,0.463980973,7.833716393,7.906855583,366.9700928,0.788743675,0.162441343,147.1051636,0.140122458,3.128974676,4.477103233,170.4869843,0.099302731,3mgml,flu,roi3,7183.745029,61911.15035,32586.25383,209.003528,65238.47321,59021.71777,8141.270405,5437.9876,2265.287682,59085.77226,9536.120224,9536.492153,9594.736303,9610.073029,55913.87938,2601.654959,8486.988712,9198.074314,59128.57274,10497.47702,732.8227347,5226,65526,32566,15,65523,61319,6095,4078,1028,61330,7429,7430,7428,7447,55909,133,7061,6921,61392,10334,95,6603.796801,4865.471215,7958.516964,2106.641905,786.5980165,1067.873098,6847.577734,7259.164894,3251.686787,6600.127202,7876.558656,7876.578316,8032.774201,8026.353057,197.3423461,6096.070855,6301.260417,8048.51312,6731.256984,6133.425092,1908.249501,D1,N8,t
appliedMASKiso_flu_3mgml_roi3_8bit.ome,33,81.4257575,57.59525,0.90929775,3.5035825,49.788,47.8585,0.92532,3.4685,40,68.35045949,26.49233163,0.050173606,0.728950228,33,4639,26.2546,4038,87,46.4138,26,1.293,0.0143,0.038,0.3042,131072,0.588906825,384.9770508,0.447998941,8.101829529,8.818662643,376.0994568,0.774040163,0.594930291,373.5932007,0.458271205,7.858307838,8.17115593,371.9897156,0.784924746,0.16532138,150.1596069,0.128823563,3.202314615,4.686330318,174.2179413,0.102674052,3mgml,flu,roi3,7418.986412,62153.32273,32608.43497,231.8916827,65207.79302,58843.97405,8388.52038,5600.918811,2319.542781,58937.85957,9743.266142,9743.739104,9824.821594,9836.877091,55912.18417,3028.224025,8519.146238,9460.527214,58969.12772,10818.43728,777.8571758,5510,65527,32572,15,65521,61070,6406,4259,1080,61119,7724,7725,7763,7780,55908,133,7156,7265,61160,10774.5,99,6670.312498,4883.677696,7746.673969,2124.714913,868.8523608,1195.676318,6950.41764,7293.530602,3343.802743,6701.068998,7922.853533,7922.924478,8079.16146,8072.862903,199.9009959,6688.928346,6239.042433,8116.546364,6829.018605,6028.660868,2144.582421,D1,N8,t
appliedMASKiso_flu_3mgml_roi3_8bit.ome,34,80.77144362,53.89946809,0.918206809,3.641423404,44.215,51.175,0.92647,3.6221,47,68.37474196,18.00710092,0.056093874,0.800229407,34,4927,24.603,4215,80,52.6875,34,1.3007,0.024,0.0372,0.2769,131072,0.563436627,405.1595154,0.449213266,8.571707726,9.409544945,391.3719788,0.758673608,0.56454432,393.8749695,0.464310139,8.361013412,8.951667786,395.0552979,0.766449869,0.164794847,149.2115326,0.123123735,3.19951272,4.757723808,166.9583435,0.104103029,3mgml,flu,roi3,7793.406835,62685.1293,32604.74746,217.2527282,65192.72237,58448.71996,8730.679699,5833.052981,2502.641159,58553.5894,10214.51863,10214.89827,10294.29027,10307.87336,55910.28638,2643.342131,8899.906564,9924.774085,58579.32692,11180.09078,823.2890713,5962,65528,32571,15,65516,60636,6911,4594,1231,60696,8282,8284,8320,8334,55908,133,7534,7822,60729.5,11363,119,6737.374164,4882.438545,7174.241788,2135.305171,681.5053856,1080.00935,7095.42445,7281.656258,3441.946319,6861.017986,8063.328402,8063.368879,8192.26985,8190.919179,198.2420999,6063.797147,6398.91106,8211.768524,6977.935134,5889.359826,2012.807441,D1,N8,t
appliedMASKiso_flu_3mgml_roi3_8bit.ome,35,71.85217647,52.78723529,0.910765686,3.465888235,48.888,50.047,0.91742,3.4111,51,61.675173,18.97790883,0.036995288,0.634892826,35,5231,23.057,4459,89,50.1011,26,1.3236,0.0147,0.0403,0.2738,131072,0.56054008,422.0288696,0.437150329,8.831468582,9.468277931,393.1585083,0.75556469,0.565695286,412.7645874,0.44695878,8.624450684,8.693359375,382.3087158,0.767081618,0.168783054,162.0018921,0.110923089,3.418642759,4.885260582,166.9649811,0.108395725,3mgml,flu,roi3,8076.625467,62877.71434,32593.06495,218.6471171,65180.04838,58244.28898,9168.827869,6128.39998,2542.603622,58380.81235,10436.52211,10436.81217,10571.90281,10576.74723,55908.72913,2471.921301,8926.871848,10241.59975,58383.70124,11584.76887,844.1319857,6245,65528,32572,17,65514,60419,7338,4904,1266,60527,8537,8538,8622,8631,55907,133,7660,8156,60536,11853,127,6806.594131,4975.446907,6930.838192,2047.214871,691.5822549,1090.720268,7127.728017,7413.241879,3493.362436,6898.545195,8069.133812,8069.293414,8223.824796,8218.143576,195.0597952,5710.081856,6368.482325,8272.954847,7020.805913,5975.927758,2011.479032,D1,N8,t
appliedMASKiso_flu_3mgml_roi3_8bit.ome,36,62.90228382,55.50370909,0.911312182,3.508141818,35.311,48.744,0.92139,3.4775,55,62.52671056,22.22406883,0.045204707,0.719116298,36,5042,23.9962,4334,81,53.5062,29,1.3114,0.0159,0.0476,0.322,131072,0.560647905,426.1025391,0.450312257,8.833605766,9.71151638,408.4633789,0.755397022,0.56320852,421.7601929,0.465114743,8.70665741,8.96835804,401.7394104,0.765320122,0.171199024,162.5090332,0.10574352,3.427124262,5.09252739,177.0634918,0.10998895,3mgml,flu,roi3,8441.010605,62959.84536,32581.59526,251.8402113,65130.23163,57905.8856,9665.755218,6463.489017,2639.044044,58079.30294,10785.6162,10785.76817,10963.7438,10962.33179,55908.86683,2632.908014,9033.304634,10664.44709,58063.10246,11861.16977,917.6616371,6606,65528,32581,21,65508,60093,7842,5240,1346,60239,8892,8894,9023,9030,55907,121.5,7755,8577,60225,12196,152,7066.966691,5190.129476,6720.342271,2005.034177,836.2700778,1260.106263,7327.809083,7720.527094,3546.752951,7067.953393,8251.944061,8251.959763,8442.953942,8431.72603,182.3757395,5945.047762,6359.544778,8547.544378,7204.436257,6147.40137,2178.920655,D1,N8,t
appliedMASKiso_flu_3mgml_roi3_8bit.ome,37,78.34476087,58.88376087,0.919995652,3.541991304,58.353,44.3555,0.921995,3.55605,46,68.67335579,32.51925309,0.033346486,0.611117673,37,5424,22.1654,4591,92,49.9022,41,1.3274,0.0207,0.0513,0.2815,131072,0.558160543,438.0303345,0.444706053,8.994589806,9.7534132,417.3357544,0.754577637,0.558622718,431.9562988,0.453462481,8.849151611,9.158441544,411.997345,0.762388349,0.162571222,158.3106995,0.116122648,3.288862228,4.834542751,176.5915833,0.102808274,3mgml,flu,roi3,8503.525457,62957.8641,32572.20326,296.8366915,65102.28853,57802.70699,9723.939385,6502.173254,2690.361749,57976.58679,10915.44348,10915.62978,11077.23816,11078.90613,55909.66209,2489.588605,9181.598644,10757.97965,57963.73003,11821.26656,956.0635277,6586,65529,32588,21,65509,60061,7842,5240,1357,60203,8974,8965,9078,9082,55907,133,7912,8594,60193,12178,151,7298.131974,5309.377412,6709.297606,1998.283697,1612.661064,1760.124116,7530.09413,7895.396369,3809.066892,7254.019563,8470.546235,8470.454236,8662.734605,8651.901725,168.5266396,5539.706209,6492.254312,8798.584554,7392.703284,6283.250374,2604.157156,D1,N8,t
appliedMASKiso_flu_3mgml_roi3_8bit.ome,38,80.63023393,52.47508929,0.913167679,3.459291071,43.755,47.132,0.91784,3.38225,56,68.29467169,20.50267569,0.040445456,0.638054912,38,5876,20.3065,4926,102,48.2941,41,1.3559,0.0198,0.0477,0.2544,131072,0.512974203,483.8567505,0.417774886,10.03800392,10.6092577,434.3279419,0.725863576,0.510363579,486.8141479,0.421958357,10.07288551,10.11291885,435.6157532,0.731352389,0.157163873,153.0515442,0.113099769,3.213219881,4.712376595,161.0206299,0.102112681,3mgml,flu,roi3,8414.179152,63600.03529,32520.21983,299.941908,65093.2393,57731.68372,9556.911138,6391.86124,2824.279921,57855.49445,11046.88283,11047.05463,11147.8924,11160.0796,55906.45392,2842.668205,9586.317039,10732.1088,57863.88051,11561.43387,1025.854759,6322,65529,32576,20,65514,60201,7415,4930,1371,60270,8923,8924,8959,8979,55907,133,8290,8363,60291,11862,141,7456.146606,5460.462176,6077.896778,2012.325004,1127.383335,1491.818798,7837.515439,8108.441573,3949.505071,7568.379745,8769.161262,8768.825209,8950.203281,8941.878851,162.5526945,6251.131525,6791.843669,9035.350594,7703.454683,6208.328655,2563.046885,D1,N8,t
appliedMASKiso_flu_3mgml_roi3_8bit.ome,39,86.08559323,55.50823077,0.922318923,3.62754,75.426,46.85,0.93274,3.6383,65,66.25197524,25.10955337,0.039349244,0.736644115,39,6183,19.1989,5198,113,46,53,1.3691,0.022,0.056,0.223,131072,0.477866203,517.6908569,0.428957731,10.75790691,11.76422977,474.1627197,0.701699793,0.468342721,521.5556641,0.428603798,10.80010796,11.42380142,482.522583,0.703727365,0.156316832,155.7951813,0.119812198,3.260676146,5.023342609,167.2237091,0.104784362,3mgml,flu,roi3,8643.730316,63814.83431,32532.48746,397.8977206,64989.39767,57528.49117,9802.7583,6567.345471,2941.633678,57663.56523,11253.90254,11253.81862,11365.15767,11376.13959,55905.93448,3027.200723,9676.733592,10981.75252,57667.71111,11627.63399,1192.09726,6337,65529,32574,23,65514,60210,7493,4982,1370,60285,8933,8934,8966,8986,55907,133,8353,8373,60304,11929.5,143,7803.381104,5706.949154,5866.102062,1920.42294,1223.76468,1711.458996,8134.607564,8416.192075,4116.051373,7839.42144,8994.053778,8993.292521,9202.267682,9190.00598,166.7297168,6469.398035,6791.502488,9373.153412,7982.161742,6226.466116,2891.181181,D1,N8,t
appliedMASKiso_flu_3mgml_roi3_8bit.ome,40,87.24910877,62.39880702,0.910795263,3.489754386,67.109,47.641,0.91561,3.4326,57,66.32881509,38.46462478,0.037216758,0.705339401,40,6071,19.59,5162,104,49.6346,42,1.3622,0.022,0.0666,0.2289,131072,0.497582734,506.857666,0.458081484,10.34137535,11.66459179,491.1045837,0.714829504,0.482135683,518.6676025,0.467017233,10.58483028,11.35027504,493.6956177,0.712395728,0.1576543,160.6972504,0.118191279,3.308658838,5.044817924,179.8868256,0.103508472,3mgml,flu,roi3,8473.384519,63541.0285,32532.89519,371.7018956,65036.95539,57997.57989,9646.640104,6463.903724,2691.985966,58176.08387,10670.52652,10670.20224,10847.52572,10845.9326,55903.41209,2987.794559,8973.390409,10625.1966,58160.01404,11755.93027,1043.814311,6183,65528,32571,23,65516,60550,7571,5033,1198,60673,8435,8426,8557,8561,55905,133,7534,8080,60663,11899.5,127,7811.979394,5514.977482,6283.094532,1933.741202,1200.058715,1649.13665,7823.070524,8131.72314,4049.142373,7522.503579,8744.412472,8743.062167,8934.052992,8924.131809,179.0044466,6591.572204,6795.082818,9240.495313,7663.636044,6571.69154,2629.546731,D1,N8,t
appliedMASKiso_flu_3mgml_roi3_8bit.ome,41,78.79724549,60.83367606,0.918960986,3.65884507,54.071,49.147,0.92426,3.5825,71,67.46766985,35.77684157,0.032592698,0.816553111,41,5966,19.97,5145,95,54.1579,47,1.3587,0.0248,0.0819,0.2217,131072,0.49882409,504.7931519,0.504207015,10.15937614,12.29529762,533.4540405,0.715745091,0.471956074,520.5747681,0.514079034,10.49641037,12.45817852,552.8240967,0.706238151,0.160977215,165.7413788,0.104536906,3.371486187,5.386293888,198.6299133,0.105947807,3mgml,flu,roi3,8622.185418,63108.07155,32536.70905,480.1373747,64952.78165,58092.99796,9564.245425,6404.944905,2770.473601,58278.95738,10497.76387,10497.49394,10685.34724,10681.53589,55903.73717,2635.874119,8862.108556,10635.15024,58264.15314,11923.13328,1120.274554,6168,65526,32561,27,65515,60770.5,7493,4982,1113,60919,8069,8070,8230,8223,55904,133,7029,7906,60900,11983,134,8130.186164,5464.248164,6914.576051,1943.69117,1868.286987,2178.131953,7889.014973,8052.33365,4454.101707,7608.438009,8843.255134,8841.820533,8994.610264,8991.219571,220.888066,6042.087459,7251.258709,9451.912808,7734.723207,6876.558631,2989.781878,D1,N8,t
appliedMASKiso_flu_3mgml_roi3_8bit.ome,42,90.20620571,56.53487143,0.919636571,3.672341429,86.324,47.944,0.92886,3.56365,70,69.10434618,23.92300145,0.0343842,0.706928698,42,5860,20.3674,5089,105,48.4667,45,1.3531,0.0197,0.0934,0.2353,131072,0.498189926,507.242981,0.529028893,10.08452129,12.78085136,563.8792725,0.715169311,0.475628257,523.3189087,0.53051126,10.40907574,12.69832993,576.0504761,0.708292305,0.161336645,161.3339844,0.091328584,3.262888908,5.666007042,208.8653412,0.10710384,3mgml,flu,roi3,8602.733035,62643.17266,32518.04028,588.0403883,64886.37424,58300.79956,9328.423127,6267.709075,2862.813312,58452.49584,10203.3442,10202.5222,10392.00022,10387.16059,55904.091,2761.358873,8820.962315,10475.66083,58443.39552,11889.63543,1203.445037,6063,65524,32560,32,65517,61020,7260,4853,1025,61190,7693,7694,7903.5,7889,55904,122,6620,7702,61159,11926,138,8316.337361,5487.665127,7561.27971,2027.24589,2429.434491,2560.398278,7886.182856,7979.201337,4885.237431,7667.515183,8894.830723,8892.961663,9014.85624,9016.716206,249.7258761,6202.219208,7739.60709,9570.132896,7783.03102,7205.748117,3322.376724,D1,N8,t
appliedMASKiso_flu_3mgml_roi3_8bit.ome,43,97.52060405,62.9882027,0.915607703,3.597233784,105.905,52.487,0.926525,3.557,74,66.21445109,31.99736405,0.036833014,0.744558509,43,6275,18.8881,5298,95,55.7684,51,1.3707,0.0187,0.0823,0.1951,131072,0.480677545,503.6826477,0.518514931,10.26277351,13.04055023,547.1583862,0.702815652,0.468173891,513.6444702,0.527437925,10.45431423,12.66289806,561.5061646,0.703832865,0.167030022,156.5583801,0.09008719,3.271755934,5.931021214,198.5019989,0.113328762,3mgml,flu,roi3,8198.247138,62657.16934,32553.62891,644.4920519,64867.42336,58456.48404,9191.172906,6171.062714,2733.109239,58604.16526,9947.992834,9947.427417,10145.38763,10138.44563,55904.46615,2650.044039,8374.592996,10107.87233,58599.16174,11195.78242,1300.447248,5654,65524,32561,36,65520,61261,7027,4698,968,61394,7368,7369,7564,7556,55904,116,6368,7275,61381,11090,140,8018.466654,5477.699643,7552.489021,2220.4464,2856.155654,2791.296778,7847.390619,8017.926389,4715.448367,7616.796496,8824.229902,8823.139881,8976.436199,8973.098556,240.4577506,5928.614846,7282.303921,9385.083188,7739.459442,6951.588024,3810.525237,D1,N8,t
appliedMASKiso_flu_3mgml_roi3_8bit.ome,44,96.94054219,60.8591875,0.9029825,3.41326875,104.5215,54.472,0.918165,3.4513,64,66.57074665,31.35477578,0.047295723,0.50960403,44,6155,19.2954,5206,87,59.8391,46,1.3694,0.0279,0.0349,0.1882,131072,0.461352289,488.6402283,0.427111834,10.59191418,11.87136745,442.6166687,0.690448165,0.450115532,495.2991028,0.442438602,10.69644451,11.52810478,456.7771912,0.69375658,0.167847112,146.774292,0.092456095,3.251158953,5.36771965,154.7231903,0.115325175,3mgml,flu,roi3,6780.308707,62693.82468,32552.05666,304.5424351,65165.97765,59072.61176,7720.769969,5166.579309,2662.499779,59012.35466,9388.974338,9389.149298,9353.118179,9383.855317,55911.71455,2731.323898,8859.384332,8821.345582,59101.27457,9512.786328,1030.927993,4626,65525,32542,24,65526,61716.5,5397,3588,1073,61606,6941,6942,6833,6868,55908,133,7093,6239,61710,9058.5,117,6666.546931,4978.641122,7672.612614,2426.737236,1121.190351,1391.646953,7212.624948,7361.093652,3859.836645,7023.690474,8312.060738,8311.464103,8408.905116,8413.450683,199.7731947,6116.029394,7037.930849,8271.911434,7135.672556,6115.061036,2731.217313,D1,N8,t
appliedMASKiso_flu_3mgml_roi3_8bit.ome,45,99.46443019,50.10149057,0.889390943,3.202724528,119.48,43.161,0.89327,3.1028,53,65.62452612,23.03367087,0.038687374,0.550483769,45,4831,25.1316,4087,56,72.9821,30,1.3028,0.0183,0.0029,0.1953,131072,0.303774327,622.2350464,0.201344609,14.76532936,13.36600971,393.530426,0.571799159,0.293723762,637.996582,0.203683108,15.11964321,12.99908829,400.5421753,0.572258353,0.120899603,107.4254456,0.074382052,2.558884144,4.120769501,78.81452942,0.096877277,3mgml,flu,roi3,6161.541954,63224.69174,32502.00494,143.6569509,65301.7108,58355.92588,4696.650578,3149.056428,5312.0653,57590.33942,10549.65428,10550.42512,9666.956345,9842.597954,55918.06603,2358.197697,13053.23576,8523.018272,57994.71562,8534.191429,1188.07478,4491,65526,32519,16,65523,60649,3145,2091,2324,60008,8323,8325,7508,7669,55914,133,10686,6440,60362,7723,163,5528.630695,3210.333191,6590.073153,2027.951087,445.8739295,746.7772433,7090.047445,4693.975399,7423.164155,7523.976903,8411.921867,8411.865041,7876.018945,7986.199403,206.2742862,5486.644478,9798.062056,7247.919371,7379.100548,5127.081415,2910.660664,D1,N8,t
appliedMASKiso_shg_1mgml_roi1_8bit.ome,1,77.56147059,57.35164706,0.928797059,3.853052941,73.811,53.993,0.93895,3.7951,17,45.06159014,22.79568618,0.031634956,0.6860879,1,1835,69.4294,1565,26,60.1923,10,1.1033,0.021,0.0071,0.2031,131072,0.571240485,278.9312134,0.358225673,7.517390728,7.564780235,242.9917145,0.740380824,0.550959349,279.6763,0.400466084,7.39801693,6.875381947,242.1696777,0.749581754,0.264149278,179.2263336,0.151707962,4.886550903,5.912891388,168.1574249,0.179625496,1mgml,shg,roi1,1696.729098,41952.37991,30471.43073,177.9932579,65472.66441,63865.13625,2038.854906,1088.458354,1686.928121,63456.17925,4088.648696,4098.444475,3689.784534,3761.577013,57817.64655,2519.311911,4370.208093,3052.834062,63726.79919,1470.672483,869.7869077,362,37042,30146,15,65535,65475,733,370,120,65185,990,994,860,881,57823,138,1163,682,65433,625,48,2804.87002,1676.536195,17547.29433,2746.1372,542.0404124,418.0259981,4054.086261,3063.670964,3832.63973,4361.11439,6382.877752,6396.469538,5847.279947,5943.378183,60.64816155,5563.880763,6672.547678,4926.890581,4282.063093,1715.926077,2378.507995,D1,N8,t
appliedMASKiso_shg_1mgml_roi1_8bit.ome,2,65.43718,56.57813333,0.912439333,4.164966667,56.889,41.171,0.92234,4.2963,15,49.09853654,35.38051191,0.045654978,0.744067029,2,1819,70.0577,1528,34,44.9412,11,1.1172,0.0264,0.0078,0.2154,131072,0.569381416,272.8920288,0.367221564,7.419185638,7.442600727,243.0628204,0.742592216,0.536451221,278.819519,0.407200664,7.600028038,6.951449871,243.8912048,0.739999771,0.251502454,167.0310974,0.162930191,4.559398651,5.38095808,162.22229,0.165758938,1mgml,shg,roi1,1858.180629,42743.37267,30443.62866,225.32448,65460.61101,63688.35477,2230.666868,1183.309392,1811.179519,63267.71554,4457.039056,4468.356531,4028.809374,4106.090545,57816.74668,2317.979826,4732.628378,3338.184576,63541.08224,1589.906064,915.4499921,430,37042,30146,15,65535,65475,835,431,138,65185,1138,1142,1003,1029,57823,138,1302,806,65433,740,55,3101.033164,1866.031881,17752.3847,2825.729652,904.4125133,600.1388437,4484.08865,3427.115517,4039.252273,4808.377294,6937.240747,6952.626688,6386.68026,6486.11409,52.86455374,5391.750858,7125.760684,5413.91831,4728.640463,1825.620481,2820.212422,D1,N8,t
appliedMASKiso_shg_1mgml_roi1_8bit.ome,3,85.41502667,64.0744,0.925656,3.697413333,72.979,54.229,0.93036,3.5555,15,57.06552519,42.26531882,0.028040476,0.84301276,3,1973,64.4333,1630,36,45.2778,7,1.1328,0.0139,0.0085,0.2763,131072,0.561215162,285.4318848,0.388474673,7.629732132,7.846242428,258.0496521,0.736736059,0.536405385,289.6483154,0.409944504,7.747772217,7.1652174,253.3588409,0.740095735,0.254344851,174.5294189,0.147443384,4.665472507,5.656328201,170.1190948,0.168341652,1mgml,shg,roi1,1995.46772,43006.00445,30481.05928,234.1587446,65455.7833,63587.43157,2434.451291,1302.394286,1848.163431,63174.06702,4695.543682,4706.312406,4272.560904,4349.283581,57815.78031,2336.404301,4905.894016,3562.391438,63441.20409,1702.938415,901.6626777,519,37042,30146,13,65535,65475,916,472,175,65185,1347,1350,1203,1230,57823,138,1465,965,65433,881,43,3383.438777,2115.725076,17899.75455,2727.697235,866.6430003,600.7210646,4832.441859,3850.951263,4147.488885,5129.948444,7351.616602,7365.845088,6839.792448,6933.45323,86.37025057,5564.927706,7307.098696,5853.656318,5068.167053,1889.322939,2828.523407,D1,N8,t
appliedMASKiso_shg_1mgml_roi1_8bit.ome,4,84.4317619,62.78057143,0.920319524,3.334738095,70.641,42.649,0.92973,3.2341,21,53.13563715,40.46656798,0.042736944,0.712637397,4,2123,59.7395,1712,29,59.0345,12,1.1437,0.0168,0.0099,0.2533,131072,0.527664006,307.9337769,0.38888526,8.297073364,9.052070618,277.9285278,0.706315398,0.507359207,310.1492615,0.425898463,8.28717041,7.645534515,264.6647949,0.720564067,0.281499237,193.5625153,0.144246534,5.252338409,7.027863979,185.5434875,0.199059308,1mgml,shg,roi1,2166.836451,43955.24335,30561.23,275.1940693,65427.24961,63296.31258,2642.705584,1403.057738,2181.043196,62859.04385,5093.619269,5106.107436,4641.41663,4723.674685,57815.55419,2122.636559,5311.529966,3869.532584,63132.30389,1763.609162,1187.775356,541,47334.5,30146,13,65535,65475,998,524,189,65185,1425,1430,1259,1289,57818,138,1558,1011,65433,915,65,3680.045796,2229.330264,17885.83527,2809.537569,839.6709225,701.8550785,5488.548536,4098.66535,5080.494875,5849.56208,8050.812179,8067.702734,7481.555647,7586.150272,61.92761614,5102.581183,8033.515115,6385.270794,5765.363263,1914.296794,3578.880555,D1,N8,t
appliedMASKiso_shg_1mgml_roi1_8bit.ome,5,96.94535294,61.07770588,0.931061176,3.933464706,84.943,53.234,0.94012,3.7398,17,61.09637033,26.61193174,0.03716963,0.855000476,5,1940,65.5634,1630,27,60.3704,7,1.1025,0.0225,0.01,0.2186,131072,0.538509667,298.7470398,0.394699633,8.106739998,9.271995544,283.8980103,0.710466623,0.561766446,282.5926514,0.448178619,7.484583378,6.825237274,254.8808746,0.755705655,0.290449232,191.6658783,0.153819636,5.302293301,7.848381996,202.8706818,0.209459543,1mgml,shg,roi1,2167.329632,44557.88929,30552.25736,389.3096191,65401.909,63269.01429,2728.077003,1457.189754,2144.835234,62847.98593,5018.419098,5029.880332,4598.870081,4675.616242,57813.98695,2472.277423,5153.736505,3851.809764,63113.38319,1739.035587,1381.126941,511,50146,30146,14,65535,65475,937,493,149,65185,1341,1343,1189,1214,57813,138,1488,954,65433,877,49,3845.645833,2388.06831,17847.55742,2898.181925,1117.894757,860.3017672,5768.756765,4366.06025,5329.4141,6107.334483,8292.772023,8308.747036,7743.865172,7845.44116,93.39707952,5864.95408,8128.938152,6640.426664,6032.660375,1926.750034,4120.776796,D1,N8,t
appliedMASKiso_shg_1mgml_roi1_8bit.ome,6,95.73346667,62.25933333,0.902843333,3.365026667,83.66,55.286,0.91149,3.329,15,62.46332999,36.33842267,0.032163602,0.543705642,6,1495,85.6742,1254,31,40.4516,9,1.1196,0.0174,0.009,0.2422,131072,0.568518341,286.1650391,0.378334254,7.670465469,8.507622719,278.6684875,0.733634651,0.597512186,260.1455688,0.397926211,6.868701935,5.917548656,220.0440979,0.778104365,0.279186189,188.0592346,0.16897577,5.150852203,7.621565342,220.5135498,0.197845668,1mgml,shg,roi1,2094.556975,44809.86049,30506.55582,454.3082474,65398.39459,63340.45847,2675.530028,1440.31631,1899.978651,62941.33254,4780.748713,4790.520397,4396.812545,4467.239193,57814.51559,2433.002978,4872.48634,3699.90487,63197.94122,1708.581393,1257.417196,477.5,50817,30146,14,65535,65475,835,431,133,65185,1277,1282,1123,1149,57813,138,1442,900,65433,824,33,3895.77146,2520.108166,17541.67037,2909.44222,1381.046552,961.6670954,5743.324483,4554.313583,4861.91024,6008.19953,8162.370128,8174.015716,7682.371187,7772.059796,64.04896104,5729.531519,7857.333385,6649.043303,5965.951414,1938.022015,4083.255162,D1,N8,t
appliedMASKiso_shg_1mgml_roi1_8bit.ome,7,94.09183333,62.76266667,0.93233,3.964175,89.002,64.0495,0.93323,3.9241,12,58.16287937,25.09786303,0.021941403,0.535714486,7,1476,86.8028,1306,29,45.0345,5,1.1035,0.0079,0.0084,0.09573,131072,0.609557688,260.4989624,0.362956315,6.946252346,7.292704582,244.3553467,0.764178097,0.638546586,237.3220825,0.379083604,6.192814827,5.021883011,188.3908997,0.803488374,0.263908178,180.5856628,0.162605181,4.919380665,6.848174572,201.7535858,0.183508575,1mgml,shg,roi1,2098.104348,45396.72539,30472.72517,362.0914512,65420.4219,63312.54481,2606.221202,1393.808612,1804.506685,62910.0862,4815.786877,4826.505391,4424.344679,4496.15439,57814.55019,2070.351643,4913.652187,3716.086522,63166.95034,1744.255841,1064.48968,524,51199,30146,12,65535,65460,815,421,143,65176,1390,1395,1220,1249,57813,138,1581,980,65418.5,895,27,3854.43571,2419.612826,17478.28055,2874.598627,1122.608156,828.139227,5744.042519,4429.456808,4656.7605,6025.883582,8145.0781,8159.368844,7654.787701,7746.583972,44.15269606,5033.379573,7837.069572,6607.468034,5979.57323,1916.560142,3604.50019,D1,N8,t
appliedMASKiso_shg_1mgml_roi1_8bit.ome,8,83.17859474,55.59521053,0.915994211,3.755468421,71.878,42.097,0.92896,3.7285,19,56.5358038,40.13620696,0.047787066,0.968088099,8,1613,79.2604,1387,20,69.35,10,1.0839,0.0126,0.0089,0.1363,131072,0.62345612,248.2901154,0.353763551,6.607527256,6.873944283,230.3390503,0.774920881,0.662730992,214.8361359,0.356096447,5.689156532,4.932843208,187.5423737,0.81815958,0.252576321,175.1092682,0.177208096,4.681913376,6.555989265,190.4724274,0.175008327,1mgml,shg,roi1,2230.892593,47003.53692,30549.37101,361.0729863,65406.1217,63046.73942,2694.818198,1439.901541,2057.863359,62612.23288,5161.385902,5173.145694,4730.337059,4809.193497,57812.60629,2213.691451,5317.344734,3962.669512,62878.64227,1808.190627,1195.093229,587,51280,30146,11,65535,65428,876,452,155,65144,1555,1561,1371,1404,57813,138,1767,1099,65384,994,32,4003.887425,2471.218472,17564.11107,3008.377825,1176.173841,902.300433,6199.72867,4506.658941,5317.38531,6568.659755,8591.525801,8607.343598,8033.534585,8136.994856,76.47946495,5226.710278,8446.855575,6897.495812,6488.284028,1921.137875,3874.276876,D1,N8,t
appliedMASKiso_shg_1mgml_roi1_8bit.ome,9,81.2867,65.70715385,0.934031538,4.107946154,75.174,42.699,0.93546,4.3061,13,50.87807253,43.74352806,0.023443191,0.963227172,9,1758,72.558,1512,22,68.7273,4,1.0642,0.0133,0.0101,0.09373,131072,0.630843341,239.17659,0.380384564,6.362410545,6.7352705,234.584549,0.781951129,0.661963165,219.2923584,0.39269653,5.736888409,5.041108608,193.4105682,0.817504883,0.242688268,159.2319183,0.181913182,4.322021961,6.187208176,189.1254883,0.165240228,1mgml,shg,roi1,2361.998028,46873.06637,30432.30579,383.6383461,65390.10793,62874.13608,2854.894117,1541.047922,2159.881954,62439.66721,5415.76865,5427.060449,4972.856427,5053.943854,57813.05637,2450.558208,5547.753523,4178.548433,62703.33533,1889.77511,1245.463579,663,51277,30146,13,65535,65398,957,493,182,65112,1778,1779,1560,1599,57812,138,2000,1245,65351,1103,31,4156.437464,2607.848545,17246.83816,2839.349073,1194.426295,955.1883767,6470.859048,4689.147972,5546.174352,6835.506322,8837.7803,8852.120431,8280.066205,8383.619288,64.10916755,5921.906193,8658.956709,7129.054286,6760.644341,1950.653735,3930.489335,D1,N8,t
appliedMASKiso_shg_1mgml_roi1_8bit.ome,10,87.98836,65.71486667,0.931970667,3.508826667,78.341,45.727,0.93872,3.4177,15,52.44384181,49.32147227,0.033686693,0.7336733,10,1545,82.8369,1307,26,50.2692,4,1.048,0.013,0.01,0.0486,131072,0.70388025,199.7203979,0.437482536,5.08531332,5.537242889,216.2913055,0.831463873,0.761196077,158.9467468,0.501604676,3.99795723,3.80589056,165.2668457,0.875539184,0.217370018,154.1386414,0.18403171,3.930376291,5.280071259,186.5134277,0.139561057,1mgml,shg,roi1,2270.351273,46047.963,30455.70168,278.3948448,65422.371,63089.11644,2829.574409,1534.267341,1830.035544,62702.74218,5051.405911,5060.702692,4683.049589,4751.298974,57813.47239,2690.28869,5023.535915,3973.987794,62946.2817,1870.974895,945.7902661,663,51264,30146,9,65535,65411,978,503,184,65128,1738,1744,1534.5,1568,57813,138,1907,1234,65366,1105,32,4002.385565,2626.40337,16808.95381,2831.300321,964.751381,797.7833153,5989.741623,4651.571553,4695.931122,6250.11677,8252.303352,8261.573491,7803.092992,7887.526989,65.98263692,5946.346583,7854.12253,6788.307169,6221.556054,1966.823431,3142.135266,D1,N8,t
appliedMASKiso_shg_1mgml_roi1_8bit.ome,11,102.4052941,58.70041176,0.928865294,3.735170588,93.468,46.515,0.939,3.7332,17,44.44077454,29.72012353,0.040553262,0.694136037,11,1646,77.6312,1376,26,52.9231,6,1.0795,0.0082,0.0105,0.07046,131072,0.703273058,198.3426666,0.455990225,5.059913635,5.550529957,218.6831512,0.831713676,0.755509675,156.4845581,0.517257333,3.945665836,4.025980949,176.243866,0.872531056,0.212316468,150.274353,0.190308407,3.853285074,5.037567616,176.4198761,0.136024013,1mgml,shg,roi1,2318.904318,46158.94812,30437.3988,287.9207665,65418.66378,63070.8686,2912.622159,1581.015742,1794.59428,62697.26226,5098.145665,5107.456303,4748.216963,4813.563921,57813.05796,2664.90873,5010.952669,4043.310305,62934.97421,1911.128404,964.703838,702,51264,30146,11,65535,65410,1059,544,192,65125,1807,1813,1607,1645,57812,138,1977,1299,65365,1167,30,4033.538602,2600.843066,17004.46584,2845.987848,967.4633102,800.7807952,5996.776069,4659.294908,4575.146162,6233.129282,8236.413886,8247.805775,7818.498974,7898.436611,73.0513205,5921.415347,7688.665147,6821.937156,6208.355885,1994.511213,3259.79675,D1,N8,t
appliedMASKiso_shg_1mgml_roi1_8bit.ome,12,93.21853125,70.89375,0.9142125,3.81484375,89.736,62.152,0.913975,3.4589,16,48.01869613,40.5591614,0.040103681,0.837793018,12,1489,86.0275,1207,22,54.8636,5,1.0517,0.0063,0.0106,0.05055,131072,0.654485404,224.6449738,0.418165892,5.924133778,6.262555122,228.4008331,0.799105465,0.700857401,180.7790222,0.467273921,4.767573357,4.921047211,207.0511169,0.841650665,0.228394613,158.9459839,0.198056161,4.217567921,5.434845924,170.3736267,0.153644189,1mgml,shg,roi1,2417.932832,47277.53822,30350.11961,323.1056886,65398.85925,62908.03397,2950.343439,1606.00597,2026.396192,62511.14363,5379.86913,5389.620446,4984.788149,5057.903635,57812.4544,2745.801995,5373.665846,4228.62234,62757.17799,1949.37706,1130.95666,723,51280,30146,12,65535,65401,1059,555,194,65118,1868,1874,1660,1701,57812,138,2023,1343,65357,1201,41,4174.470239,2691.725445,17537.61541,2931.508763,1106.678404,917.2229933,6323.339702,4767.341295,5163.638964,6607.268938,8631.476825,8641.752233,8151.758875,8241.940057,72.06030426,6249.823858,8264.362234,7079.090039,6568.455975,2023.517792,3729.055214,D1,N8,t
appliedMASKiso_shg_1mgml_roi1_8bit.ome,13,87.55073333,55.011,0.912589333,3.97548,84.174,45.011,0.92301,3.8655,15,62.26983707,30.83805896,0.035073759,1.081066806,13,1752,72.8133,1436,21,68.381,7,1.0762,0.0119,0.009,0.1321,131072,0.647104561,228.5162964,0.38284409,6.081871033,6.071105003,214.1812134,0.794079244,0.697632492,185.2577972,0.422517598,4.913939476,4.566971779,185.9256897,0.839328647,0.231436431,160.6355743,0.183489412,4.281572819,5.164325237,161.5805664,0.154246867,1mgml,shg,roi1,2322.7181,47864.89826,30445.7632,304.1801286,65411.357,62968.21243,2791.846713,1518.891413,1971.677861,62564.49477,5214.543789,5224.441967,4812.364451,4886.387,57811.59628,2854.342983,5278.767564,4070.653488,62816.87685,1920.362279,1070.308297,629,51283,30146,9,65535,65415,978,503,167,65133,1616,1622,1437,1469,57811,138,1744,1162,65371,1056,40,4081.052392,2590.377046,17440.50362,3061.732715,1097.225838,873.9749845,6197.629204,4569.126542,5069.238235,6491.255699,8492.292254,8503.07732,7980.037712,8075.352419,87.78241476,6278.319909,8244.145357,6916.55304,6438.468059,2087.410043,3656.175884,D1,N8,t
appliedMASKiso_shg_1mgml_roi1_8bit.ome,14,96.73238889,52.89594444,0.917862222,3.957683333,118.565,43.852,0.92613,3.7861,18,60.39757294,29.29335198,0.039271811,1.164652175,14,2220,57.0419,1737,33,52.6364,9,1.1189,0.0116,0.0104,0.1659,131072,0.619338214,245.6481171,0.369168282,6.581748009,6.563607216,225.9999084,0.775987387,0.678995311,203.7432251,0.37479645,5.389613152,4.380926132,166.5720825,0.828093529,0.234769836,155.1237183,0.159956098,4.237238407,5.566136837,171.3381348,0.159173653,1mgml,shg,roi1,2416.993162,48228.29405,30472.85724,389.4750154,65384.33346,62842.35441,2871.178359,1582.464423,2102.744451,62438.16811,5389.434959,5398.539271,4977.643482,5053.376207,57811.09975,2806.225051,5440.207454,4220.104584,62689.01777,1958.808089,1211.524927,684,51286,30146,14,65535,65399,978,514,173,65121,1720,1718,1537,1572,57810,138,1860,1258,65356,1137,34,4265.36353,2755.222878,17544.50213,3051.31876,1293.911665,1008.704077,6473.399966,4780.94111,5398.669516,6756.729076,8764.390421,8773.887149,8248.721271,8344.611073,88.99568654,6236.840477,8466.568115,7178.108151,6708.027511,2117.458338,4027.267613,D1,N8,t
appliedMASKiso_shg_1mgml_roi1_8bit.ome,15,95.94975,65.30414286,0.912988571,3.649528571,116.925,62.8385,0.909985,3.6089,14,54.17658539,26.20752207,0.031455778,0.73473277,15,2301,54.9635,1806,43,42,10,1.1097,0.0087,0.0105,0.1338,131072,0.638806999,237.9767761,0.39974612,6.257066727,6.446032524,231.1985016,0.7887761,0.694417,202.3660278,0.416166961,5.165063381,4.331986904,170.8608093,0.836775243,0.232774556,157.8591003,0.156391263,4.202694416,5.646517754,183.374176,0.155410245,1mgml,shg,roi1,2438.005381,47191.01909,30416.67258,385.7816704,65391.87766,62968.51109,2951.492213,1640.905181,1993.083322,62596.33378,5310.395859,5317.97504,4934.20493,5003.885076,57811.73198,2737.707197,5268.000968,4215.789866,62833.88446,2023.783256,1141.119914,744,51275,30146,12,65535,65411,1059,565,173,65139,1816,1813,1645,1680,57811,138,1884,1359,65371,1239,30,4295.861886,2828.611549,17667.55087,2867.151483,1211.923208,954.6730562,6313.020207,4859.78315,5195.945064,6545.251553,8637.118171,8644.994307,8166.30745,8254.418136,89.83361545,6219.125439,8247.01787,7154.191941,6516.539353,2164.769529,3800.720292,D1,N8,t
appliedMASKiso_shg_1mgml_roi1_8bit.ome,16,94.82133889,59.40788889,0.916733333,3.829288889,117.23,51.6475,0.9262,3.50615,18,60.85738249,31.09830983,0.037365346,0.999106957,16,2091,60.6844,1663,36,46.1944,6,1.1215,0.0119,0.0112,0.1616,131072,0.635201156,238.8563232,0.422553122,6.282225609,6.661649704,239.421814,0.786616147,0.690402448,203.9251251,0.464700043,5.218962669,4.575830936,183.2957458,0.835088193,0.234482139,156.6083069,0.15237239,4.203047752,5.721212864,183.1686859,0.156628281,1mgml,shg,roi1,2466.072347,47116.9539,30424.57963,392.0842055,65384.13514,62981.84613,3028.107683,1697.107395,1951.982884,62628.65009,5264.517072,5271.181371,4916.166023,4981.169637,57811.61317,3003.849861,5149.230208,4228.205151,62857.19738,2082.798951,1147.222112,757,51275,30146,7,65535,65414,1140,606,181,65144,1816,1822,1647,1680,57812,138,1860,1366,65373,1261,35,4362.041502,2924.661312,17639.98184,2887.054976,1293.148786,1026.194693,6310.27983,4922.074653,5205.346847,6517.465557,8594.833338,8601.931154,8149.455063,8233.360495,105.1566415,6582.844121,8099.439699,7186.615071,6496.580675,2259.256293,3954.164711,D1,N8,t
appliedMASKiso_shg_1mgml_roi1_8bit.ome,17,103.0649167,63.04433333,0.911445556,3.819483333,119.755,44.1785,0.912705,3.59205,18,56.32182309,35.71790529,0.029330156,1.008938997,17,2060,61.6277,1681,44,38.2045,4,1.0931,0.0128,0.0117,0.1705,131072,0.609307826,258.7085266,0.432994068,6.767903328,7.371346474,260.3656921,0.768548667,0.655449152,227.2196045,0.459370315,5.807694912,5.315021038,212.980896,0.814170957,0.24302572,163.7376862,0.141147345,4.395224094,6.179188251,192.5494232,0.165582567,1mgml,shg,roi1,2562.885944,46979.48717,30349.26682,468.5868799,65360.60818,62910.37613,3111.501269,1762.428341,2014.624845,62560.68279,5415.565883,5420.772608,5064.333863,5129.833262,57812.11031,3067.506274,5264.513358,4371.467458,62785.51456,2158.935073,1249.340093,820,51270,30146,8,65535,65414,1140,606,199,65143,1952,1953,1784,1819,57812,138,1953,1483,65374,1350,35,4541.591681,3099.971524,17735.43408,2834.759546,1499.913333,1161.466063,6471.164128,5154.960784,5341.482681,6658.80976,8760.170527,8764.114311,8344.225778,8423.127773,80.51386203,6736.22421,8136.070482,7405.875584,6650.369253,2358.65155,4285.608132,D1,N8,t
appliedMASKiso_shg_1mgml_roi1_8bit.ome,18,106.6038824,57.87529412,0.922848824,3.568488235,128.05,44.297,0.92333,3.6154,17,58.63699288,32.87592832,0.022617489,0.83956417,18,1869,68.13,1562,34,45.9412,5,1.0801,0.0149,0.011,0.205,131072,0.613611758,255.2922058,0.43271634,6.667227745,7.402641773,265.1202393,0.771164775,0.655843318,219.7686768,0.459045202,5.670693398,5.213421822,203.7885132,0.814870715,0.249147981,169.4996796,0.156538934,4.486039639,6.355038643,206.7250671,0.167771801,1mgml,shg,roi1,2493.800322,46344.12939,30341.73521,471.0464554,65370.49777,63039.0262,3059.477125,1753.310027,1876.631213,62717.01308,5181.879096,5185.348096,4862.317576,4922.133321,57812.06405,2614.105131,4984.172195,4220.780807,62932.85522,2134.968581,1184.239157,739,51241,30146,9,65535,65424,1059,555,166,65153,1772,1770,1613,1642,57813,138,1767,1338,65384,1237,29,4559.250566,3238.383516,17478.65892,2704.357806,1434.784609,1101.712562,6310.621782,5230.075827,5059.427668,6430.161263,8583.331692,8582.976044,8204.951397,8276.832894,95.6696097,5829.167348,7871.229838,7339.983123,6449.013457,2410.251462,4055.427047,D1,N8,t
appliedMASKiso_shg_1mgml_roi1_8bit.ome,19,114.360075,64.37241667,0.917750833,3.755116667,145.17,60.6675,0.930565,3.87705,12,59.61272644,27.4193863,0.047282624,0.841221456,19,1975,64.3661,1643,42,39.119,3,1.0936,0.0217,0.0115,0.2105,131072,0.614206195,264.0411987,0.430953264,6.787955284,7.731332779,289.980957,0.770076811,0.631946683,246.43927,0.453979641,6.288387299,5.501507282,210.3008575,0.799200177,0.25638178,181.4009857,0.182062045,4.696239948,6.859984875,238.9616089,0.172790796,1mgml,shg,roi1,2442.383176,46592.55698,30387.16328,484.2759335,65372.86729,63121.35743,3056.973724,1767.661397,1676.413819,62831.08127,4905.212769,4906.634952,4643.321412,4693.150985,57812.01016,3034.474531,4604.253582,4076.804003,63033.16621,2082.433207,1114.091367,674,51248,30146,13,65535,65411,978,514,133,65144,1616,1622,1472,1498.5,57812,138,1628,1219,65373,1132,23,4645.467119,3388.7264,17273.85125,2789.468951,1414.873511,1075.66695,6189.030422,5413.392223,4610.123682,6231.087492,8313.865085,8309.83892,8035.571022,8090.272784,93.95243316,6764.620275,7410.779385,7306.980839,6281.863717,2438.254674,3696.847125,D1,N8,t
appliedMASKiso_shg_1mgml_roi1_8bit.ome,20,105.8415188,47.677125,0.920631875,3.54315625,132.61,41.303,0.929865,3.53705,16,56.21193644,19.52261729,0.043637954,0.615535861,20,1512,84.6885,1190,33,36.0606,6,0.9998,0.0163,0.0112,0.1668,131072,0.62500155,266.0072632,0.44221282,6.677172184,7.812958717,314.2463989,0.776843488,0.638121188,241.8169861,0.489913583,6.02224493,5.777492523,238.3300476,0.804013968,0.257552356,192.1114044,0.201920614,4.808390617,7.119751453,270.0918884,0.173001155,1mgml,shg,roi1,2376.176056,46354.81024,30412.89774,502.3423307,65376.67123,63244.29911,3030.527833,1770.890591,1449.926804,62986.10963,4643.091547,4642.369269,4432.520395,4473.396779,57812.10225,2839.67142,4252.533788,3926.243051,63172.91589,2062.318512,975.3746436,642,51238,30146,11,65535,65408,896,472,118,65140,1529,1534,1396,1420,57812,138,1558,1159,65369,1084,22,4657.167232,3521.512733,16912.42314,2899.65249,1665.736889,1166.329378,5929.66059,5518.20413,4016.657177,5872.847079,7946.638471,7936.392602,7766.127681,7803.648823,77.38781512,6095.222448,6848.519982,7175.562293,5971.875967,2474.939918,3447.07714,D1,N8,t
appliedMASKiso_shg_1mgml_roi1_8bit.ome,21,112.6792,53.45109091,0.923221818,3.873536364,133.67,50.155,0.9452,3.8597,11,55.1421044,19.81616602,0.038055178,0.734617277,21,1427,89.8521,1070,34,31.4706,6,1.0187,0.0164,0.0123,0.197,131072,0.620768189,280.6138916,0.487653762,6.882240772,8.477125168,368.2321167,0.773028672,0.65690434,248.5957184,0.545336306,5.942938805,6.117301464,271.6474304,0.815669835,0.261340857,197.4993439,0.200994581,4.903108597,7.661001682,313.835968,0.177594006,1mgml,shg,roi1,2390.163372,45863.41307,30261.20683,593.2654078,65362.51615,63305.37592,3024.488527,1783.197132,1300.150453,63077.8444,4524.739303,4522.169975,4345.830025,4381.172102,57811.69791,2478.772595,4041.054305,3893.545803,63253.32218,2128.653415,940.7365404,611,51210,30111,10,65535,65400,855,452,106,65132,1460,1458,1328,1350,57812,138,1512,1102,65361,1036,23,4772.258406,3638.03745,16436.51649,2715.051502,2227.357592,1408.492081,5799.152283,5602.177655,3710.266197,5646.389437,7746.730935,7730.73281,7629.839103,7656.066984,91.04341718,5950.15628,6400.836623,7178.968102,5776.626764,2620.552911,3672.344572,D1,N8,t
appliedMASKiso_shg_1mgml_roi1_8bit.ome,22,113.1404308,57.63684615,0.918003846,3.576438462,133.96,43.077,0.93977,3.5027,13,51.28513395,34.75993339,0.056208877,0.869725977,22,1465,87.4696,1180,47,25.1064,4,1.0072,0.0042,0.0136,0.2416,131072,0.610951483,308.9841309,0.518451631,7.321343422,9.142482758,418.4100952,0.765914381,0.660469174,264.928833,0.595102072,6.163402557,6.623230934,352.1058655,0.816858411,0.263493448,221.1333618,0.193989366,5.266962528,7.782909393,329.5795288,0.179465786,1mgml,shg,roi1,2432.984973,45659.10355,30266.93141,540.5270513,65372.39262,63347.9641,3105.976873,1855.701328,1184.83327,63154.54052,4441.990908,4436.953024,4302.946162,4331.413893,57812.21204,2084.224327,3832.735433,3906.058694,63313.88847,2194.271867,833.3405717,670,51218.5,30098,13,65535,65384,916,483,119,65120,1581,1587,1450,1476,57812,138,1605,1203,65345,1121,19,4777.740564,3772.219876,16257.23943,2683.705493,1906.48629,1243.008097,5558.062033,5713.518113,3263.398714,5333.361893,7412.456495,7391.157783,7385.625494,7395.835979,84.60954911,5340.914052,5871.000304,7070.227877,5504.644327,2733.441986,3122.07081,D1,N8,t
appliedMASKiso_shg_1mgml_roi1_8bit.ome,23,114.12241,61.0754,0.927663,3.61998,132.62,42.559,0.92495,3.6753,10,58.01483743,41.63978666,0.018488811,0.637701138,23,1207,106.594,983,28,35.1071,3,1.038,0.0143,0.0136,0.3019,131072,0.645710588,299.2710876,0.551146686,6.718218803,8.750329018,444.5238037,0.793225944,0.691675365,275.9942017,0.619389474,5.874459743,6.647320271,387.2285767,0.836256623,0.244121924,206.3861084,0.195675299,4.750433445,7.266200066,345.1614075,0.157771304,1mgml,shg,roi1,2417.000658,44448.52621,30303.63376,393.6611213,65414.41381,63555.19938,3175.602015,1957.014008,970.5295246,63408.40027,4168.160706,4157.877925,4096.584174,4113.076293,57813.15025,2551.89816,3445.121688,3792.562013,63544.84041,2320.483362,612.165636,660,51104,30146,13,65535,65413,957,514,112,65148,1523,1526,1410,1433,57813,138,1512,1180,65375,1111,17,4645.446072,3898.311378,16036.31418,2581.559292,1522.815022,986.2778831,4959.268694,5660.190557,2553.435962,4647.434132,6764.234409,6737.04558,6835.788004,6828.021677,93.29078287,5769.257037,5079.975049,6690.577713,4858.096387,3096.064269,2458.871557,D1,N8,t
appliedMASKiso_shg_1mgml_roi1_8bit.ome,24,125.7546455,59.47872727,0.945283636,3.947463636,144.46,50.172,0.95715,3.7195,11,53.15416964,29.27535052,0.036875321,0.651077224,24,1435,89.3401,1151,24,47.9583,6,1.0623,0.0152,0.0144,0.298,131072,0.640390873,303.1476746,0.530840814,6.903441429,8.711336136,418.4485779,0.787399709,0.699850202,248.6699219,0.589606285,5.516473293,5.75666666,277.1778259,0.840339899,0.253459096,222.8420258,0.182003945,5.148588181,7.714739323,347.5628052,0.168530449,1mgml,shg,roi1,2503.767859,44587.52302,30272.32075,337.1703652,65424.89408,63553.0474,3310.42298,2027.041056,938.7102994,63420.59135,4253.772999,4243.181843,4199.038182,4212.896687,57812.75228,2987.766026,3459.511913,3907.46013,63549.64447,2456.379465,571.844208,668,51052,30146,12,65535,65421,1039,544,110,65156,1520,1526,1408,1429.5,57813,138,1512,1185,65384,1136,20,4636.114917,3838.324089,16543.97492,2554.511195,1396.789344,923.4933431,4837.047583,5651.908376,2329.507933,4498.132822,6686.53748,6659.402687,6785.41363,6773.231597,80.48177069,6556.700822,4954.328416,6660.434799,4722.37878,3248.888336,2246.398785,D1,N8,t
appliedMASKiso_shg_1mgml_roi1_8bit.ome,25,111.7994111,54.95427778,0.933762222,3.803805556,125.895,53.941,0.94305,3.86175,18,53.00250667,19.20282335,0.034039711,0.951442055,25,1720,74.2052,1403,38,36.9211,6,1.0943,0.0163,0.0156,0.253,131072,0.630370796,287.3432617,0.527044415,6.838097572,8.635558128,372.3782043,0.779953539,0.689199328,240.4442902,0.583470464,5.496174812,5.958334923,280.7283936,0.8345716,0.257144928,210.2262421,0.164003685,5.074357986,7.763520241,300.6400146,0.174532577,1mgml,shg,roi1,2579.039773,44810.47112,30289.6999,313.1694536,65423.63802,63453.78313,3437.664043,2079.693284,1020.956415,63317.8228,4443.711591,4434.373251,4379.07828,4394.985001,57812.85896,2851.02838,3599.593188,4058.083003,63447.87695,2490.679946,615.9309943,681,51060.5,30146,14,65535,65431,1120,585,112,65162,1538,1534,1435,1454,57813,138,1488,1213,65393,1159,29,4589.305913,3704.327266,16762.25068,2607.136353,1353.691068,919.8405282,4908.720555,5597.413269,2389.417124,4583.937344,6828.677556,6805.000112,6899.250282,6892.47281,81.42653695,6144.626331,5082.051625,6710.921704,4799.814585,3159.589003,2321.84077,D1,N8,t
appliedMASKiso_shg_1mgml_roi1_8bit.ome,26,101.2683308,77.14407692,0.930235385,3.6183,118.12,67.606,0.93378,3.5575,13,55.72558063,36.1472518,0.029975478,0.67944426,26,1835,69.4294,1520,34,44.7059,8,1.1042,0.0105,0.0158,0.2969,131072,0.632434309,289.9737244,0.510495305,6.826078892,8.317221642,353.0169678,0.781508565,0.693394482,233.5070648,0.565858901,5.401686192,5.931205273,278.1686401,0.836823881,0.253506124,216.7146149,0.162514806,5.097551346,7.517541409,282.4767151,0.173518136,1mgml,shg,roi1,2574.173111,44955.9237,30318.44649,259.3532457,65433.14583,63459.34927,3433.940422,2075.371702,1022.893743,63328.14243,4433.328055,4423.72732,4381.348959,4395.17195,57812.48776,2877.383743,3555.279005,4060.408988,63453.95182,2490.655428,613.0699977,636,50887,30146,11,65535,65447,1140,606,106,65176,1416,1412,1317,1335,57813,138,1372,1120,65409,1091,37,4466.434164,3644.918631,17015.89152,2672.009258,1023.61249,751.6033759,4791.507725,5453.294639,2379.3421,4475.202916,6740.926404,6715.756221,6796.983553,6792.402209,66.0240502,6559.969189,5059.290174,6585.319797,4693.150523,3125.759897,2065.434168,D1,N8,t
appliedMASKiso_shg_1mgml_roi1_8bit.ome,27,114.9171905,60.9707619,0.918769048,3.589509524,130.03,56.376,0.93304,3.6052,21,49.36248013,25.00233135,0.04617798,0.796902591,27,2193,57.7688,1792,40,44.8,11,1.1208,0.0127,0.0164,0.3209,131072,0.632375002,277.1813354,0.529310465,6.625352383,8.345058441,356.1020508,0.782550871,0.68315649,223.2225342,0.588372409,5.334088326,6.110255241,289.1427307,0.831865191,0.245353505,207.5993195,0.170365229,4.886276245,7.591060638,291.5280151,0.169882625,1mgml,shg,roi1,2665.712557,45035.66348,30356.22827,286.4428361,65416.05829,63367.17767,3591.560138,2170.877472,1155.493056,63233.72166,4578.04523,4567.886058,4534.891212,4547.428781,57812.35179,2321.711137,3662.74286,4204.055848,63357.19026,2523.580896,754.8850792,706,50807,30146,12,65535,65448,1222,657,118,65178,1483,1482,1409,1425,57813,92.5,1372,1216,65410,1201,40,4549.17697,3691.701431,17234.86086,2674.702868,867.8918737,717.7573294,4983.832042,5535.136235,2938.904774,4718.895405,6970.973992,6946.669,7004.033752,7003.563469,97.57450848,5634.681403,5353.931174,6742.307773,4917.63537,3121.035845,2445.226967,D1,N8,t
appliedMASKiso_shg_1mgml_roi1_8bit.ome,28,116.0018313,68.9181875,0.93773875,3.96379375,137.365,54.4935,0.94602,3.78255,16,51.62999303,41.17641071,0.030355117,0.78244208,28,2249,56.2806,1846,43,42.9302,7,1.1288,0.0059,0.0164,0.3639,131072,0.633465171,271.1444092,0.539818048,6.500758648,8.180435181,360.0194092,0.786499798,0.661483169,232.3908386,0.604475975,5.627032757,6.138203621,279.4080811,0.81902051,0.227573708,190.9836731,0.170716405,4.4711833,7.023574829,286.5331116,0.15541406,1mgml,shg,roi1,2748.355002,44759.13367,30349.45193,345.8084614,65400.9521,63350.6619,3666.882079,2202.499451,1202.68204,63221.85588,4689.876153,4680.372748,4649.440966,4661.795946,57812.22856,2271.778261,3711.997554,4321.152078,63346.6333,2568.995196,828.1232942,820,50672,30146,14,65535,65444,1344,719,137,65176,1697,1700,1625,1639,57813,138,1535,1418,65407,1368,31,4681.330888,3718.082459,17519.71664,2576.281569,1075.701963,828.2758112,5168.610529,5679.096565,2972.082063,4883.886462,7167.047199,7145.058157,7220.024392,7217.198332,90.16995294,5685.809388,5351.198797,6954.296249,5085.860029,3098.177528,2819.772856,D1,N8,t
appliedMASKiso_shg_1mgml_roi1_8bit.ome,29,112.6004769,69.64423077,0.927135385,3.774046154,133.99,55.284,0.93017,3.8272,13,52.98902821,40.94630785,0.022285688,0.525583163,29,1797,70.9399,1472,39,37.7436,4,1.094,0.0082,0.0163,0.3475,131072,0.652338088,262.4407043,0.555649459,6.164058208,7.745275021,356.4460449,0.802147925,0.677280784,238.8372803,0.594266832,5.589822769,5.815088272,288.533905,0.827688217,0.206265524,165.8454895,0.154545099,3.860778093,6.106405735,263.7454529,0.133396074,1mgml,shg,roi1,2720.99858,44224.98363,30307.34122,417.7524652,65390.21401,63467.48183,3616.009855,2197.540302,1123.272774,63355.9643,4542.300378,4530.158488,4524.634445,4532.753376,57811.80323,2514.031877,3510.715237,4241.814015,63473.39028,2603.522456,849.3394131,823,50265,30146,11,65535,65451,1344,739,114,65185,1642,1639,1594,1602,57813,138,1442,1403,65414,1385,34,4688.656375,3759.118369,17460.82585,2483.657819,1716.898161,1104.311857,5085.434621,5714.249318,2960.098577,4763.78265,7056.193025,7028.507262,7138.737766,7130.232321,105.4055166,5801.727053,5145.436517,6929.706062,4986.959491,3123.068711,3183.328754,D1,N8,t
appliedMASKiso_shg_1mgml_roi1_8bit.ome,30,110.7644,54.75794118,0.910629412,3.622382353,119.17,51.772,0.93296,3.3513,17,52.23529921,27.68573131,0.065143693,0.894740964,30,1867,68.2051,1535,37,41.4865,9,1.097,0.0081,0.0179,0.3306,131072,0.618891895,270.7195129,0.548989773,6.629980564,8.460824966,364.1631775,0.779809117,0.646252751,252.0960236,0.592671514,6.074672699,6.88416338,312.9337463,0.809513509,0.212557018,158.6147614,0.170631453,3.907576561,6.338766575,246.1897736,0.140861765,1mgml,shg,roi1,2800.580603,44470.88708,30294.03485,706.0522027,65320.20252,63335.74743,3730.970098,2228.755462,1233.755464,63223.56136,4687.825949,4677.958591,4681.958891,4688.693973,57812.82844,2511.789004,3554.017874,4381.914085,63341.72581,2594.157865,1151.061724,844,50739,30146,14,65535,65439,1364,739,119,65178,1694,1691,1639,1650,57813,135,1488,1447,65404,1415,30,4934.35088,3804.481044,17422.19946,2548.06408,3092.374051,1781.511416,5613.084336,6003.806357,3344.824843,5299.114671,7519.259336,7497.591426,7623.832346,7613.657213,83.0229778,5905.931046,5301.67712,7368.491317,5516.498823,3055.413689,4492.227859,D1,N8,t
appliedMASKiso_shg_1mgml_roi1_8bit.ome,31,88.63645538,56.94530769,0.902032308,3.6942,101.77,48.96,0.91343,4.161,13,58.86612777,26.10885881,0.047946995,1.032663325,31,1544,82.8918,1313,39,33.6667,9,1.0436,0.0067,0.0166,0.2086,131072,0.666726232,256.8864441,0.557409108,5.944045067,7.735519886,377.4776306,0.812240899,0.678804398,240.570343,0.592221022,5.605059147,6.192082882,294.1783752,0.828408599,0.198667794,159.9449921,0.17365256,3.701806545,6.153775692,305.7790527,0.124927625,1mgml,shg,roi1,2665.067098,43639.10089,30305.89943,923.1310482,65308.93613,63585.6968,3576.226923,2180.894284,989.3488054,63494.26944,4259.362621,4245.645624,4299.952812,4298.047053,57813.04089,2436.402519,3121.228403,4090.730855,63603.45614,2562.917233,1054.398624,757,50100,30146,11,65535,65454,1242,678,94,65185,1494,1491,1457,1464.5,57813,138,1302,1291,65420,1291,21,5046.949084,4071.204567,17041.7852,2446.050488,3875.381179,2061.4983,5366.668371,6246.007103,2930.619698,4964.809519,7152.239773,7119.932364,7374.355509,7343.020994,73.44190826,5803.91434,4732.385333,7314.965663,5228.676802,3125.224411,4557.808759,D1,N8,t
appliedMASKiso_shg_1mgml_roi1_8bit.ome,32,112.5182,58.2094,0.909929,4.09487,115.2,51.6255,0.922155,4.09265,10,49.77045083,24.25147288,0.03781134,0.623211285,32,1355,94.7328,1167,39,29.9231,1,1.0049,0.0016,0.0161,0.2338,131072,0.693531156,257.8518982,0.551769435,5.651766777,7.357046604,388.728363,0.827958703,0.735818803,221.962265,0.595716715,4.816302299,5.077668667,254.6893768,0.861128449,0.20354037,180.7854156,0.167455465,3.892231703,6.476146221,377.5545044,0.125313923,1mgml,shg,roi1,2575.769101,43430.60975,30303.81302,1204.619724,65281.42802,63677.43373,3374.247815,2095.108485,909.7295113,63590.85839,4019.415097,4005.102486,4061.209971,4058.675243,57813.61913,2390.132326,2944.267093,3898.465106,63700.04012,2501.013539,1022.22595,683,50119,30146,10,65535,65454,1059,565,80,65185,1364,1360,1326,1335,57813,115,1186,1169,65418,1176,19,5219.720431,4398.986965,16602.81512,2413.887176,5292.736347,2482.693902,5313.263389,6358.145767,2852.0064,4870.52481,7017.791669,6978.993317,7265.72635,7229.0287,82.89889158,5647.532631,4636.848743,7336.398198,5155.848468,3231.462839,4543.488915,D1,N8,t
appliedMASKiso_shg_1mgml_roi1_8bit.ome,33,114.4180909,48.85136364,0.906690909,3.750081818,127.3,44.605,0.90141,3.7234,11,52.24633959,11.59794798,0.049680843,0.614077801,33,1339,95.8887,1170,34,34.4118,4,0.9751,0.0125,0.0159,0.2048,131072,0.692875683,246.3197479,0.517497659,5.582242489,7.068486214,347.631134,0.826403618,0.746659875,206.1039886,0.564586639,4.657031536,4.492298126,216.0139465,0.867147684,0.212947443,178.3983002,0.177726969,3.983516455,6.541524887,347.3721924,0.132344753,1mgml,shg,roi1,2470.019347,44568.28047,30365.66916,1197.146086,65276.40846,63615.50298,3275.284579,2017.902446,951.3490837,63510.29658,3976.709032,3964.800362,3986.343436,3989.246962,57812.63881,3043.235985,2992.255951,3785.076652,63626.92451,2384.891082,1081.311688,650,50933,30146,10,65535,65440,1039,555,78,65176,1355,1351,1300,1312,57813,111,1209,1125,65405,1119,19,5078.386275,4346.348419,16465.03934,2635.263756,5138.367552,2456.949827,5433.707955,6269.73365,3039.999424,5044.305049,7058.256898,7022.226527,7251.690121,7223.9936,82.60165526,7020.849904,4802.327118,7233.659454,5310.818367,3118.042738,4688.071367,D1,N8,t
appliedMASKiso_shg_1mgml_roi1_8bit.ome,34,91.501,49.3136875,0.940116875,3.66435625,98.438,45.571,0.93954,3.5696,16,57.66554112,15.97390365,0.015373478,0.652426584,34,1279,100.4808,1118,35,31.9429,5,1.0184,0.0115,0.0152,0.1251,131072,0.713581979,222.4065094,0.498460978,5.111440659,6.430456161,297.4056396,0.838417828,0.773639262,177.9864807,0.558678389,4.048907757,4.004096508,197.993866,0.882235229,0.217375919,168.5787659,0.186229914,3.903019428,6.197010517,283.7789307,0.133656636,1mgml,shg,roi1,2318.232263,45130.51533,30376.94826,1043.100613,65302.26935,63629.32822,3121.856593,1883.116266,945.5627488,63508.18481,3821.101673,3812.16643,3815.366355,3820.886082,57812.14803,2806.51222,2893.293902,3592.893961,63633.5079,2263.898195,1099.49575,598,51089,30146,9,65535,65422,957,503,75,65162,1254,1255,1200.5,1210,57812,121,1140,1037,65387,1031,18,4816.19168,3911.048084,16037.18768,2694.491522,4485.080279,2240.045725,5452.48574,5940.598706,3233.661096,5130.320294,6988.375074,6963.503939,7129.959107,7112.186844,78.30132674,6237.182202,4806.725987,7005.976491,5355.832777,3021.751909,5022.109081,D1,N8,t
appliedMASKiso_shg_1mgml_roi1_8bit.ome,35,86.35645294,49.37752941,0.936681765,3.629552941,90,43.144,0.94525,3.2317,17,61.51786975,17.42709554,0.020252034,0.790860122,35,1410,90.9596,1182,41,28.8293,2,1.0308,0.0062,0.0152,0.1611,131072,0.714462399,216.1127167,0.469407856,5.115240574,6.069832802,266.9957886,0.838536859,0.769317746,172.8162842,0.509759843,4.077792645,3.812332869,183.1078644,0.879867256,0.216753766,164.1030731,0.183171287,3.913342953,5.973026752,245.2179565,0.134439871,1mgml,shg,roi1,1977.467174,49261.53848,30701.58984,869.1047516,65325.47945,63555.26888,2981.780019,1769.465928,922.6312639,63415.01999,3385.62042,3380.105082,3348.746533,3359.075248,57808.40271,2699.663064,2666.387813,3112.264902,63548.16382,1940.340814,1027.495776,393,51275,30117,8,65535,65391,876,462,76,65132,901,898,834,847,57810,113,907,700,65355,692,18,4354.078603,3563.101833,13657.33801,3225.218607,3645.149748,1933.732856,5448.165535,5621.461666,3102.879739,5176.21437,6582.891767,6565.559236,6673.185827,6664.530056,113.0696412,6368.121343,4629.056419,6468.388006,5378.802627,2819.594308,4790.74449,D1,N8,t
appliedMASKiso_shg_1mgml_roi1_8bit.ome,36,86.8254,59.67192857,0.913971429,3.937328571,98.7865,52.572,0.938205,3.97345,14,58.47820888,23.47476004,0.052555793,0.851018602,36,1501,85.3238,1296,37,35.027,2,1.0279,0.0154,0.0147,0.1369,131072,0.722122192,202.9820862,0.463413298,4.91519928,5.819740295,261.5705261,0.843425989,0.791672051,159.9774475,0.487470955,3.734580994,3.390958309,161.0946198,0.891958952,0.208641142,149.4102936,0.19779098,3.673211098,5.988742352,252.3776855,0.129851714,1mgml,shg,roi1,1876.065695,55008.40671,30669.84779,771.3364335,65333.12131,63407.31181,2700.659842,1617.729914,745.9276828,63242.14686,3399.274265,3394.517485,3295.554999,3316.791743,57802.39912,2636.827166,2889.144617,3003.541496,63385.98554,1857.428703,905.7808336,351,51288,29934,8,65535,65302,672,349,36,65027,938,942,821,841,57808,104.5,1047,659,65258,617,18,4101.772942,3471.421485,9202.474365,4953.402559,3594.582014,1896.051463,5375.223628,5386.989208,2727.400654,5126.90083,6278.077002,6258.883516,6345.335605,6339.290131,152.100249,6240.513925,4610.414786,6115.347685,5324.883925,2745.665122,4630.095549,D1,N8,t
appliedMASKiso_shg_1mgml_roi1_8bit.ome,37,77.84586875,46.6088125,0.941565,3.9626625,68.469,37.7705,0.946415,3.8311,16,63.04781606,15.91052637,0.028117987,1.114444734,37,1496,85.6156,1275,41,31.0976,0,1.041,0.012,0.0145,0.1782,131072,0.75972712,186.8460693,0.492672533,4.322453022,5.337867737,279.705719,0.867617905,0.826240599,135.5896149,0.501703024,3.134521961,2.704711676,129.3121796,0.910538495,0.182840198,146.1245728,0.208172217,3.33210063,5.699235439,301.2301025,0.110655814,1mgml,shg,roi1,1893.182174,55153.04787,29326.9285,576.3923493,65375.83286,63403.24167,2515.097724,1510.480425,682.131155,63216.21327,3556.167394,3553.065224,3379.977849,3413.350636,57803.87357,2456.610676,3184.194505,3049.425871,63377.63785,1917.889063,643.3094256,438,51288,29535,9,65535,65189,652,329,49,64893,1234,1233,1054,1085,57809,138,1442,830,65134,754,15,3964.485546,3278.750086,8743.00186,3615.394764,2707.132574,1483.974662,4948.44563,4962.194555,2297.228172,4687.351278,5902.226177,5884.829747,5921.881567,5922.934293,115.4263249,5854.696562,4383.237918,5773.822094,4860.652336,2694.879731,3372.804879,D1,N8,t
appliedMASKiso_shg_1mgml_roi1_8bit.ome,38,87.6993,56.48066667,0.913182667,3.6364,106.09,57.634,0.9223,3.4905,15,62.83806434,14.94794929,0.039026985,0.817069498,38,1649,77.4863,1373,39,35.2051,4,1.0579,0.0107,0.0151,0.1794,131072,0.740240097,215.0775299,0.515561223,4.807851791,6.076784134,383.4484863,0.856823564,0.774811566,164.1607971,0.503997684,3.95023632,3.497340679,157.286499,0.883471012,0.182189077,174.6802521,0.209608778,3.593790054,6.31990099,488.8738098,0.109974205,1mgml,shg,roi1,1887.479016,55220.27274,29181.06728,525.3973497,65387.33405,63450.33282,2534.634304,1545.665096,652.0044694,63261.59689,3499.727952,3495.247661,3328.507539,3360.810452,57803.82027,2331.909851,3154.1566,3011.300998,63420.75006,1926.865605,569.2946369,401,51288,29478,9,65535,65222,591,308,44,64922,1147,1151,975,1005,57808,138,1372,767,65166,694,16,4097.810506,3647.415068,8823.689774,3635.345435,2415.33962,1334.010401,4697.93978,5142.11002,2069.249482,4408.396478,5696.341811,5672.454587,5742.909773,5737.456669,116.1948109,5474.5193,4354.062265,5689.825321,4606.2501,3000.917182,2805.475264,D1,N8,t
appliedMASKiso_shg_1mgml_roi1_8bit.ome,39,67.02535455,52.82472727,0.928939091,3.994372727,24.305,44.643,0.93307,3.9514,11,61.1088018,18.73232361,0.030544949,1.154040893,39,1538,83.223,1226,33,37.1515,7,1.0437,0.018,0.0123,0.2238,131072,0.758921981,213.0276794,0.537945449,4.451080322,5.83578825,427.2720032,0.869677365,0.764238596,147.8607178,0.559998572,3.886394501,3.894630432,176.093689,0.8770926,0.162547395,197.2661133,0.221561894,3.456731319,5.856502533,597.1555786,0.093587756,1mgml,shg,roi1,1716.789896,54739.55012,29192.46878,247.5139174,65459.34999,63707.11227,2274.635884,1438.227163,574.1154522,63500.17648,3181.193333,3176.792856,3000.994727,3034.288919,57804.72591,2242.429955,2948.883849,2712.310879,63673.0399,1854.581615,356.5377848,346,51288,29455,10,65535,65265,509,267,36,64964,1025,1024,852,886,57809,138,1233,664,65210,602,13,3916.614608,3751.155071,8817.814009,3732.632114,816.4330112,565.1542134,4054.004949,4732.468873,1821.203822,3851.328424,5167.372932,5147.284643,5141.161163,5146.219864,105.6271776,5326.687625,4257.705539,5139.270409,3992.04528,3350.458034,1360.911934,D1,N8,t
appliedMASKiso_shg_1mgml_roi1_8bit.ome,40,84.80389,57.76,0.939226,4.03113,82.7805,53.4565,0.94376,3.9522,10,69.04493075,25.60745216,0.029502818,0.819125551,40,1469,87.226,1210,40,30.25,3,1.0019,0.0138,0.012,0.2068,131072,0.761255026,194.6641235,0.522470951,4.279778004,5.352509022,348.1594238,0.871453524,0.755597949,160.0581512,0.567655563,4.047926903,3.93050909,179.5141296,0.872813404,0.153675064,163.3509064,0.222232357,3.066759825,4.932077408,456.0726624,0.087080911,1mgml,shg,roi1,1618.985167,54898.38599,29190.88474,158.0772293,65481.96766,63817.03242,2184.421095,1359.655422,516.6286229,63602.17597,3046.327501,3042.810379,2869.431632,2902.104673,57804.67162,2099.587262,2860.408352,2580.135522,63778.49027,1787.93006,280.5931309,320,51288,29463,10,65535,65286,468,246,33,64983,956,959,797,831,57808,138,1163,622,65231,560,12,3624.330612,3412.684448,8939.796909,3803.927845,532.7912641,382.7181751,3736.02655,4434.19583,1528.737878,3546.773698,4901.383041,4883.575152,4872.559989,4878.411287,103.5680506,5021.12004,4101.669688,4836.715082,3685.391432,3164.928655,804.5648179,D1,N8,t
appliedMASKiso_shg_1mgml_roi1_8bit.ome,41,100.1675667,56.28593333,0.922823333,3.479826667,117.98,39.128,0.93829,3.5549,15,59.82541411,27.54141032,0.041650224,0.892923859,41,2050,61.938,1662,38,43.7368,5,1.1109,0.01,0.0122,0.1637,131072,0.734802067,187.026947,0.489626706,4.506340981,5.147560596,262.0100098,0.856497943,0.736871839,163.8598633,0.500658154,4.18469429,4.05487299,171.239502,0.8624053,0.152537033,127.3740463,0.202060595,2.78015852,4.155065536,275.1377869,0.087750703,1mgml,shg,roi1,1589.375742,56089.77085,29166.87691,128.7113332,65486.49348,63738.42563,2089.211686,1260.025171,590.2466328,63482.58452,3198.419295,3198.022639,2975.20716,3015.981367,57804.04517,2202.770865,3107.23266,2618.088747,63678.08071,1734.326153,326.3556235,322,51288,29404,9,65535,65290,468,246,32,64988,973,976,809,833,57805,138,1186,622,65234,563,15,3292.704057,2987.697476,9244.640798,3877.807342,417.5854893,328.3018744,3824.1001,4092.414489,1741.647316,3743.720833,5091.824828,5082.061855,4959.266251,4983.41134,98.96652429,5149.815603,4540.539316,4723.666561,3832.5058,2730.005274,949.2322463,D1,N8,t
appliedMASKiso_shg_1mgml_roi1_8bit.ome,42,92.24645556,65.08633333,0.927227778,3.443188889,93.5375,53.6315,0.935055,3.1928,18,56.94212204,27.09959079,0.041033714,0.794050168,42,2399,52.6365,1981,46,43.0652,8,1.1393,0.0133,0.0122,0.1459,131072,0.727570713,177.0161591,0.477491945,4.485722542,4.841252804,218.2529602,0.852807045,0.730987668,161.8221436,0.492375195,4.247818947,4.097705841,167.0366058,0.858991563,0.144574761,106.8613052,0.187787503,2.530029058,3.490227222,186.2581329,0.083241813,1mgml,shg,roi1,1549.909857,56839.7234,29152.07924,95.32997441,65494.37186,63724.32532,2046.673932,1195.441386,605.0668778,63443.27644,3243.107539,3244.558146,3002.374206,3046.280255,57802.98425,2272.35013,3205.568446,2606.26234,63647.77965,1696.088197,309.3528579,317,51288,29413,9,65535,65297,489,246,31,64992.5,956,959,797,826,57804,138,1186,615,65241,557,19,3026.443815,2585.019844,9271.271586,3929.670905,333.0741174,269.247716,3702.171113,3812.023119,1652.535651,3660.957495,5007.327706,5001.746381,4850.442606,4879.235073,118.328651,5365.076876,4569.670614,4519.037448,3738.159309,2486.962431,782.8117762,D1,N8,t
appliedMASKiso_shg_1mgml_roi1_8bit.ome,43,79.494725,60.22725,0.935916429,3.611860714,77.2685,47.167,0.940475,3.5623,28,57.01222216,33.31686576,0.022248496,0.725865206,43,2574,48.9219,2149,50,42.98,7,1.1568,0.0113,0.0116,0.1661,131072,0.588737428,257.7826843,0.342734009,7.02633667,6.279682159,223.8844299,0.765987933,0.589417219,245.2157288,0.380713165,6.763646126,5.86691761,211.0032959,0.773387551,0.154938564,103.79142,0.185857683,2.752677679,3.543062925,126.4680252,0.099707134,1mgml,shg,roi1,1669.287791,62423.52651,29335.71754,93.71656753,65483.81587,63369.09243,1858.086247,1056.304554,916.9952427,62992.71217,3826.783457,3832.490287,3459.846388,3525.539629,57799.09652,2239.955985,4025.71945,2912.641976,63239.16897,1719.233748,463.8990579,414,65520,29508,10,65535,65235,448,236,42,64928,1251,1255,1042,1077,57801,138,1512,804,65175,726,35,2895.372837,2144.463343,6531.352914,4726.037258,308.2274856,290.7696158,4113.274427,3316.472007,2353.735439,4259.712446,5525.83667,5528.543168,5188.068909,5248.699818,121.1621351,5217.705978,5442.670917,4609.458742,4252.142737,2169.049793,1209.116933,D1,N8,t
appliedMASKiso_shg_1mgml_roi1_8bit.ome,44,83.96144815,61.72925926,0.923687037,3.65107037,69.341,52.56,0.92742,3.7224,27,62.83920815,30.02853847,0.024810262,0.844550483,44,2350,53.7757,1957,44,44.4773,4,1.1316,0.0136,0.0089,0.1695,131072,0.29253,473.4393005,0.156339899,13.48346806,10.66858864,285.6105347,0.541256666,0.28889671,475.1655579,0.150742039,13.55016136,10.16269588,280.5549316,0.545889556,0.105174974,75.791008,0.115156926,2.20584631,3.282592297,68.34488678,0.093515538,1mgml,shg,roi1,2241.272293,63747.7289,28914.93277,91.30329646,65458.4019,61978.19678,1373.973951,771.9224254,2186.020172,61243.64056,6032.018738,6047.314857,5167.464256,5317.985641,57798.89679,2298.438831,7161.823448,4134.528206,61644.10329,2120.710495,423.8171384,1095,65529,29262,11,65535,64038,367,185,492,63513,3414,3426,2802,2909,57802,138,4349,2142,63848,1556,10,2749.479511,1690.914811,4744.901383,3726.90981,295.5618555,348.4428962,4606.386489,2559.251619,4024.058841,5050.054176,5936.538855,5945.214651,5346.775371,5449.692639,115.9150079,5369.998333,6485.006724,4557.456485,4908.215282,1718.471204,1399.746569,D1,N8,t
appliedMASKiso_shg_1mgml_roi1_8bit.ome,45,94.89683636,47.437,0.893741515,2.983445455,104.74,43.424,0.90463,2.9607,33,54.79061929,15.71726653,0.048818047,0.572837577,45,1438,89.1495,1186,18,65.8889,0,1.0496,0.0094,0.0069,0.161,131072,0.150199756,592.3178101,0.070672259,17.19457817,14.11411953,315.0707397,0.391342223,0.139867529,609.3188477,0.05057615,17.62168503,13.86111832,315.0905151,0.385598719,0.074720405,70.33074951,0.071360432,2.046603918,2.492694378,30.76941109,0.081695735,1mgml,shg,roi1,2958.982056,63671.79885,28948.37376,27.845453,65457.11596,60002.92272,1161.69288,653.5250146,4131.654594,58803.65102,8677.679123,8702.996552,7218.383659,7470.118004,57799.05616,2149.425259,10842.29421,5624.358543,59407.77824,2325.799072,575.1273404,2135,65530,29251,2,65523,61476,529,277,2558,60425,6776,6800,5520,5737,57802,138,8767,4198,60983,1870,161,2296.572041,1380.54506,4845.702945,3783.78252,132.5538406,255.8926169,3956.473795,1946.871381,4165.091659,4413.203338,5062.537556,5069.690063,4473.203614,4574.756214,123.7002037,5166.227153,5733.30774,3779.726295,4251.913258,1451.127566,1198.467086,D1,N8,t
appliedMASKiso_shg_1mgml_roi2_8bit.ome,1,83.11882308,50.28234615,0.917128462,3.598023077,84.455,45.2185,0.91796,3.64275,26,48.66557497,16.77315908,0.031425463,0.745437506,1,2890,43.354,2262,53,42.6792,14,1.1632,0.0196,0.0818,0.1706,131072,0.597769678,992.6890259,0.390792161,13.4802494,13.84902382,922.6286011,0.759751678,0.606005132,983.630127,0.432753652,12.95995617,11.67852497,874.9801025,0.781983435,0.240823925,581.6038818,0.150931865,8.16302681,10.11519432,598.1818237,0.160195544,1mgml,shg,roi2,2350.907887,46166.86118,32798.65871,200.0697517,65462.19724,63981.65582,2759.943791,2028.604552,744.5604339,63629.85992,3386.264273,3354.08059,3519.411525,3516.978286,4012.619255,2897.940848,2522.520882,3002.454199,64009.69456,3418.23179,460.7706125,546,41292,32401,19,65535,65452,815,534,80,64771,913,905,924,929,4013,130,768,749,65373,1222,32,3919.065461,3314.269267,14726.06043,2979.939859,537.4395646,400.9402543,3616.242952,4271.908954,1701.833035,3049.758321,5306.383058,5254.25026,5552.71541,5541.241768,14.05110485,6544.999772,3887.486605,4833.790448,3410.052089,4783.395016,1262.473167,D1,N8,t
appliedMASKiso_shg_1mgml_roi2_8bit.ome,2,91.72033333,51.43116667,0.917379583,3.7773,95.7835,40.9395,0.91576,3.69875,24,49.63308327,25.37427135,0.028641312,0.693292906,2,2765,45.4043,2188,67,32.6567,21,1.1552,0.008,0.0775,0.2036,131072,0.599043369,995.7109375,0.406621337,13.39083672,14.16745281,974.2015991,0.76137054,0.606182814,1016.007202,0.460379541,13.22521019,12.16901588,944.666626,0.781160951,0.236301705,572.0349121,0.163921252,7.896844864,10.20009804,639.0839233,0.155121595,1mgml,shg,roi2,2571.277448,46390.65271,32824.58201,233.7830241,65452.50591,63905.69142,3072.904633,2294.235744,778.3016091,63586.19464,3609.424259,3570.963152,3777.278282,3770.346861,4012.562935,3089.07904,2587.399141,3251.733312,63945.48528,3680.698463,519.6899464,551,41292,32401,24,65535,65452,853,572,68,64771,939,934,953.5,958,4013,158,768,763,65373,1234.5,37,4392.392273,3909.566291,14996.66942,2975.544004,641.9174029,464.345461,3921.797349,4885.208539,1764.726599,3260.291486,5716.219431,5648.774162,6050.430833,6026.154571,13.95266975,6679.415652,3992.74586,5342.079319,3690.199552,5185.328582,1322.459087,D1,N8,t
appliedMASKiso_shg_1mgml_roi2_8bit.ome,3,93.769194,52.56572,0.9078476,3.61688,98.973,40.171,0.91649,3.6145,25,58.41346828,37.65973442,0.054379021,0.736347474,3,2283,55.4126,1856,54,34.3704,7,1.1084,0.0166,0.0709,0.08445,131072,0.592964649,1062.93335,0.435373008,13.91066265,15.24409866,1083.980591,0.756605983,0.581125975,1104.626343,0.478589118,14.00574207,14.51478195,1156.626465,0.765578985,0.242657304,644.9633179,0.148545995,8.5001297,11.25396824,736.7971802,0.15983364,1mgml,shg,roi2,2741.129593,46216.47964,32828.46614,339.6735637,65433.77863,63877.6785,3233.611486,2450.495869,756.4990333,63592.47493,3714.312211,3668.715923,3915.188382,3903.17747,4012.747757,3230.516551,2559.032654,3416.988054,63934.8233,3911.995712,550.9712629,540,41292,32401,24,65535,65452,828,559,69,64771,897,889,918,920,4013,131,744,742,65373,1216,37,4825.822131,4286.044248,15036.55211,2945.752782,1286.698967,716.5637751,4159.462705,5306.143208,1725.41223,3375.253204,6006.334736,5922.652102,6419.046196,6383.163681,16.3106446,6845.721502,3916.699561,5773.135298,3867.716524,5488.427371,1554.296063,D1,N8,t
appliedMASKiso_shg_1mgml_roi2_8bit.ome,4,104.9164043,57.85921739,0.909455217,3.601247826,127.94,53.21,0.93095,3.4781,23,53.55142357,24.25187801,0.058462769,0.669966575,4,2011,63.178,1670,45,37.1111,14,1.0799,0.0121,0.0679,0.08803,131072,0.573031127,1104.96521,0.488679796,14.41683102,17.53614044,1255.188354,0.741253853,0.573118627,1081.5625,0.533645391,14.06770802,14.98509979,1178.575562,0.761030436,0.248710468,668.6316528,0.147035524,8.758403778,13.35375977,864.8742065,0.170176715,1mgml,shg,roi2,2878.346529,46439.98516,32778.81028,576.3929089,65385.04416,63760.85086,3386.319042,2621.715419,782.8928329,63515.22778,3763.647294,3711.429859,3999.938217,3982.196336,4012.631386,3180.071946,2491.053969,3538.326753,63832.44343,4011.509826,704.2852258,515,44067,32401,23,65535,65452,778,510,59,64771,868,863,883,887,4013,110,719,709,65373,1161,42,5273.138172,4790.13593,14826.33344,2971.91315,2570.955518,1204.488085,4546.260734,5820.073373,1939.654928,3668.008301,6307.182843,6204.498924,6807.544078,6758.037199,16.99242847,6962.053794,3968.342717,6217.806377,4220.552015,5698.551096,2210.429554,D1,N8,t
appliedMASKiso_shg_1mgml_roi2_8bit.ome,5,117.9335263,58.98084211,0.920834737,3.956526316,128.22,51.91,0.94409,3.7633,19,51.45177014,21.62823283,0.042623002,0.641282389,5,1903,66.877,1598,37,43.1892,9,1.072,0.0205,0.0559,0.1614,131072,0.586354613,1142.662476,0.531252384,14.35765839,18.66697311,1440.201538,0.749367177,0.612065375,1046.311523,0.57399857,13.07403946,13.74289131,1231.072388,0.784817934,0.252081424,747.0075684,0.150918782,9.36397171,15.0565443,1054.046143,0.173228294,1mgml,shg,roi2,2837.116928,46686.56339,32719.34916,595.3135822,65384.81896,63831.14987,3324.502013,2647.272543,604.4048108,63631.97272,3486.075451,3425.193465,3758.57327,3732.686447,4012.585144,3255.56405,2189.795669,3399.533813,63925.60691,4037.942455,567.9714246,502,48539.5,32401,18,65535,65452,753,497,47,64771,826,821,843,845,4013,134,669,686,65373,1130,26,5508.845387,5105.001816,14294.53105,2938.698814,2354.257343,1150.689993,4491.33353,6046.704643,1519.160773,3450.457023,6050.189492,5920.603147,6665.770228,6594.5748,17.00429566,7190.883162,3462.468117,6281.792823,4088.836135,5979.663021,1806.993,D1,N8,t
appliedMASKiso_shg_1mgml_roi2_8bit.ome,6,113.4341867,57.14333333,0.931362667,4.0739,135,52.945,0.93326,4.04,15,55.62840774,17.07722523,0.020281643,0.592310774,6,1806,70.5764,1540,48,32.0833,5,1.077,0.0115,0.0584,0.1827,131072,0.572930634,1213.616943,0.530011296,15.15934277,20.06240463,1532.429932,0.73653388,0.575061917,1129.413452,0.571981072,14.16284466,16.40761757,1470.411865,0.762282193,0.267904013,816.8023682,0.159765646,10.16881371,16.74744225,1110.29895,0.188618913,1mgml,shg,roi2,2981.144701,47715.93011,32674.67458,832.9189344,65334.56313,63693.97996,3429.108062,2758.333901,601.9872078,63547.55125,3617.325029,3552.885119,3905.043566,3877.324449,4012.361092,2871.01428,2249.811174,3549.530177,63810.47298,4178.256953,624.4207326,615,51614,32401,20,65535,65452,828,547,51,64771,977,970,1012,1013,4013,102,768,832,65373,1375,19,5972.417219,5563.119505,14223.17429,2962.64161,3042.98391,1542.600843,4902.731538,6455.831279,1556.060384,3722.299357,6332.866754,6189.229957,7013.184695,6932.555948,18.76814814,6663.18651,3464.094869,6707.342197,4434.792558,6090.250864,2194.151638,D1,N8,t
appliedMASKiso_shg_1mgml_roi2_8bit.ome,7,110.3035722,54.326,0.919285,3.81165,121.515,53.989,0.93925,3.6206,18,57.74132633,16.20964654,0.043877294,0.850473992,7,2210,57.309,1880,44,42.7273,11,1.1148,0.02,0.063,0.1626,131072,0.572101891,1204.199219,0.49730128,15.29555798,19.69574165,1522.516113,0.735243142,0.57645458,1153.375,0.534214973,14.63362885,15.3551302,1251.825073,0.762448311,0.27213636,800.0654297,0.181843087,10.24476528,17.12410355,1221.273926,0.191345319,1mgml,shg,roi2,3073.709493,49085.85305,32705.05614,1036.19729,65289.17614,63567.39755,3476.419542,2762.86504,610.5607527,63455.32252,3739.512635,3676.079926,4021.512922,3995.502048,4012.292107,3730.073331,2350.158042,3652.590523,63700.37709,4319.299363,602.7134822,733,52946,32401,13,65535,65429,991,671,59,64771,1152,1140,1189,1191,4013,134,868,983,65369,1634,17,6271.870403,5674.869455,14101.64779,2957.72563,4091.322438,2014.343458,5162.062992,6583.376573,1590.86667,3906.776471,6460.056845,6310.49141,7148.857419,7066.835928,17.79855006,7842.204647,3520.006245,6904.839772,4640.389731,6081.528706,2232.429542,D1,N8,t
appliedMASKiso_shg_1mgml_roi2_8bit.ome,8,98.34994375,64.4053125,0.928345625,3.56565,107.19,61.41,0.92557,3.43715,16,64.43427357,34.23665634,0.024630525,0.872621065,8,2390,52.8423,1992,39,51.0769,7,1.1413,0.0109,0.0686,0.1185,131072,0.566239417,1235.335571,0.466101736,15.76982307,19.33872795,1451.321533,0.729775429,0.583704174,1121.458496,0.520819545,14.2134037,14.09110165,1113.405518,0.767142713,0.276584625,838.3929443,0.181323677,10.72738266,17.02770615,1192.062256,0.19668977,1mgml,shg,roi2,3235.221565,49884.65977,32653.62605,1012.506233,65269.20216,63400.1134,3660.719711,2913.780932,647.301216,63329.98258,3988.895797,3921.262379,4283.87195,4256.995882,4012.287697,2982.64,2520.432734,3870.738193,63544.74448,4558.410399,623.0897688,903,53278,32329,10,65535,65383,1167,802,73,64771,1366,1348,1425.5,1425,4013,104,1016,1196,65339,1988,18,6323.931471,5777.341132,14090.07344,2934.701183,4404.233904,2241.211123,5412.500722,6676.620778,1738.208918,4162.275908,6655.353086,6506.278439,7338.37505,7258.627258,20.59050816,6615.31547,3638.653111,7027.824551,4896.216253,6010.114034,2468.650657,D1,N8,t
appliedMASKiso_shg_1mgml_roi2_8bit.ome,9,91.11992632,56.36210526,0.921971053,3.616010526,88.877,49.172,0.93224,3.6568,19,61.10736003,27.77627578,0.037337014,0.874013745,9,2330,54.2545,1938,48,40.375,9,1.1293,0.0125,0.0692,0.1365,131072,0.578396857,1200.848022,0.451503545,15.27431583,18.17008209,1352.789551,0.739789844,0.599705935,1079.465576,0.518996835,13.59959126,13.11423779,1064.00708,0.777563095,0.270297498,816.8318481,0.180473059,10.39204979,15.94252491,1086.519409,0.190248311,1mgml,shg,roi2,3325.51496,50617.72675,32692.12809,830.9984675,65280.39885,63276.24378,3772.575781,2993.78907,669.9762249,63241.59589,4113.832034,4044.28982,4424.529102,4395.878478,4012.271233,2996.443017,2589.81567,3990.27252,63433.7756,4716.522173,606.1816501,1009,53360,32306,10,65535,65346,1280,889,85,64771,1517,1499,1582,1582,4013,90,1091,1332,65309,2211,19,6230.159278,5650.231977,13839.01625,2925.543121,3608.980526,2068.027711,5515.157823,6630.614522,1784.231373,4275.215683,6681.552928,6536.337524,7366.583386,7287.159033,15.40508234,6706.297003,3646.989319,6999.914634,5007.884779,5986.076361,2489.157597,D1,N8,t
appliedMASKiso_shg_1mgml_roi2_8bit.ome,10,90.86523529,56.10658824,0.894088235,3.449817647,109.13,51.788,0.90161,3.2177,17,60.70567497,22.52384282,0.055350772,0.980845185,10,2503,50.3664,2114,62,34.0968,9,1.147,0.0065,0.0748,0.1615,131072,0.572978854,1181.93811,0.43174094,15.29191589,17.54000282,1254.223022,0.736303031,0.592672706,1054.854492,0.486703187,13.67763042,12.99785137,1018.76532,0.772987366,0.265362412,780.0310669,0.179029003,10.0774889,14.94803143,957.2712402,0.188173935,1mgml,shg,roi2,3409.316035,51355.94516,32733.02818,856.0486745,65259.97833,63156.70538,3842.635344,3038.617984,734.4598422,63138.44463,4243.781289,4175.007265,4553.454333,4525.866632,4012.220375,3014.697233,2682.245221,4098.471839,63320.50291,4804.51459,667.5675605,1095,53391,32308,11,65535,65325,1392,957,96,64771,1594,1574,1677,1675,4013,97,1140,1431,65293,2380,20,6231.966252,5575.484876,13789.12652,3060.166296,3914.897819,2261.841913,5722.470308,6621.820602,1979.474434,4519.170871,6851.733842,6715.318056,7510.465499,7437.011169,19.79529515,6832.381294,3794.810246,7076.519951,5234.603355,5934.720568,2801.539785,D1,N8,t
appliedMASKiso_shg_1mgml_roi2_8bit.ome,11,105.2874286,50.67461905,0.907815238,3.598780952,119.74,45.674,0.92853,3.4108,21,62.91962775,16.34183379,0.052157595,0.83132056,11,2758,45.5246,2327,70,33.2429,13,1.1643,0.0175,0.0838,0.1561,131072,0.562865496,1187.086548,0.41213581,15.53106022,17.15189171,1192.292603,0.730163991,0.582849681,1100.648315,0.464920998,14.20718575,13.14813805,1026.724487,0.766807675,0.25779438,726.2687988,0.177399218,9.618570328,14.07294273,837.7954712,0.186065614,1mgml,shg,roi2,3535.45133,51870.31134,32711.61502,834.1861659,65249.4515,63044.16297,3997.176896,3206.773273,786.8513332,63054.26299,4379.91831,4306.624818,4697.748615,4669.306794,4012.564636,3348.831996,2808.005174,4235.200985,63220.66015,4980.060315,701.0085676,1161,53403,32296.5,14,65535,65302,1480,1038,104,64771,1690,1668,1777,1773.5,4013,113,1190,1520,65272,2520,24,6280.679113,5792.08454,13843.62671,3107.944614,4047.73568,2372.190524,5850.453661,6732.373544,2173.497052,4657.664228,6983.918468,6844.276593,7623.934205,7553.578814,149.391251,7129.6369,4070.243592,7146.465045,5367.300928,6136.10293,2994.03403,D1,N8,t
appliedMASKiso_shg_1mgml_roi2_8bit.ome,12,103.3794925,51.25370833,0.924020833,3.733995833,124.64,39.57,0.927565,3.392,24,62.78465264,27.39923419,0.029339663,1.03926568,12,2814,44.5789,2328,63,36.9524,20,1.1983,0.0159,0.0822,0.1518,131072,0.590379059,1094.764526,0.415352732,14.37199116,15.22500229,1105.863159,0.753741622,0.604534447,1025.609741,0.449379444,13.27847195,12.38814545,950.7796021,0.780473113,0.23477228,647.470459,0.172117516,8.629720688,12.09956741,775.9911499,0.164126009,1mgml,shg,roi2,3593.304836,52252.52338,32793.73052,709.059642,65276.81261,63062.30064,3969.528373,3203.858416,740.7212319,63091.04916,4327.632676,4252.343059,4660.504898,4629.281274,4012.097656,2996.871397,2724.614236,4245.779745,63248.3572,5147.223578,616.4434712,1165,53408,32314,15,65535,65282,1443,1013,98,64771,1661,1636,1755,1750,4012,97,1165,1515,65264,2531,23,6296.687017,5708.91939,13751.35948,3080.833404,3544.322788,2130.750519,5654.786135,6607.867675,1952.604418,4464.018292,6764.12865,6625.26722,7420.189633,7346.117331,22.39954858,6796.443215,3876.377718,7033.472371,5172.855873,6472.521632,2583.642492,D1,N8,t
appliedMASKiso_shg_1mgml_roi2_8bit.ome,13,85.14624,56.0937,0.923393,3.46783,95.6325,49.0825,0.920995,3.37465,20,63.69518768,22.07134051,0.026596659,0.774827556,13,2851,43.9744,2374,65,36.5231,13,1.1986,0.0265,0.0791,0.2259,131072,0.609890223,1075.763306,0.415221781,13.78979492,13.98389912,1073.197754,0.770946383,0.62101841,1041.200439,0.425091237,13.2032795,12.12549973,956.2363281,0.791043282,0.209416226,600.1626587,0.160691217,7.707597256,10.41260338,755.553772,0.141496658,1mgml,shg,roi2,3673.562158,52248.73104,32697.0551,641.6323516,65291.63862,63080.04825,4018.606566,3299.020003,686.8703979,63142.38046,4299.469541,4217.375371,4654.842115,4619.288976,4012.185104,3063.510577,2645.098648,4287.40836,63280.62733,5358.854059,538.1661952,1253,53407,32280,14,65535,65250,1518,1094,96,64771,1753,1726,1854,1849,4012,101.5,1190,1608,65239,2718,20,6316.652355,5782.367237,13607.70163,3034.941358,3049.129625,1899.739548,5483.924716,6545.91934,1772.135874,4269.425853,6600.391736,6459.094297,7253.957514,7178.773165,17.0125307,7038.583202,3717.743405,6949.454861,4979.283854,6711.231583,2227.202322,D1,N8,t
appliedMASKiso_shg_1mgml_roi2_8bit.ome,14,79.84186286,58.1567619,0.939260476,3.964085714,76.759,45.694,0.94868,3.9566,21,64.43564052,31.91698742,0.032122936,0.996147089,14,3208,38.8582,2607,80,32.5875,10,1.1968,0.0176,0.0897,0.1922,131072,0.586547792,1121.801514,0.459167838,14.48115063,15.37325382,1168.204712,0.755033374,0.602709949,1080.116455,0.480718791,13.72815704,12.92432213,1053.862183,0.779297233,0.212467626,603.7180786,0.137978777,7.890639782,10.87046051,760.9005127,0.146062985,1mgml,shg,roi2,3913.260172,53145.02263,32668.87202,603.9775554,65277.65369,62844.30727,4306.131074,3538.831385,747.3271092,62976.01872,4564.129137,4475.020686,4950.485262,4911.154844,4012.018066,2921.862565,2800.484658,4565.679331,63067.66779,5662.07783,549.619004,1433,53412,32266,15,65535,65165,1744,1261,111,64756,1939,1901,2083,2071,4012,91,1264,1824,65175,3079,23,6413.941432,5895.517107,13399.73281,2973.721954,2783.954625,1840.455333,5669.108161,6689.588192,1820.080167,4430.577562,6781.56256,6638.566835,7436.136075,7361.166351,21.1242277,6570.635301,3954.909006,7093.364202,5158.022056,6826.459005,2070.975006,D1,N8,t
appliedMASKiso_shg_1mgml_roi2_8bit.ome,15,97.60568485,54.52624242,0.921131515,3.648921212,130.6,46.327,0.93196,3.6863,33,67.66896606,26.24806409,0.03857917,0.695502652,15,3139,39.7563,2662,76,35.0263,14,1.196,0.0136,0.1011,0.2434,131072,0.57566154,1157.033813,0.46607393,14.94727135,16.18540573,1195.131226,0.745073676,0.607900143,1056.28479,0.486904263,13.29417419,13.05772591,1070.773926,0.782659888,0.223551393,647.1937866,0.136697799,8.536066055,11.75496769,745.0274048,0.159328207,1mgml,shg,roi2,4115.840875,54164.94975,32569.92257,540.3838181,65276.13206,62582.10369,4513.60731,3654.134022,799.8437328,62772.8893,4851.332793,4759.243127,5262.490004,5220.882061,4012.025879,3237.519518,2951.752352,4835.454985,62823.28875,5895.654907,589.7949527,1520,58922.5,32231,18,65535,65087.5,1819,1317,107,64726,2034,1995,2182,2170,4012,101,1338,1918,65116,3270,27,6429.189558,5729.311396,12975.13513,3010.806843,2352.673351,1664.258334,5920.912347,6718.598898,1880.80589,4667.067976,7034.790608,6897.101201,7685.73686,7613.826201,19.50134081,7117.861157,4127.330626,7238.269706,5414.219913,6824.498992,1930.009609,D1,N8,t
appliedMASKiso_shg_1mgml_roi2_8bit.ome,16,105.479331,60.18586207,0.921677241,3.858265517,123.18,46.139,0.93122,3.7699,29,66.50949574,32.55483393,0.038982304,0.816822624,16,3273,38.0467,2794,74,37.7568,11,1.2155,0.0202,0.1024,0.2612,131072,0.587753713,1137.962646,0.467568368,14.53599262,16.01075554,1178.848145,0.752609253,0.623873651,1022.666321,0.499276876,12.80395412,12.31354046,1019.622375,0.792857885,0.227344424,638.9550171,0.136492208,8.510109901,12.15430737,733.3969116,0.162222654,1mgml,shg,roi2,4246.208566,54601.73823,32553.87061,475.3790522,65284.25806,62449.62808,4666.884772,3812.045839,809.8417297,62687.28432,4973.278265,4875.51695,5410.625938,5365.241589,4011.949944,2984.259798,2980.197709,4985.082301,62706.45578,6127.071086,591.2591941,1607,59204,32214,19,65535,65015,1882,1404,108,64691,2112,2072,2268,2257,4012,96,1363,2007,65052,3438,28,6356.632559,5798.307133,12591.09625,2960.709668,1924.569453,1473.644057,5998.512123,6780.362771,1882.65193,4758.532882,7074.793244,6937.049616,7743.530908,7669.261838,23.06163831,6744.57583,4087.068656,7241.414742,5510.869439,6856.867406,1868.489078,D1,N8,t
appliedMASKiso_shg_1mgml_roi2_8bit.ome,17,92.25701,60.948,0.914063,3.763946667,98.618,52.5575,0.923345,3.82195,30,69.26345545,28.90281597,0.030461018,0.970273779,17,3291,37.8277,2824,63,44.8254,15,1.2011,0.0229,0.1034,0.2707,131072,0.595019937,1162.114258,0.464497656,14.5187521,16.09355545,1208.999878,0.756133914,0.640707135,1012.959961,0.489434719,12.34638691,12.42688751,1075.667114,0.80344224,0.23379086,704.0321655,0.143475622,9.044078827,12.56910229,776.9103394,0.167500094,1mgml,shg,roi2,4441.468365,54791.31835,32509.46375,465.993883,65274.49362,62323.68099,4837.690924,3969.54328,842.1524321,62605.98101,5109.600922,5006.191234,5576.941891,5527.317401,4012.259277,2909.890198,3002.061702,5174.765673,62598.83911,6409.179124,615.6339858,1771,59443.5,32208,21,65535,64938,2057,1554,113,64666,2237,2195,2421,2402,4012,91,1388,2179,65002,3765,28,6411.449753,5774.272772,12412.07837,2888.627306,1713.556052,1374.214857,6077.949898,6770.253839,1955.800833,4870.676058,7159.380287,7026.798915,7813.456928,7742.409607,39.79492247,6497.764956,4141.319695,7303.033994,5600.242083,7014.620925,1854.378748,D1,N8,t
appliedMASKiso_shg_1mgml_roi2_8bit.ome,18,106.8432214,58.11085714,0.916813571,3.944728571,136.975,47.384,0.922405,3.55355,28,64.31674291,30.61472002,0.045860706,1.039496561,18,3006,41.6038,2587,80,32.3375,11,1.1804,0.014,0.0975,0.2512,131072,0.614600122,1157.716797,0.4774158,14.06204033,15.72287273,1243.222046,0.769398034,0.659058571,975.9631958,0.499682158,11.65472889,12.71744442,1124.493652,0.814959168,0.237443238,759.0774536,0.14820841,9.347177505,12.40548611,834.4572754,0.165324584,1mgml,shg,roi2,4558.161692,54555.45444,32533.03516,443.7065861,65275.27338,62310.00605,4970.901958,4124.445159,783.112815,62649.64286,5066.077978,4953.164552,5577.327709,5519.773116,4012.411888,2859.750498,2829.99767,5240.811406,62606.47507,6648.156999,594.9436999,1829,53412,32212,20,65535,64903,2120,1622,112,64655,2253.5,2206,2454,2434,4012,73,1363,2240,64976,3882,28,6445.59247,5870.554254,12152.56189,2840.86992,1495.213207,1252.935321,5998.9065,6829.968823,1821.458634,4747.476371,7029.229972,6888.645875,7732.259739,7652.322478,167.15385,6658.542984,3824.822841,7278.083285,5513.397637,7293.141099,1784.446491,D1,N8,t
appliedMASKiso_shg_1mgml_roi2_8bit.ome,19,87.79761667,53.65356667,0.920767333,3.857993333,75.8845,46.2225,0.931825,3.8958,30,63.4449617,23.19711056,0.055765297,0.965287597,19,2953,42.3864,2521,80,31.5125,12,1.1761,0.0121,0.0966,0.2409,131072,0.621624351,1144.959595,0.491207778,13.73299313,15.78155231,1294.381226,0.775566638,0.650907457,1013.502563,0.520323515,12.14275551,13.12616634,1182.179199,0.809571862,0.232680663,732.1271973,0.15627104,8.867310524,12.28863621,878.854126,0.157771736,1mgml,shg,roi2,4709.284962,54778.70635,32519.81413,634.8130353,65202.13824,62219.53971,5087.770052,4243.573674,809.2826293,62605.45523,5110.416369,4992.664442,5645.804783,5584.378629,4012.358963,2818.569691,2802.199613,5356.137363,62538.38754,6814.860776,698.5438561,1860,53413,32219,22,65535,64870,2183,1672,108,64652,2269,2216,2484,2460,4012,77,1338,2259,64945,3953,29,6699.567746,6005.595917,11950.63856,2898.110956,2192.215401,1653.513861,6192.851926,6970.729295,2058.572859,4924.805638,7169.806901,7025.7442,7882.742916,7801.669502,170.9670708,6517.971158,3904.973933,7480.490169,5684.477093,7557.565524,2380.541078,D1,N8,t
appliedMASKiso_shg_1mgml_roi2_8bit.ome,20,84.2881728,52.28376,0.9292236,4.024972,77.661,48.903,0.93495,3.8113,25,64.34541277,17.83974528,0.0338143,1.138711023,20,2888,43.3854,2476,82,30.1951,13,1.1644,0.0109,0.09,0.2211,131072,0.6383937,1147.927612,0.5008986,13.3637495,15.45670509,1369.322754,0.789052665,0.653533161,1054.385742,0.520922899,12.32074451,13.0773468,1296.539429,0.811100125,0.217597023,694.0568237,0.165636897,8.245760918,11.7004385,927.0110474,0.142239958,1mgml,shg,roi2,4743.842872,54716.20393,32677.70702,808.0801604,65151.42347,62249.98137,5118.007215,4341.811643,762.6558249,62656.20283,5013.229278,4888.771941,5565.469345,5500.154335,4011.88147,3064.060104,2701.566738,5335.690667,62573.94277,6840.653805,670.7604353,1823,53413,32240,23,65535,64866,2133,1609,108,64644,2223,2176,2433,2411,4012,97,1314,2219,64939,3873,26,6918.615367,6372.76527,11799.26677,3024.67672,2982.226357,2012.924767,6097.335293,7189.315933,1822.384988,4739.554752,7023.119849,6855.585727,7810.49436,7714.950089,19.08656518,6582.774296,3662.479744,7563.192692,5570.944647,7733.999519,2280.908763,D1,N8,t
appliedMASKiso_shg_1mgml_roi2_8bit.ome,21,98.84696,50.9277,0.916576,3.995756667,111.695,48.7925,0.920685,3.9312,30,65.94245414,16.36777119,0.037892994,0.972989802,21,2888,43.3854,2429,84,28.9167,14,1.1638,0.009,0.0903,0.242,131072,0.644030511,1127.457153,0.515869677,13.01576519,15.60667992,1426.251953,0.795118392,0.653311133,1087.492065,0.533243656,12.50633335,13.20070362,1260.718018,0.810729325,0.200962245,636.8860474,0.171847746,7.432033539,11.40541744,976.1332397,0.128331661,1mgml,shg,roi2,4846.747061,54637.68954,32565.62208,781.5705457,65150.36344,62174.67328,5257.159065,4455.37953,771.9107721,62604.80666,5112.348207,4983.642374,5686.720997,5618.214097,4011.964142,2793.459639,2725.698267,5456.523661,62505.0185,6913.913678,655.3721523,1846,53413,32240,29,65535,64864,2195,1665,114,64643,2264,2213,2466.5,2449,4012,108.5,1338,2248,64935,3915,30,6950.502714,6400.097719,11878.56821,2970.598616,3013.787715,1969.376911,6041.336731,7221.101999,1730.796785,4652.222231,7007.936966,6837.860342,7806.26286,7708.642172,16.63382423,6130.468014,3616.33669,7585.548119,5505.181052,7733.472482,2011.941165,D1,N8,t
appliedMASKiso_shg_1mgml_roi2_8bit.ome,22,117.6586649,52.06040541,0.912140811,3.896440541,135,49.667,0.91649,3.7897,37,57.12045157,17.64060205,0.039792915,0.942503249,22,3110,40.1457,2604,94,27.7021,12,1.1823,0.0069,0.1085,0.2333,131072,0.607109487,1207.272827,0.522616327,14.27894878,16.84902191,1487.00769,0.771661878,0.611587167,1172.101074,0.54215771,13.90262222,14.62288189,1356.225586,0.785069227,0.194886908,615.9654541,0.158047199,7.340563297,11.15352249,936.2113037,0.127545267,1mgml,shg,roi2,5114.386082,55136.13885,32570.87486,586.3904044,65188.36673,61917.44599,5607.343358,4719.092614,830.327097,62407.92908,5487.90316,5354.473343,6098.24701,6026.176234,4011.846512,2572.849101,2925.380988,5810.36087,62269.58192,7211.922543,634.3218364,2005,60817,32244.5,37,65535,64811,2396,1827,130,64625,2447,2389,2682,2658,4012,103.5,1438,2447,64894,4217,43,6987.260693,6444.22722,12166.64255,2911.967698,1796.612245,1437.033799,6130.963306,7338.526914,1667.424384,4686.376549,7178.338082,7011.12996,7991.117985,7892.568396,18.98806591,5857.655469,3717.77867,7707.134587,5567.412389,7844.773304,1580.607793,D1,N8,t
appliedMASKiso_shg_1mgml_roi2_8bit.ome,23,93.40661632,54.87313158,0.918579737,3.771005263,99.818,48.4605,0.930575,3.71325,38,60.3243829,25.06827576,0.041539127,1.017888922,23,3583,34.5819,3040,86,35.3488,15,1.2203,0.0137,0.123,0.2173,131072,0.58457011,1280.405396,0.528639793,15.10528374,18.04847336,1591.360962,0.757159948,0.563414037,1306.237183,0.55671072,15.43154716,17.59100914,1525.354004,0.754929721,0.196590021,627.0105591,0.153019398,7.429923058,11.13005543,982.4587402,0.128714293,1mgml,shg,roi2,5318.568369,55670.97721,32562.35789,559.3218642,65182.81577,61708.10326,5842.618047,4870.947469,891.9522846,62237.13639,5773.35805,5636.510528,6403.078046,6329.512105,4011.933792,2511.133496,3086.42644,6071.742345,62071.89069,7416.147471,662.9697544,2073,63421,32243,42,65535,64777,2484,1883,147,64594,2576,2521,2810,2788,4012,63,1537,2538,64867,4351,52,7205.723068,6690.983162,12142.92288,2962.602763,1591.817918,1380.592273,6324.130805,7602.428742,1675.540745,4817.745965,7387.124848,7210.212139,8237.0662,8133.092504,17.15103319,5934.327862,3789.52286,7944.226536,5745.968986,8056.544636,1562.527235,D1,N8,t
appliedMASKiso_shg_1mgml_roi2_8bit.ome,24,94.66052955,59.94647727,0.929658864,3.930511364,94.2215,53.3325,0.933515,3.8712,44,62.03167405,25.44877853,0.029884675,0.933686063,24,3928,31.3689,3308,90,36.7556,20,1.2569,0.0061,0.1355,0.2139,131072,0.554572284,1386.411987,0.533077598,16.39237404,19.65668106,1699.597412,0.73557663,0.512044549,1467.317017,0.544440985,17.48637199,19.74219131,1704.907715,0.720095038,0.208124325,690.7178345,0.144528553,8.098439217,11.65454769,1024.38208,0.13869743,1mgml,shg,roi2,5552.156919,55916.92874,32567.64265,673.4700789,65125.03104,61537.46857,6049.470652,5039.190499,935.2461389,62106.46758,6010.542759,5869.146295,6656.738722,6581.658737,4011.85347,3007.662021,3192.730029,6326.889832,61917.71493,7641.325783,733.0070781,2175,64251,32237,45,65535,64742,2609,1982,161,64562,2696,2644,2938,2912,4012,118,1636,2653,64831,4559,65,7510.254891,6882.95042,12208.32414,2908.72137,2030.902886,1666.41564,6542.044722,7816.244504,1727.774557,4976.899246,7582.608028,7399.217875,8459.028216,8351.564071,22.14036548,6710.873238,3802.675875,8222.110753,5935.132058,8226.049574,1794.974207,D1,N8,t
appliedMASKiso_shg_1mgml_roi2_8bit.ome,25,96.88622,62.55328571,0.917298571,3.688765714,114.44,47.987,0.93652,3.5261,35,63.547861,29.2080002,0.050307071,0.782457183,25,3741,33.0369,3119,89,35.0449,23,1.2506,0.0239,0.1231,0.2248,131072,0.577593923,1385.513428,0.534150481,15.92955399,18.62182426,1678.646729,0.75180161,0.544697523,1456.434326,0.538202286,16.80008698,18.52495384,1642.298828,0.741867006,0.201037526,708.1807861,0.135098249,8.037434578,11.22270584,1020.195129,0.131783471,1mgml,shg,roi2,5375.731829,55595.68697,32505.52061,588.5400359,65178.80742,61785.54889,5826.13297,4891.960186,820.9663042,62341.16192,5674.688556,5533.309219,6323.093472,6245.585216,4011.862946,3309.069492,2937.409,6063.207988,62161.36647,7617.719252,628.9417441,2037,63144,32230,35,65535,64833,2459,1858,136,64614,2475,2419,2718,2694,4012,143,1487,2471,64910,4314,55,7414.283607,6833.412992,12116.89117,2866.697412,1819.901709,1506.295868,6265.105831,7684.429997,1556.388761,4693.271197,7287.059346,7099.980453,8178.495644,8066.648121,27.21450846,6710.929526,3537.5456,8020.979964,5650.674152,8467.612564,1590.411729,D1,N8,t
appliedMASKiso_shg_1mgml_roi2_8bit.ome,26,101.4065714,62.47651429,0.930197429,3.785614286,122.2,49.643,0.93484,3.481,35,64.19978754,30.21948836,0.026164197,0.943939593,26,3564,34.7769,2992,105,28.4952,23,1.2456,0.0126,0.1272,0.2276,131072,0.556990862,1440.377563,0.538527191,16.7270546,19.89299393,1800.566895,0.737252176,0.537742317,1505.200073,0.555699944,17.1821785,19.24067497,1690.387695,0.737824678,0.207335219,723.4162598,0.147280753,8.329763412,12.05214787,1119.744385,0.13888146,1mgml,shg,roi2,5379.321975,56042.14026,32540.54615,689.1229884,65132.34937,61748.60442,5797.28023,4913.553368,826.2639435,62318.96631,5628.283843,5485.599557,6272.470642,6195.180234,4011.710882,2830.399446,2955.388629,6031.37693,62133.59669,7547.272145,686.8215599,1896,63636.5,32234,37,65535,64875,2271,1721,134,64629,2326,2284,2534,2512,4012,121,1438,2302,64948,4035,64,7611.715187,7091.494132,11790.59782,3065.351153,2137.632769,1722.365383,6385.802686,7863.093265,1597.768283,4762.446885,7354.702608,7159.431584,8272.980641,8156.602124,21.06841446,6292.061407,3612.060232,8148.776135,5751.166628,8713.189527,1788.881151,D1,N8,t
appliedMASKiso_shg_1mgml_roi2_8bit.ome,27,85.22585455,63.14815152,0.921890303,3.879745455,84.806,54.977,0.92817,3.6247,33,64.8127276,27.10805196,0.040447053,1.013762354,27,3849,32.0538,3178,87,36.5287,17,1.2494,0.012,0.1308,0.2068,131072,0.523818493,1495.821411,0.509845912,17.92027092,20.8501606,1790.299072,0.712282181,0.500385284,1551.455811,0.534859061,18.32202339,20.80370712,1680.20459,0.713126898,0.217214435,737.2783813,0.162278071,8.836277962,12.44418621,1115.654907,0.150683075,1mgml,shg,roi2,5179.061732,56433.19456,32578.89127,697.3517653,65134.38866,61761.6518,5629.036304,4738.06129,859.118996,62279.59417,5587.754338,5455.867302,6179.150752,6110.72771,4011.747696,2762.723404,3041.240498,5871.079337,62128.64372,7180.760293,714.9376567,1714,63960,32233,35,65535,64902,2082,1572,129,64626,2234,2193,2398,2384,4012,92,1462,2132,64959,3675,61,7493.663435,6921.124751,11571.16593,3212.599019,2168.708928,1717.172303,6467.939563,7738.877864,1714.502213,4908.790268,7451.187155,7267.494066,8312.861372,8206.915326,23.22375719,6265.001288,3794.850878,8094.89917,5849.775223,8414.354567,1879.746572,D1,N8,t
appliedMASKiso_shg_1mgml_roi2_8bit.ome,28,106.7592607,66.14932143,0.91894,3.881925,134.08,56.627,0.932045,3.7374,28,61.72223849,34.88723493,0.041523841,0.952380752,28,3797,32.5201,3145,101,31.1386,16,1.2439,0.0174,0.1287,0.2305,131072,0.496018052,1499.575562,0.472691298,18.69413948,21.45612335,1623.380371,0.686978638,0.474060804,1550.527954,0.48041746,18.84716415,21.49150848,1660.930786,0.693698704,0.235886335,735.977478,0.157037333,9.357998848,13.27002239,931.0783691,0.172569394,1mgml,shg,roi2,4855.256522,56658.28957,32620.5132,679.2300185,65159.21223,61816.42682,5299.334285,4304.88989,930.5879801,62229.47605,5546.990041,5435.257807,6064.034909,6008.720983,4011.730957,2619.752129,3158.890323,5639.861641,62144.39307,6639.531226,777.7126151,1608,64184.5,32247,31,65535,64938,1995,1467,119,64630,2166,2132,2302,2292,4012,90,1438,2028,64987,3460,50,7098.552563,6295.310012,11567.84686,3255.65134,2312.029851,1752.434813,6651.184045,7390.886797,1998.118502,5256.048467,7663.599655,7511.749497,8415.021168,8330.611762,29.08094704,6074.973967,4187.539306,7958.256222,6095.650795,7601.735411,2167.898599,D1,N8,t
appliedMASKiso_shg_1mgml_roi2_8bit.ome,29,111.0099259,57.44981481,0.906244815,4.152666667,132.16,49.085,0.9091,4.0301,27,57.03317037,27.83251862,0.048116492,1.143165583,29,3565,34.7666,2968,83,35.759,14,1.2219,0.019,0.1173,0.2276,131072,0.497512311,1424.831299,0.444470793,18.16877365,21.10524559,1421.296875,0.6839903,0.472855389,1498.706055,0.466612995,18.68153381,19.94821358,1558.912231,0.692164481,0.251136065,719.1141968,0.144307122,9.444594383,14.5021925,773.9024658,0.187978238,1mgml,shg,roi2,4425.196969,56724.25121,32621.47259,646.2314324,65191.83927,61984.33762,4926.676835,3924.653728,966.025434,62278.24657,5330.798495,5235.119385,5779.522835,5734.890062,4011.744682,2886.389595,3161.245391,5271.02847,62255.72672,6062.02119,841.9129008,1611,64108,32224,23,65535,64899,1995,1454,119,64609,2187,2152,2333,2323,4012,121.5,1462,2042,64952,3444,32,6554.737153,5725.324685,11433.91122,3295.30109,2200.351129,1712.413494,6707.877374,7004.671125,2287.378769,5507.10003,7680.316551,7551.011897,8340.936861,8273.399854,19.09650144,6171.412642,4372.303554,7670.06924,6257.485819,6710.530033,2612.853337,D1,N8,t
appliedMASKiso_shg_1mgml_roi2_8bit.ome,30,103.6172045,50.30140909,0.901037727,3.978213636,129.48,45.0985,0.91967,3.7293,22,62.31508922,17.14339304,0.05788458,1.147474468,30,3369,36.9056,2788,69,40.4058,19,1.2022,0.011,0.0965,0.201,131072,0.540936708,1255.721191,0.445396364,16.21927071,19.50660515,1322.691162,0.712459445,0.554587424,1284.2229,0.435950458,16.22745514,15.11003017,1205.706177,0.747953594,0.263493329,703.1921997,0.173722103,9.491060257,15.43701935,874.173584,0.196548998,1mgml,shg,roi2,4059.29692,56640.91145,32645.70787,722.1496517,65198.76925,62259.25815,4499.75031,3570.124199,876.2356464,62496.71952,4925.219553,4838.245558,5334.189131,5293.958599,4012.118324,2734.095197,2947.452865,4848.022023,62511.04032,5678.914418,804.6273983,1455,62378,32211,15,65535,64924,1756,1249,105,64617,2023,1995,2149,2141,4012,121.5,1363,1864,64974,3141,24,6291.98144,5531.581127,10708.73977,3320.172578,2742.083425,1932.465517,6562.84628,6774.952599,2346.884642,5425.718085,7412.975073,7287.923256,8061.280851,7994.534844,155.3224863,6028.675394,4235.843134,7387.750496,6142.39109,6415.458088,2927.418843,D1,N8,t
appliedMASKiso_shg_1mgml_roi2_8bit.ome,31,104.909995,56.2541,0.87101,3.9204,116.74,48.5275,0.90188,3.84345,20,48.3901958,21.58278274,0.091745312,0.854454811,31,3040,41.1161,2448,84,29.1429,11,1.1868,0.0224,0.0874,0.1406,131072,0.569562018,1156.905029,0.427312464,15.05526733,17.94753265,1193.870361,0.730600059,0.606130123,1053.444092,0.432213306,13.3746376,12.9662571,1034.414795,0.781562567,0.271744907,723.8973389,0.184469029,9.818138123,15.30460358,842.0776978,0.20182392,1mgml,shg,roi2,3818.563413,58050.47324,32635.87521,710.661219,65205.99257,62288.18263,4139.814471,3257.636706,838.4535277,62498.48447,4768.667628,4691.525685,5119.983565,5088.496186,4011.59034,2894.559024,2989.086392,4604.659808,62535.63158,5334.047006,802.7719422,1313,63497,32148,14,65535,64873,1480,1025,89,64574,1962,1941,2041,2040,4012,101,1388,1720,64926,2833,21,6130.377212,5352.023844,8950.618035,3621.661584,2541.705777,1870.155687,6605.77418,6552.975405,2491.071003,5531.434299,7352.555627,7235.637911,7938.144591,7880.913047,18.51176085,6458.354349,4453.220814,7230.111082,6204.1134,6135.311845,3051.831991,D1,N8,t
appliedMASKiso_shg_1mgml_roi2_8bit.ome,32,96.519255,53.49815,0.9089625,3.683495,99.763,47.185,0.927025,3.50565,20,58.1278865,18.25468786,0.048915853,0.653012519,32,3081,40.5423,2520,72,35,12,1.1814,0.0117,0.0888,0.1582,131072,0.574402452,1136.897827,0.416359067,14.85814095,17.20594215,1132.835205,0.735222042,0.62105453,993.526123,0.438630909,12.73930645,12.27573681,974.0029297,0.790784955,0.269157559,729.7805176,0.180460587,9.791234016,14.56032085,785.1451416,0.197311655,1mgml,shg,roi2,4084.269691,60337.11236,32002.33869,671.4377489,65194.7979,61837.32095,4300.228556,3276.738081,889.9524838,62098.04727,5574.123642,5508.054024,5841.581429,5828.875038,4011.413788,2849.102413,3891.622902,5080.828453,62118.33991,5695.96447,699.2698007,1664,64782.5,31981.5,13,65535,64395,1731,1150,136,64179,2830,2819,2837,2854,4012,104.5,2256,2282,64485,3460,15,6026.533944,5106.72749,5967.019941,2065.139399,2546.366078,1914.390519,6786.382782,6367.759281,2523.763125,5754.476486,7418.822033,7311.142303,7952.188325,7904.239644,14.7954286,6481.12576,4674.278018,7168.839206,6385.838914,5669.581376,2834.531798,D1,N8,t
appliedMASKiso_shg_1mgml_roi2_8bit.ome,33,94.83676923,54.53326923,0.918995385,3.610311538,106.97,49.94,0.926155,3.39265,26,54.78636176,21.05546034,0.035956856,0.744768315,33,2955,42.3563,2410,77,31.2987,16,1.1618,0.0144,0.0879,0.1087,131072,0.589330077,1089.754883,0.393206209,14.32057285,15.85647392,1068.690308,0.748679221,0.636260688,987.8613281,0.428495049,12.58589649,11.41748905,937.6912231,0.799990177,0.257103801,672.3757324,0.189897195,9.1466465,13.21479797,748.5953369,0.183247134,1mgml,shg,roi2,4198.035278,60888.95298,32210.33556,631.07224,65202.77616,61547.69214,4410.92485,3270.431297,975.4386597,61798.41956,6081.021095,6025.853241,6287.296593,6288.155266,4011.775986,3206.798853,4515.815079,5344.923492,61828.18208,5838.242287,579.4775226,1944,65166,32070,11,65534,64012,2007,1299,209,63834,3463,3455,3428,3454,4012,114,2925,2711,64119,3907,13,5831.469575,4921.750077,5750.19181,2120.992247,2800.38112,1950.313377,6708.084939,6190.089715,2492.104067,5707.114424,7314.041406,7216.701544,7814.987739,7772.238807,10.94355876,6835.888203,4733.603524,6990.621228,6305.444048,5236.088371,2429.097115,D1,N8,t
appliedMASKiso_shg_1mgml_roi2_8bit.ome,34,92.40059259,46.22488889,0.911727037,3.776266667,90,45.982,0.91406,3.457,27,55.25132553,13.79455242,0.034096123,1.039923666,34,3370,36.8941,2729,97,28.134,8,1.1924,0.0147,0.1023,0.1294,131072,0.571291924,1123.343262,0.363612384,14.97600555,15.95868301,1050.675049,0.737347901,0.621258736,1023.02832,0.376499832,13.23775673,11.32890511,898.8375244,0.790364981,0.247727081,638.6137695,0.183155313,8.799531937,13.15160847,739.4881592,0.179009557,1mgml,shg,roi2,4432.343178,61698.37192,32315.47903,686.9052058,65157.90755,61051.63733,4636.49044,3347.740967,1179.513901,61282.95106,6866.392799,6823.258408,6986.784988,7006.724724,4011.821335,3223.362493,5439.530258,5795.284584,61321.45495,6042.793922,573.3702624,2270,65464,32100,9,65534,63579,2321,1479,311,63420,4225,4224.5,4141,4183,4012,121,3768,3215,63691,4434,13,5786.932538,4827.312116,5483.378605,2045.844997,3225.491052,2236.410067,6954.156848,6156.394283,2751.325971,6000.147473,7526.952769,7437.066148,7977.338647,7944.44614,10.58864559,6851.343924,5101.972359,7042.768197,6574.056208,4754.79746,2519.190773,D1,N8,t
appliedMASKiso_shg_1mgml_roi2_8bit.ome,35,89.19723043,45.46,0.896871304,3.488413043,97.595,37.497,0.91455,3.5204,23,53.0698723,19.21174488,0.065521638,0.793033926,35,3423,36.2918,2774,97,28.5979,10,1.2106,0.0137,0.1005,0.1051,131072,0.584061682,1079.907104,0.363470018,14.42867088,15.13097477,1026.975098,0.748962402,0.626699746,990.4260254,0.3700881,12.94007969,10.86017799,842.5625,0.793732107,0.236267701,597.9927368,0.187370762,8.23131752,12.49157047,744.5710449,0.166001007,1mgml,shg,roi2,4591.369965,61779.11713,32367.91948,598.3427562,65164.94691,60626.50304,4764.270195,3347.367432,1359.772018,60813.59193,7531.982567,7502.478905,7559.401421,7598.928604,4011.898003,3072.858907,6273.550415,6141.681007,60877.53262,6178.491539,529.8241509,2518,65487,32139,8,65533,63136,2572,1622,443,62959,4892,4898,4741,4795,4012,144,4561,3628,63235,4759,14,5559.831977,4555.177478,5422.907312,2064.897498,2740.354384,2101.547999,6871.876704,5867.668178,2865.134081,5994.6137,7449.965233,7371.829129,7814.371987,7795.087856,11.39451163,6552.572471,5217.883601,6842.546289,6502.642329,4268.068222,2399.198074,D1,N8,t
appliedMASKiso_shg_1mgml_roi2_8bit.ome,36,81.5091,45.15115,0.9139945,3.680195,78.8055,40.209,0.915565,3.50155,20,53.84306102,14.12645877,0.032582383,0.8485014,36,2921,42.8726,2423,96,25.2396,6,1.1711,0.0224,0.0824,0.08239,131072,0.630337298,968.6328735,0.385172933,12.70279312,13.31685925,962.0662231,0.782855868,0.676157951,877.2660522,0.403150439,11.2729845,9.389968872,761.0638428,0.82425642,0.218996972,556.6940308,0.185486034,7.477880478,11.37352467,736.3643799,0.147395402,1mgml,shg,roi2,4533.551682,61008.07799,32427.03425,376.2926466,65251.64251,60479.73051,4678.269485,3218.573883,1450.443443,60587.2944,7792.910027,7776.17524,7737.772141,7792.710007,4012.085556,2852.893617,6752.09864,6181.364761,60694.23996,6111.045021,461.4985019,2604,65349,32163,8,65532,62858,2622,1622,547,62629,5265,5279,5053,5120,4012,99.5,5056,3807,62926,4776,17,5048.890849,4105.261413,5699.83113,1986.522154,1605.652379,1483.831738,6400.212191,5367.855568,2720.994849,5615.238007,7014.0697,6947.15034,7313.2361,7302.667027,9.641606488,6630.264378,5066.314937,6323.042665,6071.706898,3910.02511,2046.713581,D1,N8,t
appliedMASKiso_shg_1mgml_roi2_8bit.ome,37,89.06166875,52.118125,0.916563125,3.696825,105.433,46.7635,0.93142,3.7655,16,61.91673311,21.2100275,0.043416695,0.576807211,37,3319,37.4917,2686,79,34,12,1.2095,0.0221,0.0969,0.1043,131072,0.595671952,1080.856323,0.369948357,14.16745186,14.08014011,1005.71814,0.761092782,0.603215992,1039.448975,0.402261108,13.58401108,11.90802193,914.8409424,0.77933538,0.210622102,581.4804688,0.168554455,7.603125572,10.67793465,703.0689697,0.143559679,1mgml,shg,roi2,4653.244499,61543.63288,32454.96719,277.3188794,65294.3484,60196.97681,4807.743729,3252.819832,1573.348289,60268.78933,8231.744736,8222.222473,8132.824829,8197.855392,4012.031487,2776.185579,7281.565941,6427.170685,60383.51505,6271.237015,440.3930116,2745,65460,32183,9,65532,62602,2772,1703,633,62362,5665,5685,5411,5485,4012,77,5527,4047,62659,4956,21,4805.405389,3879.478855,5501.655408,2078.943732,1140.26656,1175.928262,6262.179151,5163.786282,2755.233115,5578.838392,6928.915837,6876.090013,7186.749505,7183.2797,10.62470669,6071.672911,5185.318116,6124.245471,5980.952451,3815.456772,1857.818086,D1,N8,t
appliedMASKiso_shg_1mgml_roi2_8bit.ome,38,100.04734,55.6144,0.8710488,3.670444,123.69,45.66,0.9164,3.5112,25,63.1534361,22.15857585,0.119314927,0.70471883,38,3934,31.318,3140,98,32.0408,18,1.2489,0.0166,0.1481,0.09709,131072,0.484380424,1330.929443,0.317107588,18.21943474,17.06154633,1085.013672,0.684217751,0.473959893,1336.335449,0.342383832,18.28058815,15.69098854,1066.544312,0.692183673,0.198566779,528.6102295,0.159752786,7.249490261,10.11445808,577.460083,0.145387501,1mgml,shg,roi2,4831.201508,63800.32516,32283.69164,246.01952,65306.2376,59886.82529,4978.973518,3326.616417,1729.8806,59941.29951,8757.348473,8753.353989,8606.124306,8682.854782,4011.546051,2979.742181,7909.894234,6742.099144,60053.4578,6480.28965,468.1708296,2859,65526,32160,10,65532,62527,2848,1734,647,62288,5958,5978,5677,5757,4012,98,5874,4230,62580,5216,21,4829.006926,3840.7003,3877.780721,2277.526947,949.7261201,1045.778256,6582.550889,5195.967748,3099.441947,5994.091724,7369.278626,7325.496831,7540.017319,7553.172971,14.17245157,6866.85219,5886.917803,6291.097139,6358.293331,3843.680579,1925.251295,D1,N8,t
appliedMASKiso_shg_1mgml_roi2_8bit.ome,39,105.66577,55.56996667,0.90851,3.75164,123.15,51.5455,0.915015,3.6548,30,58.36291501,18.51028433,0.05112186,0.873027063,39,4318,28.355,3493,102,34.2451,19,1.2745,0.024,0.16,0.1274,131072,0.462157547,1407.300293,0.287578642,19.24403572,17.20319939,1073.203369,0.669556916,0.439235687,1434.678101,0.30513683,19.59925652,16.985569,1121.723999,0.666643023,0.184287205,502.0413208,0.146663278,6.843135834,8.979616165,502.775177,0.136238217,1mgml,shg,roi2,4726.111176,64399.09793,32052.63851,184.591783,65353.42669,59982.99867,4820.037674,3184.886322,1719.806274,59979.05836,8736.957916,8741.485504,8535.480614,8620.571426,4011.346489,3326.894118,8042.237862,6643.193398,60122.64622,6462.315727,407.264508,2814,65528,32120,9,65532,62598,2810,1709,627,62346,5927,5949,5634,5717,4012,128,5874,4184,62643,5194,19,4587.204526,3559.734299,3183.233604,2346.606891,756.6475347,841.5760796,6314.35739,4862.780927,2983.326365,5820.497128,7204.452961,7175.53838,7295.725063,7321.418581,15.89445522,6728.368714,5989.537679,6028.981409,6130.374239,3804.20671,1630.998484,D1,N8,t
appliedMASKiso_shg_1mgml_roi2_8bit.ome,40,97.02912056,54.50959813,0.892445514,3.763962617,114.15,43.039,0.90663,3.4318,107,59.95067752,28.67104321,0.071132978,1.176528547,40,4938,24.5437,4052,80,50.65,37,1.299,0.0221,0.6204,0.1031,131072,0.024726659,2177.216553,0.132097021,35.21331406,51.6400528,1248.519043,0.140954152,0.009255564,2228.14624,0.092889771,36.18031693,51.72363281,1258.430908,0.113764718,0.051882982,321.4837952,0.131953597,4.300941944,8.087331772,135.057312,0.097689353,1mgml,shg,roi2,10881.6413,65531.66055,32204.53269,1987.324882,62459.65913,47242.56801,10809.5238,6732.768166,13133.76351,46518.02651,22456.61276,22543.48168,21385.53981,21695.28734,4011.999489,5237.488095,22540.18128,15996.99472,46943.50857,6439.619446,7538.964409,9319,65533,32213,719,63990,49449,9158,5531,11385.5,48494,20405,20510,19194,19511,4012,485,21093,14053,49035,5676,4968,4785.286173,3611.65148,105.963317,101.4160127,3166.323983,3838.119521,7722.88548,5027.055948,6882.931029,7514.055396,7715.306612,7699.013945,7717.237155,7758.67934,0.038369413,9613.052948,6853.349584,6340.884257,7630.055586,2231.545559,7077.697505,D1,N8,t
appliedMASKiso_shg_1mgml_roi2_8bit.ome,41,96.26858304,61.82652174,0.917566304,3.765956522,112.84,52.0405,0.920115,3.62035,46,59.76393695,31.00163819,0.039789838,0.933275691,41,5354,22.4813,4384,117,37.4701,30,1.3274,0.0222,0.3209,0.1198,131072,0.194604829,2187.595215,0.185194701,31.31368446,28.24917221,1362.771851,0.434102744,0.176571667,2248.000488,0.178755656,32.1665535,27.92588806,1381.861816,0.426947027,0.10271281,298.6425171,0.110316582,4.462007046,8.203357697,278.5471802,0.108823583,1mgml,shg,roi2,5820.233109,65530.92556,32149.17567,278.4096436,65214.44366,58085.7038,5936.280273,3800.250015,2651.967331,58056.86203,11338.37733,11361.46276,10975.1813,11102.75893,4011.998375,4287.153285,10820.56543,8373.842865,58178.66684,7373.3564,741.0832322,4047,65533,32164,15,65526,60771,4027,2430,1205,60549,8671,8712,8212.5,8340,4012,116,8774,6058,60788,6867,55,4565.87816,3488.450409,106.0364282,140.8200015,875.3135902,1079.07945,6826.971439,4923.818283,3614.931347,6432.841748,7446.29056,7422.065345,7516.607303,7547.151482,0.051870372,8447.912276,6374.586257,6117.226708,6692.636646,2873.488594,2087.639309,D1,N8,t
appliedMASKiso_shg_1mgml_roi2_8bit.ome,42,110.7935577,61.33969231,0.904264615,3.635103846,128.915,45.512,0.91451,3.45645,52,53.49884162,38.62879769,0.055385009,1.028818665,42,4930,24.5868,4037,124,32.5565,27,1.3075,0.0158,0.4053,0.1516,131072,0.108315624,2433.456787,0.145809889,35.57320404,34.61554718,1426.501831,0.323059887,0.089147344,2509.571289,0.131722897,36.76348877,34.31784058,1427.16626,0.307477564,0.077524014,266.8004456,0.098621152,3.964564085,7.609833717,178.7599487,0.097570188,1mgml,shg,roi2,6705.34993,65531.42088,32178.11295,258.3962883,65067.67151,56247.8776,6751.779633,4255.307587,3897.501144,56086.2496,13521.94467,13564.27689,12967.73034,13139.57108,4011.999344,4786.294118,13268.19679,9776.139671,56263.47263,7618.757294,1158.172045,5107,65533,32186,11,65488,58679,5043,3020,2383,58329,11143,11204,10500,10671,4012,442,11451,7693,58619,7191,237,4319.008615,3271.071077,105.9789367,111.904444,859.4290834,1281.044954,6690.877297,4624.256039,4092.428526,6400.296381,7158.16183,7138.733993,7175.703372,7212.732448,0.042785794,9178.707098,6308.074497,5818.339353,6598.699462,2213.520939,2547.578868,D1,N8,t
appliedMASKiso_shg_1mgml_roi2_8bit.ome,43,105.0151958,55.5938169,0.892509014,3.174047887,122.47,43.38,0.90536,2.9637,71,57.79264576,32.01733747,0.066814041,0.876620324,43,4957,24.442,4133,114,36.2544,21,1.3153,0.0218,0.4502,0.1469,131072,0.073910072,2522.126709,0.107561857,37.36207962,37.73194504,1401.997559,0.266310424,0.055165835,2608.66626,0.078045823,38.54883957,37.8094635,1397.725952,0.245419502,0.066880986,278.8435669,0.093934946,4.060829639,6.566892147,107.9282913,0.091554068,1mgml,shg,roi2,7122.93026,65531.42702,32183.07707,249.118544,65028.81057,55116.79606,7145.590492,4428.500679,4827.218925,54793.13261,14793.62442,14851.95133,14104.55953,14306.28991,4011.999275,4877.174419,14810.66627,10515.64898,55035.42981,7478.047127,1411.979599,5763,65533,32189,28,65419,57167,5658,3374,3625,56640,12789,12866,11986,12194,4012,335,13409,8731,57007,7002,538,3836.433913,2889.466062,105.9816955,105.7402196,780.6776341,1202.580594,6071.85264,4171.501167,3826.573367,5820.866174,6440.691127,6427.614891,6469.89965,6501.394633,0.131569643,9213.924024,5678.68958,5212.688996,5993.734951,1888.015307,2520.307464,D1,N8,t
appliedMASKiso_shg_1mgml_roi2_8bit.ome,44,105.4610364,57.17563636,0.895385152,2.964569697,127.63,42.966,0.90101,2.7132,33,64.15222425,33.29630887,0.043574263,0.64108536,44,3726,33.1779,3108,94,33.0638,13,1.229,0.0215,0.3526,0.1226,131072,0.138172656,2443.375,0.074429654,35.16402435,29.55473518,1306.703613,0.368203819,0.120996155,2512.604736,0.051928971,36.21826935,29.58717346,1321.827148,0.354410827,0.076506063,281.371582,0.06900607,4.087217808,5.396462917,128.5530243,0.086590454,1mgml,shg,roi2,5433.934479,65531.20921,32163.11223,54.80311239,65402.13301,58288.11075,5432.953705,3346.834259,2659.560822,58016.41002,11415.37126,11464.90784,10855.10987,11015.55539,4011.998878,5769.170213,11524.67455,8058.821541,58255.69125,7348.097466,448.4187572,4273,65533,32168,4,65517,60078,4228,2517,1666,59690,9522,9580,8938.5,9089.5,4012,541,10014,6497,60000,6801,106,3154.452468,2267.805164,105.9911616,111.430327,197.4090213,392.3396712,4912.287864,3318.059623,2779.590962,4760.969322,5589.092655,5588.220686,5500.545465,5546.315169,0.122746879,9517.899254,5226.773823,4358.231392,4874.678871,2162.301382,1061.412547,D1,N8,t
appliedMASKiso_shg_1mgml_roi2_8bit.ome,45,85.55906071,44.44996429,0.879444464,2.453821429,70.991,39.0325,0.897575,2.38185,56,58.15936575,13.99715914,0.068788301,0.34080819,45,2806,44.7117,2360,70,33.7143,13,1.1561,0.0206,0.405,0.0737,131072,0.090982154,2576.655029,0.053658582,37.70652771,33.28668594,1322.499512,0.297562301,0.072959408,2666.732422,0.017964059,39.05767059,33.85752106,1340.542236,0.277514637,0.066906258,287.6189575,0.078798823,4.211041451,4.417500973,75.66631317,0.083588824,1mgml,shg,roi2,5939.46347,65531.27845,32172.78374,36.22856323,65406.64261,57105.72782,5869.738609,3562.758179,3468.289215,56695.31508,12835.72463,12902.21543,12117.44103,12312.24436,4011.998978,5403.336735,13191.2112,8904.764641,56996.33282,7450.63382,537.6699524,5097,65533,32178,13,65471,58329,5031,2983,2814,57826,11500,11573,10757,10948,4012,618,12121,7780,58186,6919,326,2553.377958,1830.425828,105.9864135,103.6777251,83.95524373,217.4408374,4001.300023,2679.298988,2338.994151,3926.982968,4641.649544,4647.481533,4522.606451,4567.37817,0.12234307,9079.600338,4494.295951,3551.278972,3989.958691,1878.666698,716.8972691,D1,N8,t
appliedMASKiso_shg_1mgml_roi3_8bit.ome,1,80.01555714,70.80952381,0.916342857,3.623095238,75.964,54.556,0.91859,3.5755,21,62.47579947,43.01278693,0.0358868,0.831249496,1,3516,35.279,2962,49,60.449,15,1.2117,0.0089,0.0761,0.1713,131072,0.581661284,622.6860352,0.410331726,10.91691399,11.06713772,601.1793823,0.753686607,0.588989854,596.2437134,0.422755539,10.43970585,9.659930229,571.2520752,0.771241426,0.206995562,332.754364,0.164837807,5.781345367,7.506115437,372.8408813,0.140511572,1mgml,shg,roi3,2559.109205,53996.36823,31896.24027,283.7987906,65369.03741,62681.3177,3886.080283,2147.63457,1263.539823,62504.87646,4725.806879,4753.316258,4734.655172,4736.70903,53199.83468,2668.483012,3869.120836,4202.657556,62748.72476,3325.522315,720.135665,765.5,60802.5,31378,13,65535,65144,1384,682,137,64794,1701,1718,1676,1681,53201,102,1428,1377,65134,1609,57,3725.011788,3109.993,13324.92268,3411.865873,1033.387261,928.6510762,4917.107708,5265.547066,2655.5226,4587.104161,6344.817224,6371.924526,6382.260099,6379.001966,135.4665011,6302.425732,5251.426933,5859.931647,4770.759905,3801.110246,2192.427435,D1,N8,t
appliedMASKiso_shg_1mgml_roi3_8bit.ome,2,72.82188621,58.1332069,0.904919655,3.416368966,46.397,48.6,0.91432,3.3371,29,59.3448697,32.35609017,0.03653854,0.915671241,2,3308,37.623,2795,60,46.5833,14,1.1971,0.0142,0.0765,0.2058,131072,0.579102755,614.7407227,0.425420344,10.8339653,11.18822479,607.4963989,0.75261718,0.581392705,604.6611328,0.442756712,10.56451511,9.771240234,554.5059814,0.76638341,0.201745629,312.2110901,0.158973008,5.52481699,7.34618187,363.5687866,0.137880474,1mgml,shg,roi3,2712.845082,54246.48085,32020.72649,262.6619587,65370.52663,62474.50995,4061.647205,2228.14697,1404.854884,62302.06511,5024.1694,5055.572911,5020.953071,5025.300691,53200.77202,2810.300644,4120.946493,4454.07485,62547.6114,3453.382952,757.0208461,768,61466,31405,16,65535,65185,1403,690,146,64826,1688,1706,1673,1678,53199,108,1428,1377,65172,1622,67,3962.645887,3236.748354,13317.40344,3480.272873,907.2513655,843.8433993,5253.883407,5529.053583,2849.877801,4916.778535,6784.546636,6818.12863,6798.138104,6799.145139,138.5522387,6709.270142,5631.464655,6229.505603,5089.739081,3981.593674,2077.258142,D1,N8,t
appliedMASKiso_shg_1mgml_roi3_8bit.ome,3,79.7376,65.03403846,0.894201538,3.777242308,60.0775,50.352,0.91126,3.69675,26,66.73172555,42.23803769,0.062873317,0.700936662,3,3528,35.1522,2973,56,53.0893,22,1.2196,0.0137,0.0855,0.2587,131072,0.526166975,685.5357056,0.399569988,12.28415966,12.39409161,638.0617065,0.716822743,0.529827237,677.479187,0.409523159,12.04945946,11.00960159,595.1325073,0.732652128,0.194945306,295.9039917,0.149769649,5.341861248,7.44131279,343.3124084,0.138343945,1mgml,shg,roi3,2930.295276,55992.67389,31971.59551,305.4586849,65329.83526,61989.97537,4448.254549,2421.040271,1613.756051,61839.19235,5493.663102,5529.751642,5507.313193,5509.687212,53199.70841,2469.221335,4393.062357,4848.476323,62075.29264,3537.502611,962.0312965,792,63472,31383,27,65535,65100,1403,682,140,64763,1771,1791,1746,1753,53198,101,1493,1431,65099,1672,85,4294.804636,3592.305827,12355.96203,3670.754526,894.4623474,897.1562436,5970.811413,6164.884903,3174.339931,5618.612519,7437.205304,7473.195054,7495.821178,7490.363318,122.8699668,6139.097012,5980.579847,6810.592267,5800.456192,4036.227382,2330.360314,D1,N8,t
appliedMASKiso_shg_1mgml_roi3_8bit.ome,4,68.05992727,62.04530303,0.904192424,3.765245455,46.123,53.977,0.92265,3.7154,33,60.37928842,29.75808531,0.066144388,0.664597058,4,3562,34.7976,2978,62,48.0323,20,1.22,0.0098,0.0923,0.2775,131072,0.482903689,747.2981567,0.38922748,13.5109539,13.62683582,666.1738281,0.684319913,0.464591324,748.7630615,0.409048796,13.48527145,13.16505623,678.2189941,0.687888265,0.202101618,307.087738,0.146455958,5.662461281,7.594244003,316.5673828,0.148290023,1mgml,shg,roi3,3214.659924,56608.04822,31748.59724,336.5498413,65293.74191,61523.4733,4858.741459,2646.060782,1912.163197,61364.59765,6096.99878,6138.83842,6090.947325,6097.008466,53198.05123,2519.903441,4886.574841,5339.868089,61605.79367,3713.161104,1134.460995,888,64223,31370,38,65535,65020,1548,763,154,64708,1977,2000,1955,1961,53198,110,1688,1602,65027,1862.5,113,4640.407002,3885.112942,12231.39842,3580.706218,1063.603697,1038.118552,6604.133998,6609.217388,3676.109914,6291.802017,8122.533446,8164.470818,8142.891454,8143.852248,155.0169601,6092.919217,6578.848624,7372.773543,6448.629029,4106.744468,2601.259949,D1,N8,t
appliedMASKiso_shg_1mgml_roi3_8bit.ome,5,85.87505652,63.04678261,0.919082174,3.779395652,68.091,54.026,0.92016,3.9565,23,64.32232529,28.82042674,0.035680666,0.78729153,5,3170,39.3479,2674,69,38.7536,17,1.191,0.0187,0.0759,0.251,131072,0.537870765,701.6177368,0.390278727,12.27623272,11.95255852,630.4866943,0.724839032,0.516865671,707.7061768,0.392314613,12.37339973,11.39879417,623.1832275,0.723970056,0.203500077,328.5956726,0.148455903,5.784182072,6.903217793,338.5925293,0.138935313,1mgml,shg,roi3,3109.552162,55874.60635,31817.54308,262.6299597,65353.10126,61913.34296,4725.912159,2655.863095,1562.706024,61814.30629,5703.676363,5733.863667,5731.214902,5730.794939,53198.38998,2356.486185,4523.039256,5087.377911,62017.31899,3847.746339,804.7960219,900,63719,31380,24,65535,65041,1566,779,146,64743,1967,1986.5,1948,1951,53198,93,1623,1609,65053,1898,73,4615.911299,4094.373723,12618.55383,3346.316206,877.6896187,876.7611898,6157.293932,6593.123057,3109.417861,5734.062751,7674.767792,7699.178144,7759.497698,7748.334543,147.7383126,5845.654134,6098.462951,7151.668042,5957.430381,4365.718111,2022.022211,D1,N8,t
appliedMASKiso_shg_1mgml_roi3_8bit.ome,6,86.62881818,65.89445455,0.89538,3.596618182,72.637,45.3765,0.91546,3.55285,22,61.68470218,42.6627665,0.051787542,0.699205936,6,3544,34.9845,2942,77,38.2078,22,1.2391,0.0179,0.0767,0.2113,131072,0.508292258,746.7487183,0.370972365,13.18782711,12.82364464,660.6679077,0.70196563,0.478770673,765.0284424,0.373990983,13.5338459,12.33248711,643.7102051,0.696891308,0.214920178,349.2426147,0.147507071,6.140503883,7.487685204,389.0561829,0.148865014,1mgml,shg,roi3,3226.496304,56205.21382,31717.05451,271.1507229,65344.3303,61709.34436,4880.35688,2731.796877,1616.026009,61625.33173,5935.164383,5968.822818,5957.815635,5958.552949,53197.96879,2233.228266,4704.801876,5280.041933,61825.55845,3949.849708,761.3793415,1018,63795,31365,23,65535,64927,1730,868,165,64658,2175.5,2197,2159,2163,53198,89,1785,1800,64953,2126,64,4812.169363,4265.374529,12253.38543,3354.797008,1041.93082,983.4832914,6419.796172,6836.101726,3131.178651,5961.33404,7908.494444,7934.630468,8005.60302,7992.659373,146.58588,5812.723231,6226.888176,7394.071698,6193.508347,4357.476591,1774.681783,D1,N8,t
appliedMASKiso_shg_1mgml_roi3_8bit.ome,7,83.72844848,52.7340303,0.913558485,3.665018182,75.256,44.186,0.91564,3.5359,33,63.40173793,19.790074,0.037478558,0.92805801,7,3664,33.7732,3106,86,36.1163,26,1.2404,0.0254,0.0867,0.2044,131072,0.464166671,804.5011597,0.35149321,14.45424461,14.32894516,688.4255371,0.66679585,0.436048746,828.7104492,0.357482076,14.84139729,13.43322468,673.7932129,0.666202784,0.224907488,358.4029236,0.144222796,6.467123508,8.612905502,390.5541077,0.163503215,1mgml,shg,roi3,3439.237262,57912.04807,31768.46389,438.542596,65243.18782,61217.72831,5154.053025,2836.535829,1906.079059,61128.9402,6441.805239,6482.987424,6446.320823,6450.712236,53195.71201,2628.219585,5097.351191,5674.435457,61339.07288,3991.627535,1046.351077,1176,64830,31363,24,65535,64728,1931,966,194,64499,2477,2498,2463.5,2470,53198,112.5,2012,2066,64767,2415,67,5135.367451,4365.827173,11159.2843,3460.780241,1524.991836,1457.914253,7235.680911,7220.766389,3844.156057,6795.921203,8613.839843,8646.299611,8681.404092,8674.066736,148.5441264,6309.230691,6813.263728,7973.470489,6992.035044,4126.62138,2670.764349,D1,N8,t
appliedMASKiso_shg_1mgml_roi3_8bit.ome,8,70.74927931,56.89610345,0.916076897,3.659106897,47.603,48.265,0.92458,3.357,29,61.74225104,29.71454807,0.033499574,0.780626293,8,3562,34.7976,2974,66,45.0606,23,1.2448,0.0112,0.0779,0.2265,131072,0.50912255,738.210083,0.363682538,13.129879,13.16417503,661.1144409,0.700541556,0.489270866,745.1502686,0.373049736,13.23704147,11.89152145,617.6190186,0.704708874,0.224161416,353.1162109,0.15344128,6.299660206,8.703930855,407.309021,0.158357814,1mgml,shg,roi3,3451.127723,57723.84785,31745.87933,458.5411349,65234.15177,61300.26754,5126.804728,2850.502424,1777.543065,61252.95641,6342.498754,6378.867757,6362.793362,6364.205707,53197.39427,2445.903756,5045.223675,5647.899024,61438.56485,4070.096425,997.9920924,1249,64888,31349,16,65535,64644,2022,1015,207,64433,2629,2655,2615,2620,53197,97,2142,2196,64690,2552,52,5201.848808,4464.113004,11082.39122,3320.89759,1535.988831,1508.122365,7216.603019,7324.18645,3734.223404,6703.77083,8500.856178,8522.352839,8620.780085,8604.201632,123.3594405,6241.355022,6728.725105,8010.318462,6951.08952,4129.057644,2768.51528,D1,N8,t
appliedMASKiso_shg_1mgml_roi3_8bit.ome,9,70.679188,59.86692,0.9107968,3.620136,45,56.117,0.9188,3.4598,25,66.70821029,24.80854452,0.047647518,0.912628493,9,3387,36.6988,2808,61,46.0328,18,1.2087,0.0172,0.0736,0.2402,131072,0.53609395,684.6481934,0.37680319,12.20416927,12.53733253,640.4797363,0.719394863,0.525667787,682.8262329,0.397326618,12.23142719,10.62966442,566.3582764,0.729349077,0.225190237,341.4613342,0.163207024,6.135743141,8.930323601,416.6833496,0.158432826,1mgml,shg,roi3,3554.355245,57985.49929,31619.25301,444.0920421,65222.71914,61156.52735,5248.584036,2918.893321,1821.483592,61137.80624,6482.833469,6518.941206,6511.216327,6511.374939,53197.37135,2607.775937,5153.90364,5798.048301,61311.01838,4179.279331,1028.186535,1372,64486,31311,15,65535,64471,2204,1104,238,64284,2898,2925,2880,2888,53197,108,2337,2415,64530,2762,53,5269.955634,4453.943734,10512.20614,3237.331416,1389.67535,1471.776947,7376.817077,7361.055939,3948.673856,6868.934792,8593.855527,8615.626955,8709.91962,8694.047804,191.1575414,6161.070329,6854.044104,8112.130317,7103.099803,4143.034055,2932.230808,D1,N8,t
appliedMASKiso_shg_1mgml_roi3_8bit.ome,10,60.92443364,56.80668182,0.909841364,3.776686364,43.725,52.3105,0.932495,3.5816,22,58.75575433,23.58600406,0.048618724,0.832006872,10,3305,37.659,2829,56,50.5179,18,1.1999,0.0124,0.0683,0.2479,131072,0.574436009,649.6723022,0.385165095,11.30391121,11.62857246,631.4681396,0.74590373,0.583832026,607.7255859,0.414404154,10.70339298,9.195095062,504.8681641,0.768115997,0.222231239,359.2686157,0.17435196,6.204937458,8.93686676,452.7926941,0.154813543,1mgml,shg,roi3,3552.669934,58139.64323,31673.16696,383.4240454,65254.75576,61228.71107,5182.053378,2916.449833,1722.881886,61225.31533,6417.042115,6451.099217,6437.196921,6438.365085,53197.27848,2349.389182,5133.595708,5759.707394,61390.45754,4259.865397,874.186196,1421,64348,31313,14,65535,64382,2259,1120,255,64197,3012,3043,2977,2986,53197,107,2434,2496,64446.5,2830,51,5210.406211,4470.782989,10276.49669,3179.355682,1369.34282,1409.849905,7132.09451,7218.351986,3700.792588,6598.222558,8353.78098,8370.951291,8468.21937,8451.989869,136.8036655,5709.131023,6698.036192,7945.920016,6850.911588,4242.335906,2611.119765,D1,N8,t
appliedMASKiso_shg_1mgml_roi3_8bit.ome,11,88.98260136,68.97945455,0.90852,3.576890909,62.263,56.513,0.924825,3.42815,22,64.33733623,31.71020806,0.052552916,0.839523434,11,3500,35.4494,2961,73,40.5616,20,1.2221,0.0113,0.0783,0.2245,131072,0.530073345,705.1837769,0.355131298,12.53074837,12.31611156,635.460022,0.716366529,0.541377962,669.3303223,0.374495417,11.96541214,9.926399231,535.4959717,0.739752531,0.209071368,335.8003235,0.170572162,5.902619839,8.690979004,409.5053101,0.151627183,1mgml,shg,roi3,3689.197344,59645.92345,31491.4663,458.6616437,65210.31001,60968.47939,5399.475289,3015.875988,1852.467799,60974.32999,6740.484061,6778.666073,6759.402168,6761.25023,53194.05498,2200.290012,5363.032367,6013.916567,61133.94662,4389.226823,980.5650039,1559,65240,31271,14,65535,64170,2495,1234,290,64014,3364,3397,3333,3341,53197,91,2662,2771,64238,3055,52,5272.657662,4450.517592,9379.927411,3330.2285,1864.590312,1731.485607,7408.845716,7274.27778,4079.961443,6931.645569,8586.63918,8610.175369,8673.298671,8662.077338,150.9485776,5444.079527,6922.948942,8087.614907,7147.85359,4231.755883,3178.582564,D1,N8,t
appliedMASKiso_shg_1mgml_roi3_8bit.ome,12,76.72003448,50.21558621,0.914223448,3.609062069,67.543,46.735,0.91245,3.4033,29,60.93865709,17.76982829,0.030280656,0.927588143,12,3568,34.7357,3034,67,45.2836,14,1.2301,0.0113,0.0856,0.2112,131072,0.500656843,734.954834,0.336487949,13.30855656,12.48832798,615.015686,0.697612762,0.504427373,728.1046143,0.346505016,13.14590454,10.672719,554.390564,0.714370847,0.193534061,292.2074585,0.1544099,5.367749691,7.74116993,331.882782,0.142053157,1mgml,shg,roi3,3779.478948,60436.18658,31398.06147,437.6542445,65205.83106,60779.52377,5569.282846,3077.395111,1954.495913,60784.22355,6998.732054,7042.562423,7011.271622,7014.783825,53194.31261,2167.652684,5530.606142,6200.722827,60948.04835,4502.785864,1053.007085,1686,65392,31251,16,65534,63971,2732,1347,327,63832,3662,3700,3631,3642,53196,91,2856,3005,64050,3261,46,5232.815918,4371.038437,8852.691956,3129.763005,1522.925146,1597.886325,7588.656732,7270.926158,4433.125871,7187.519192,8715.910735,8748.64492,8787.016328,8779.324299,150.1969566,5543.449232,7002.967519,8117.406582,7355.620751,4185.736628,3489.832229,D1,N8,t
appliedMASKiso_shg_1mgml_roi3_8bit.ome,13,53.263635,56.3791,0.909969,3.963055,33.199,44.896,0.910685,3.82125,20,54.01044711,29.32244057,0.042265231,0.890041573,13,3393,36.6304,2833,52,54.4808,18,1.212,0.0186,0.078,0.1957,131072,0.556766629,684.6421509,0.361493587,11.95019722,11.1619463,619.8346558,0.73894161,0.555246949,662.0764771,0.370787501,11.58959579,9.9103899,553.1862793,0.749116957,0.186990649,310.6549683,0.169549018,5.34315443,7.083387375,404.2391052,0.12801449,1mgml,shg,roi3,3719.396824,59630.79388,31431.86037,341.9926467,65267.19604,61082.69982,5404.186192,3057.079796,1713.084571,61129.14387,6647.888604,6680.625136,6685.523296,6683.883672,53193.80137,2626.455395,5252.878476,5998.001494,61263.9854,4559.905361,827.3846518,1578,65303,31251,17,65535,64161,2514,1258,271,64017,3358,3391,3335,3344,53196,107,2629,2786,64245,3104,42,5214.757528,4441.083547,9274.574704,3091.504688,1261.481264,1322.649231,7098.550865,7162.437656,3793.442791,6612.507288,8266.716188,8284.412579,8387.272311,8369.932015,148.9422616,6355.579255,6601.690134,7887.948352,6842.231061,4469.759375,2702.210596,D1,N8,t
appliedMASKiso_shg_1mgml_roi3_8bit.ome,14,65.07236842,65.03794737,0.914371053,3.516852632,48.991,39.601,0.93036,3.3349,19,63.17146262,52.1923405,0.04222746,0.780160285,14,3019,41.416,2515,72,34.9306,8,1.1987,0.0142,0.0725,0.1572,131072,0.589030266,669.7830811,0.395258725,11.22542953,10.86844826,673.0878296,0.761305809,0.575574994,661.3579102,0.398395896,11.24222088,10.17469597,597.0144043,0.762654424,0.186643496,334.1281738,0.185366586,5.438438892,6.95592308,492.9868164,0.121939607,1mgml,shg,roi3,3737.640527,58979.36893,31481.13376,354.5703294,65268.93215,61249.81172,5358.570811,3117.200545,1568.532237,61341.53294,6439.12696,6463.558049,6496.004409,6490.478948,53195.95625,2304.264957,5108.086918,5915.537051,61453.29221,4689.890333,728.4814882,1532,64960,31282,17,65535,64227,2404,1209,256,64076,3209,3236,3181,3187,53197,84,2532,2682,64303,3018,40,5295.351193,4679.192415,9442.779849,3033.036126,1460.575077,1424.497137,6772.565608,7157.366123,3423.961388,6179.108389,7951.40718,7955.683385,8108.162402,8083.615974,191.3142962,5879.458295,6334.410306,7785.810993,6462.834768,4838.019703,2510.376182,D1,N8,t
appliedMASKiso_shg_1mgml_roi3_8bit.ome,15,75.8690045,71.8339,0.929719,3.9135,54.7665,59.4095,0.946255,3.60935,20,62.76026693,38.83878079,0.046828071,0.884174258,15,3451,35.9812,2938,69,42.5797,22,1.2138,0.0251,0.0815,0.1545,131072,0.537172854,728.5262451,0.397524089,12.55988216,12.59320831,711.362793,0.723911166,0.520874977,742.1375122,0.415315986,12.65688229,12.32449245,690.1409912,0.726052642,0.202406183,341.966156,0.187650457,5.83223629,7.837729931,432.9497986,0.138186708,1mgml,shg,roi3,3887.69075,59718.815,31388.35419,366.0989483,65246.55318,60977.54237,5589.583252,3200.593671,1691.373732,61083.76874,6767.553207,6795.396343,6828.801612,6822.995096,53194.71423,2524.513722,5360.894404,6196.226937,61185.64993,4796.780584,811.7812303,1660,65284,31268,18,65534,64086,2623,1323,278,63962,3440,3470,3427,3432,53197,107,2694,2899,64167,3245,46,5307.948992,4535.98333,8999.689319,3044.800252,1464.866222,1479.050429,7018.617608,7218.049061,3548.422485,6437.92776,8176.866999,8187.820558,8325.447881,8302.935045,181.1168262,6061.655401,6505.826798,7933.452821,6711.924743,4661.938987,2608.507468,D1,N8,t
appliedMASKiso_shg_1mgml_roi3_8bit.ome,16,88.67764483,55.50496552,0.915547241,3.655558621,79.114,41.003,0.92892,3.3565,29,59.19875103,32.43061471,0.047637618,0.944372468,16,3790,32.5839,3165,69,45.8696,22,1.2283,0.0176,0.093,0.101,131072,0.486707717,793.078064,0.37769866,13.92704868,14.1673708,727.7039185,0.685144842,0.466954112,796.3302002,0.383046776,13.8820219,13.4871788,740.8874512,0.688752413,0.212701097,363.8191833,0.178369015,6.300771236,8.756503105,414.2131958,0.155023113,1mgml,shg,roi3,4057.478778,60743.40032,31260.31536,433.9731925,65193.74168,60634.35467,5821.423936,3281.796477,1920.0168,60715.51721,7200.704064,7237.08508,7240.074702,7238.624161,53193.9451,2385.235215,5776.665642,6524.725336,60831.69048,4901.479125,952.4820272,1812,65416,31250,18,65534,63915,2805,1420,315,63823.5,3744,3779,3724,3731,53196,100,2954,3155,64012,3500,56,5382.852589,4485.95109,8435.605744,3033.019995,1711.030975,1714.703054,7377.672207,7294.506081,3997.319126,6898.260794,8540.565758,8563.4334,8643.400768,8629.388541,126.4726525,6096.323355,6974.069263,8152.225404,7116.198082,4537.98131,2999.801341,D1,N8,t
appliedMASKiso_shg_1mgml_roi3_8bit.ome,17,91.56453611,56.39502778,0.912520556,3.480119444,79.0995,43.7165,0.923875,3.39785,36,59.48554374,30.14054524,0.048739458,0.925412347,17,4161,29.5004,3499,77,45.4416,32,1.2561,0.023,0.1007,0.1039,131072,0.45256564,853.8890991,0.359822422,15.07519817,15.3373909,756.5541382,0.657158852,0.448659688,840.2264404,0.354960084,14.77342224,13.30611229,692.0166016,0.674703419,0.215704605,378.2929077,0.164828941,6.574705124,9.582706451,441.1464539,0.16612193,1mgml,shg,roi3,4224.468715,61275.77781,31147.92551,505.7320631,65146.46035,60405.60847,6021.161642,3388.857592,2019.636266,60498.8019,7516.947338,7556.361745,7541.553704,7542.707696,53192.13486,2572.210954,6056.700802,6791.866965,60611.50136,5061.753941,996.7226364,1992,65454,31224,17,65534,63684,3096,1558,358,63629,4124,4160,4102,4114,53196,102,3213,3471,63794,3796,56,5541.20586,4589.5404,8063.431976,2980.685629,2182.782504,1991.269551,7570.29131,7415.893717,4094.659749,7089.009875,8710.616256,8733.563338,8801.193817,8788.900786,133.3499643,6211.669761,7150.843234,8335.054733,7304.902265,4549.661596,3076.352355,D1,N8,t
appliedMASKiso_shg_1mgml_roi3_8bit.ome,18,95.13230357,57.628,0.921962143,3.804017857,77.356,46.7315,0.93913,3.8009,28,67.72011645,30.10183338,0.061994585,0.974990114,18,4129,29.7445,3486,84,41.5,18,1.2582,0.0244,0.1036,0.1624,131072,0.437948853,881.3647461,0.352346301,15.62616634,16.00488663,781.6729126,0.643742442,0.433528662,857.9125366,0.344903767,15.18250656,13.77352238,695.5698853,0.664294124,0.221360147,385.8926392,0.1659659,6.79640913,10.102458,472.0776062,0.17410171,1mgml,shg,roi3,4384.835026,61331.77061,31185.55696,564.0011686,65100.82861,60209.10289,6272.361286,3535.339576,2072.346571,60336.31924,7741.178563,7779.988235,7787.557133,7785.339489,53193.02647,2324.663138,6157.937927,7028.735257,60430.59838,5185.990412,1019.662901,2144.5,65456,31253,15,65534,63490,3351,1688,402,63464,4387,4424,4392,4394,53196,97,3376,3723,63611,4019,58.5,5735.012997,4694.14433,7973.589284,2934.656932,2719.251211,2288.108423,7757.410306,7604.494092,4134.770912,7234.048372,8864.887225,8886.417869,8974.661146,8959.193528,141.1245089,5988.899117,7216.33236,8547.284105,7463.966851,4571.174522,2991.714387,D1,N8,t
appliedMASKiso_shg_1mgml_roi3_8bit.ome,19,95.75118065,57.84996774,0.901633548,3.662190323,122.62,48.768,0.91901,3.3838,31,64.78045656,28.13422252,0.064792147,1.044248744,19,4059,30.2919,3405,92,37.0109,14,1.2511,0.0163,0.0996,0.2225,131072,0.448323488,874.6540527,0.359991133,15.39013577,15.98545551,800.8828125,0.650448561,0.443318516,841.5759277,0.365698755,14.81600094,13.63650513,697.3820801,0.67181617,0.230523393,411.0458374,0.169078231,7.117463589,10.56161976,519.9012451,0.178706005,1mgml,shg,roi3,4435.922338,61360.9263,31389.46232,515.9603428,65120.36029,60209.7002,6252.371658,3553.807633,2082.611133,60350.06119,7721.158051,7757.086997,7760.955199,7759.392443,53192.14297,2184.475827,6184.719978,7051.987131,60441.11968,5226.60725,963.9803722,2168,65448,31276,16,65534,63480,3333,1705,411,63464,4416,4453,4403,4411.5,53196,101,3408,3749,63608,4067.5,60,5874.396652,4798.082759,7898.208841,2989.2484,2515.406293,2144.843266,7776.31967,7657.574888,4119.477271,7241.516354,8912.802124,8931.921146,9009.883387,8995.81933,132.1465426,5498.465871,7365.577618,8650.190185,7477.961059,4653.524822,2713.092528,D1,N8,t
appliedMASKiso_shg_1mgml_roi3_8bit.ome,20,118.6493531,59.06346875,0.899346875,3.598684375,139.52,46.5375,0.91338,3.59965,32,60.37140145,38.2474974,0.056059859,0.659676921,20,4054,30.3318,3395,75,45.2667,29,1.2527,0.0183,0.1007,0.2465,131072,0.445235103,898.9404297,0.37348482,15.60019493,16.30306435,831.52771,0.647836864,0.424031943,897.6436157,0.383390486,15.46543121,14.67391682,764.7470703,0.657780588,0.238678306,439.5485229,0.160816178,7.420503139,10.56828117,546.3796387,0.180713475,1mgml,shg,roi3,4573.514982,60863.76552,31436.65704,427.1907487,65138.03815,60081.6855,6418.269152,3699.764807,2180.174074,60236.84408,7840.520998,7873.032146,7893.757187,7889.763971,53194.10473,2482.450255,6346.510165,7217.483566,60314.29709,5384.28891,1001.553294,2303,65413,31290,18,65533,63371,3534,1834,445,63415,4548,4575,4558.5,4562.5,53196,102,3506,3940,63517,4250,73,5946.19848,4991.668702,8160.64993,3089.88152,1578.319832,1748.277006,7836.287324,7770.662367,4321.83088,7338.435396,8991.977856,9012.309618,9086.011486,9072.296053,139.4151824,6365.185971,7531.841068,8720.259124,7565.055869,4914.772987,2809.255855,D1,N8,t
appliedMASKiso_shg_1mgml_roi3_8bit.ome,21,102.74383,64.7615,0.906678667,3.537826667,130.595,47.9345,0.920515,3.34115,30,61.92590951,39.8041472,0.039854194,0.709280023,21,3851,32.0361,3267,81,40.3333,15,1.2506,0.0184,0.0969,0.2493,131072,0.445326477,913.7493896,0.377652854,15.67023754,16.29214096,823.4343872,0.648748517,0.409846723,977.4842529,0.394512028,16.3841362,15.93025589,828.1395264,0.646916986,0.237281978,431.881134,0.15366137,7.271148205,10.23440266,480.3557129,0.177648425,1mgml,shg,roi3,4637.793029,60340.21727,31530.37053,416.9493073,65139.45956,60094.27581,6559.245448,3847.296725,2162.723898,60295.12174,7799.252198,7822.896442,7885.03223,7875.06809,53194.38116,2376.852428,6238.631301,7259.622942,60342.55875,5527.592096,1062.102823,2284,65423,31310,21,65533,63459,3515,1843,433,63510,4444,4469,4452,4455,53197,101,3408,3864,63612,4265,84,5892.760686,5066.202865,8591.82844,2986.35846,1533.148174,1764.74924,7826.812339,7853.478483,4381.44831,7327.560088,8967.647851,8983.921726,9089.982036,9071.393553,134.264248,5786.193418,7435.025783,8699.079761,7566.133909,5194.752227,3290.593616,D1,N8,t
appliedMASKiso_shg_1mgml_roi3_8bit.ome,22,122.4201556,56.63003704,0.9206,3.787651852,151.93,45.602,0.93597,3.5237,27,58.99474291,29.09614615,0.04273026,0.949143854,22,3776,32.7121,3225,76,42.4342,19,1.2495,0.0146,0.0944,0.2495,131072,0.460016012,906.1282959,0.380555391,15.35733891,15.82377815,816.6443481,0.661174953,0.437433541,955.5136719,0.391859233,15.98414421,15.56944847,848.3668823,0.667459846,0.229811668,411.963501,0.150909111,6.953687191,9.990433693,460.4984436,0.172018558,1mgml,shg,roi3,4693.14388,59920.56808,31391.77174,456.0752604,65136.62631,60149.29181,6522.704831,3855.095185,2174.660343,60356.44238,7798.164448,7819.892092,7869.1555,7861.206296,53194.10271,2217.709437,6325.605962,7290.737303,60401.46789,5678.003459,1048.465856,2281,65422,31292,25,65534,63524,3424,1810,408,63585,4387,4405,4398,4400,53197,87,3376,3848,63689,4305.5,77,5877.505785,5006.912661,9109.713369,2766.981461,2102.561581,2080.541525,7752.57939,7692.280273,4643.5199,7319.538026,8943.249095,8962.592937,9019.463973,9008.270047,143.4603138,5649.967394,7673.107036,8652.771881,7530.984718,5427.207496,3753.578285,D1,N8,t
appliedMASKiso_shg_1mgml_roi3_8bit.ome,23,117.1866103,56.864,0.912007241,3.916555172,144.78,45.867,0.9196,3.9519,29,59.65872579,32.00140179,0.045161928,0.974999491,23,3756,32.897,3206,86,37.2791,19,1.2412,0.0153,0.1012,0.2023,131072,0.453702241,926.4922485,0.371356845,15.65071678,16.15828133,822.0673828,0.655549347,0.434033841,938.5668335,0.383905202,15.42286968,15.52834225,853.8511963,0.664811552,0.227260664,417.0596924,0.155378312,7.050937653,10.4700222,446.058075,0.174584612,1mgml,shg,roi3,4818.25802,60234.03992,31356.73705,566.0853938,65067.56577,59899.45245,6737.208778,3943.845631,2305.701588,60108.86113,8087.696829,8113.269697,8158.460999,8151.001833,53192.31751,2297.945158,6572.546765,7533.191757,60151.51659,5708.112015,1148.963953,2364,65449,31293,28,65533,63411,3606,1907,438,63468,4523,4548,4547,4545,53197,101,3538,3992,63586,4413,79,5986.718584,5064.828433,8814.218387,2753.790988,2637.053791,2480.51643,7978.920388,7874.529888,4846.356985,7516.524918,9147.416628,9164.004985,9232.37135,9219.763163,154.9279658,5840.840517,7839.161444,8863.232064,7744.683875,5220.678332,3995.968075,D1,N8,t
appliedMASKiso_shg_1mgml_roi3_8bit.ome,24,101.6734029,53.04161765,0.906325882,3.921729412,132.085,46.23,0.910815,4.08615,34,63.54948828,22.94217884,0.041805253,0.854924801,24,4188,29.2973,3551,98,36.2347,24,1.2695,0.0111,0.1153,0.2017,131072,0.417791843,959.6485596,0.376834333,16.52804375,17.66775322,851.8972778,0.626137674,0.385584414,976.982666,0.372635305,16.78145981,16.19357872,868.2644043,0.627884865,0.226309508,401.0441895,0.148719966,6.999894619,11.16318512,442.3429565,0.181475684,1mgml,shg,roi3,5117.133377,60730.06812,31394.07868,737.001157,64935.01632,59376.33455,7192.706188,4148.729054,2543.16988,59610.21816,8704.457789,8736.8603,8778.160881,8771.057373,53194.75367,1990.975896,6994.191428,8057.878808,59646.19389,5848.47947,1343.812838,2625,65489,31300,30,65532,62988,3989,2086,564,63063,5182,5214,5184,5193,53196,101,4025,4477,63160,4766,87,6252.432916,5186.308078,8601.105634,2689.115599,3305.622038,3061.876401,8494.844774,8243.398286,5127.149694,7981.676932,9579.015395,9596.835399,9687.174746,9671.274569,121.6921572,5080.173909,8031.235033,9282.149205,8214.934534,5034.145918,4631.360504,D1,N8,t
appliedMASKiso_shg_1mgml_roi3_8bit.ome,25,103.5962927,57.20243902,0.905092439,3.680485366,130.24,48.064,0.91064,3.4546,41,62.28475284,28.75770275,0.037480654,0.8605546,25,4245,28.877,3587,85,42.2,22,1.272,0.0127,0.1148,0.2401,131072,0.418191224,984.1558838,0.383774698,16.72365952,17.95487785,880.8879395,0.625181973,0.386698395,1010.453369,0.383956909,17.11545944,16.30040169,850.3922119,0.628551662,0.230814382,430.921936,0.14113161,7.36149931,11.27280617,478.0019836,0.185921803,1mgml,shg,roi3,5145.028222,60452.75034,31452.91536,629.9620347,64983.5235,59372.13137,7257.08,4207.88295,2544.996097,59613.55376,8730.771471,8761.328551,8807.622578,8799.838841,53195.16603,2656.083714,7041.970283,8091.076477,59640.62244,5894.638442,1243.443209,2687,65492,31317,26,65532,62846,4135,2151,611,62924,5382,5419,5378,5385,53197,107,4187,4614,63009,4846,88,6284.742751,5289.546977,8727.98682,2657.102887,2627.905527,2599.340623,8393.591149,8268.872436,5025.560957,7860.578251,9496.828462,9509.008339,9614.753741,9596.572725,139.2236755,6570.167819,8036.000425,9258.730773,8112.709616,5067.563349,3977.720339,D1,N8,t
appliedMASKiso_shg_1mgml_roi3_8bit.ome,26,106.5068795,53.96,0.910002045,3.700290909,122.85,41.894,0.915105,3.45485,44,58.54517411,33.38290001,0.030781865,0.906064911,26,4229,28.9938,3571,76,46.9868,22,1.2677,0.0193,0.1185,0.2093,131072,0.411015898,1003.82782,0.405185014,16.95199394,18.92841148,927.0921631,0.618042409,0.375440836,1023.425415,0.415760815,17.27643967,17.94464493,944.2665405,0.620120168,0.235989079,445.1608887,0.141689569,7.569329262,11.66321754,481.1914978,0.191516653,1mgml,shg,roi3,5226.45043,60317.91191,31395.54665,634.953517,64948.09124,59234.08407,7334.696174,4226.442354,2653.482764,59470.68035,8884.233802,8917.170879,8953.541364,8947.158285,53195.59208,2970.827184,7195.684626,8224.408769,59503.93594,5906.007543,1352.440005,2839,65488,31303,22,65531,62624,4353,2248,660,62743,5670,5709,5671,5675,53197,132,4350,4874,62796,5020,85,6344.602964,5251.161833,8867.237409,2664.718003,2221.481079,2423.480471,8574.608707,8330.650629,5086.889024,8051.769758,9633.29114,9649.200311,9749.705318,9732.236427,171.8328674,6755.114921,8147.923376,9379.666496,8290.831108,4989.126284,4053.290674,D1,N8,t
appliedMASKiso_shg_1mgml_roi3_8bit.ome,27,114.9671318,58.11847727,0.908822273,3.719395455,135.835,52.119,0.91364,3.5995,44,57.63531178,27.16155302,0.044857684,0.982900421,27,3865,31.9128,3231,87,37.1379,21,1.2351,0.0231,0.1181,0.2161,131072,0.421222568,1007.062012,0.455334574,16.6344471,19.54837036,1018.687073,0.626941025,0.377624094,1043.246948,0.460840225,17.0716362,18.84336281,1043.916138,0.622188389,0.238999292,465.705658,0.137789503,7.687697411,11.8288765,536.9056396,0.189398155,1mgml,shg,roi3,5290.783961,59957.41214,31458.57539,665.0476742,64926.05702,59214.51314,7414.779116,4313.460932,2629.947259,59480.71252,8910.921998,8939.095172,8986.388572,8978.51553,53196.85596,2733.252461,7192.782008,8288.231727,59496.48335,5970.964531,1325.511723,2940,65471,31318,22,65531,62534,4444,2321,690,62690,5778,5808,5783,5791,53197,123,4414,5011,62730,5133,85,6388.631508,5425.023025,9038.194223,2692.324978,2308.650214,2450.109452,8472.194167,8389.413691,4944.067226,7908.634531,9563.933373,9573.322577,9691.328925,9671.120135,103.6183391,6125.052554,8053.144959,9372.853749,8176.810602,5089.024625,3798.343938,D1,N8,t
appliedMASKiso_shg_1mgml_roi3_8bit.ome,28,110.5929332,62.82447368,0.907168947,3.653773684,130.98,44.7395,0.92116,3.59925,38,58.19705187,41.22851363,0.039658657,0.719307214,28,4063,30.2601,3446,76,45.3421,23,1.2557,0.0137,0.1179,0.1778,131072,0.425958484,1040.338379,0.476371974,16.77523041,19.98144531,1129.112305,0.631429076,0.381012231,1076.231323,0.494949877,17.26654816,20.06891632,1153.052002,0.625803471,0.242159426,502.2668762,0.15487425,7.973252773,11.75793457,666.5506592,0.188197389,1mgml,shg,roi3,5353.868703,59877.19135,31444.70185,627.682119,64957.55297,59220.12322,7505.388607,4391.940845,2551.276488,59519.29227,8903.907252,8929.280684,8999.972931,8988.651259,53196.40461,2513.745852,7075.00891,8326.521544,59519.61457,6082.221142,1211.997169,2903,65447,31332,26,65531,62588,4444,2330,679,62731,5680,5705,5691,5697,53197,123,4285,4935,62798,5096,89,6476.357536,5484.266026,8980.295958,2694.882421,2343.15274,2287.213148,8239.81796,8326.439923,4583.497905,7650.392277,9383.432666,9391.260022,9526.523261,9503.673448,120.5846534,5806.695913,7789.842529,9264.530343,7929.366935,5453.350028,3204.516626,D1,N8,t
appliedMASKiso_shg_1mgml_roi3_8bit.ome,29,90.2225619,66.82014286,0.904500952,3.661821429,98.293,56.3055,0.92499,3.66395,42,62.40542255,39.77976058,0.059347221,0.729690576,29,4100,29.969,3422,89,38.4494,20,1.2596,0.0172,0.1163,0.1406,131072,0.443070471,997.2151489,0.46775347,16.16262054,18.49617577,1078.509155,0.647899151,0.393489003,1015.782654,0.488987863,16.57783508,17.91492462,1046.782349,0.634771585,0.235237688,494.7172241,0.164757445,7.712034225,10.8685751,652.6147461,0.176506191,1mgml,shg,roi3,5292.11199,60402.63174,31480.17157,507.6393542,65041.03342,59286.86077,7489.914759,4390.093042,2401.159982,59591.53579,8881.210006,8908.599186,8983.100766,8971.182303,53196.3576,2280.386349,6947.956489,8265.004006,59592.73721,6169.677688,1039.385699,3004,65498,31321,25,65530,62426,4608,2394,712,62556,5927,5966,5933,5938,53197,126,4447,5136,62627,5247,93,6227.334403,5484.672335,8816.188364,2601.742521,1903.657829,1956.462881,7813.39375,8116.011407,4079.125666,7209.104037,8968.486702,8974.823491,9137.756628,9110.704794,115.1680841,5359.512401,7248.933409,8873.397115,7490.150375,5436.781993,2677.750075,D1,N8,t
appliedMASKiso_shg_1mgml_roi3_8bit.ome,30,107.7952362,57.74634043,0.91554617,3.389482979,119.05,47.966,0.93113,3.292,47,60.05703007,30.2885031,0.049419219,0.67820301,30,4479,27.2639,3738,91,41.0769,29,1.2862,0.018,0.1199,0.1045,131072,0.45229587,944.9556274,0.418924063,15.75605106,16.4005394,919.7366943,0.657798827,0.42086193,958.3109131,0.411185801,16.14602661,15.54325485,876.232666,0.654769182,0.219915897,441.3858948,0.159378409,7.135759354,9.457882881,540.234436,0.163164839,1mgml,shg,roi3,5207.094866,61261.53387,31465.54793,430.1283688,65102.4772,59243.51277,7438.860582,4277.806537,2317.785689,59524.01782,9028.520076,9065.891438,9099.661823,9093.561133,53195.4694,2446.252297,7037.819713,8261.199876,59541.58275,6214.211577,892.5926085,3321,65518,31320,20,65529,61952,5064,2622,833,62105,6635,6681,6617,6625,53196,109,4999,5683,62161,5694,110,5768.357877,5080.759115,8104.120979,2537.907223,2022.99997,1987.588896,7331.197981,7652.496645,3610.694897,6744.547479,8510.252147,8521.868406,8663.062323,8638.917457,123.8733674,5715.080516,6774.283216,8326.296879,7011.815416,5062.459999,2231.27328,D1,N8,t
appliedMASKiso_shg_1mgml_roi3_8bit.ome,31,83.62565581,58.69986047,0.91685186,3.46397907,83.48,52.182,0.92707,3.3577,43,61.15195713,24.55085448,0.030758213,0.751488403,31,4332,28.2569,3672,76,48.3158,35,1.2714,0.0156,0.1181,0.1098,131072,0.45431599,900.4638062,0.358847409,15.48764801,14.5996027,756.2582397,0.662282705,0.421747923,931.1882935,0.36095503,15.98023987,14.46792603,755.1821289,0.654995203,0.202569291,378.321228,0.139373884,6.392829418,7.65899229,378.9305725,0.148731902,1mgml,shg,roi3,5060.686447,62117.78735,31298.11392,226.2340808,65241.07002,59164.75597,7355.860161,4122.757384,2272.013564,59396.63381,9165.483729,9214.347477,9215.376811,9213.871202,53193.63984,2518.55305,7060.954705,8215.582079,59439.82268,6130.355282,767.550527,3509,65520,31303,20,65527,61538.5,5391,2768,901,61740,7121,7174,7124,7133,53196,102,5258,6073,61770,5831,134,5136.264528,4472.11771,6932.755216,2614.177813,917.5629544,1132.783202,6961.496955,7082.843598,3272.099688,6489.02239,8179.244195,8204.41101,8291.333898,8275.510461,160.3551446,5820.662798,6400.340729,7740.512156,6703.320308,4610.319202,1665.778079,D1,N8,t
appliedMASKiso_shg_1mgml_roi3_8bit.ome,32,96.51971333,53.40562222,0.907530889,3.267451111,103.24,46.428,0.90298,3.103,45,60.79489366,23.57256689,0.033808078,0.705473763,32,4561,26.7378,3764,84,44.8095,18,1.2889,0.0181,0.1103,0.1027,131072,0.471545726,857.5604248,0.301399589,14.93641281,12.90339088,646.8114014,0.677818835,0.440972209,897.6530151,0.292090833,15.57905483,12.7794466,660.1542358,0.668804526,0.187563732,333.017395,0.128572479,5.764530182,6.330800533,289.9457397,0.134029076,1mgml,shg,roi3,5004.112976,63336.64491,31076.02914,146.0395372,65305.18155,59045.71223,7351.818035,4023.940123,2239.214192,59249.03438,9440.566513,9504.195366,9451.161568,9457.384331,53192.4944,2247.760251,7141.319939,8279.750938,59325.38858,6160.313187,682.1100276,3663,65524,31287,16,65526,61212,5610,2841,957,61411,7568,7634,7531,7545,53196,101,5551,6374,61461,6018,114,4712.350485,4024.56295,5067.407151,1949.653134,423.2509723,705.5158245,6753.608718,6605.073069,3193.00658,6390.423895,7897.557366,7934.954596,7967.247321,7959.680825,127.7966101,5478.852747,6041.732345,7292.677723,6532.388498,4235.425551,1507.178736,D1,N8,t
appliedMASKiso_shg_1mgml_roi3_8bit.ome,33,80.1003725,55.349425,0.911606,3.39812,74.201,49.94,0.918665,3.26125,40,55.12439345,24.36211594,0.042417682,0.694379807,33,4405,27.7555,3637,78,46.6282,23,1.2885,0.0197,0.1122,0.1059,131072,0.442088872,892.8054199,0.262258142,15.82243919,13.22405148,628.4199219,0.655826032,0.417959213,929.581665,0.250077546,16.42999458,12.91579342,640.0303955,0.651315391,0.180760056,313.4778748,0.118363537,5.57580328,6.107269287,247.8977051,0.133893535,1mgml,shg,roi3,5206.106255,64024.00313,31206.04823,127.0519504,65309.28048,58466.28476,7777.515907,4169.406441,2460.238892,58641.52357,10237.79678,10319.34447,10206.71281,10221.43238,53194.25399,2536.919009,7543.163445,8777.84713,58750.03922,6293.120895,684.8086764,3882,65528,31294,16,65523,60658,6029,3028,1122,60829.5,8331,8412,8255,8278,53196,120.5,5940,6858,60919,6178,104,4593.749059,3892.823276,3951.895526,1548.341592,304.3161726,606.5331648,6948.914887,6524.785095,3395.531459,6672.67238,7983.480057,8030.312377,8028.265947,8025.849229,64.38790162,5672.162334,5927.498959,7238.862123,6759.109831,3869.248946,1501.070393,D1,N8,t
appliedMASKiso_shg_1mgml_roi3_8bit.ome,34,90.86977447,49.82774468,0.901193404,3.415493617,93.945,42.213,0.91096,3.2921,47,59.42485641,20.21434208,0.054258207,0.731880098,34,4631,26.3034,3783,84,45.0357,29,1.3093,0.0201,0.1166,0.08321,131072,0.406235248,929.3890991,0.240241438,16.82199669,13.91908264,633.210083,0.627953112,0.378711164,975.3162842,0.228414506,17.56598282,13.67865562,647.2438965,0.620211601,0.172508538,293.0033569,0.117033988,5.346190453,6.116718769,229.1945038,0.133334175,1mgml,shg,roi3,5637.122002,64567.29742,31253.99928,143.9643481,65263.3865,57397.34181,8585.405884,4524.269302,2924.474701,57511.41465,11612.71175,11717.70878,11517.79636,11545.02862,53195.92899,2377.498795,8401.010834,9705.753052,57670.43018,6513.669876,764.2881676,4327,65530,31320,16,65517,59595,6830,3368,1496,59711,9699,9803,9565.5,9599,53197,101.5,6849,7801,59839,6453,109,4567.850409,3908.682761,3234.950222,1642.843575,380.355614,740.1509875,7288.865798,6588.869989,3795.429926,7091.831112,8126.86566,8178.550221,8159.764169,8159.635007,68.78072745,5828.970205,5822.440355,7283.327575,7125.02835,3384.45574,1774.496622,D1,N8,t
appliedMASKiso_shg_1mgml_roi3_8bit.ome,35,90.2447525,46.710275,0.89964225,3.2875825,90.9545,42.117,0.91172,3.17675,40,59.3850217,15.43872692,0.056883576,0.666900152,35,4262,28.7539,3505,95,36.8947,19,1.292,0.0258,0.1099,0.09732,131072,0.409147501,913.9147949,0.225887269,16.68465614,13.56414413,613.0742188,0.630943596,0.389567375,945.0176392,0.210166126,17.18079567,12.97945404,608.532959,0.628750861,0.16567795,282.0937195,0.119631648,5.159358025,6.137763977,228.1627045,0.129574418,1mgml,shg,roi3,5843.895477,64701.58025,31292.27003,167.831075,65223.69256,56679.17095,9034.124817,4681.193207,3237.323761,56708.37186,12512.44965,12637.12446,12356.81684,12395.63277,53195.82718,2608.483466,8970.004059,10238.01839,56928.99333,6538.408821,843.8085931,4555,65531,31328,13,65510,58872,7268,3547,1806,58916,10533,10655,10344,10391,53197,101,7433,8327,59108,6462,144,4449.478964,3811.869785,2899.611806,1621.399812,759.3653233,1127.348289,7308.250774,6459.387322,3960.806674,7140.701583,7986.873908,8038.617869,8016.050363,8016.478178,76.03509882,6218.769922,5525.687366,7128.356498,7147.792418,2958.43091,2215.200477,D1,N8,t
appliedMASKiso_shg_1mgml_roi3_8bit.ome,36,91.83052286,49.25431429,0.893021714,3.288585714,93.945,43.478,0.91099,3.0249,35,54.48767267,18.80207026,0.075750907,0.791477767,36,4239,28.9207,3439,68,50.5735,24,1.2691,0.0187,0.109,0.1207,131072,0.394837677,933.2468262,0.209078699,17.14680481,13.89829063,612.7650757,0.618754148,0.375178814,957.0932617,0.183733553,17.54915237,13.19684696,601.8620605,0.617325723,0.163018867,282.79776,0.124436505,5.195038319,6.478345394,230.235611,0.132699728,1mgml,shg,roi3,6006.117607,64778.86936,31208.31074,202.7007319,65168.6394,56008.07413,9430.358414,4795.830711,3616.400711,55924.48209,13287.03656,13432.02485,13090.09451,13137.63324,53196.66707,2296.128049,9523.636894,10689.8229,56213.91246,6462.348106,980.8774691,4700,65531,31327,11,65505,58330,7632,3669,2089,58268.5,11157,11291,10944.5,10992,53198,90,8017,8686,58523.5,6393,180,4442.251396,3745.330032,2784.804318,1513.309886,1178.005559,1574.007632,7528.687361,6460.423751,4345.870971,7405.82186,8061.767647,8118.772795,8089.477705,8090.995245,59.80373437,5729.315267,5424.123814,7159.23302,7375.042368,2582.650633,2783.102516,D1,N8,t
appliedMASKiso_shg_1mgml_roi3_8bit.ome,37,78.350075,50.4469,0.90755625,3.3517025,77.7325,43.144,0.91896,3.09015,40,53.91245229,18.07509774,0.042344062,0.798122533,37,4229,28.9938,3480,79,44.0506,29,1.263,0.0125,0.1096,0.09949,131072,0.392229378,916.3876953,0.237004459,16.91704941,14.2830534,635.9329834,0.617969513,0.384676039,925.1451416,0.225606009,17.02563858,13.12777901,602.5050659,0.625365019,0.156789526,263.4509583,0.130950317,4.849165916,6.880660057,276.1188049,0.129015654,1mgml,shg,roi3,6086.431946,64945.70576,31127.68288,225.4245553,65134.69356,55653.47418,9568.972275,4823.780594,3861.442032,55474.21865,13716.32529,13872.56532,13466.40536,13523.3364,53195.6442,2559.927885,9977.463821,10914.2626,55815.08228,6375.323029,1048.055038,4696.5,65531,31315,10,65503,58109.5,7632,3644,2256,57938,11437,11583,11155,11216,53198,91,8472,8777,58257,6211,201,4607.375762,3940.447965,2431.41874,1311.875355,1507.274089,1824.505835,7731.220937,6628.43235,4547.861496,7637.206205,8197.066504,8253.961711,8227.990556,8228.793469,105.4401572,5968.914213,5508.541923,7309.307072,7590.842644,2478.049173,2716.869406,D1,N8,t
appliedMASKiso_shg_1mgml_roi3_8bit.ome,38,84.904304,58.14496,0.8993864,3.577548,90,45.484,0.90531,3.5521,25,50.97723555,33.91376522,0.044750936,0.78545293,38,4333,28.2499,3472,83,41.8313,22,1.2731,0.0213,0.0988,0.08822,131072,0.453491271,826.2802124,0.270226061,15.02684402,12.70188618,613.5543823,0.666550577,0.455556452,813.5178833,0.255672216,14.76987839,11.43814659,560.0651855,0.679223776,0.157309279,267.3442078,0.142842248,4.784069061,6.478020191,303.7654419,0.122297093,1mgml,shg,roi3,5704.072975,64810.11194,31167.02897,171.0316267,65215.87655,56381.04986,8985.113541,4527.423584,3487.359337,56194.62737,12876.95901,13023.42334,12643.10137,12696.40333,53195.10777,2501.846707,9476.621185,10241.15922,56521.40581,6183.433121,864.5417557,4275,65528,31289.5,8,65510,58747,7012,3336,2052,58509,10605,10746,10335,10394,53197,110.5,7952,8063,58842,5807,168,4470.3907,3889.439448,2628.126707,1537.13688,988.4727117,1334.577406,7273.179551,6410.240312,4139.029542,7115.910631,7800.586354,7848.050703,7846.669598,7844.015191,95.51298973,5774.511696,5302.085412,7038.976216,7115.583145,2592.733899,2207.713485,D1,N8,t
appliedMASKiso_shg_1mgml_roi3_8bit.ome,39,91.45008462,63.36815385,0.909813846,3.589611538,103.5515,54.526,0.918915,3.53265,26,59.675548,30.93971403,0.045937533,0.849266867,39,4313,28.3902,3457,78,44.3205,22,1.2669,0.0178,0.103,0.07153,131072,0.431678891,870.3549805,0.264992416,15.81409931,13.13668728,650.2736816,0.651888251,0.429804564,849.9584961,0.235854164,15.58244896,11.99354076,573.8393555,0.659798741,0.139038861,248.6300507,0.157813549,4.318905354,6.098324299,315.1541138,0.110167392,1mgml,shg,roi3,5582.649895,65141.04459,31051.7362,136.6192013,65261.00163,56655.93706,8802.761261,4439.589394,3321.679657,56469.50477,12630.0184,12773.86372,12396.28257,12449.23443,53195.51465,1883.715777,9357.690353,10026.94939,56789.44672,6229.184921,791.0680542,4113,65529,31262,7,65514,59007,6794,3190,1947,58719,10377,10518,10087,10147,53197,89,7920,7814,59064,5754,148,4419.817331,3884.689897,1893.504496,1234.730993,553.2336397,972.6677355,7091.064809,6345.617137,4014.659601,6923.190748,7606.981415,7651.121067,7667.840843,7662.17129,74.42644633,4828.454383,5138.662522,6913.46501,6928.623012,2879.713009,2144.099374,D1,N8,t
appliedMASKiso_shg_1mgml_roi3_8bit.ome,40,93.19514301,55.79305479,0.902627123,3.377116438,103.3,49.469,0.91325,3.0112,73,53.733498,25.55173671,0.059320335,1.052470597,40,4805,25.2785,3894,78,49.9231,30,1.2963,0.0198,0.2093,0.07481,131072,0.095967494,1389.058716,0.162736505,27.19937706,27.1656456,846.2835083,0.307534724,0.07798481,1425.740601,0.123857789,28.02671242,26.78722191,797.2982788,0.292288899,0.073830426,155.0423737,0.124772623,3.003941059,5.992125034,174.919632,0.094203703,1mgml,shg,roi3,7781.020981,65532.95626,31393.35869,414.4622057,64656.85021,51326.35701,12692.48405,6232.089409,6654.432251,50704.12809,18508.85607,18742.23533,18140.67916,18224.89549,53198.66827,5151.333333,13680.62015,14355.11581,51282.81165,6759.785782,2508.820976,6401,65534,31403,25,65405,53591,10819,5032,4778,52889,16548,16782,16108,16199,53199,5057,12627,12337,53463,6450,773,4678.647666,4162.72239,80.97220051,70.1992253,1486.5848,2400.887437,8442.65719,6876.822765,6043.074581,8478.916127,8306.163066,8363.894139,8376.259741,8370.716796,0.883436892,4017.308745,5238.153851,7460.152487,8337.920983,1796.886568,5029.524913,D1,N8,t
appliedMASKiso_shg_1mgml_roi3_8bit.ome,41,92.76479217,63.76352174,0.922823261,3.430597826,102.155,55.021,0.93492,3.5106,46,56.19281444,35.73365304,0.035498794,0.924082137,41,3990,30.8504,3262,89,36.6517,13,1.2506,0.0118,0.1753,0.06868,131072,0.147803649,1326.410034,0.159969673,25.57115746,22.96985435,808.0757446,0.3828789,0.12939848,1358.06897,0.119689099,26.26996231,22.66048431,764.8413696,0.369472682,0.081487559,160.0661926,0.12245401,3.113842964,5.40704298,174.1661072,0.090837263,1mgml,shg,roi3,6666.442909,65532.64043,31374.72394,234.3573692,65056.00806,53936.2184,10837.11605,5300.162903,4757.71489,53498.62241,15899.92223,16099.92741,15562.63849,15638.08282,53198.46715,3864.25,11907.67315,12308.21393,53955.33398,6742.276299,1376.406097,5342,65534,31386,10,65489,56143,9053,4205,3181,55630,13916,14114,13529,13614,53199,2668,10841,10333,56085,6531,317,4289.241135,3635.918815,80.9956751,79.76969303,999.3413051,1586.439486,7554.678553,6279.890382,4737.440512,7494.580285,7664.643349,7716.461273,7724.668269,7720.188844,0.928663345,4132.048849,4860.846398,6876.614638,7419.04205,1813.325176,3195.490741,D1,N8,t
appliedMASKiso_shg_1mgml_roi3_8bit.ome,42,93.96241739,51.29951087,0.892824674,3.489725,99.767,43.213,0.91126,3.1084,92,55.10220004,23.33703639,0.070751368,1.08339664,42,2812,44.612,2349,43,54.6279,8,1.1554,0.0103,0.2552,0.08768,131072,0.032847915,1331.043579,0.114726357,27.83837891,34.75247955,743.8024902,0.175268978,0.016052015,1372.442627,0.063236736,28.77101707,35.24319077,719.7868042,0.146964237,0.055411257,141.1067657,0.123145901,2.927424192,5.047298431,67.460495,0.093135811,1mgml,shg,roi3,9329.289207,65532.94147,31400.61516,831.2931773,63675.96336,45883.01928,15508.0158,7360.83857,12627.93044,44328.37599,23569.54334,23897.21492,22933.43441,23069.66169,53199.00269,3863.75,18322.70353,17714.64764,45438.94156,5598.906685,6580.293617,8247,65534,31407,302,64573,47537,14080,6485,11440,45843,22114,22444,21400,21545,53199,2668,17917,16142,46979,5223,4676,3860.396868,3267.487529,80.96389861,60.55869024,1795.419987,2784.365756,7216.445568,5730.284802,5718.555343,7263.68526,6922.46667,6973.006751,7000.12134,6992.531507,0.784714266,4132.516145,4053.338101,6225.645241,7121.974107,1568.671849,6057.966462,D1,N8,t
appliedMASKiso_shg_1mgml_roi3_8bit.ome,43,85.89686897,48.96910345,0.89466,3.107101149,84.806,41.689,0.9113,2.6962,87,54.81089647,23.58944771,0.068125973,0.867488642,43,2365,53.422,1950,37,52.7027,6,1.1049,0.0154,0.2266,0.07262,131072,0.042804692,1387.865112,0.093424022,28.43269348,31.73743248,741.7058105,0.202409819,0.025178686,1433.000977,0.048360698,29.41253471,32.22959137,732.3181152,0.175360829,0.058876954,152.1220703,0.111513324,3.097179651,4.365116119,38.84136581,0.091504879,1mgml,shg,roi3,8189.46489,65532.82139,31392.48752,379.769414,64538.94994,48595.92316,13667.79015,6427.034561,10010.02851,47184.39084,21121.59698,21424.52266,20486.10874,20619.22346,53198.97405,5151.333333,16892.54611,15696.91021,48185.227,5688.878944,4066.692467,7217,65534,31397,132,65035,50239,12386,5682,8792,48754,19611,19908,18942,19082,53199,5057,16392,14210,49748,5411,2723,3352.940535,2764.465868,80.96508562,61.23361333,964.3216231,1656.95524,6500.357933,5018.477662,4956.434385,6623.88365,6398.823361,6456.256936,6405.361744,6409.896515,0.756869341,4017.308745,3963.326231,5556.685161,6454.836251,1299.594868,4208.651699,D1,N8,t
appliedMASKiso_shg_1mgml_roi3_8bit.ome,44,80.19441754,44.58447368,0.890760175,2.583364912,80.838,39.858,0.90166,2.4245,57,54.45882745,16.73150418,0.064757007,0.421758755,44,2044,62.1257,1673,38,44.0263,2,1.0654,0.0189,0.1805,0.08044,131072,0.07887543,1440.742065,0.070451975,28.47294235,26.03434563,741.5788574,0.279581964,0.060645819,1489.547119,0.029689439,29.45537186,26.50082779,744.9599609,0.257590204,0.064749442,160.429718,0.090602323,3.170873404,3.427788496,41.66877747,0.083701327,1mgml,shg,roi3,6431.853989,65532.63676,31377.4069,72.41586698,65271.17876,53238.12009,10749.04478,5050.614311,5690.413338,52296.14322,16738.40099,16979.79331,16206.42438,16316.37225,53198.81469,5151.333333,13662.92088,12372.91203,53000.38416,6240.223969,1296.672806,5605,65533,31381,20,65422,54677,9563,4383,4779.5,53679,15366,15603,14796,14912,53199,5057,13146,11068,54393,6012,762,2775.72315,2323.158892,80.96913146,63.53767682,240.7122807,562.6956479,5278.688236,4220.944237,3431.788322,5381.928013,5451.634704,5504.785912,5439.814369,5446.686862,0.750294928,4017.308745,3566.626536,4656.25417,5255.044976,1263.467474,1824.194918,D1,N8,t
appliedMASKiso_shg_1mgml_roi3_8bit.ome,45,78.45906,41.39362857,0.901114286,2.296422857,71.114,37.486,0.90417,2.2777,35,53.6275365,11.75733246,0.042371017,0.1659919,45,623,208.39,521,13,40.0769,1,0.8673,0.0188,0.1677,0.2794,131072,0.081971295,1445.486084,0.105098478,28.59255219,25.1525116,723.7721558,0.285112947,0.063460805,1495.231201,0.06294398,29.58028793,25.82570457,732.3609619,0.262576401,0.063911773,164.2591095,0.105232388,3.212816238,3.034254074,39.4339447,0.081299663,1mgml,shg,roi3,5995.298767,65532.50462,31370.55974,34.56929928,65373.48009,54156.64742,10075.54671,4715.49881,5057.3843,53240.73246,15832.0219,16063.2381,15301.02923,15409.58643,53198.79416,5151.333333,13314.91129,11608.63448,53916.80173,6212.180702,917.7810211,5318,65533,31373,16,65440,55288,9107,4156,4469,54298,14720,14948,14138,14253,53199,5057,12951,10537,54995.5,5949,662,2279.902336,1964.834643,80.96668657,62.23676501,70.97560783,236.5659181,4170.834806,3524.269103,2394.538648,4204.406554,4433.387709,4474.314448,4444.40317,4446.263785,0.732827534,4017.308745,3018.273062,3804.864386,4136.381923,1324.685637,899.2360042,D1,N8,t
appliedMASKiso_shg_2mgml_roi1_8bit.ome,1,72.97883023,54.20109302,0.934928837,3.774734884,52.883,48.111,0.94476,3.7231,43,60.68032078,20.58143357,0.031715964,0.662276259,1,4247,28.8625,3513,93,37.7742,33,1.2713,0.0227,0.068,0.1988,131072,0.634228468,427.9416199,0.548181474,8.063434601,8.970781326,530.0820923,0.794677079,0.641608119,404.4907837,0.581049562,7.755650043,8.572023392,511.9436951,0.80523473,0.154392362,198.8947449,0.126600876,3.596147776,4.843761921,298.1399841,0.097204879,2mgml,shg,roi1,2450.010813,54413.01817,32007.61324,138.1974287,65404.06271,62135.60284,4538.040066,2755.538218,1449.726356,61906.72277,5746.05778,5734.626067,5805.085302,5794.711035,16813.25153,2508.651026,4916.909162,4739.229329,62262.00703,3216.537788,546.1579185,1358,63643,31772,12,65535,64319,2655,1458,347,63935,3557,3549,3564,3565,16813,92,3171,2815,64360,2325,47,2940.761261,3445.306911,14317.65897,2816.942741,466.6318678,567.1375041,5018.618114,5121.503692,2747.654462,4533.525479,6383.840427,6383.475672,6446.017143,6433.693966,6.621587021,6422.655239,5173.57131,5337.186296,4799.327015,3305.35858,1643.034274,D1,N8,t
appliedMASKiso_shg_2mgml_roi1_8bit.ome,2,68.24614898,52.16489796,0.928299184,3.696446939,51.34,44.514,0.93651,3.8298,49,54.48942309,23.6724057,0.04080792,0.779071205,2,4276,28.6532,3538,101,35.0297,22,1.2702,0.0166,0.071,0.2012,131072,0.615637004,446.2581177,0.535152674,8.495082855,9.47990036,531.4055786,0.781274557,0.625976801,426.0296631,0.566284657,8.198257446,8.563631058,490.3799438,0.795397937,0.172449172,217.6299133,0.126012534,4.016354561,5.54946661,304.6029358,0.111363783,2mgml,shg,roi1,2671.525918,54770.43816,31991.93545,205.159762,65355.81393,61792.16056,4940.990382,3000.111602,1682.118442,61602.29123,6263.790392,6251.103445,6336.394837,6323.780483,16813.29166,2880.435801,5282.900987,5173.392069,61930.22345,3421.040914,726.6973589,1456,64563,31792,14,65534,64208.5,2859,1568,399,63839,3867,3854,3888,3889,16813,115,3415,3054,64261,2508,48,3214.124194,3772.474988,14377.87692,2728.599799,778.0416669,841.9470873,5669.123247,5664.919248,3360.303267,5173.155508,7037.715268,7036.031433,7117.571462,7102.243251,4.981541364,6840.882292,5654.754182,5877.55831,5457.022464,3454.032636,2343.420269,D1,N8,t
appliedMASKiso_shg_2mgml_roi1_8bit.ome,3,55.44780476,57.05652381,0.930885,3.765130952,38.4845,48.9045,0.93417,3.65925,42,48.95266396,23.66766049,0.033369946,0.735250058,3,4462,27.3754,3642,108,33.7222,19,1.2853,0.0228,0.0723,0.2048,131072,0.602904737,460.0698242,0.527432442,8.843182564,9.811063766,540.4588623,0.772082031,0.605792701,433.2324829,0.560846508,8.445949554,8.869867325,494.296814,0.782984614,0.179089189,231.4560852,0.132079154,4.300200462,5.941804409,312.3821716,0.117425799,2mgml,shg,roi1,2825.57905,55415.15548,31982.32398,276.7299842,65306.32523,61511.17397,5211.101941,3157.486846,1830.840986,61359.81049,6608.196465,6593.887418,6684.138256,6670.807254,16813.272,2738.089974,5553.237385,5466.887485,61665.5413,3558.594538,883.7452144,1526,65021,31801,14,65534,64093,2989,1645,430,63759.5,4081,4068,4095,4096,16813,108.5,3618,3206,64151,2631,54,3414.269636,3927.204186,14106.76937,2712.484892,1111.438735,1122.25302,6170.476476,6010.12157,3797.644074,5639.005979,7511.902406,7508.629596,7596.952323,7580.70484,4.908804681,6646.991099,5977.352123,6284.584464,5940.168664,3544.694639,2942.918219,D1,N8,t
appliedMASKiso_shg_2mgml_roi1_8bit.ome,4,73.17208684,61.17665789,0.922363684,3.660252632,60.257,47.703,0.93199,3.44515,38,55.87805079,34.71850258,0.039400919,0.645049616,4,4179,29.3647,3337,95,35.1263,23,1.2731,0.0205,0.0694,0.2153,131072,0.627434731,439.4828796,0.542091966,8.323414803,9.381277084,539.6535034,0.787912011,0.633752525,420.6348267,0.570842266,8.044032097,8.499299049,496.5547791,0.800292134,0.179982156,237.94841,0.134771556,4.335687637,5.956983566,330.967804,0.115423933,2mgml,shg,roi1,2910.117629,55402.80126,31982.63207,249.8401825,65320.63965,61481.71968,5300.28104,3229.753401,1763.871266,61372.95978,6646.933097,6629.051043,6735.21722,6719.563923,16813.26847,2842.292308,5608.363881,5566.211586,61660.53694,3685.503164,788.3327454,1530,64985,31816,15,65534,64155,2970,1653,399,63808,3972,3960,3994,3994,16813,127,3537,3152,64214,2666,53,3551.663338,4032.660793,13968.7563,2632.492154,865.1904198,960.7963943,6188.886324,6172.29126,3537.685374,5561.558871,7569.214724,7558.309707,7685.601661,7663.564363,4.872440376,6973.172952,6056.452306,6450.867966,5906.697188,3700.536107,2432.880217,D1,N8,t
appliedMASKiso_shg_2mgml_roi1_8bit.ome,5,68.70186857,52.14802857,0.919686,3.763948571,48.504,40.251,0.93102,3.6183,35,56.26759271,29.49627967,0.042528239,0.709322231,5,4073,30.1809,3318,110,30.1636,21,1.2655,0.0184,0.0635,0.2221,131072,0.657296896,420.0974121,0.541664779,7.72653532,8.72537899,525.5441284,0.806938887,0.668677211,385.3042603,0.550007999,7.23154068,7.609007835,442.5106201,0.821239352,0.174666479,241.124527,0.135940954,4.220841408,5.951067924,368.2980042,0.110386983,2mgml,shg,roi1,2929.399794,55490.65071,31974.35337,245.666992,65328.08869,61565.29339,5264.107782,3262.727192,1659.571788,61495.89068,6511.823674,6490.281317,6615.353954,6596.966933,16813.25753,2862.94823,5489.12303,5522.166689,61766.17706,3769.689331,707.0613752,1481,64810.5,31815,14,65534,64205,2878,1619,356,63877,3775,3763,3818,3811,16813,108.5,3374,3046,64272,2639,41,3692.105009,4254.642092,13776.12085,2680.970328,723.7317352,865.0208541,6109.686157,6252.214332,3389.670541,5422.427541,7490.980668,7475.448532,7627.06702,7601.255091,5.707962997,7046.159271,5995.716218,6508.653673,5788.787272,3922.575964,2212.619238,D1,N8,t
appliedMASKiso_shg_2mgml_roi1_8bit.ome,6,57.07767059,56.55805882,0.937051176,3.751855882,40.0075,48.0135,0.940025,3.5672,34,49.17428772,26.25063769,0.023507505,0.676212084,6,3819,32.3213,3110,103,30.1942,25,1.2355,0.0194,0.0594,0.2442,131072,0.689880729,366.0574341,0.530680418,6.822838306,7.702386856,452.3961182,0.827718079,0.707318425,330.8013611,0.563562274,6.254320145,6.304110527,368.9655457,0.844139397,0.165054485,204.1199799,0.144276634,3.742581129,5.493038654,317.3508606,0.103145301,2mgml,shg,roi1,2962.694983,55738.87476,31932.77213,228.5050638,65339.86395,61541.57121,5294.196575,3297.381423,1636.058284,61492.07579,6528.589466,6504.770035,6639.032112,6619.293975,16813.22279,2591.137255,5526.230706,5561.178519,61751.3728,3846.010449,649.1468237,1502,64862,31803,15,65534,64176,2878,1628,356,63838,3783,3770,3808,3802,16813,103.5,3415,3057,64245,2681,41,3727.783996,4299.023928,13488.46576,2589.220638,819.1848539,895.9639261,6018.209574,6233.514971,3388.480246,5331.619259,7407.629321,7388.910829,7539.135765,7513.309547,7.967381464,6643.923933,6045.88869,6480.136869,5697.336859,4002.047064,2205.619516,D1,N8,t
appliedMASKiso_shg_2mgml_roi1_8bit.ome,7,63.65692813,56.96378125,0.9273875,3.68179375,44.478,51.893,0.929855,3.67435,32,48.15204025,22.23159272,0.029110274,0.673746927,7,3702,33.406,2994,103,29.068,10,1.227,0.0148,0.061,0.2675,131072,0.682286441,378.8731995,0.518878937,7.062725544,7.571345329,442.0484619,0.823532462,0.694600165,363.4541931,0.54477644,6.792282104,6.57251358,394.6118774,0.836500585,0.157168075,187.2106323,0.134882852,3.556327105,4.835511208,273.6241455,0.098498382,2mgml,shg,roi1,3097.777247,56589.80862,31860.64505,216.0457135,65338.58536,61342.85159,5552.630667,3467.047018,1664.355644,61351.65886,6803.665715,6776.650911,6929.714938,6907.202516,16813.23922,2614.294012,5656.206452,5811.921103,61579.53386,4014.170739,614.1128255,1649,65236.5,31793,15,65534,64008,3175,1806,381,63723,4016,4009,4082,4073,16813,104,3578,3311,64108,2922,43,3811.207824,4394.280397,13172.67139,2557.205079,864.7445112,913.4555438,6121.610321,6360.130033,3269.557199,5398.19563,7499.622115,7477.70632,7645.90914,7617.411226,5.097161036,6529.328316,5973.452912,6600.565194,5776.896482,4010.107251,1903.265806,D1,N8,t
appliedMASKiso_shg_2mgml_roi1_8bit.ome,8,60.15291667,55.58156667,0.936782667,3.829986667,39.345,47.449,0.934095,3.8973,30,60.81523635,24.51037177,0.030449396,0.597995672,8,3788,32.6022,3095,102,30.3431,11,1.2284,0.0208,0.0638,0.3262,131072,0.665749252,418.3678894,0.557337344,7.62766552,8.54227066,533.3346558,0.812243521,0.677531719,383.6882935,0.584627926,7.029547215,7.525783062,459.9573669,0.826601267,0.171087787,244.9369965,0.136181459,4.267442703,5.647369862,358.2875366,0.108243965,2mgml,shg,roi1,3318.138241,56865.76305,31915.67972,290.2931361,65287.53692,61077.34559,5904.772897,3740.67612,1725.153588,61175.9001,7116.143184,7081.758115,7271.069989,7243.255327,16813.20073,2499.498671,5869.537531,6152.913029,61355.39542,4272.908654,638.8217499,1809,65310,31810,16,65534,63747,3435,1984,444,63550,4399,4381,4461,4453,16813,97,3822,3637,63878,3127,49,4051.746381,4715.413398,12749.75347,2526.532009,1382.573933,1317.477239,6263.807438,6651.905238,3252.671801,5443.33601,7605.765098,7572.136704,7793.321593,7756.840843,6.215537807,6022.859599,6046.206028,6850.000043,5867.578605,4212.705694,2176.09716,D1,N8,t
appliedMASKiso_shg_2mgml_roi1_8bit.ome,9,60.24017647,53.39526471,0.935345,3.810029412,38.7705,46.7765,0.943265,3.6949,34,60.86812162,19.04092958,0.027806829,0.704862894,9,3433,36.1803,2804,104,26.9615,15,1.1987,0.0163,0.0626,0.305,131072,0.699207544,418.1104736,0.6002509,7.078952312,8.713392258,608.9362183,0.832679987,0.713165343,370.4461975,0.635395765,6.5109272,7.439391136,492.1343689,0.847671509,0.170649946,276.0131531,0.130300224,4.425219536,6.540881634,454.2500916,0.106198311,2mgml,shg,roi1,3440.364124,56161.35726,31919.53192,319.2841941,65265.05753,61089.04433,6024.53599,3886.022814,1643.924906,61263.9833,7037.023416,6992.649861,7236.90519,7201.010198,16813.25598,2758.438009,5727.947839,6245.131137,61401.27807,4451.17356,608.7848231,1807,64662.5,31811,16,65534,63720,3435,1975,432,63540,4356,4337,4437,4424.5,16813,111.5,3740,3631,63861,3149,45,4267.115197,4930.79694,12481.46721,2352.793454,1411.205865,1352.462052,6228.355983,6841.926597,3092.387664,5298.67484,7505.716983,7457.341905,7759.81428,7711.318979,6.531206376,6393.052025,5904.516223,7013.382387,5788.266486,4473.118211,1918.439792,D1,N8,t
appliedMASKiso_shg_2mgml_roi1_8bit.ome,10,67.83841765,51.83526471,0.929208824,3.930085294,44.4975,43.373,0.940965,3.99125,34,59.01301596,20.71140077,0.049516612,0.761631792,10,3500,35.4494,2914,112,26.0179,18,1.2146,0.0123,0.0638,0.2873,131072,0.696956217,443.2429199,0.60568428,7.286418438,9.146127701,663.2267456,0.831730783,0.703003407,401.7862549,0.638119221,6.911554813,8.094776154,562.4249878,0.8417449,0.166525051,286.5620728,0.130605772,4.399960995,6.82105732,506.7612,0.102437094,2mgml,shg,roi1,3522.806358,56219.15553,31927.10366,374.7684107,65230.16763,61035.96549,6146.135749,4012.38535,1606.642896,61260.56837,7051.507838,7001.511004,7281.815911,7240.599529,16813.31152,2683.470341,5642.755197,6336.592129,61369.91467,4535.57249,633.5754773,1828,64489,31813,17,65534,63651,3472,1975,432,63503,4423,4406,4507,4495,16813,100,3781,3672,63803,3169,41,4468.027476,5295.656292,12255.70068,2466.255985,1534.711195,1468.676162,6330.804378,7169.8647,3043.640912,5314.212782,7548.866272,7487.767349,7867.642048,7807.370112,4.864504347,6359.224564,5797.44226,7224.400489,5855.393824,4677.057486,1980.333102,D1,N8,t
appliedMASKiso_shg_2mgml_roi1_8bit.ome,11,60.48300645,68.79406452,0.92462,3.743216129,35.287,56.035,0.93903,3.7175,31,56.72275586,34.46183593,0.052447194,0.615977592,11,3735,33.0932,3093,108,28.6389,26,1.2329,0.0177,0.0668,0.2455,131072,0.686583638,442.7049561,0.601022542,7.408950806,9.188868523,658.2160034,0.826327085,0.691438615,397.5849609,0.620513797,7.00142622,7.973533154,546.807251,0.834844828,0.161381945,264.6455078,0.129674301,4.132732391,6.429187775,501.3838806,0.098343767,2mgml,shg,roi1,3594.280583,56549.92002,31895.36657,380.5108161,65220.78027,60950.30373,6245.407567,4084.833976,1632.440746,61190.23185,7167.534119,7115.843003,7398.712924,7357.148673,16813.27361,2632.494075,5744.045698,6443.823661,61293.29922,4613.194025,640.8112098,1853,64973,31819,15,65534,63614,3527,2009,450,63474,4510,4491,4587,4572,16813,88.5,3862,3737,63760,3205,47,4627.372848,5465.901295,12223.10753,2411.108553,1470.459078,1459.58051,6420.741932,7327.106946,2980.311699,5362.895902,7661.899142,7597.386867,7987.935847,7925.829625,5.199365796,6258.707206,5872.0375,7370.858356,5919.749888,4909.279588,1867.553861,D1,N8,t
appliedMASKiso_shg_2mgml_roi1_8bit.ome,12,68.99612941,61.09223529,0.928709118,3.826708824,48.5975,51.556,0.93548,3.60975,34,59.95323051,35.1329578,0.044596963,0.686781635,12,3612,34.2882,2950,96,30.7292,23,1.2185,0.0195,0.0672,0.2405,131072,0.687005818,436.5848083,0.588545382,7.332132816,8.893825531,635.3768311,0.827114582,0.702440023,369.6740112,0.617310166,6.617025852,7.334282398,490.219635,0.841772437,0.156757772,258.5751343,0.132161736,3.952922821,6.058924198,486.2065735,0.095576189,2mgml,shg,roi1,3622.732965,56517.98871,31876.42765,380.417303,65214.05269,60923.30688,6256.977301,4122.680388,1717.116849,61152.35001,7191.537753,7139.515369,7414.740482,7374.40783,16813.30776,3056.403126,5804.743144,6467.63443,61261.63373,4638.912393,704.5695019,1853,64969,31808,16,65534,63676,3527,2035,441,63518,4447,4428,4536,4521,16813,82,3781,3721,63819,3234,49,4742.649497,5598.156525,12354.58325,2406.843853,1390.073443,1433.022099,6548.041017,7379.986968,3303.301598,5530.761595,7822.818752,7761.086937,8111.249409,8055.197437,4.885561869,7057.672954,6137.191766,7481.047528,6056.107954,5124.493311,2048.057199,D1,N8,t
appliedMASKiso_shg_2mgml_roi1_8bit.ome,13,74.82001071,57.12814286,0.928623214,3.951039286,53.3495,52.4865,0.94742,3.7636,28,60.12967284,22.16779749,0.052836624,0.75388297,13,3429,36.2248,2806,108,25.9815,14,1.2141,0.0201,0.0637,0.2308,131072,0.696623445,424.7130127,0.568831086,7.139482975,8.388957977,605.5449829,0.833145022,0.719858706,374.6056824,0.579050899,6.476868153,6.874797344,471.2290649,0.851422489,0.151772812,238.8332825,0.145706281,3.733956099,5.616047859,482.0690002,0.091970272,2mgml,shg,roi1,3585.769105,56345.37329,31904.15163,414.7012762,65206.04378,61074.50831,6184.952672,4129.377352,1620.991038,61301.55592,6989.728606,6934.971488,7225.600933,7183.047593,16813.31245,2511.073727,5587.585303,6342.655741,61412.37621,4636.317665,679.632946,1847,64951.5,31801,17,65534,63730,3490,2026,411,63609,4311.5,4285,4430,4413,16813,103,3618,3665,63883,3221,46,4821.7217,5723.432814,12537.77564,2531.200443,1648.236976,1595.160788,6364.605473,7365.558074,3093.282993,5323.578629,7620.073313,7554.621793,7931.978536,7871.799092,5.89561692,5946.446036,5852.358134,7404.253255,5859.979737,5317.945608,2141.101165,D1,N8,t
appliedMASKiso_shg_2mgml_roi1_8bit.ome,14,66.76336389,50.65113889,0.911906111,3.946680556,56.752,39.5355,0.92524,3.83975,36,50.39415329,22.81790611,0.051779651,0.719205168,14,3383,36.7446,2792,93,30.0215,20,1.2134,0.0227,0.0662,0.2373,131072,0.674325705,416.5112915,0.580668747,7.392433643,8.910611153,585.1856079,0.818569422,0.682075381,407.2940063,0.603723466,7.266178608,8.13802433,532.7186279,0.829986572,0.167742714,224.3690948,0.135673463,3.902233601,5.825695992,413.9079895,0.103777349,2mgml,shg,roi1,3588.001758,56284.79951,31988.33891,381.0675714,65213.38004,60960.0127,6253.801626,4110.922806,1713.804938,61184.60345,7117.351079,7063.757403,7354.77518,7312.05193,16813.24156,2824.969725,5709.797249,6415.915507,61294.27286,4570.988506,713.632503,1888,64926,31806,20,65534,63702,3583,2094,423,63572,4371,4345,4506,4485,16813,118,3659,3737,63851,3247,53,4701.413512,5422.766365,12599.22042,2553.741489,1677.738535,1577.920114,6421.896936,7239.339238,3166.767384,5408.240214,7677.005064,7616.28646,7973.999236,7917.078231,8.047424733,6507.791554,5921.816357,7350.058123,5932.459641,5008.761437,2105.663442,D1,N8,t
appliedMASKiso_shg_2mgml_roi1_8bit.ome,15,59.81086514,56.21794595,0.924177568,3.995613514,49.185,48.317,0.93408,4.0497,37,41.91709746,27.69214108,0.037226334,0.791738725,15,3687,33.55,3094,104,29.75,20,1.2319,0.0225,0.0687,0.2674,131072,0.650499105,433.177887,0.571970761,7.899675369,9.259281158,579.7208252,0.803225219,0.647996783,424.1320496,0.597339869,7.808966637,8.927472115,547.614624,0.809616029,0.175128654,231.1869812,0.129811451,4.119159222,5.792127132,382.7450256,0.109743506,2mgml,shg,roi1,3621.79064,56614.30724,31942.35029,360.1239656,65223.63844,60856.49682,6312.806121,4112.637473,1731.786959,61095.19105,7293.955325,7244.155039,7520.37764,7479.797895,16813.21201,3079.561436,5827.651088,6524.855714,61202.56595,4592.658529,697.5656252,1934,65232,31810,19,65533,63594,3657,2120,471,63479,4607,4580,4693,4678,16813,115,3903,3855,63755,3302,57,4691.74065,5370.197838,12644.62826,2435.620593,1857.780341,1643.824462,6520.054943,7277.110369,3143.907725,5468.699424,7784.150618,7723.932835,8087.96352,8030.472167,6.73923191,6679.782225,5928.775802,7426.490608,6017.520424,4888.531279,1994.486016,D1,N8,t
appliedMASKiso_shg_2mgml_roi1_8bit.ome,16,51.40696071,55.55275,0.932225,4.072685714,40.004,48.1825,0.93877,3.9179,28,41.70578116,21.64790334,0.038316471,0.67716036,16,3114,40.0915,2568,85,30.2118,11,1.1872,0.0192,0.0632,0.2702,131072,0.698876977,404.8930054,0.559167445,7.07271719,7.991507053,553.2440796,0.833232164,0.708454847,368.8574524,0.584795237,6.681664944,7.025546551,444.1569214,0.844825447,0.16336821,246.220108,0.154662028,4.088837147,5.477217197,448.2176208,0.099009201,2mgml,shg,roi1,3552.190572,56171.53687,31886.9804,421.5377917,65220.33799,61195.09056,6136.84512,4106.961114,1525.985037,61436.60651,6848.113023,6789.21266,7104.624778,7058.366618,16813.25437,3040.893676,5513.711973,6275.196041,61534.07262,4616.4693,597.4173732,1766,64654.5,31800,17,65534,63837,3342,1941,392,63677,4183,4153,4280,4265,16813,135,3578,3521,63975,3096,45,4809.390937,5675.386566,12558.19452,2463.245961,2426.118283,1932.630189,6299.633626,7430.470815,2886.229551,5151.001723,7532.904675,7454.648004,7904.727216,7834.426148,6.661289078,6658.28216,5796.45734,7465.5108,5769.297858,5045.989804,1874.119254,D1,N8,t
appliedMASKiso_shg_2mgml_roi1_8bit.ome,17,65.97104,55.17156667,0.918321,3.659546667,55.209,47.0405,0.923795,3.5083,30,48.30580229,23.783434,0.04123408,0.926070385,17,3260,38.2064,2628,102,25.7647,14,1.2032,0.0314,0.0631,0.2687,131072,0.682100594,423.2117615,0.550263941,7.462499619,8.556765556,579.9042969,0.821839988,0.703912318,364.3344727,0.586256623,6.680044174,6.904445171,431.072113,0.841974258,0.174846426,267.524292,0.171623468,4.501909733,6.369251251,485.4849854,0.10971643,2mgml,shg,roi1,3595.490522,56489.09784,31917.16333,531.7474111,65161.34628,61115.07374,6262.890295,4241.706112,1550.690922,61392.09085,6937.838585,6874.653938,7204.683622,7156.358105,16813.17886,3122.90275,5518.839585,6353.240248,61471.03553,4623.897711,661.3875929,1765,65055,31796,16,65534,63817,3342,1950,393,63660,4228,4201,4317,4302,16813,129,3578,3527,63957,3104,42,4886.648905,6038.283981,12530.18052,2471.161859,2746.115704,2224.462166,6520.941444,7753.104333,3111.304433,5306.659078,7702.806596,7615.725658,8105.802172,8029.463783,10.307884,7025.123203,5898.96775,7651.570351,5957.526229,4969.7778,2238.757228,D1,N8,t
appliedMASKiso_shg_2mgml_roi1_8bit.ome,18,66.94406207,51.16917241,0.931841724,4.026396552,60.945,45.313,0.92919,4.2182,29,47.23983837,24.98982729,0.021456897,0.875362836,18,3454,35.9482,2782,93,29.914,17,1.2196,0.0173,0.0645,0.2645,131072,0.677315414,412.6953735,0.553671956,7.449331284,8.774017334,562.2600708,0.818157732,0.711963773,352.7013245,0.594963312,6.41213131,6.753267288,417.7670898,0.846817851,0.180100799,252.9712219,0.163716778,4.483318806,6.788348198,439.1640015,0.115551643,2mgml,shg,roi1,3577.12296,56698.45631,31938.16157,531.3747982,65150.41923,61006.54178,6257.431929,4149.660934,1636.077348,61269.77174,7028.885166,6971.714794,7286.224377,7240.040202,16813.26248,3045.011801,5580.893886,6381.922293,61358.64848,4546.225525,758.3208361,1813,65121,31789,16,65534,63743,3435,2001,400,63597,4293,4269,4396,4381,16813,111,3618,3607,63894,3181,39,4781.114834,5705.324104,12297.63043,2567.701197,2660.568706,2171.347569,6753.497968,7654.282109,3391.645742,5614.288875,7885.955797,7811.938345,8260.113529,8189.869632,6.944385077,6976.855382,6012.335778,7671.100569,6217.351763,4774.166717,2646.208554,D1,N8,t
appliedMASKiso_shg_2mgml_roi1_8bit.ome,19,67.67425946,56.89837838,0.920222973,3.803732432,65.283,44.067,0.93225,3.9508,37,43.04963481,31.62369864,0.047344843,0.764699609,19,3787,32.6113,3046,111,27.4414,11,1.2406,0.0158,0.0703,0.2203,131072,0.651877999,442.4707642,0.559990764,7.994236946,9.715600967,595.5245361,0.801284254,0.67984587,396.917511,0.59200716,7.109424591,7.683817863,487.9935303,0.827963352,0.194111437,261.5675659,0.146710113,4.686096668,7.498244762,431.728302,0.127079979,2mgml,shg,roi1,3624.368416,57029.21059,31937.16286,533.8942213,65121.15255,60791.14076,6362.265697,4176.136588,1822.987943,61039.61728,7274.452616,7222.063727,7509.126767,7466.985497,16813.27277,2988.179099,5849.561719,6527.967267,61133.81058,4553.239813,911.3661961,1906,65067,31807,15,65533,63585,3602,2103,444,63469,4498,4468,4596,4582,16813,99,3822,3790,63746,3303,42,4714.704163,5565.632463,11988.08587,2514.630426,2169.856115,2068.425047,7052.004619,7621.805666,3944.314401,6009.225943,8150.917441,8087.30723,8484.000719,8421.873376,5.807505126,6734.494421,6332.420179,7737.654096,6567.058401,4653.632461,3395.652067,D1,N8,t
appliedMASKiso_shg_2mgml_roi1_8bit.ome,20,72.07403487,58.14235897,0.930875385,3.773687179,65.433,46.369,0.93558,3.7984,39,47.67244652,28.35119497,0.028172788,0.691855856,20,3658,33.8319,2995,101,29.6535,16,1.2299,0.0154,0.07,0.1899,131072,0.660961032,449.262146,0.580190718,7.891437531,9.753051758,626.965332,0.807060719,0.697090268,384.3364868,0.602952123,6.773501873,7.677755356,519.7754517,0.838000238,0.193005502,279.2400208,0.134162977,4.784354687,7.506614208,461.5296631,0.125080004,2mgml,shg,roi1,3597.068131,56853.83423,31948.43794,392.7118262,65193.44234,60856.60359,6326.919019,4167.769396,1722.769146,61112.64694,7198.172539,7145.187956,7441.186524,7397.714512,16813.26093,2944.039434,5752.642577,6475.585478,61203.71892,4602.352942,781.6048374,1997,64980.5,31814,13,65533,63449,3732,2170,474,63369,4682,4652,4782,4765,16813,102,3903,3944,63621,3421,45,4543.411997,5425.067578,11838.85896,2497.847321,1628.071426,1689.94922,6777.76042,7394.334014,3564.328117,5745.547689,7899.429264,7838.413653,8223.01683,8162.733601,4.497847007,6532.432978,6046.030599,7476.096435,6292.562,4632.053126,2986.451063,D1,N8,t
appliedMASKiso_shg_2mgml_roi1_8bit.ome,21,79.68392813,54.8860625,0.932102812,3.709240625,79.1925,42.3865,0.94275,3.6422,32,46.4653173,30.60063297,0.028453433,0.682153221,21,3707,33.3582,3017,97,31.1031,19,1.2289,0.0205,0.0658,0.1753,131072,0.688300312,454.3991699,0.581651032,7.571002483,9.216285706,652.4243774,0.824546933,0.73098129,391.565094,0.600982845,6.415273666,6.747765541,487.8470459,0.857592344,0.185328409,286.6632385,0.132411182,4.74149704,7.219306469,521.557312,0.117052153,2mgml,shg,roi1,3488.267514,56532.94071,31896.08372,316.1473788,65259.72189,61184.34277,6162.462303,4136.257547,1491.963863,61444.82121,6810.162729,6750.108011,7078.653121,7030.439727,16813.28017,3216.409188,5431.625519,6218.990173,61523.81755,4601.645499,570.5708784,1940,64625,31801,12,65533,63570,3694,2170,440,63467,4477,4443,4597,4577,16813,109,3740,3819,63730,3361,42,4408.007911,5489.107337,11901.93397,2448.252429,1664.367497,1565.605689,6212.407554,7201.803324,3027.306054,5143.986493,7361.427244,7289.695666,7713.166747,7647.059149,7.591297006,6783.034321,5632.594291,7130.762904,5715.844634,4642.989753,2198.505572,D1,N8,t
appliedMASKiso_shg_2mgml_roi1_8bit.ome,22,86.62346,56.56117143,0.927593429,3.657894286,87.51,49.737,0.9403,3.5379,35,48.73736609,27.73073396,0.036922856,0.756175316,22,3777,32.7029,3064,102,30.0392,19,1.2359,0.0173,0.0637,0.139,131072,0.68643266,438.6613464,0.584075153,7.477272511,9.120635033,630.8779297,0.82404846,0.714152992,379.128479,0.596898615,6.488855839,7.135849953,497.0733032,0.848377585,0.18196936,276.8629456,0.135196909,4.63010788,7.040180683,508.2566833,0.114207089,2mgml,shg,roi1,3433.060138,56418.68587,31924.90688,315.1340826,65262.61161,61228.30136,6075.575601,4065.438479,1474.436536,61471.7472,6766.31161,6708.921509,7022.621066,6976.592552,16813.2542,2493.392328,5412.526273,6146.959491,61564.03606,4520.500766,575.7155551,1871,64418,31801,12,65533,63599,3602,2111,441,63482,4444,4415.5,4557,4540,16813,104,3740,3719,63748,3257,42,4393.570325,5525.164502,12032.6023,2491.902101,1543.720176,1492.287766,6185.407766,7220.123481,2978.852203,5095.000411,7330.114136,7255.789744,7688.537829,7620.996407,12.364177,5789.338763,5570.51215,7117.227169,5674.5404,4605.364637,2189.725192,D1,N8,t
appliedMASKiso_shg_2mgml_roi1_8bit.ome,23,85.3455697,60.20109091,0.932830909,3.833084848,84.094,46.297,0.94312,3.5359,33,50.97542871,29.48460528,0.034248704,0.878471198,23,3783,32.6479,3043,98,31.051,22,1.2333,0.0209,0.0633,0.1215,131072,0.677499592,438.8518066,0.583541691,7.624533176,9.383657455,636.9520264,0.818203568,0.703536749,386.925293,0.608860254,6.694579601,7.417695045,502.7796936,0.8419258,0.186013982,271.3736572,0.143692315,4.675284863,7.084459305,492.1237793,0.116677292,2mgml,shg,roi1,3395.986165,56703.21406,31893.73339,310.1067933,65266.11549,61228.94074,5973.470752,3935.940106,1464.414989,61456.06554,6742.81854,6690.418398,6985.441194,6942.072195,16813.27873,2907.534252,5365.068763,6097.255042,61563.72452,4433.777711,566.3915432,1787,64777,31795,13,65534,63714,3435,1992,417,63548,4265,4244,4372,4351,16813,115,3618,3564,63856,3117,43,4418.668342,5299.284103,12002.43057,2518.332439,1461.868589,1412.910193,6172.92769,7131.324688,2792.517125,5048.575618,7354.097559,7284.094839,7706.637255,7640.661735,5.013268827,6591.312064,5461.137709,7137.925015,5631.972985,4610.166559,1917.991224,D1,N8,t
appliedMASKiso_shg_2mgml_roi1_8bit.ome,24,86.73333611,59.88361111,0.934459722,3.821133333,75.653,51.717,0.94103,3.94995,36,53.18198213,29.7483891,0.03604709,0.65864291,24,3949,31.1914,3208,96,33.4167,16,1.2459,0.0138,0.0678,0.1233,131072,0.645168543,470.1712952,0.58671236,8.326046944,10.24076271,721.6729126,0.79818213,0.667895317,420.6885986,0.614883542,7.495558739,8.05411911,555.8052979,0.82068193,0.189161316,281.6534119,0.144874603,4.786285877,7.457583904,632.7258301,0.119488612,2mgml,shg,roi1,3474.196755,57136.8512,31900.24953,332.9163538,65249.94198,61066.07322,6107.382166,4033.197359,1573.241916,61293.63414,6959.986371,6907.796331,7188.722227,7147.513155,16813.25238,3068.776235,5605.333124,6245.671371,61400.92084,4486.130107,586.1924852,1786,65192,31796,15,65534,63715,3453,1992,417,63546,4279,4253,4372,4354,16813,117,3700,3568,63859,3093,49,4634.753951,5573.538461,11996.17623,2556.688919,1514.465843,1452.383369,6284.20833,7321.136298,2905.693266,5180.78818,7537.647313,7468.300005,7870.044609,7806.435223,6.515772102,7252.130102,5798.099142,7307.990885,5750.335679,4851.845211,1626.699555,D1,N8,t
appliedMASKiso_shg_2mgml_roi1_8bit.ome,25,89.70375833,58.242,0.939008056,3.877,80.193,42.7665,0.94373,3.92835,36,50.41058288,32.79257426,0.030944735,0.633952411,25,3804,32.4566,3131,83,37.7229,24,1.2379,0.0191,0.066,0.1099,131072,0.676403344,436.7348633,0.570201874,7.60923481,9.104620934,661.2457886,0.819116414,0.686701417,397.9365845,0.592794955,7.18155098,7.677662373,504.0933228,0.832213461,0.174620494,270.3423462,0.149776444,4.407459736,6.906915665,654.2633667,0.107201912,2mgml,shg,roi1,3366.809736,57026.8855,31978.58799,246.0480678,65316.01154,61264.43584,5898.812403,3889.822495,1436.018782,61466.00329,6727.898171,6677.842507,6948.717326,6908.986011,16813.18439,2803.532722,5373.592993,6042.302837,61587.42762,4471.913787,468.5034214,1703,65047,31806,15,65534,63783,3305,1891,393,63595,4149,4134,4227,4211,16813,107,3537,3432,63908,2986,47,4478.379911,5345.090074,11811.51791,2600.330053,1192.543743,1151.495747,5861.554839,6952.930152,2540.317196,4815.59816,7191.890823,7128.017086,7494.746316,7436.452101,7.122122056,6574.898847,5479.584954,6975.053638,5355.538878,4999.593688,1224.682785,D1,N8,t
appliedMASKiso_shg_2mgml_roi1_8bit.ome,26,81.64834571,62.81954286,0.940130571,3.735197143,71.565,52.097,0.94562,3.6793,35,50.05050857,35.14377598,0.027760024,0.725908437,26,3482,35.643,2896,66,43.8788,17,1.2088,0.0208,0.0638,0.1243,131072,0.698441923,413.8674011,0.561730146,7.116119862,8.544958115,627.5325317,0.832540989,0.69901377,392.0534363,0.590091407,6.960512161,7.480307102,481.2947693,0.839384019,0.169389114,256.4616394,0.163505077,4.204211712,6.838339806,607.2426147,0.103430472,2mgml,shg,roi1,3312.232547,56647.0789,31962.66011,275.2522555,65310.55789,61398.41703,5806.836962,3863.879188,1386.888959,61584.36826,6558.563587,6507.516633,6784.245013,6743.69668,16813.19186,2756.008368,5226.08683,5917.901166,61713.73026,4462.129073,475.7927586,1657,64719,31796,15,65534,63869,3212,1840,369,63671,4010,3987,4094,4081,16813,118,3415,3339,63991,2935,42,4395.354889,5350.231406,11882.12838,2522.32492,1458.366468,1334.142373,5725.154039,6830.979482,2572.135074,4729.93194,7049.770491,6990.736161,7333.962992,7278.768424,8.523716942,6621.797889,5372.010344,6823.777998,5238.25951,5051.625964,1593.135756,D1,N8,t
appliedMASKiso_shg_2mgml_roi1_8bit.ome,27,79.85936,61.03982857,0.944578857,3.676514286,71.862,47.796,0.95055,3.6579,35,52.15229036,34.44549223,0.024259864,0.669568927,27,3554,34.8804,2916,78,37.3846,14,1.2105,0.0137,0.0609,0.1608,131072,0.714483082,410.0406189,0.554810643,6.855580807,8.290166855,617.5449219,0.841895401,0.721708655,389.8370361,0.577948689,6.681901932,6.978144169,445.6741333,0.852477849,0.169197217,267.774231,0.174488604,4.267522812,6.963057518,575.7683716,0.103535004,2mgml,shg,roi1,3218.513579,56379.09258,31989.20432,289.0958566,65311.65208,61556.64705,5640.138419,3774.231361,1315.815331,61725.92281,6336.891141,6285.56582,6561.15798,6520.755451,16813.24822,2677.943529,5059.627654,5740.091159,61861.47507,4367.098282,480.6288265,1578,64205,31806,14,65534,63987,3026,1746,334,63767,3797,3776,3877,3863,16813,109,3252,3158,64099,2831.5,38,4296.446521,5317.417314,11928.28995,2579.572513,1625.278939,1402.413288,5600.351381,6741.909773,2504.35177,4605.192767,6906.320828,6847.290812,7195.775486,7139.776868,7.98585838,6112.060475,5309.44326,6707.404446,5119.34233,5003.57759,1863.608463,D1,N8,t
appliedMASKiso_shg_2mgml_roi1_8bit.ome,28,68.10841071,67.76992857,0.94861,3.922289286,60.692,49.507,0.951015,3.9508,28,41.61369778,38.70032166,0.022347971,0.70349626,28,3705,33.3773,3018,76,39.7105,12,1.2234,0.0134,0.063,0.122,131072,0.69870007,415.0111694,0.563477635,7.114192486,8.688109398,615.3692627,0.831922829,0.711327195,374.7428894,0.586469054,6.593719006,6.555655003,408.6642761,0.84653616,0.175079256,265.5138245,0.1600793,4.389019012,7.158367157,540.8146362,0.109129354,2mgml,shg,roi1,3191.689213,56715.48486,31880.46194,352.9064067,65282.4207,61521.03754,5637.203097,3765.126377,1364.389675,61677.8022,6369.778546,6319.65112,6586.06139,6547.037094,16813.24395,2645.625439,5125.488296,5730.680403,61819.54737,4280.428048,517.9569823,1555,64783,31784,15,65534,63967,3026,1738,339,63733,3816,3798,3877,3869,16813,85,3293,3141,64071,2783.5,36,4272.581128,5325.454362,11830.59819,2575.720164,2195.237359,1717.569982,5696.713255,6797.123049,2583.638068,4691.150322,6972.057444,6912.472027,7256.404675,7200.88201,6.791766164,6377.930531,5395.021845,6749.117613,5208.563316,4803.26027,1973.075359,D1,N8,t
appliedMASKiso_shg_2mgml_roi1_8bit.ome,29,72.2964,58.64409091,0.933819697,3.913715152,69.677,49.165,0.94349,3.892,33,43.59996857,27.15818989,0.031397967,0.802057785,29,3953,31.1578,3246,74,43.8649,19,1.241,0.0164,0.0625,0.1203,131072,0.682629406,406.9893188,0.565163612,7.261614323,8.697569847,573.701355,0.822595119,0.690111876,396.3760071,0.577884078,7.105162144,7.533779144,445.5886841,0.834105015,0.172917962,242.4988403,0.148006245,4.216189861,6.599832058,452.5608826,0.108382285,2mgml,shg,roi1,3094.994241,56727.37072,31891.46021,254.9062751,65323.14503,61504.17402,5528.232372,3647.631887,1424.987324,61603.25668,6400.908011,6356.394704,6586.214204,6552.598508,16813.21413,2524.362395,5261.985187,5651.138296,61772.29391,4133.22973,493.431574,1548,64853.5,31780,13,65534,63905,2970,1696,367,63646,3886,3866,3925,3919.5,16813,100,3374,3147,63998,2748,37,4071.408682,5097.898633,11835.62588,2620.937256,1245.041899,1181.744392,5677.87443,6663.282543,2665.858407,4740.72084,6972.38769,6916.586973,7231.331152,7180.309924,7.543675889,6297.325969,5549.001574,6610.257295,5235.947675,4458.965359,1600.687226,D1,N8,t
appliedMASKiso_shg_2mgml_roi1_8bit.ome,30,78.8254,57.3704,0.930485,3.59138,80.314,50.023,0.9408,3.57675,30,43.49432913,28.95766486,0.044823523,0.703513893,30,3508,35.364,2896,77,37.6104,13,1.207,0.0114,0.0517,0.1204,131072,0.729921401,360.684906,0.554722786,6.23869133,7.127200603,491.7935791,0.852226198,0.74497956,331.0340576,0.56566751,5.798591137,6.063401222,395.432251,0.865679681,0.155653864,223.1916199,0.146459833,3.740250111,5.229376316,382.4570923,0.093036331,2mgml,shg,roi1,2883.427407,55554.29243,31910.58141,146.2133888,65396.76612,61978.25504,5201.57155,3494.136834,1159.603247,62049.1926,5835.026949,5786.68403,6037.096466,6000.465598,16813.27292,2516.68003,4707.334598,5217.228738,62233.97332,4017.879506,342.2288061,1478,63025.5,31774,10,65534,64103,2878,1653,318,63837,3590,3568,3683,3667,16813,104,3090,2996,64200,2639,33,3740.369384,4893.684161,12297.37175,2566.974919,529.6483585,633.1499622,5016.081099,6206.639321,2138.461497,4118.456369,6329.77629,6273.469279,6592.624421,6541.127421,5.777466002,6231.336727,4883.918079,6030.016946,4600.356067,4424.194081,983.8637577,D1,N8,t
appliedMASKiso_shg_2mgml_roi1_8bit.ome,31,81.82150323,55.78654839,0.938945806,3.798135484,77.196,50.436,0.94386,3.7557,31,39.45970302,22.70870951,0.0336399,0.513002937,31,3358,37.033,2777,69,40.2464,15,1.2013,0.0162,0.0484,0.1556,131072,0.739351571,332.8206482,0.55820787,5.857387066,6.681164265,454.0437012,0.858579159,0.744946837,307.7086487,0.583315909,5.487687588,5.923916817,372.9434204,0.865996838,0.144257516,201.3044891,0.147998452,3.386003494,4.507628441,345.4729004,0.084403239,2mgml,shg,roi1,2791.360202,55039.14194,31952.51488,142.2410958,65401.48095,62021.36673,5048.485385,3326.916436,1189.944942,62036.97816,5812.432415,5771.880559,5983.515015,5952.537813,16813.34383,2909.773738,4752.624117,5115.420697,62255.67492,3865.929078,357.773009,1476,61474.5,31801,10,65534,64127,2878,1653,325,63857,3625,3599,3711,3698,16813,105.5,3090,3000,64221,2620,36,3537.016295,4478.749147,12586.67391,2625.273736,560.759163,660.482259,4990.83842,5896.621433,2174.472591,4162.199846,6316.78072,6275.644286,6527.776424,6486.429525,5.042967806,6792.551685,4961.671303,5843.19542,4599.142755,4141.281362,1122.361103,D1,N8,t
appliedMASKiso_shg_2mgml_roi1_8bit.ome,32,74.23866667,50.49378788,0.93656,3.921354545,81.87,49.136,0.93707,3.6666,33,38.28105615,14.01719748,0.023675344,0.857158328,32,3510,35.3427,2888,78,37.0256,12,1.2114,0.0176,0.049,0.2328,131072,0.711340606,327.6339111,0.539893627,6.206629753,6.885127544,414.1953735,0.842231035,0.706215143,329.3534851,0.573835969,6.190567017,6.446081638,371.2191162,0.843732715,0.147551239,176.3813324,0.146063268,3.290208817,4.351140976,276.9028931,0.08707808,2mgml,shg,roi1,2723.320885,55258.35091,32044.37814,146.1629562,65396.08909,61877.05313,4998.176749,3190.235942,1361.121466,61821.7913,6030.054745,6001.91936,6145.244747,6124.305792,16813.64766,2793.772129,5043.683512,5131.078835,62082.77873,3689.427364,452.7162127,1506,63122,31805,9,65534,64068,2989,1696,356,63802,3773,3754,3848,3840,16813,89,3252,3085,64163,2653,40,3349.214285,4078.651602,12783.54899,2708.681438,574.7971637,693.7311563,5300.662905,5689.869738,2631.353084,4604.848256,6654.807602,6632.45013,6776.644344,6752.057721,128.8345988,6618.35132,5381.639221,5827.512705,4972.886565,3771.301914,1474.215848,D1,N8,t
appliedMASKiso_shg_2mgml_roi1_8bit.ome,33,89.52524516,50.92770968,0.92958129,3.7433,86.055,48.515,0.93353,3.8121,31,39.83152595,18.32975293,0.036599908,0.697333948,33,3484,35.6214,2845,81,35.1235,11,1.2112,0.0136,0.0492,0.2491,131072,0.701364636,325.6151123,0.530698597,6.314479828,6.985954762,401.3877869,0.835936964,0.695788085,330.0869141,0.568460345,6.338173866,6.744464874,403.3146057,0.837540746,0.153537437,171.4091492,0.148715556,3.307213306,4.319441319,251.0973206,0.091601364,2mgml,shg,roi1,2689.629352,55105.52526,32031.73784,137.7941619,65404.49055,61901.95868,4980.332937,3157.09632,1386.916315,61820.80307,6038.698633,6012.687226,6150.752754,6130.549987,16813.27144,2993.934511,4990.873956,5102.541048,62094.45609,3640.267821,483.4782949,1471,63597,31802,11,65534,64136,2933,1653,346,63840,3751,3736,3805,3795,16813,127,3252,3022,64221,2601,38,3282.889285,4020.468823,13191.54324,2705.719736,561.2956321,666.4150031,5368.891777,5693.48142,2753.403024,4727.191191,6723.092816,6705.41352,6847.014374,6822.857934,5.160193773,6433.83822,5310.56023,5803.595463,5077.75558,3751.859887,1649.180391,D1,N8,t
appliedMASKiso_shg_2mgml_roi1_8bit.ome,34,79.18798485,55.07936364,0.945492121,3.646693939,86.634,48.56,0.94344,3.6391,33,35.83702159,21.31788287,0.018093571,0.671781459,34,2823,44.4304,2318,65,35.6615,6,1.1475,0.0163,0.044,0.2606,131072,0.744745851,297.2582397,0.5333938,5.495074749,6.17091465,379.2050781,0.861555636,0.75946039,289.9095459,0.578163445,5.187052727,5.847508907,366.1712341,0.873991489,0.1478374,173.0432129,0.158854902,3.167654753,4.274325848,262.5234985,0.086653531,2mgml,shg,roi1,2591.60657,53876.86262,32024.06753,100.978898,65436.6573,62279.32298,4796.3791,3123.872198,1176.507562,62193.07315,5574.569987,5540.251648,5721.456089,5694.915047,16813.35189,2819.508298,4581.199622,4825.69149,62464.64421,3644.83308,366.9046588,1400,58392,31824,9,65535,64331,2822,1594,296,64008,3438,3413,3522,3509,16813,98,2927,2847,64405,2500,33,3238.84371,4152.795559,13608.77832,2629.44661,418.3258327,515.9652399,4891.45629,5580.89913,2384.245364,4248.503437,6259.3473,6236.109238,6411.946956,6381.838227,6.130280847,6939.910368,4959.621045,5549.236913,4597.320961,3962.648157,1324.809047,D1,N8,t
appliedMASKiso_shg_2mgml_roi1_8bit.ome,35,76.20057308,57.38619231,0.932485769,3.818015385,78.628,50.7005,0.9394,3.77435,26,39.6200755,23.84236285,0.027931308,0.69978598,35,3083,40.5148,2507,71,35.3099,14,1.1739,0.0148,0.0444,0.2875,131072,0.741447806,298.6713257,0.524332345,5.569319725,6.201280594,380.9518127,0.859020174,0.763826132,286.5975952,0.564491928,5.139167786,5.349542618,336.0596924,0.876431227,0.155594423,177.319046,0.161422789,3.310510397,4.509291649,280.4554443,0.092515014,2mgml,shg,roi1,2564.793893,53568.85661,32028.71025,115.8481408,65430.60646,62355.59851,4746.248325,3144.862846,1151.240455,62259.53288,5487.893889,5452.637531,5629.903611,5604.083401,16813.35419,3388.467673,4547.540734,4757.197392,62536.47334,3613.4289,363.9078089,1387,56393.5,31811,8,65535,64369,2766,1577,296,64034,3411,3381,3491,3480,16813,137,2927,2836,64434,2493,33,3318.68043,4473.236927,13775.37465,2739.339381,536.762011,597.8731867,4814.850363,5678.672917,2372.208135,4159.100722,6187.954175,6160.120156,6341.319736,6309.988184,5.244539974,7845.078604,4986.485353,5564.17624,4511.533763,4066.268668,1441.971878,D1,N8,t
appliedMASKiso_shg_2mgml_roi1_8bit.ome,36,82.808692,55.84268,0.9406776,3.639652,88.493,50.484,0.94677,3.5939,25,40.18390779,21.68750169,0.023333428,0.571939838,36,3408,36.4604,2824,70,40.3429,14,1.2064,0.0188,0.0463,0.2279,131072,0.738269687,312.7250977,0.544757128,5.743140221,6.533529282,416.9995422,0.85635525,0.765687764,274.1021729,0.575682521,5.013113976,5.167595387,335.3727112,0.877748668,0.166367292,206.696579,0.159361988,3.729511976,5.122395992,346.9104614,0.100232847,2mgml,shg,roi1,2564.712435,53305.54816,32045.13269,155.6495114,65414.73711,62425.28445,4718.217954,3126.953638,1107.178343,62326.23109,5397.939145,5360.219205,5547.121132,5519.835314,16813.4128,2917.783981,4485.988842,4715.596819,62601.94385,3601.688698,344.8835102,1349,53142.5,31812,9,65535,64427,2711,1551,293,64072,3356,3327,3422,3409,16813,128,2886,2752,64488,2446,32,3510.114972,4579.262449,13921.144,2629.642454,704.4775984,704.774609,4691.192415,5787.222776,2200.103223,3960.652024,6049.719039,6008.007538,6253.659426,6212.855015,5.602550847,7037.912212,4874.758745,5634.35991,4364.600934,4270.967169,1251.353435,D1,N8,t
appliedMASKiso_shg_2mgml_roi1_8bit.ome,37,83.38511786,54.44828571,0.940697857,3.740357143,89.0455,47.1885,0.950625,3.6843,28,36.14651711,24.3187286,0.031972702,0.686274641,37,3290,37.8398,2751,69,39.8696,14,1.1997,0.0141,0.0461,0.2363,131072,0.711785197,334.4559326,0.535562873,6.283791542,7.163502216,453.3556824,0.839688182,0.729671359,310.3558044,0.552092433,5.765501022,6.105195045,344.2891235,0.857438385,0.180976927,221.4724579,0.170741558,4.073301792,5.609106541,398.0437012,0.110531412,2mgml,shg,roi1,2521.63011,53218.89225,32059.34399,174.9742133,65405.23502,62414.79981,4680.328472,3076.471521,1169.759433,62286.95657,5426.785872,5392.630708,5559.438434,5535.124638,16813.37132,2962.59322,4512.709136,4677.447973,62581.06206,3482.367827,373.4571041,1304,56765,31815,9,65535,64470,2655,1509,293,64073,3302,3286,3355,3346,16813,114,2886,2677,64510,2351,32,3500.611481,4551.002126,14203.86858,2662.941762,791.1229429,734.3738849,4725.014096,5757.811381,2322.97299,4026.725784,6117.75705,6077.500207,6296.991341,6260.25625,5.760458992,6573.151766,4983.127871,5619.49887,4408.441613,4153.114969,1113.550375,D1,N8,t
appliedMASKiso_shg_2mgml_roi1_8bit.ome,38,87.60116,55.69716667,0.931041333,3.728673333,87.8195,48.803,0.93876,3.56505,30,35.41575556,23.68213192,0.042112508,0.792494354,38,2948,42.4617,2447,66,37.0758,11,1.1625,0.0107,0.0449,0.2107,131072,0.698508859,335.8504944,0.539506257,6.456195354,7.466290951,444.0103149,0.830931246,0.721076369,303.8422241,0.55484128,5.819805622,6.132402897,360.841217,0.852238178,0.19149521,225.6107483,0.162944034,4.246865749,5.767711163,365.093811,0.11781656,2mgml,shg,roi1,2376.19551,51939.84405,32154.73694,147.2247542,65423.12244,62516.89511,4481.224406,2872.296121,1225.180893,62317.52293,5329.404084,5305.1813,5432.65198,5414.020652,16813.40561,3057.254755,4430.034646,4499.361239,62659.6648,3247.594306,415.3251956,1182,51287,31850,12,65535,64640,2451,1365,277,64188,3069,3055,3104,3099,16814,106,2683,2450,64664,2154,31,3223.17921,4122.064803,14760.36332,2693.259351,570.509458,577.6252611,4766.949155,5498.248304,2463.661921,4137.258784,6223.833497,6200.217734,6351.105687,6325.147792,4.857159328,6691.45397,5005.790375,5466.090073,4472.09735,3782.97419,1187.721695,D1,N8,t
appliedMASKiso_shg_2mgml_roi1_8bit.ome,39,74.65737879,54.35709091,0.916358485,3.51939697,73.686,47.859,0.91993,3.3966,33,36.32172383,27.69234322,0.04426498,0.610082374,39,3221,38.6933,2585,75,34.4667,6,1.1863,0.0213,0.0432,0.1902,131072,0.672526419,360.6351013,0.523236096,7.063735485,8.067029953,445.6725769,0.812391639,0.707890928,316.7907715,0.53924191,6.11123848,6.413570881,375.3658142,0.844572663,0.213497505,245.8280945,0.152987495,4.822613239,6.450820923,350.5297546,0.136252433,2mgml,shg,roi1,2238.902708,51334.9823,32185.51312,164.7799233,65417.35966,62586.18517,4295.077946,2684.97403,1331.985978,62307.7419,5303.235463,5286.48479,5362.318127,5351.32322,16813.41203,3165.464878,4570.504662,4355.430761,62693.40473,2995.819578,527.3399297,1078,51285,31858,11,65535,64808,2246,1246,254,64273,2854,2844,2872,2871,16814,104,2602,2249,64797,1979,32,2987.934278,3800.160068,15292.22585,2711.523316,572.0196238,608.9817176,4895.818613,5353.113032,2779.48898,4314.116846,6398.647205,6382.196819,6478.202081,6461.013715,6.066023751,6909.071577,5351.811564,5396.348772,4625.088024,3343.058798,1612.341481,D1,N8,t
appliedMASKiso_shg_2mgml_roi1_8bit.ome,40,79.41629615,48.36753846,0.942112692,3.793319231,68.0915,37.061,0.949295,3.8802,26,39.50792712,23.66450684,0.024004935,0.649557583,40,3008,41.5748,2472,54,45.7778,13,1.1549,0.0173,0.0387,0.1968,131072,0.691748857,345.9297485,0.527367949,6.724769115,7.86569643,474.7556763,0.824206471,0.731890023,275.3232422,0.53093946,5.433845997,5.665644646,334.8604736,0.858645916,0.214193702,254.0632019,0.182042137,4.944959164,6.639474869,433.0293274,0.134354621,2mgml,shg,roi1,2093.14018,49968.32124,32121.9513,217.6279478,65415.57921,62917.05698,4003.092225,2505.630752,1111.895839,62606.66041,4877.736406,4861.271262,4946.813966,4934.321436,16813.44261,3352.120623,4141.338517,4038.954344,63014.03881,2836.269543,440.4534327,917,51273,31855,10,65535,64964,1931,1060,208,64380,2485,2481,2494,2491,16814,122,2317,1936,64935,1723,24,3000.423634,3773.999476,15628.72448,2707.108378,975.4544915,806.2367857,4596.252227,5275.773283,2353.994504,3946.929706,6101.190095,6077.702877,6222.706473,6198.487916,5.961074656,7215.15314,4906.091581,5276.081571,4294.614238,3269.479645,1431.041011,D1,N8,t
appliedMASKiso_shg_2mgml_roi1_8bit.ome,41,78.05372273,52.96909091,0.940989091,3.851777273,81.3735,50.473,0.94668,4.0243,22,33.27711961,15.41326284,0.026034568,0.828268761,41,2718,46.2241,2196,51,43.0588,6,1.1241,0.0182,0.0362,0.2085,131072,0.709694028,324.7385864,0.527980745,6.280089855,7.297911644,440.5179443,0.836498022,0.740208089,277.4534302,0.545414507,5.317306519,5.668114662,351.9608154,0.863195539,0.200486779,235.446228,0.183457121,4.579512119,5.985169888,376.1934814,0.123663753,2mgml,shg,roi1,1971.635872,48920.45012,32153.97121,191.0929977,65434.84605,63148.75595,3775.628495,2359.096636,1022.830239,62805.98135,4562.087912,4546.047381,4633.862843,4620.999568,16813.48857,2908.188688,3820.77167,3797.167175,63232.87811,2710.43778,424.6021404,812,51258,31881,9,65535,65101,1745,950,166,64474,2194,2192,2209,2206,16814,98,2033,1716,65056,1555.5,22,2901.819796,3589.654898,15824.09221,2787.201491,800.8643979,677.0816568,4414.1375,5088.180951,2306.483808,3799.522253,5970.488827,5950.644469,6074.328412,6053.505769,5.022886828,6702.245602,4734.295744,5145.13139,4127.521113,3210.419012,1368.369883,D1,N8,t
appliedMASKiso_shg_2mgml_roi1_8bit.ome,42,80.72834783,52.186,0.933314783,3.68583913,73.009,43.092,0.93493,3.5732,23,37.55785156,16.3944395,0.024484759,0.801607359,42,2616,48.1044,2079,61,34.082,14,1.1192,0.0257,0.0339,0.1898,131072,0.72974664,306.553833,0.539270878,5.826905727,6.767285347,414.2396851,0.85021776,0.753205419,275.5037231,0.573790073,5.209000111,5.71969223,353.920166,0.870637894,0.179173201,206.6675568,0.170734599,3.978043556,5.467133999,328.5488892,0.108284868,2mgml,shg,roi1,1844.71924,47851.10941,32259.11712,157.5568234,65455.56573,63407.42698,3578.440027,2277.964178,944.9184193,63017.25938,4220.123895,4202.318469,4291.219795,4278.250752,16813.9024,2881.262976,3610.151157,3535.538311,63466.55294,2603.169353,386.9098082,724,51221,31912,9,65535,65210,1578,865,143,64538,1962,1952,1974,1971,16814,100,1829,1533,65149,1408,20,2765.558867,3547.058737,16004.98431,2821.577501,595.1638075,525.8144036,4122.867554,4935.485451,2211.097647,3555.500038,5703.901537,5682.968114,5806.360095,5785.50936,134.6536089,6638.464859,4657.912196,4927.572455,3866.242088,3206.522339,1296.614117,D1,N8,t
appliedMASKiso_shg_2mgml_roi1_8bit.ome,43,87.80814286,50.64295238,0.939242381,3.577704762,86.906,45.295,0.93928,3.6281,21,36.59225343,16.97846497,0.020358665,0.619757637,43,2502,50.3873,1984,67,29.6119,7,1.1096,0.0147,0.0332,0.1764,131072,0.747757852,286.741394,0.548606098,5.426310539,6.271246433,386.555481,0.861992836,0.76685375,256.8696289,0.581474543,4.884978294,5.154672146,325.224823,0.877949417,0.16162701,184.8826141,0.168501794,3.534579039,5.034254074,295.6642151,0.096136078,2mgml,shg,roi1,1751.740033,47036.23086,32145.78117,168.0465896,65459.59216,63598.06924,3386.589937,2139.780938,887.7871038,63173.29152,3978.667185,3961.890801,4052.301042,4039.054165,16813.50363,2330.455386,3420.871722,3349.541428,63641.65022,2508.721379,413.5680282,672,51143,31905,8,65535,65280,1485,814,128,64568,1805,1796,1829,1826,16814,81,1707,1420,65206,1312,18,2636.716941,3281.898131,16277.9508,2803.167136,624.3367944,525.9847937,3937.365758,4686.158532,2250.805087,3421.835428,5494.887756,5478.891795,5590.635906,5571.592355,5.657620442,5944.247748,4532.695895,4731.480021,3707.073272,3139.677721,1601.509906,D1,N8,t
appliedMASKiso_shg_2mgml_roi1_8bit.ome,44,86.98819231,48.56303846,0.928318846,3.5452,81.7935,43.569,0.925615,3.30275,26,35.50092357,14.45467697,0.028692429,0.884634409,44,2750,45.6629,2116,53,39.9245,10,1.1294,0.0155,0.0349,0.1682,131072,0.749434769,284.4790649,0.53550601,5.393151283,6.087096691,372.0716553,0.863236427,0.772149026,240.8811646,0.570114613,4.723391533,4.801858425,320.5797424,0.880744576,0.158018544,185.8718719,0.167592287,3.498538494,4.786825657,281.7181091,0.093415983,2mgml,shg,roi1,1679.775429,46696.95045,32175.78499,153.4975224,65464.59904,63667.36866,3259.098664,2034.516557,866.3327027,63219.09455,3878.480972,3864.107785,3950.11706,3937.444607,16813.49622,3020.490252,3317.12606,3242.582454,63701.46819,2408.95355,419.5659905,656,51002,31928,7,65535,65299,1448,788,131,64568,1798,1794,1817,1815,16814,98,1707,1403,65221,1273,20,2461.539051,3006.076226,16402.92374,2839.094673,620.774185,513.4133395,3767.028934,4421.271762,2226.108043,3310.155146,5296.043749,5286.035803,5378.913005,5362.770392,6.228373303,6864.841364,4303.808372,4497.80719,3561.535934,2966.962438,1757.353462,D1,N8,t
appliedMASKiso_shg_2mgml_roi1_8bit.ome,45,82.54032353,49.04241176,0.936408529,3.571538235,78.4685,43.104,0.937035,3.6189,34,40.51624638,18.47857267,0.028121497,0.689394086,45,2832,44.2828,2234,49,45.5918,10,1.1461,0.0239,0.0356,0.1484,131072,0.753422081,258.0039368,0.544144571,5.069527626,5.681381702,339.2722473,0.86623311,0.784385085,231.4527588,0.59226054,4.432232857,4.791809559,297.4834595,0.887963772,0.149276376,162.9861298,0.166312367,3.171650887,4.132316589,244.3777161,0.087837756,2mgml,shg,roi1,1600.149376,46298.35513,32281.69849,128.041515,65471.34361,63681.37458,3129.158398,1923.365916,916.1347661,63202.71585,3813.457477,3802.638497,3862.266875,3853.518883,16813.44406,2636.756073,3321.057916,3128.395136,63702.6713,2261.274449,396.7310391,665,50792,31956,9,65535,65281,1485,797,155,64554,1870,1867,1870,1873,16814,110,1789,1423,65200,1263,23,2240.391299,2716.651591,16265.25316,2871.648282,612.4833735,481.0804098,3519.151745,4036.30138,2215.531315,3123.262793,4997.857151,4992.915257,5032.385858,5024.18838,13.69826133,6685.03298,4255.558761,4139.626846,3339.014308,2713.905221,1442.699104,D1,N8,t
appliedMASKiso_shg_2mgml_roi2_8bit.ome,1,53.80891724,50.21831034,0.916528621,3.751055172,28.369,39.511,0.9291,3.5139,29,53.42918306,22.30821038,0.041844371,0.689395312,1,2850,43.9905,2392,66,36.2424,9,1.1493,0.0194,0.0725,0.2575,131072,0.597052813,647.916626,0.464729965,10.84908485,12.53372097,774.5471802,0.758964241,0.616544068,586.8121338,0.47257483,9.917014122,9.507344246,611.1948242,0.788413227,0.24021244,418.1277466,0.19103153,6.921895981,10.34417629,638.0162964,0.162586138,2mgml,shg,roi2,2287.860222,51034.64201,30915.16947,488.3888104,65358.66902,63059.96741,3119.853028,1967.01488,1549.300172,62345.42402,4745.292676,4760.402444,4426.679451,4487.08096,15261.83838,2343.713363,4383.847267,3353.705289,62943.35326,3328.874085,873.7178238,778,52670,30476,13,65535,65235,1237,682,182,64401,1958,1969,1811,1841,15262,51,1876,1268,65154,1744.5,39,3624.243011,3155.872135,14504.78438,3294.791694,2052.142163,1197.26108,4840.236328,4575.565506,3528.322787,4595.029412,6626.881861,6628.441247,6239.056758,6311.751498,5.520360691,5945.939171,6066.180592,4967.592418,4913.516556,3978.571442,2995.122407,D1,N8,t
appliedMASKiso_shg_2mgml_roi2_8bit.ome,2,59.5234,54.77676667,0.908356667,3.59441,38.7355,41.606,0.925295,3.4629,30,50.66894259,27.33620282,0.050958713,0.628554369,2,3020,41.4016,2506,68,36.8529,9,1.1692,0.0144,0.077,0.2489,131072,0.581865072,681.1931763,0.46808207,11.34548664,12.74288082,765.9439697,0.749178648,0.578049719,662.7966309,0.503143549,11.04272461,10.72342682,656.6543579,0.764178157,0.23729454,425.7248535,0.167685926,6.977464199,9.852889061,558.1890869,0.161656529,2mgml,shg,roi2,2501.411493,51872.77447,30790.39291,451.7843609,65351.6634,62776.42343,3425.334332,2159.806282,1620.269539,62111.2399,5186.601395,5201.849354,4860.961189,4923.776774,15261.755,2857.517597,4695.703694,3673.337642,62672.85561,3601.04981,877.079322,887,52681,30438,16,65535,65131,1359,743,209,64328,2261,2278,2081,2116,15262,74,2132,1450,65054,1974,41,3959.305552,3542.237395,14405.30109,3194.400389,1849.684892,1168.929608,5269.395422,5038.65311,3547.922777,4917.194613,7044.399275,7036.941171,6697.337062,6764.877607,5.94788054,6688.363802,6192.285481,5362.99385,5299.535304,4205.720126,2842.720928,D1,N8,t
appliedMASKiso_shg_2mgml_roi2_8bit.ome,3,72.60673077,61.75288462,0.928725,3.763203846,30.6255,49.829,0.931015,3.58315,26,66.15259195,31.8210224,0.02852362,0.646039446,3,3058,40.8623,2465,64,38.5156,9,1.165,0.0112,0.0751,0.2504,131072,0.600159824,667.0875244,0.494058162,10.85085392,12.24641609,771.0501099,0.76311481,0.589369237,642.1396484,0.542896092,10.58538055,10.64134693,690.7875977,0.771819115,0.228913411,430.445282,0.160852298,6.79716301,9.180844307,548.3748779,0.153261006,2mgml,shg,roi2,2630.911959,52333.03461,30747.80093,477.1007955,65343.6068,62701.04416,3570.822256,2290.21915,1620.530413,62072.33672,5334.582556,5345.232373,5008.727413,5071.574074,15261.66368,2838.469231,4869.060921,3820.149876,62605.37396,3819.116707,820.6378851,985,52685,30431,17,65535,65055,1522,854,227,64291,2457,2476,2275,2311,15262,81,2302,1594,64986,2181,33,4226.845787,3849.748507,14318.38389,3153.92146,2055.72127,1275.506599,5385.012183,5273.706644,3500.962356,4970.40191,7147.593755,7127.297789,6826.641182,6889.576498,9.961316011,6528.84593,6302.476743,5566.176711,5398.331773,4449.951597,2625.605197,D1,N8,t
appliedMASKiso_shg_2mgml_roi2_8bit.ome,4,67.769635,59.82085,0.9293535,3.900615,37.697,54.0375,0.935025,3.8719,20,60.78230231,17.73576161,0.034168547,0.634437841,4,2781,45.1316,2222,71,31.2958,9,1.1481,0.0206,0.0665,0.2449,131072,0.650635421,623.2620239,0.508776963,9.71649456,10.54156208,729.7966919,0.798673689,0.639753461,614.4697266,0.53619051,9.712083817,9.915808678,700.4648438,0.802579045,0.205806062,411.4371338,0.152976334,6.229398251,7.695901871,524.9590454,0.131950915,2mgml,shg,roi2,2650.488015,52010.04465,30634.367,482.4582832,65360.41508,62850.67287,3533.614315,2318.406006,1413.214642,62275.96667,5174.547116,5177.239367,4874.211918,4932.202075,15261.7,2723.128999,4706.958162,3777.574764,62781.67104,4028.45574,617.493336,1060,52681,30411,13,65535,65020,1563,872,241,64276,2567,2581,2371,2408,15262,74,2430,1695,64959,2338,24,4343.951321,4014.541641,14113.35542,2984.624408,2467.875313,1443.089125,5137.699879,5295.674285,3133.417487,4604.47412,6861.088494,6822.62272,6599.5805,6651.30819,9.78401272,6693.391212,5975.99359,5530.104694,5089.687362,4735.942094,2419.648781,D1,N8,t
appliedMASKiso_shg_2mgml_roi2_8bit.ome,5,72.32065217,61.4726087,0.922893478,3.884234783,40.314,54.571,0.93175,3.7527,23,60.65824906,23.43055908,0.047462049,0.763660521,5,2970,42.1323,2345,60,39.0833,14,1.1623,0.0084,0.0681,0.2174,131072,0.64762187,615.4155884,0.498494297,9.745185852,10.38161469,708.5250854,0.797556758,0.635321915,618.0899658,0.523361921,9.850763321,9.743173599,679.3491211,0.799440503,0.199664965,379.661499,0.170120344,5.937096596,7.258458614,477.9546204,0.127040774,2mgml,shg,roi2,2770.22158,52765.19286,30696.64562,539.9857943,65335.4807,62693.46256,3699.706582,2408.712828,1455.989182,62146.98764,5413.659739,5416.921241,5105.527834,5165.396001,15261.73572,3010.689076,4837.051835,3956.214506,62630.5275,4207.127093,677.60664,1192,52685,30422,11,65535,64918,1767,1013,271,64214,2819,2832,2618,2656,15262,104,2644,1888,64866,2605,27,4399.926962,3918.041784,14146.21814,3009.526428,3137.881701,1791.114509,5377.683153,5349.763412,3302.6289,4838.521052,7040.491461,7007.554085,6770.959409,6824.862487,9.038635935,7102.074265,5981.050275,5657.975596,5327.79783,4651.390677,3068.056081,D1,N8,t
appliedMASKiso_shg_2mgml_roi2_8bit.ome,6,88.85898571,58.40338095,0.921484286,3.780204762,64.592,56.216,0.92687,3.9496,21,60.204739,20.81239457,0.03869769,0.642134885,6,3144,39.6899,2543,87,29.2299,10,1.1778,0.0136,0.0712,0.212,131072,0.62802124,617.9431763,0.470677674,10.06832218,10.49918079,660.5876465,0.785862088,0.634328067,599.0343018,0.500623703,9.704327583,9.393113136,620.1193237,0.799599051,0.194221169,344.1262207,0.163835019,5.578754425,7.095618725,416.5488892,0.125144914,2mgml,shg,roi2,2836.907525,53658.33723,30707.62251,386.3480568,65364.48342,62497.50784,3798.442893,2431.342314,1622.419169,61921.86181,5734.049361,5746.261595,5378.291426,5446.660651,15261.65522,2817.35527,5182.34997,4114.36533,62412.79154,4340.583722,684.0846259,1377,61342.5,30414,9,65535,64758,1998,1161,323,64107,3171,3184,2948,2993,15262,80,2942,2141,64720,2967,31,4172.875055,3680.883408,14060.42771,2935.530111,2633.504279,1620.443019,5506.780512,5137.340971,3765.038172,5186.717595,7210.446703,7203.144312,6836.232749,6907.762949,7.958959235,6606.316809,6358.745824,5549.516105,5563.192134,4497.449182,3173.317111,D1,N8,t
appliedMASKiso_shg_2mgml_roi2_8bit.ome,7,79.47023077,50.18676923,0.916647308,3.760423077,70.3555,43.541,0.928445,3.814,26,61.59356148,18.82342409,0.046470604,0.723581513,7,3185,39.1532,2554,73,34.9863,13,1.1882,0.0153,0.07,0.2107,131072,0.622984469,634.585144,0.457508832,10.32530689,10.52613354,668.6124268,0.782465696,0.630972683,608.9310913,0.48341307,9.89127636,9.063043594,583.8960571,0.797031939,0.189945206,344.3857727,0.165061742,5.54269886,7.142923355,431.2704773,0.123889953,2mgml,shg,roi2,2909.433608,54358.79838,30659.37399,276.1955377,65388.7756,62418.84284,3963.008857,2570.287171,1599.086678,61882.31963,5831.359775,5838.484611,5491.026725,5557.100901,15261.60207,2786.969548,5223.448291,4205.66959,62343.36203,4520.441248,615.2781502,1519,62891.5,30397,8,65535,64660,2229,1302,351,64067,3405,3411,3184,3225,15262,89,3070,2345,64635,3235,34,4071.500007,3748.025245,13845.06429,2992.186619,1706.062124,1219.26219,5425.410871,5120.829469,3685.558968,5130.058487,7103.049159,7094.634697,6746.883672,6815.450794,7.662079533,6418.866259,6275.075439,5430.68673,5497.598583,4638.088652,2687.067564,D1,N8,t
appliedMASKiso_shg_2mgml_roi2_8bit.ome,8,58.85333846,54.09519231,0.922401923,3.799334615,49.791,47.9465,0.936585,3.82325,26,47.97860358,19.6907224,0.051287407,0.714238158,8,3542,35.0054,2795,80,34.9375,14,1.2199,0.0156,0.0769,0.2315,131072,0.586986482,668.2706299,0.432125479,11.21708488,10.99907303,665.1416016,0.758654892,0.590942383,664.5349121,0.45479852,10.97574997,9.842008591,624.487854,0.771836102,0.191828281,334.7288208,0.156205565,5.584837437,7.036342621,402.3833618,0.128847897,2mgml,shg,roi2,3053.552157,55779.97252,30641.88161,290.281519,65373.83681,62149.29777,4122.034683,2680.999162,1811.126033,61609.49301,6208.4047,6219.843598,5816.97948,5891.709309,15261.53184,2567.96084,5666.784555,4431.058095,62061.21118,4689.36217,682.9765433,1664,64641,30371,10,65535,64449,2392,1388,406,63907,3779,3795,3527.5,3579,15262,76.5,3454,2590,64443,3510,35,4153.849838,3810.291251,13542.49097,2997.11215,1790.160308,1286.931426,5681.44866,5184.269644,4106.257232,5462.14248,7366.206159,7366.401997,6948.938992,7027.471693,8.567217183,6413.994762,6747.71102,5551.271977,5793.625476,4673.365438,2817.345454,D1,N8,t
appliedMASKiso_shg_2mgml_roi2_8bit.ome,9,54.98767667,53.9559,0.919365333,3.426073333,42.5895,45.8595,0.9265,3.5242,30,49.40757295,23.49565749,0.039981415,0.667891896,9,3869,31.8777,3048,83,36.7229,15,1.2389,0.013,0.0802,0.2783,131072,0.572808802,684.7307739,0.422999471,11.61123943,11.1173048,656.8779907,0.74936527,0.564599037,693.7186279,0.434828401,11.65304947,10.50424385,635.8644409,0.754961491,0.187515035,325.4348755,0.145519033,5.503838539,6.79645443,373.1828003,0.127705723,2mgml,shg,roi2,3159.261505,56377.19081,30652.28957,325.9568746,65353.63542,61920.40845,4293.305265,2767.05241,1890.034134,61394.17708,6504.150931,6519.124895,6096.219326,6174.525973,15261.94266,2812.67661,5863.076551,4613.695039,61834.5174,4806.826174,712.4849253,1777,65090.5,30366,9,65535,64318,2569,1505,430,63801,3955,3970,3703,3752,15262,88,3539,2739,64313,3725,40,4265.026839,3942.66755,13251.51876,2974.555873,2227.035469,1565.892226,5888.236303,5375.916416,4124.992068,5629.02735,7535.760857,7532.136053,7135.286636,7211.636125,139.0111397,6672.864693,6764.890992,5695.20956,5985.148961,4581.896902,3136.557617,D1,N8,t
appliedMASKiso_shg_2mgml_roi2_8bit.ome,10,56.11335862,53.34034483,0.939031379,3.655134483,45,49.67,0.94484,3.5351,29,43.51168509,18.39223044,0.024751616,0.686543181,10,3931,31.3434,3062,69,44.3768,18,1.2547,0.0157,0.0794,0.3257,131072,0.586938322,678.6616211,0.427918136,11.31854439,10.79026031,650.1356201,0.759404957,0.581584156,679.9625244,0.436847985,11.24981117,9.937409401,607.9212646,0.765999556,0.182671562,332.5236511,0.141484022,5.476458549,6.53744173,371.4615173,0.123134859,2mgml,shg,roi2,3193.563559,56443.59039,30539.43562,334.3907396,65350.67149,61898.87335,4295.501027,2773.742811,1817.377753,61399.66807,6502.399144,6516.25841,6100.671168,6178.008007,15261.56589,2865.754034,5815.768363,4637.649783,61827.08868,4883.486381,655.07559,1811,65046,30358,9,65535,64253,2582,1517,436,63777,4003,4010,3760,3808,15262,83,3582,2796,64267.5,3799,42,4402.816618,4013.754372,12988.44898,2957.333161,2501.595565,1703.896886,5813.948384,5407.423362,3810.888167,5467.502535,7433.433019,7424.158451,7065.837609,7136.640121,6.63757455,6994.95957,6516.320823,5729.490134,5854.011622,4660.770755,2842.970067,D1,N8,t
appliedMASKiso_shg_2mgml_roi2_8bit.ome,11,54.95758966,57.93082759,0.908836552,3.634741379,45,51.451,0.92427,3.4542,29,43.85852441,40.26396956,0.048626265,0.745084506,11,3732,33.1214,2854,62,46.0323,16,1.2351,0.0174,0.0773,0.3631,131072,0.612775266,648.6564331,0.434533656,10.63138485,10.24936581,640.6412354,0.776791334,0.617704213,630.0908203,0.459339678,10.2944479,9.106748581,576.2185059,0.788528681,0.179691285,331.3791199,0.154328793,5.347411633,6.404043674,391.474823,0.118344828,2mgml,shg,roi2,3192.328317,56603.60156,30577.55973,335.3014477,65350.46159,61937.51206,4303.438518,2807.270445,1774.584509,61464.21062,6381.137849,6388.550374,6007.912927,6080.263264,15261.52157,2635.527805,5711.514856,4599.819352,61871.56715,4899.026511,636.129322,1755,64884,30356,9,65535,64305,2541,1505,400,63817,3850,3852,3627,3673,15262,73,3411,2696,64310,3703,40,4532.0716,4199.680377,12665.10444,2997.613861,2512.412707,1703.034022,5798.460405,5519.180882,3758.135201,5416.272497,7410.474421,7391.492091,7064.638425,7131.098755,6.018790402,6177.636478,6516.655027,5789.790964,5834.489363,4822.712053,2510.614217,D1,N8,t
appliedMASKiso_shg_2mgml_roi2_8bit.ome,12,42.71896,62.228,0.937393462,3.715211538,43.9685,50.768,0.94228,3.6343,26,23.41282787,38.55664269,0.022954799,0.679600384,12,3442,36.0805,2639,75,35.1867,11,1.2116,0.0156,0.0723,0.4427,131072,0.664386332,573.5620117,0.465904236,9.137970924,9.244051933,617.0574951,0.810080469,0.688507318,524.8244629,0.508326948,8.331745148,7.644604206,524.3179932,0.831982374,0.176086262,325.2694092,0.161132976,5.081837177,6.289311886,420.4283447,0.112021945,2mgml,shg,roi2,3198.113985,56068.48605,30501.0004,304.2806423,65362.15915,62004.0806,4260.582932,2814.032263,1715.471456,61545.30583,6237.686591,6237.786491,5894.832429,5961.802855,15261.51151,2795.977836,5556.176914,4561.569684,61937.80977,4942.300217,612.8593438,1704,63987,30342,9,65535,64348,2433,1449,377,63846,3706,3704,3496,3534.5,15262,99,3283,2614,64350,3602,37,4530.614673,4264.604943,12564.57382,2943.480922,2221.231609,1531.711898,5742.535537,5497.897495,3747.920717,5403.944839,7360.915269,7341.083605,7014.560817,7080.962692,7.862488815,6499.376124,6527.167526,5769.46487,5809.621873,4990.235757,2317.355167,D1,N8,t
appliedMASKiso_shg_2mgml_roi2_8bit.ome,13,55.51232381,65.25161905,0.930597143,3.765309524,47.353,56.709,0.93027,3.7051,21,40.38366948,27.07554818,0.030508385,0.832952209,13,3387,36.6988,2644,76,34.7895,12,1.212,0.0182,0.0654,0.395,131072,0.712846637,516.2163696,0.478858203,7.938125134,8.173688889,588.5356445,0.839606762,0.748949289,432.5659485,0.512907863,6.675778866,6.432248592,470.1706543,0.867165267,0.173104092,341.9583435,0.165670514,5.097954273,6.378802776,479.5942078,0.108187526,2mgml,shg,roi2,3177.636035,55579.21955,30504.82766,269.7338992,65377.31488,62126.39124,4211.867495,2813.94112,1594.019451,61701.12201,6034.94218,6028.758813,5726.718232,5787.631898,15261.58338,3167.816047,5364.017647,4477.754685,62077.34977,4960.3336,547.1317736,1593,63109,30339,10,65535,64388,2283,1370,342,63870,3521,3521,3314,3355,15262,98.5,3113,2445,64381,3396,30,4441.530671,4082.606907,12421.046,2867.520567,1692.857969,1227.860909,5586.127148,5378.678771,3446.683937,5195.852856,7190.844723,7168.700105,6867.662221,6930.13822,8.880080248,7082.12787,6414.145361,5663.770228,5624.551252,5098.809211,1989.328675,D1,N8,t
appliedMASKiso_shg_2mgml_roi2_8bit.ome,14,50.64167778,56.22,0.933774815,3.891048148,38.367,53.892,0.93185,3.7978,27,40.09639583,21.1786392,0.023425234,0.852868564,14,3524,35.1944,2824,101,27.9604,20,1.2233,0.0158,0.0765,0.3461,131072,0.658052802,587.1471558,0.46260801,9.345690727,9.91597271,658.7225342,0.804083467,0.694253325,498.5342712,0.473067641,7.945099831,7.679386139,531.9544678,0.835776746,0.194645226,359.9795227,0.163221642,5.609602928,8.132919312,549.2599487,0.127415985,2mgml,shg,roi2,3331.323676,56448.3636,30597.81298,395.0787077,65313.66743,61775.65002,4413.983924,2924.96867,1872.629977,61334.96824,6446.303015,6446.677561,6088.895381,6158.569897,15261.53732,2562.882223,5741.391371,4729.088776,61717.61263,4987.118234,753.999629,1645,64405,30342,13,65535,64285,2392,1419,384,63776,3676,3681,3453,3495,15262,73,3326,2545,64274,3455.5,36,4532.014649,4104.400352,12150.88439,2847.50969,2014.320488,1437.742673,6173.594596,5566.772723,4110.596158,5890.782317,7778.089096,7771.868355,7373.399308,7450.785834,7.989596035,6114.987287,6956.123095,5959.293462,6263.285244,4983.546107,2657.418161,D1,N8,t
appliedMASKiso_shg_2mgml_roi2_8bit.ome,15,69.11185,61.131,0.922713,3.8761,52.989,47.5685,0.9282,3.8664,20,47.37065497,32.66806665,0.039955241,0.736664886,15,3087,40.4597,2485,93,26.7204,14,1.1853,0.0154,0.0635,0.3303,131072,0.718456089,501.7794189,0.483340919,7.720482349,8.339177132,601.6967773,0.842528284,0.761791945,427.5737305,0.503894925,6.570396423,5.63076973,407.5500793,0.874218404,0.176633626,321.8536682,0.166032657,4.952255249,7.25582552,508.841095,0.111042291,2mgml,shg,roi2,3205.365964,55665.81127,30545.76987,331.505993,65351.34767,62086.74108,4227.232769,2852.642451,1603.432219,61680.22213,5988.79582,5979.124291,5689.958726,5749.076703,15261.55922,2803.757194,5292.782315,4478.298408,62051.82597,4957.481274,629.5948793,1558,62312,30338,12,65535,64411,2215,1327,334,63890,3418,3424,3208,3250,15262,96.5,3070,2383,64399,3324,29,4444.398704,4073.025568,12098.44147,2931.307914,1587.045692,1169.636882,5739.430994,5449.310131,3475.040626,5306.140434,7302.958568,7280.077547,6989.051071,7050.759467,9.972846106,6331.319006,6333.971545,5736.742032,5752.850455,5265.108209,2359.570614,D1,N8,t
appliedMASKiso_shg_2mgml_roi2_8bit.ome,16,67.04581481,49.97862963,0.935017407,3.83812963,51.789,46.382,0.93748,3.6462,27,43.58013298,19.80904773,0.025891397,0.770386004,16,3227,38.6176,2601,87,29.8966,9,1.1966,0.0152,0.0673,0.3906,131072,0.720373392,508.2940369,0.499000311,7.735690117,8.323236465,607.2858276,0.844108164,0.759205341,446.8113403,0.533910215,6.746248722,6.214604378,470.1682434,0.873228192,0.173776552,320.1127319,0.155452624,4.902662277,6.90490675,479.1368408,0.108222313,2mgml,shg,roi2,3305.412678,55839.8006,30578.62064,298.1640895,65354.14166,61990.83675,4337.641477,2944.820021,1655.576201,61599.80874,6118.144585,6106.434655,5820.068763,5879.317223,15261.75507,2480.210526,5363.429082,4598.321764,61957.78016,5095.078249,662.8803106,1591,62753.5,30360,12,65535,64435,2256,1357,326,63916,3391,3395.5,3203,3241,15262,73,3027,2415,64428,3405,31,4615.349827,4312.945717,12078.41762,2984.64006,1191.890875,1019.784456,5903.975727,5615.462185,3639.752196,5511.011364,7503.149312,7482.967552,7173.79958,7238.477377,81.98422453,5998.2903,6508.520546,5905.393196,5942.255964,5484.250261,2410.871495,D1,N8,t
appliedMASKiso_shg_2mgml_roi2_8bit.ome,17,56.38589259,54.73792593,0.93060037,3.804166667,51.71,51.642,0.93426,3.8175,27,32.71232055,20.52361789,0.025588279,0.815069042,17,3256,38.2558,2600,74,35.1351,11,1.1966,0.0181,0.0688,0.4179,131072,0.724065602,520.3908081,0.506103873,7.734379292,8.303323746,624.2770996,0.846868217,0.753089249,453.6563721,0.55132854,6.795538425,6.800034523,529.4073486,0.869767547,0.168653965,332.3151245,0.152181536,4.890358448,6.588876724,480.0176697,0.103881232,2mgml,shg,roi2,3361.603547,56001.69023,30577.60986,255.3277593,65368.63526,61951.08833,4404.69674,2999.808452,1688.252541,61572.48753,6183.242212,6169.965146,5884.497205,5943.868492,15261.47722,2685.453036,5405.814748,4663.271912,61922.09594,5210.700622,623.4981873,1623,63506,30358,12,65535,64408.5,2310,1406,329,63918,3426,3420,3243,3279.5,15262,96,3027,2452,64415,3475.5,32,4646.908651,4308.61647,12087.63824,2944.229077,1083.498949,950.5833732,5894.104036,5632.441427,3695.11033,5515.569905,7529.76306,7509.00994,7190.17475,7255.887745,12.95384473,6074.246573,6629.687856,5931.324395,5936.999485,5546.972976,2163.108347,D1,N8,t
appliedMASKiso_shg_2mgml_roi2_8bit.ome,18,60.14931563,55.3461875,0.923609375,3.70011875,48.2235,48.2955,0.930065,3.64635,32,36.88172607,18.20526337,0.039439268,0.628278481,18,3698,33.4443,2946,86,34.2558,11,1.2293,0.0141,0.0776,0.3885,131072,0.691179335,558.3363037,0.506654501,8.559299469,9.079832077,658.0060425,0.826796412,0.710774183,515.7713013,0.540754199,7.94165659,8.013727188,588.9344482,0.845661402,0.173664078,323.880188,0.147854403,4.980463028,6.543173313,463.1334839,0.108677305,2mgml,shg,roi2,3485.782482,56617.14227,30597.72423,253.3892267,65362.65467,61766.08801,4581.696863,3105.928036,1819.166342,61395.23289,6472.481775,6460.676534,6149.968157,6213.656651,15261.79742,2476.06594,5718.43352,4856.315314,61728.47048,5359.516659,656.4385935,1720.5,64481.5,30365,13,65535,64328,2460,1499,357,63858,3627,3626,3426,3465,15262,102,3198,2592,64338,3650,38,4681.673272,4296.581637,12107.88498,2964.260525,1123.482582,978.2430841,6073.869179,5704.992724,3890.619826,5706.885264,7756.411799,7738.563907,7383.855089,7455.209337,93.22811351,5843.040634,6922.558752,6045.828285,6131.37223,5523.026591,2117.715217,D1,N8,t
appliedMASKiso_shg_2mgml_roi2_8bit.ome,19,63.79811471,57.03117647,0.92671,3.808841176,58.1625,49.2825,0.93684,3.72545,34,39.10674612,22.33259046,0.029841149,0.741403039,19,3741,33.0369,3041,80,38.0125,14,1.2303,0.0129,0.088,0.3657,131072,0.644300044,622.1307983,0.492830455,9.80673027,10.22771835,703.2585449,0.797387362,0.654924691,608.7042847,0.528210461,9.422080994,9.33556366,646.68573,0.812357426,0.178787008,331.4321899,0.147876978,5.199260235,6.766192913,461.335083,0.114672065,2mgml,shg,roi2,3610.273406,57170.96088,30619.09459,259.7687105,65348.91091,61521.61771,4753.447146,3195.505209,1963.254284,61152.68459,6806.508702,6798.605252,6452.448397,6521.929111,15261.51391,2821.952578,5995.101127,5064.948364,61479.95602,5452.763727,717.3279586,1823,65052.5,30374,13,65535,64221,2582,1566,404,63766,3872,3871,3649,3693,15262,108,3411,2759,64229,3817,45,4704.548422,4241.150154,12075.13684,2989.959705,1076.284738,971.2377731,6305.10801,5784.568684,4016.97959,5951.376927,8003.545789,7993.340726,7604.721781,7681.252841,7.357598232,6235.659272,7106.312179,6170.059777,6362.468903,5435.988723,2140.707865,D1,N8,t
appliedMASKiso_shg_2mgml_roi2_8bit.ome,20,54.00623171,53.21090244,0.923159512,3.9983,49.574,46.759,0.92669,3.9577,41,33.2392755,22.30433519,0.030454156,0.705282066,20,4517,27.0177,3672,103,35.6505,22,1.2844,0.0133,0.1012,0.3658,131072,0.587355793,683.9199829,0.468500406,11.25287914,11.52474117,731.9586792,0.760406435,0.593184352,667.5491943,0.495606959,10.87748432,10.20553493,680.2230225,0.773655951,0.180133522,320.0255737,0.146158427,5.240252018,7.106178761,455.4435425,0.119929761,2mgml,shg,roi2,3748.42949,57903.29032,30540.67368,307.5059135,65309.15199,61182.46377,5009.977715,3324.094684,2184.365137,60798.1291,7238.69894,7235.844286,6848.573274,6924.893272,15261.51035,2654.473313,6352.345631,5320.217619,61118.20995,5499.726527,867.9095645,1985,65356,30360,14,65534,64022,2840,1720,483,63615,4276,4271,4026,4078,15262,110,3752,3021,64040,4050,61,4715.56193,4253.500085,11875.19516,2982.379637,1155.020474,1073.54925,6616.213516,5944.518168,4293.068003,6304.266301,8282.298808,8273.95501,7876.310132,7954.999071,8.325442205,5878.613268,7260.493101,6311.250086,6721.319953,5267.181071,2547.15961,D1,N8,t
appliedMASKiso_shg_2mgml_roi2_8bit.ome,21,59.74542424,49.37190909,0.927367273,3.610721212,58.496,41.511,0.93211,3.5487,33,38.9947194,19.55059575,0.033752867,0.725056753,21,3972,30.9992,3262,98,33.2857,14,1.241,0.0169,0.0853,0.3555,131072,0.655353427,589.8931885,0.462668568,9.433197975,9.478285789,630.8092041,0.804929256,0.667950273,550.381958,0.485759914,8.86665535,8.132307053,550.0793457,0.819718719,0.172254309,316.9605408,0.143009678,4.969376087,6.489245892,440.2571716,0.108620182,2mgml,shg,roi2,3523.121013,56973.30997,30637.12849,247.8152093,65359.58092,61655.28088,4640.72756,3117.74136,1871.391795,61274.58157,6637.806912,6629.569561,6292.960451,6360.604469,15261.50435,2605.126884,5867.396536,4943.186938,61610.79582,5377.344409,678.5135679,1843,65075,30372,12,65535,64259,2623,1591,408,63824,3872,3867,3665.5,3708,15262,89,3411,2774,64276,3865,47,4501.393549,4029.8211,12249.09831,3019.250707,995.6590056,899.314865,6058.310506,5585.436986,3801.319353,5706.746975,7757.849415,7746.856246,7377.531522,7450.970334,9.905455749,6021.555953,6846.201798,5968.216579,6127.948143,5325.597316,2123.677405,D1,N8,t
appliedMASKiso_shg_2mgml_roi2_8bit.ome,22,76.55754857,52.54934286,0.926451143,3.936557143,74.291,46.948,0.93629,3.8156,35,43.89832385,20.41141307,0.032997067,0.86112978,22,3937,31.2926,3282,73,44.9589,19,1.2466,0.0159,0.0939,0.3118,131072,0.624947548,626.8742065,0.485090613,10.13094521,10.87503242,730.6300049,0.784835756,0.624118924,606.7990723,0.516726971,9.977659225,9.184797287,583.3912964,0.792580724,0.183894962,332.0614929,0.157839745,5.211928844,7.421856403,515.3077393,0.118145324,2mgml,shg,roi2,3712.791038,57228.82859,30644.34762,317.7410703,65312.37233,61404.1817,4882.275224,3316.249213,2053.429902,61040.96004,6908.490086,6897.54554,6551.856619,6621.708666,15261.52084,2351.985793,6070.992483,5169.219524,61361.07246,5492.932975,823.1377322,1816,65098,30381,16,65534,64231,2596,1566,423,63791,3922,3913,3696,3740,15262,100,3411,2766.5,64245,3807,55,4823.903136,4357.748134,12163.23775,3079.526899,1121.126306,1023.00228,6415.732596,5922.411617,4117.880817,6045.748452,8126.329559,8111.969332,7734.847553,7810.238334,11.4367539,5627.108187,7145.471488,6306.002442,6479.624786,5634.882443,2429.665737,D1,N8,t
appliedMASKiso_shg_2mgml_roi2_8bit.ome,23,77.6615037,64.36648148,0.922083333,3.847303704,76.931,55.526,0.93404,3.9528,27,47.63520777,29.51122912,0.032938094,0.86426084,23,3292,37.8156,2751,60,45.85,17,1.1853,0.0207,0.0761,0.3253,131072,0.707388103,541.6196289,0.516273439,8.065948486,9.38432312,733.894165,0.8368572,0.713941336,490.8433228,0.584218264,7.639308453,7.365480423,569.6016846,0.847304344,0.177467898,357.7527466,0.187401265,5.059893608,7.37249136,608.8686523,0.106837817,2mgml,shg,roi2,3630.864276,55153.42008,30612.7423,281.0307126,65344.31207,61832.83095,4695.478649,3287.90933,1802.584012,61503.93571,6381.074252,6356.733168,6101.307923,6157.595892,15261.60623,2508.010516,5534.529293,4925.670982,61817.32203,5560.824612,724.7799137,1672,62751,30386,14,65535,64500.5,2365,1449,347,64003,3474,3468,3286,3323.5,15262,108,3027,2510,64507,3554,46,4837.978356,4443.529227,12787.36064,2987.798282,1056.140823,930.1060016,6017.597316,5835.33199,3894.431119,5595.397285,7735.762754,7710.193958,7403.653825,7468.230012,9.897613064,5686.837219,6815.946095,6162.123406,6055.974369,6079.654672,2364.23141,D1,N8,t
appliedMASKiso_shg_2mgml_roi2_8bit.ome,24,77.92206471,65.25597059,0.921423235,3.756826471,74.9435,57.6295,0.93193,3.79385,34,47.70749211,31.15683171,0.050740942,0.723151901,24,3141,39.7297,2641,68,38.8382,16,1.1786,0.0131,0.0838,0.2847,131072,0.677842081,566.81604,0.498967797,8.793960571,9.618535995,674.1477051,0.817842007,0.681576133,535.1571045,0.545080781,8.383443832,8.505670547,633.2341309,0.828380525,0.189061269,346.1610413,0.168778822,5.335250378,6.937847614,470.8009644,0.116192698,2mgml,shg,roi2,3706.053703,55385.63387,30700.76659,288.4776985,65337.20934,61651.73554,4817.910444,3307.867484,1949.128909,61302.24081,6671.478857,6653.548486,6361.503651,6423.510651,15261.58433,3476.930748,5794.93064,5085.767302,61623.29996,5623.517626,782.2178687,1807,63583,30400,17,65535,64364,2582,1566,399,63904,3773,3759,3582,3621,15262,137,3241,2719,64386,3764,49,4839.739694,4396.912199,12863.59221,2946.402872,1175.948467,1016.911009,6166.019521,5850.265305,4139.597197,5825.105557,7896.909927,7880.518045,7534.137247,7604.30681,7.162940977,7551.063975,7001.215249,6215.631546,6245.847911,6117.866448,2648.142762,D1,N8,t
appliedMASKiso_shg_2mgml_roi2_8bit.ome,25,80.69826857,51.53302857,0.925388,3.82344,71.565,46.162,0.93385,3.875,35,43.57670823,22.02976067,0.05904078,0.741664349,25,3601,34.399,2928,88,33.2727,15,1.2142,0.0134,0.0838,0.2543,131072,0.666642487,580.3810425,0.471905589,9.166010857,9.354469299,637.3178711,0.810615122,0.670790374,569.8400879,0.508779407,8.913703918,8.511289597,602.644043,0.821619987,0.189449579,347.0506592,0.162349939,5.453287601,6.50172472,435.5549316,0.117937207,2mgml,shg,roi2,3672.260211,55614.93932,30642.44128,291.5178775,65341.10001,61674.28861,4777.740737,3277.271936,1895.217135,61327.79039,6657.035066,6640.110975,6343.683019,6406.198352,15261.57421,3084.873034,5777.638706,5051.165415,61646.00512,5614.787632,732.8184197,1795,63804,30387,15,65535,64333,2528,1548,408,63868,3773,3766,3572.5,3615,15262,98,3326,2704,64346,3752,46,4858.945598,4435.281756,12740.34123,2838.372616,1233.376144,1045.503087,6102.799423,5848.147084,4001.405216,5747.070728,7804.467405,7785.399495,7461.134789,7527.977596,8.37851022,6838.905483,6846.552069,6171.79872,6168.919893,6205.857606,2603.060572,D1,N8,t
appliedMASKiso_shg_2mgml_roi2_8bit.ome,26,73.28351714,54.19797143,0.931565143,3.764745714,64.44,47.428,0.93735,3.8178,35,38.70088036,22.66509093,0.033541526,0.59681526,26,3660,33.8123,2995,78,38.3974,23,1.2255,0.0174,0.0876,0.2797,131072,0.636884928,624.3596802,0.448322922,10.01446152,10.06839657,688.7462158,0.790957332,0.634722948,613.8687744,0.481576294,9.902565002,8.938524246,608.6732178,0.799624324,0.195271373,365.914978,0.180610284,5.735287189,7.059180737,508.2089233,0.125788897,2mgml,shg,roi2,3697.863828,56462.2991,30657.67709,318.0585004,65323.56277,61559.43702,4848.624902,3333.36897,2011.861688,61197.4903,6790.838174,6777.33992,6452.296614,6519.075062,15261.5787,3011.705947,5924.414566,5103.953276,61523.88639,5587.943499,811.2863931,1770,64809,30396,16,65535,64291,2555,1535,420,63821,3814,3816,3588,3632,15262,107,3411,2701,64302,3671,50,4949.660443,4587.067669,12563.01272,2921.94127,1268.701575,1099.948171,6279.719717,5976.130339,4345.071816,5950.751833,7970.231779,7951.802802,7606.844865,7676.923401,8.133637086,6547.029708,7038.214217,6267.551631,6357.673182,6249.320214,2976.713769,D1,N8,t
appliedMASKiso_shg_2mgml_roi2_8bit.ome,27,77.1248,55.5042,0.923719,3.6999,69.968,50.0305,0.92609,3.5608,30,42.55349914,19.43674852,0.036500843,0.865933472,27,3400,36.5509,2791,81,34.4568,16,1.2067,0.0156,0.0794,0.2302,131072,0.667879999,590.4553223,0.467665285,9.225622177,9.65733242,712.2489014,0.810943425,0.676605105,546.3875122,0.509710073,8.622340202,8.334383011,579.9750366,0.825207531,0.191975906,374.0628967,0.194631845,5.667548656,7.242756844,576.0317383,0.121167615,2mgml,shg,roi2,3609.529807,55906.95498,30615.7646,273.9571052,65353.69164,61819.01611,4673.426902,3250.772847,1786.367217,61479.79722,6446.290061,6427.059078,6146.51807,6206.310686,15261.5322,2641.396811,5559.201017,4917.771647,61804.08926,5569.315956,691.1276288,1619,63825,30389,16,65535,64422,2324,1394,372,63898,3592,3593,3369,3416.5,15262,113,3198,2492,64417,3442,41,4921.117475,4551.502712,12651.16387,2912.557382,1049.745425,935.5645638,5986.556719,5835.381949,4023.975651,5605.57533,7675.453021,7652.001662,7343.871309,7408.274372,10.23196541,5984.364217,6723.991965,6124.973791,6030.148281,6429.13902,2618.75415,D1,N8,t
appliedMASKiso_shg_2mgml_roi2_8bit.ome,28,69.85942727,51.38739394,0.933800606,3.858484848,60.461,47.496,0.93956,3.8594,33,41.35217724,16.1271069,0.026449532,0.731100295,28,3326,37.4086,2759,76,36.3026,22,1.1976,0.0141,0.0729,0.2106,131072,0.684329987,573.4873047,0.496409357,8.727880478,9.817448616,756.9932861,0.821300924,0.708081484,503.7167358,0.557273865,7.816303253,7.917701721,592.0487061,0.844026685,0.191152081,381.0926208,0.201949492,5.589113712,7.732845306,623.7271729,0.120331533,2mgml,shg,roi2,3503.378127,55483.44968,30696.34713,282.0708672,65352.56879,61967.89352,4535.159371,3191.373602,1742.864739,61631.64843,6121.682929,6095.912882,5861.791662,5914.35697,15261.55415,2982.165344,5265.616151,4733.289326,61955.62863,5398.942118,725.5981945,1459,63094,30398,18,65535,64595,2134,1284,307,64044,3163,3163,2982,3016,15262,134,2814,2227,64583,3159,41,4873.349921,4558.884633,12521.98392,3065.704994,1013.458231,902.7383093,5926.057334,5830.088287,4123.759351,5545.259288,7604.568039,7574.856871,7285.141445,7347.000933,7.767009025,6511.284347,6739.616381,6083.65304,5978.848155,6364.231932,2565.479088,D1,N8,t
appliedMASKiso_shg_2mgml_roi2_8bit.ome,29,75.33922692,49.89976923,0.930039231,3.904996154,76.415,41.477,0.93982,3.8653,26,40.01083308,22.83427033,0.038192262,0.776835554,29,2812,44.612,2305,65,35.4615,12,1.1573,0.0172,0.0609,0.1862,131072,0.739824355,519.3179321,0.52559334,7.372334957,8.626242638,730.9533691,0.856335521,0.762162924,432.1314697,0.569158792,6.402563095,6.646362782,522.492981,0.874808192,0.17151314,375.9730835,0.190267399,5.120476246,7.299967289,653.3424683,0.103541508,2mgml,shg,roi2,3350.076905,53780.13138,30643.60533,229.7306346,65387.21806,62352.33804,4267.66102,3060.949117,1456.152364,62023.98241,5613.133227,5578.962733,5401.762095,5445.175245,15261.60741,3058.242541,4792.94037,4443.567711,62358.3479,5333.669806,561.7123019,1370,52684,30396,16,65535,64764.5,1957,1210,251,64174,2831,2824,2681,2710,15262,113,2516,2045,64739,2992,37,4717.420257,4415.757728,12693.58249,3062.158425,801.8789766,747.7500791,5368.380487,5554.152084,3316.031186,4871.875434,7032.975443,6992.152902,6774.883279,6825.360703,9.582109962,6491.453428,6114.383889,5784.537305,5347.462872,6393.220975,1943.633318,D1,N8,t
appliedMASKiso_shg_2mgml_roi2_8bit.ome,30,71.87083478,54.08630435,0.927993478,3.815491304,66.93,50.353,0.93089,3.7307,23,41.46846989,24.31595713,0.033870092,0.618288535,30,2834,44.2502,2318,73,31.7534,13,1.1627,0.0131,0.0607,0.2206,131072,0.724849045,507.4314575,0.511172116,7.589372158,8.535007477,698.4595947,0.847926319,0.743032217,452.8449097,0.53893739,7.015394688,6.712182999,513.1777954,0.863978267,0.165513739,332.5020447,0.200668037,4.755948544,6.87219286,612.0637207,0.100161493,2mgml,shg,roi2,3288.700251,54235.27541,30697.13263,282.0673417,65371.81475,62413.57295,4212.748819,3054.994513,1412.531412,62088.72726,5492.473552,5457.332342,5293.025999,5334.389506,15261.64135,2461.647931,4674.053367,4352.005729,62424.57766,5262.406744,587.9699563,1365,56461,30390,14,65535,64794,1916,1191,246,64196,2776,2770,2625,2657,15262,113,2473,2020,64772,3006,35,4706.739232,4551.836119,12715.07728,3158.14411,1079.887866,891.1741573,5363.535258,5609.618859,3256.283227,4838.839688,6969.543209,6925.481436,6743.881023,6789.603577,8.192313938,5839.921957,5956.683278,5746.447391,5330.488425,6366.667889,2094.64985,D1,N8,t
appliedMASKiso_shg_2mgml_roi2_8bit.ome,31,62.18468,64.81746667,0.929098667,3.895726667,62.676,69.214,0.93346,3.891,15,41.31306766,21.90065108,0.030578896,0.645982595,31,2887,43.4011,2327,81,28.7284,9,1.1679,0.0165,0.0615,0.1725,131072,0.713115215,517.9102173,0.482820123,7.897512913,8.229387283,624.2358398,0.841676533,0.716811538,505.7576904,0.526263058,7.787025452,7.543309212,540.6970215,0.848933637,0.159027785,304.8598633,0.18354857,4.47629261,5.84470129,501.2675171,0.094496213,2mgml,shg,roi2,3277.995341,54093.76957,30695.04537,211.5541714,65402.26296,62507.99657,4156.680636,3008.213048,1402.380772,62157.9269,5441.948177,5409.571149,5236.337772,5278.665561,15261.6115,3224.120161,4659.072195,4316.522362,62511.31647,5353.170119,535.129285,1403.5,57897,30392,13,65535,64818,1984,1234,251,64217,2800,2792,2665,2692,15262,171,2473,2073,64800,3075.5,33,4648.642685,4323.080054,13046.95699,3129.480754,704.7199225,656.5251875,5216.446766,5379.318576,3276.559534,4794.742986,6879.713391,6849.18392,6609.352232,6662.211587,10.35106366,6717.563437,5994.32353,5614.975746,5219.413961,6565.685407,1802.082153,D1,N8,t
appliedMASKiso_shg_2mgml_roi2_8bit.ome,32,78.04005238,54.76933333,0.921848571,3.594233333,72.646,42.732,0.93538,3.5547,21,41.7048944,31.53794947,0.044669424,0.674999074,32,3124,39.9568,2496,80,31.2,9,1.1879,0.0095,0.0613,0.1966,131072,0.702767015,536.7792358,0.471067667,8.258793831,8.574591637,648.0072632,0.834232211,0.719128788,454.005188,0.488614857,7.365998268,6.694432259,465.3230591,0.850236714,0.171259254,347.9512634,0.174446002,5.065405846,6.709171772,602.9801636,0.103412256,2mgml,shg,roi2,3266.123082,54081.36131,30648.67818,205.6730062,65409.47176,62577.49998,4145.542382,2992.932492,1298.932989,62252.41137,5388.40221,5351.801493,5197.191211,5236.857326,15261.47318,3004.873732,4545.608081,4296.863427,62590.48891,5373.858742,446.4889643,1420,57848.5,30374,12,65535,64780,2011,1241,255,64189,2890,2876,2756,2785,15262,145.5,2558,2115,64763,3080,33,4610.350018,4253.713184,13081.21801,3088.82357,854.5113475,677.9740479,4917.602759,5308.171418,2816.069828,4384.385168,6577.31766,6532.159844,6362.089065,6404.619829,41.72929094,6393.829353,5609.854138,5500.46106,4863.342548,6452.348782,1339.182395,D1,N8,t
appliedMASKiso_shg_2mgml_roi2_8bit.ome,33,71.46695652,52.40004348,0.915542174,3.912821739,65.095,45.401,0.92054,3.7102,23,36.05574546,21.18243552,0.053417979,0.905964703,33,3039,41.1303,2427,80,30.3375,10,1.1808,0.0159,0.0643,0.1767,131072,0.705692708,552.03302,0.477714002,8.320631027,9.037970543,700.4564819,0.834716916,0.724848509,471.7786865,0.496247172,7.422026634,6.707060814,462.8154297,0.853349447,0.184016287,384.4679871,0.177876934,5.545424461,7.806338787,694.8912354,0.113190822,2mgml,shg,roi2,3293.754013,53907.76277,30622.67226,297.4046766,65378.49564,62549.42915,4212.731843,3040.266671,1315.624608,62233.51302,5422.626183,5384.927914,5240.805435,5279.197009,15261.56544,2548.8,4537.685253,4336.061042,62566.29964,5356.242592,509.5856186,1381,57472.5,30388,12,65535,64814,1998,1234,247,64208,2844.5,2838,2692,2722,15262,63,2516,2061,64790,3008,34,4667.176493,4336.86637,13214.2922,3052.628131,1700.13932,1061.311116,5030.751513,5433.241269,2860.5362,4455.737438,6674.553743,6625.848351,6478.39191,6518.442931,8.936567186,6203.565737,5584.950777,5602.146478,4959.196559,6286.815258,1618.196675,D1,N8,t
appliedMASKiso_shg_2mgml_roi2_8bit.ome,34,78.3052,56.49725926,0.915197037,3.88892963,72.897,51.889,0.92728,3.8658,27,35.23018482,22.93947737,0.052916866,0.593272544,34,3084,40.501,2459,73,33.6849,9,1.1826,0.0186,0.0678,0.2004,131072,0.704658091,553.5391235,0.505882025,8.279621124,9.386098862,726.1296997,0.833882749,0.734997272,452.3423767,0.537907362,7.079801559,6.829259872,494.0038147,0.859054029,0.18907389,396.6921692,0.17346704,5.664596081,8.034456253,681.9860229,0.116512738,2mgml,shg,roi2,3328.16532,53691.06645,30660.64999,363.6989774,65352.67801,62481.6737,4280.985848,3094.072028,1416.270659,62158.56284,5475.092146,5435.82536,5294.134896,5332.395215,15261.58305,2564.775728,4646.56547,4384.90752,62488.17536,5328.64523,607.533231,1351,52685,30400,14,65535,64818.5,1971,1222,251,64211,2811,2802,2658,2687,15262,104,2473,2021,64797,2970,33,4744.125838,4464.781295,13161.67505,3100.3705,1972.821858,1202.103234,5253.033108,5620.731915,3151.423554,4714.199848,6898.869156,6847.26068,6700.019712,6740.796937,13.74983708,6059.943448,5909.224389,5766.397729,5224.394721,6242.866836,1903.230018,D1,N8,t
appliedMASKiso_shg_2mgml_roi2_8bit.ome,35,70.98731935,58.5326129,0.926811613,3.673403226,68.537,49.333,0.93501,3.4777,31,38.40605164,29.3909567,0.034544984,0.772583099,35,2990,41.8371,2378,72,33.0278,5,1.1806,0.0142,0.07,0.183,131072,0.710282147,537.4393921,0.523495734,8.065505981,9.309037209,720.649353,0.837259829,0.748526335,432.3755493,0.56918484,6.659651279,6.906023026,530.8823242,0.867360234,0.188723564,382.6271362,0.177572712,5.562238693,7.71687746,618.4717407,0.116102085,2mgml,shg,roi2,3309.071775,53655.43416,30736.96061,339.9164654,65357.98151,62494.16226,4296.095765,3112.996724,1415.527851,62177.6455,5409.972327,5368.132083,5248.934232,5284.005434,15261.64068,2397.937965,4550.22003,4358.308636,62500.88804,5274.52953,639.7929717,1310,52685,30404,16,65535,64877,1916,1191,239,64258,2678,2670,2542.5,2573,15262,144,2345,1943,64853,2896,33,4767.48472,4543.475857,13124.31811,3216.260047,1545.280217,1040.92905,5338.949872,5733.046493,3204.234909,4774.35264,6990.32778,6935.139363,6807.647935,6846.484733,6.245880009,5788.182048,5914.902887,5847.951525,5311.993538,6272.311522,1957.251157,D1,N8,t
appliedMASKiso_shg_2mgml_roi2_8bit.ome,36,82.9115,59.78776923,0.926188077,3.831296154,78.646,54.384,0.93493,3.79635,26,38.8480329,32.60528988,0.034838351,0.696499938,36,3035,41.1871,2348,61,38.4918,9,1.1794,0.0163,0.0669,0.1761,131072,0.733796239,527.335144,0.545857906,7.563337803,8.817995071,745.2680664,0.852229118,0.770744562,425.1992798,0.597029328,6.141922951,6.764734745,569.8122559,0.879879475,0.178576261,396.0917053,0.175017089,5.420209408,7.153748989,628.8143311,0.107099012,2mgml,shg,roi2,3317.455213,52915.43671,30633.96606,246.0852724,65391.84711,62661.66157,4204.676859,3102.203832,1273.899448,62361.43871,5230.925127,5184.449828,5090.613356,5121.820824,15261.60741,2491.124614,4299.934419,4291.866189,62689.4493,5381.05516,532.4813496,1246,52682,30408,15,65535,64971,1780,1099,210,64310,2522,2514,2394,2419,15262,94,2260,1848,64935,2773,30,4934.207319,4758.849771,13405.41346,3090.467916,780.5060884,695.9769314,5175.106645,5791.196148,2924.566368,4517.900382,6866.491374,6802.21659,6714.38833,6747.587835,7.810395085,5924.099026,5609.567795,5900.417218,5081.420685,6750.137937,1580.867182,D1,N8,t
appliedMASKiso_shg_2mgml_roi2_8bit.ome,37,84.83365217,61.35986957,0.927147826,3.846365217,80.628,52.381,0.9433,3.7909,23,39.04816357,28.13095651,0.039372488,0.759866714,37,2849,44.0067,2215,63,35.1587,12,1.1619,0.0104,0.0642,0.1702,131072,0.757734537,484.8373108,0.555158615,6.843069077,8.264035225,735.5175781,0.86722368,0.781914592,399.439209,0.618774891,5.786458492,6.518341064,543.5114746,0.886286139,0.166859284,372.3292542,0.185978562,4.982482433,7.268012047,705.7625732,0.098545641,2mgml,shg,roi2,3289.257973,52264.26855,30686.80713,357.2286362,65365.704,62816.20046,4128.88508,3098.631025,1201.286715,62510.10852,5042.602833,4991.137512,4919.033135,4946.844987,15261.6356,2227.372015,4132.252401,4195.9433,62844.88274,5368.228589,529.0074054,1200,52679,30410,13,65535,65027,1726,1069,200,64345,2424,2415,2305,2327,15262,54.5,2132,1778,64989,2675,28,5138.286036,5015.737298,13686.65205,3085.305568,1473.770036,1011.692861,5045.990997,5889.371363,2806.194576,4331.190498,6726.579938,6648.46777,6604.974834,6631.569741,8.313250758,5414.926578,5483.641428,5950.461396,4924.874475,7028.303919,1704.012051,D1,N8,t
appliedMASKiso_shg_2mgml_roi2_8bit.ome,38,89.63241667,59.028625,0.927857083,3.671275,89.835,48.458,0.934965,3.5781,24,40.12854756,25.4280791,0.053809457,0.693728728,38,2412,52.342,1918,55,34.8727,6,1.1217,0.0203,0.0562,0.1479,131072,0.805069149,444.3144226,0.569927156,5.72158289,7.216176987,714.5133667,0.895257354,0.838755846,352.9150391,0.622676849,4.783774376,5.174091816,458.6514893,0.917082131,0.148630723,373.1729431,0.180649355,4.52718544,7.090732098,787.4298096,0.084767476,2mgml,shg,roi2,3193.372347,51065.42715,30714.40921,472.0826407,65356.97462,63132.93965,3956.8882,3038.807622,1021.304811,62811.7265,4644.879907,4586.692474,4564.158673,4584.157191,15261.67117,2553.925381,3783.426653,3971.442234,63162.83894,5362.695138,432.7870919,1155,52665,30428,10,65535,65114,1672,1050,189,64385,2297.5,2285,2186,2211.5,15262,83.5,2047,1699,65059,2572,24,5240.421422,5106.954541,13992.85887,3011.72744,2573.617141,1388.763155,4550.572088,5760.706432,2379.19322,3754.640282,6188.700608,6092.030824,6144.752134,6157.281817,8.159876488,6178.837585,4964.160333,5753.309063,4383.433709,7360.229925,1538.297605,D1,N8,t
appliedMASKiso_shg_2mgml_roi2_8bit.ome,39,93.06174074,54.29396296,0.93609,4.014911111,91.364,48.315,0.93857,3.9534,27,40.54807939,19.1732814,0.024422074,0.72806788,39,2695,46.6356,2195,60,36.5833,7,1.1472,0.0165,0.06,0.1282,131072,0.793995678,418.4617004,0.544595897,5.811466217,7.028542995,641.0750732,0.888525069,0.826491237,356.163269,0.591027915,4.859251022,5.052830219,437.1440735,0.910637021,0.15542762,341.7745056,0.188608691,4.55683136,6.769390106,670.4078979,0.089759454,2mgml,shg,roi2,3152.102192,50794.6296,30715.83366,484.0905202,65348.56667,63094.38805,3948.527863,2969.572865,1102.522797,62737.36604,4746.899306,4696.139554,4640.152548,4664.768426,15261.61886,2460.861427,3886.77609,3982.546345,63114.29796,5167.725458,516.9510494,1143,52666,30441,11,65535,65147,1658,1019,196,64395,2321,2314,2199,2225,15262,113,2089,1692,65089,2555,25,5207.583032,5022.132495,14346.58774,3088.361942,2241.269744,1322.094173,4691.148312,5810.159043,2497.265102,3893.407362,6361.153651,6268.374785,6304.817347,6320.164091,12.55394072,5379.76766,5029.135469,5829.49812,4519.849088,7036.517215,1844.315168,D1,N8,t
appliedMASKiso_shg_2mgml_roi2_8bit.ome,40,87.17128846,55.20196154,0.920930385,3.718611538,88.658,50.1275,0.925445,3.67815,26,39.97471729,18.88050149,0.025932881,0.750981803,40,2855,43.91,2341,63,37.1587,8,1.16,0.0179,0.0588,0.08596,131072,0.775425673,426.3842468,0.509994984,6.258392334,7.062736034,602.3944702,0.877306402,0.809522688,346.0497437,0.55442977,5.143767357,5.200410843,423.522522,0.901305556,0.161421806,334.3664856,0.203567579,4.719930649,6.592088699,614.071167,0.094303332,2mgml,shg,roi2,2977.652666,50367.78138,30756.28832,363.0703933,65393.98009,63209.70811,3785.440352,2768.674025,1076.261354,62801.95358,4686.326843,4646.527736,4554.133096,4583.122095,15261.70019,2313.861154,3866.066595,3840.984433,63220.58046,4893.869418,446.6587005,1022,52662,30473,12,65535,65229,1536,933,185,64414,2161,2160,2038,2063,15262,68,2004,1539,65158,2300,26,4881.083818,4651.884557,14853.29512,3096.876921,1785.408501,1060.104925,4503.627679,5581.013532,2315.112728,3721.611346,6257.149979,6178.10991,6180.493517,6199.437351,10.98383853,5486.583581,4953.674872,5620.401398,4326.167082,6585.684219,1423.975369,D1,N8,t
appliedMASKiso_shg_2mgml_roi2_8bit.ome,41,86.28761364,53.27654545,0.928655909,3.601195455,93.4425,51.883,0.93457,3.55695,22,37.30708831,18.96739231,0.032851213,0.57281931,41,3005,41.6183,2446,74,33.0541,9,1.1665,0.0213,0.0599,0.07769,131072,0.756980121,433.8020935,0.506032288,6.612859249,7.317941189,583.0744629,0.866176069,0.785724998,360.9377441,0.538855851,5.547706604,5.465030193,414.5476685,0.887956023,0.170881882,330.9468994,0.194798544,4.875963211,6.474496365,561.4117432,0.101226009,2mgml,shg,roi2,2848.324749,50175.48485,30865.35365,336.3238593,65405.6468,63280.4179,3691.069315,2686.572966,1126.579243,62815.60727,4628.689396,4593.281313,4487.09897,4517.690512,15261.74665,2411.798601,3887.169284,3732.404227,63263.92305,4684.809041,488.4535133,941,52659,30510,12,65535,65284,1441,854,175,64414,2051,2051,1928,1953,15262,92,1919,1437,65203,2132,29,4622.620044,4501.650632,15154.5948,3165.336459,1611.50695,988.9331389,4445.939517,5428.797427,2563.47409,3789.864987,6253.585652,6186.32395,6136.457157,6162.294433,6.93748572,5497.240282,5126.93202,5461.413442,4332.916046,6257.097836,1724.968582,D1,N8,t
appliedMASKiso_shg_2mgml_roi2_8bit.ome,42,87.35911724,51.2182069,0.93396069,3.428024138,93.366,48.119,0.93297,3.2923,29,39.8337517,22.16356481,0.024364954,0.648424501,42,2829,44.3319,2251,61,36.9016,11,1.1606,0.0234,0.058,0.09828,131072,0.756594241,427.8734741,0.493309408,6.594775677,7.094559669,543.9205322,0.865653276,0.789898634,356.1674805,0.534361482,5.486430168,5.474788666,398.5946655,0.890392959,0.171569273,323.7391968,0.188536763,4.884212017,6.109008312,485.8993835,0.102442779,2mgml,shg,roi2,2691.084714,49528.90258,30818.51028,220.0233517,65439.95388,63435.41559,3509.202366,2546.300069,1095.092032,62920.24198,4459.545141,4429.409703,4300.128466,4333.172463,15261.64786,2417.443784,3835.560373,3557.108451,63404.51546,4482.620967,447.4298447,882,52624,30508,11,65535,65337,1359,817,160,64414,1922,1924,1811,1833,15262,93,1791,1347,65247,2012,30,4263.968882,4133.504374,15305.46005,3103.820784,899.8807868,644.4211226,4179.653181,5059.654097,2500.220032,3600.727773,6043.165902,5989.629628,5876.705136,5910.328148,14.86974454,5499.106027,5120.661035,5152.335002,4093.401107,5919.349891,1474.678435,D1,N8,t
appliedMASKiso_shg_2mgml_roi2_8bit.ome,43,83.51111852,48.83751852,0.924145185,3.572848148,91.273,40.887,0.9344,3.4805,27,45.0978955,18.61971964,0.044972377,0.581835442,43,2748,45.6976,2183,71,30.7465,10,1.1486,0.0169,0.0543,0.1086,131072,0.765880704,400.2406311,0.479198128,6.283564568,6.522968769,486.9534302,0.871401548,0.793446898,331.7946167,0.508608162,5.299631119,5.066969872,378.1651001,0.892355323,0.164036706,300.9039917,0.195807949,4.634283066,5.527136803,418.5968933,0.097826064,2mgml,shg,roi2,2498.72198,48902.66047,30833.97977,202.3784948,65454.54415,63652.27241,3280.857824,2383.371515,955.3123713,63111.76048,4128.355019,4097.965227,3991.711781,4020.511751,15261.72607,2646.510511,3502.46661,3303.499018,63620.41927,4231.657934,410.7687645,800,52541,30623,13,65535,65375,1250,755,132,64414,1732,1730,1635,1655.5,15262,106,1620,1218,65280,1850,26,4008.126848,3948.534711,15417.12565,3110.321653,778.6205098,554.3301276,3865.514722,4850.642603,2164.723198,3279.023885,5665.01354,5609.726497,5544.252989,5569.987825,10.75920703,6030.357387,4678.637452,4858.92826,3769.396554,5696.356383,1388.934255,D1,N8,t
appliedMASKiso_shg_2mgml_roi2_8bit.ome,44,92.91571,41.84316667,0.928198,3.66849,98.5215,38.667,0.935135,3.4927,30,44.92148181,9.626531044,0.029252724,0.798097735,44,2984,41.9253,2391,72,33.2083,10,1.1897,0.0177,0.0529,0.1314,131072,0.765383661,395.9621582,0.478604168,6.276509762,6.357445717,461.5089111,0.871129811,0.792840362,343.1531677,0.507732868,5.4052248,5.084970474,363.2788696,0.891996861,0.162107155,285.8182373,0.175401792,4.524347305,5.407734871,387.0943298,0.098294526,2mgml,shg,roi2,2299.832471,48159.17976,30866.94315,191.9535427,65463.29726,63812.54589,3054.440739,2201.953187,872.3660528,63232.02982,3838.976024,3813.181169,3711.527704,3738.630287,15261.82558,2649.22186,3260.344949,3054.157486,63771.60448,3932.763291,354.8140611,764,52094,30623,12,65535,65383,1196,700,134,64414,1673,1677,1575,1595,15262,87.5,1535,1173,65286,1748,22,3739.906222,3694.138723,15341.64682,3125.392547,782.5258515,524.0889389,3548.522187,4531.199801,1920.92218,2979.853582,5268.672819,5215.549703,5165.693666,5188.446563,7.459191926,5826.142459,4311.928644,4518.423093,3449.276078,5360.733436,1137.432162,D1,N8,t
appliedMASKiso_shg_2mgml_roi2_8bit.ome,45,98.27388929,50.8665,0.934728571,3.488360714,101.858,42.1235,0.944715,3.38595,28,44.86451475,19.9700762,0.026834628,0.588944635,45,2752,45.6283,2231,63,35.4127,11,1.1595,0.0129,0.0491,0.08362,131072,0.791119337,352.8261414,0.515748978,5.47545433,5.906694889,443.2201233,0.887038231,0.812187374,310.3063049,0.573957741,4.827847004,4.874355316,361.2223511,0.902774274,0.143922627,254.3383789,0.165459469,3.92275691,5.088405609,370.125946,0.085471973,2mgml,shg,roi2,2131.585753,46445.95722,30831.12087,100.5616855,65488.96236,63988.53854,2808.391579,2018.302041,829.5854225,63349.64744,3583.155439,3561.569079,3455.501067,3482.283054,15261.79792,2839.053279,3123.999184,2841.651506,63931.36122,3697.656569,284.4096808,758,50372,30623,10,65535,65397,1155,688,136,64414,1617.5,1614,1539,1556,15262,105,1535,1159,65295,1715,23,3312.126898,3337.985557,15114.06785,3070.772947,361.1413932,288.406935,3108.147534,4016.134287,1811.366359,2659.051008,4795.442433,4758.262682,4660.576858,4688.098652,12.25669974,6362.687924,4087.999349,4038.426006,3040.300197,4980.427002,781.5349734,D1,N8,t
appliedMASKiso_shg_2mgml_roi3_8bit.ome,1,95.13188409,48.90554545,0.904681591,3.378834091,89.8155,44.9355,0.91608,3.36995,44,53.77374473,15.16738073,0.069441748,0.640760836,1,4191,29.2749,3408,91,37.4505,16,1.2641,0.0206,0.0622,0.01622,131072,0.391837984,639.3486938,0.350626558,13.94821739,13.31055069,549.5869141,0.613159418,0.371528149,635.1735229,0.357735753,13.97136307,12.52109051,508.2653198,0.616487443,0.188422203,247.6935272,0.149693847,5.075355053,7.201856613,308.8747559,0.152938083,2mgml,shg,roi3,2913.438899,61425.60987,28324.33843,212.985548,65325.15126,60539.32914,4281.666953,2066.331316,2645.804996,60243.83241,7547.655629,7550.607408,7304.469576,7357.704149,20825.97265,3666.126528,8309.350566,5518.57935,60590.58054,3258.292941,1066.354286,1581,65481,28152,14,65534,63290,2425,1066,701,62877,4838,4845,4567,4622.5,20826,153,5841,3259,63275,2567,82,3505.768606,2620.958659,8285.340958,3066.024185,715.9412018,882.6900113,6586.691157,4966.872752,4814.825958,6227.702264,7895.77093,7892.527992,7796.122068,7824.710101,6.081504966,8298.687424,8033.272691,6159.817279,6405.441464,3055.115259,3232.133089,D1,N8,t
appliedMASKiso_shg_2mgml_roi3_8bit.ome,2,85.74675,53.28865789,0.904825263,3.522323684,83.2705,41.15,0.919415,3.34705,38,52.94801156,32.72240435,0.052024017,0.736255543,2,4151,29.5762,3456,100,34.56,18,1.2606,0.0307,0.0632,0.04529,131072,0.378072441,652.8936768,0.34355247,14.31073093,13.57386971,547.7043457,0.601936638,0.358405501,654.7022095,0.34716022,14.38938713,12.58664322,507.9147034,0.605399311,0.184374452,240.165741,0.144699842,4.994375706,7.182262421,281.713623,0.151944235,2mgml,shg,roi3,3096.691549,61850.48866,28383.32101,244.4446222,65299.13336,60209.43378,4531.77032,2186.152522,2824.670138,59948.27135,7981.100122,7982.067991,7727.330916,7782.819363,20825.92241,3989.319121,8829.811966,5849.827829,60275.24891,3418.964805,1096.206172,1650,65495,28175,16,65534,63182,2533,1117,719,62822.5,5046,5051,4775,4830,20826,129,6107,3403,63183.5,2709,87,3751.462867,2727.534647,7778.585122,2984.387413,848.5334714,1015.371587,6980.469755,5254.680566,4812.24866,6545.892807,8333.087742,8323.649797,8238.016417,8266.131902,7.587014006,8739.56206,8479.659474,6554.466705,6760.652089,3157.93938,3005.615084,D1,N8,t
appliedMASKiso_shg_2mgml_roi3_8bit.ome,3,76.3434225,52.121325,0.91002775,3.4161775,74.8235,45.103,0.92571,3.29445,40,60.03387293,24.51164433,0.040832495,0.721632439,3,4397,27.8096,3606,91,39.6264,19,1.2822,0.0256,0.0638,0.03968,131072,0.383644462,641.9915771,0.345299095,14.09194469,13.34949207,538.4978638,0.607968628,0.368534744,650.666687,0.351881564,14.26234055,12.27931118,500.2118225,0.613661289,0.181169525,227.5216217,0.145723552,4.803120613,6.951990128,271.2598572,0.147209957,2mgml,shg,roi3,3252.383474,62070.67139,28264.44162,236.2401997,65299.57115,60008.67548,4730.890555,2291.708771,2854.722131,59795.63311,8257.832704,8257.939859,8015.385149,8069.602527,20825.92912,3410.646642,8968.55855,6102.074354,60105.34364,3607.627144,1093.644523,1746,65501,28175,15,65534,63075,2623,1160,752,62722,5250,5257,4970,5024.5,20826,128,6284,3573,63084,2876.5,90,3910.459681,2874.619925,7627.392087,2877.357351,821.2621029,1004.685362,7215.38413,5482.21181,4876.561203,6755.887621,8563.762646,8554.664465,8489.830798,8514.900595,7.163704428,7592.713048,8491.762265,6785.741391,6972.363029,3316.279107,3078.500989,D1,N8,t
appliedMASKiso_shg_2mgml_roi3_8bit.ome,4,85.78,66.69623333,0.908527,3.511813333,89.5305,58.062,0.92067,3.38585,30,55.70213366,37.50312039,0.087825204,0.764674902,4,4202,29.193,3429,82,41.8171,19,1.2682,0.0176,0.0632,0.02695,131072,0.406265438,638.7070923,0.340455472,13.74493694,12.78616428,526.8457031,0.62557739,0.38713482,653.8720703,0.36237669,14.02912426,11.86115742,500.2380371,0.628260255,0.189271852,236.4924774,0.139466241,4.974092484,6.739656925,261.2953186,0.148986518,2mgml,shg,roi3,3338.413519,62026.02547,28335.49905,183.3586295,65335.57683,60051.47659,4920.320271,2426.801951,2692.472023,59917.54119,8225.606934,8218.37318,8039.052603,8083.723958,20825.93983,3378.555592,8648.034411,6190.177747,60178.87377,3779.067243,994.2941413,1770,65504,28193,15,65534,63214,2749,1232,648,62945,5085,5085,4862,4906,20826,143,5885,3564,63257,3000,79,4004.510546,3052.918119,7831.479569,2935.071122,549.7024728,767.9168708,7285.093193,5682.491588,4696.059261,6782.279802,8679.487617,8662.929958,8639.141203,8658.580292,6.741264294,7574.023503,8423.036051,6931.481576,7047.457527,3497.081742,2662.63242,D1,N8,t
appliedMASKiso_shg_2mgml_roi3_8bit.ome,5,89.29539535,54.39851163,0.901247674,3.320272093,91.848,45.661,0.90343,3.2536,43,57.32885966,24.7473013,0.041929966,0.688773047,5,4241,28.9061,3542,96,36.8958,25,1.2714,0.0185,0.069,0.05525,131072,0.368313193,671.4951172,0.339853168,14.63532162,13.98704243,545.2615967,0.592664838,0.34072274,687.1074829,0.362755507,14.99026585,13.27220821,549.2888184,0.59106648,0.192538321,233.7185364,0.131957948,5.039130211,7.142690659,241.4528809,0.157751799,2mgml,shg,roi3,3686.777689,62516.81505,28222.04167,253.1386091,65258.00525,59296.35326,5388.306953,2672.184731,3316.569552,59164.56909,9084.081434,9075.969957,8873.538343,8923.566619,20825.927,3147.388906,9573.247918,6832.106193,59420.26295,3974.268472,1351.768409,1978,65509,28190,22,65533,62797,2964,1340,814,62538,5682,5682,5435,5485,20826,128,6505,3982,62847,3241,92,4347.610788,3333.50668,7096.202775,2701.594688,833.5316418,1072.22404,8181.074302,6173.839191,5807.848657,7738.407532,9474.386817,9458.649989,9417.781254,9441.102979,6.146609154,7229.26487,9254.982279,7535.50137,7971.464632,3589.977099,3650.604316,D1,N8,t
appliedMASKiso_shg_2mgml_roi3_8bit.ome,6,84.61511429,50.68628571,0.921780238,3.428266667,87.565,49.9165,0.928655,3.27735,42,55.88644981,16.91615119,0.030203961,0.686965196,6,3911,31.5139,3279,85,38.5765,27,1.2456,0.0198,0.0631,0.05997,131072,0.470741719,598.6515503,0.411961824,12.27603245,12.34813404,570.1751709,0.673118889,0.459918886,585.9414063,0.430600435,12.07061768,11.04155254,535.2950439,0.683884323,0.212162673,266.2154846,0.145693272,5.393677711,7.539927006,322.9655762,0.157559723,2mgml,shg,roi3,3647.621345,61369.95846,28399.23676,286.2399464,65263.11707,59903.38818,5339.647279,2725.992182,2645.370574,59929.90357,8297.794235,8275.904011,8231.281044,8255.899062,20825.93845,3206.839068,8172.831652,6528.410531,60109.26108,4118.466983,1094.254885,1851,65495,28225,15,65534,63254,2874,1333,589,63066.5,4951,4947,4828,4862,20826,117,5310,3616,63339,3171,66,4620.613753,3582.835969,8432.273395,2707.112297,1136.298372,1273.249159,7884.51643,6360.692324,5047.31922,7234.229842,9133.713693,9100.854373,9193.789342,9196.442239,9.565991733,7437.05122,8375.488308,7616.127711,7563.528182,4023.450776,3261.081499,D1,N8,t
appliedMASKiso_shg_2mgml_roi3_8bit.ome,7,89.9217025,53.43765,0.911555,3.56489,86.936,50.36,0.92164,3.32445,40,46.9614572,19.86072476,0.045493742,0.642407513,7,3733,33.112,3229,108,29.8981,21,1.2403,0.02,0.0648,0.03862,131072,0.498810589,588.1779785,0.444253772,11.72598553,12.10878754,602.1037598,0.694065809,0.494217128,564.9935913,0.453060985,11.31060696,10.32211304,539.1528931,0.708520114,0.213679031,279.6305542,0.147294611,5.489513397,7.65974474,368.7402344,0.155073613,2mgml,shg,roi3,3855.920873,60702.56302,28442.69959,377.3991694,65204.65852,59774.68511,5619.604351,2921.101052,2593.585661,59899.49142,8441.408359,8410.511859,8423.775325,8440.07835,20825.96449,3355.09839,8094.916491,6779.21548,60029.45384,4353.450537,1094.66862,1986,65490,28247,12,65533,63114,3090,1448,641,62960,5137,5123,5031,5062,20826,132,5399,3835,63219,3349,69,5023.471396,3952.488086,9022.118116,2537.094135,1850.350585,1768.229534,8106.531058,6804.651354,4912.755353,7277.910435,9280.913849,9231.726759,9431.954533,9418.753504,6.278603219,7472.320842,8098.689712,8003.702202,7692.278925,4292.618661,3453.377803,D1,N8,t
appliedMASKiso_shg_2mgml_roi3_8bit.ome,8,89.521125,51.96328125,0.919413438,3.97436875,94.1285,48.965,0.92834,3.9162,32,55.54469993,17.24410173,0.043489077,0.846043447,8,3800,32.4929,3291,111,29.6486,21,1.2505,0.026,0.0629,0.04602,131072,0.513152838,548.6182251,0.445869237,11.15060139,11.30980873,562.1149902,0.706024885,0.521317244,515.8891602,0.469610184,10.52542114,9.838756561,522.9422607,0.726991057,0.206753284,258.9271851,0.153599381,5.183008671,6.860168457,341.0119019,0.147053331,2mgml,shg,roi3,3992.997195,61281.96015,28399.72722,419.6648096,65176.43662,59546.65367,5749.048971,3002.265153,2733.849157,59696.701,8724.072064,8692.604292,8694.435383,8713.113415,20825.97224,3704.775856,8379.336941,7000.698846,59820.51963,4452.819117,1146.943301,2070,65496,28238,14,65533,62972,3162,1477,671,62849,5348,5342,5246,5274,20826,145,5620,3991,63098,3465,61,5267.412167,4151.384493,8409.597354,2525.202571,2048.039599,1876.72707,8421.035202,7035.91784,5193.22678,7550.346802,9574.791569,9522.20059,9722.52532,9709.862608,5.719749838,8358.533678,8361.239118,8291.443586,7973.008462,4377.677663,3546.325039,D1,N8,t
appliedMASKiso_shg_2mgml_roi3_8bit.ome,9,79.57316129,51.29122581,0.919127097,3.7375,83.83,44.855,0.92584,3.7206,31,50.396857,19.97684695,0.031075995,0.809717577,9,3504,35.4067,2989,92,32.4891,15,1.2207,0.0163,0.0604,0.1017,131072,0.546991765,527.1859741,0.449985802,10.48070335,10.50381279,558.5506592,0.731226265,0.562063754,502.2750854,0.480609477,9.839227676,9.059762001,521.3187866,0.753881216,0.197848693,252.9982147,0.169465929,4.937085152,6.545016289,364.4771729,0.136184812,2mgml,shg,roi3,4086.394701,60936.81896,28378.19025,436.457841,65169.91169,59578.29807,5885.850327,3110.188203,2596.833189,59803.17449,8679.134597,8641.095128,8698.702557,8708.925253,20825.98506,3658.577995,8144.699358,7079.03024,59889.66132,4591.75284,1058.902261,2149,65491,28237,13,65533,62891,3270,1527,664,62836.5,5475,5461,5380,5405,20826,144,5576,4116,63053,3596,56,5393.038111,4295.159067,8695.488716,2454.422024,2342.902183,1977.15016,8289.218946,7174.153231,4869.357758,7321.297775,9394.106205,9331.198218,9618.21299,9592.077871,5.931181588,8275.250171,8012.183799,8345.170063,7798.122094,4488.267598,3121.885989,D1,N8,t
appliedMASKiso_shg_2mgml_roi3_8bit.ome,10,67.3116,52.47776,0.9068824,3.815092,80.754,44.541,0.92834,3.7946,25,45.16254148,20.18698867,0.071893238,0.973484923,10,3338,37.2669,2718,94,28.9149,9,1.2026,0.0157,0.0577,0.09243,131072,0.594145656,496.1328125,0.477631539,9.488570213,9.717318535,566.1466064,0.76368916,0.597721159,480.1890564,0.513381839,9.182829857,8.299495697,478.3609009,0.77689302,0.194397256,267.2569885,0.175577208,4.90864563,6.46818018,397.7447815,0.128583238,2mgml,shg,roi3,4070.812009,60378.21821,28429.2947,369.8765333,65209.95004,59858.62133,5812.855917,3117.233139,2328.107782,60142.7083,8318.112984,8273.551727,8384.89007,8386.314344,20825.98623,3444.327598,7626.474712,6931.806278,60201.19549,4700.417835,899.2965491,2119,65470,28235,12,65533,62980,3216,1506,644,62926,5299,5287,5232,5249,20826,149.5,5310,4031,63144,3554,54,5405.860987,4401.139269,8944.940792,2481.96595,1835.107015,1719.062804,7902.531731,7176.150868,4249.646588,6815.589962,9004.532664,8928.536113,9292.415434,9253.99167,5.973229861,7918.482836,7414.91473,8230.095394,7354.690719,4682.648519,2633.171466,D1,N8,t
appliedMASKiso_shg_2mgml_roi3_8bit.ome,11,83.459164,49.24948,0.913974,3.94496,83.517,46.065,0.92653,3.9541,25,53.45354668,17.50858438,0.049992862,0.752015763,11,3346,37.173,2728,82,33.2683,10,1.207,0.0164,0.063,0.07854,131072,0.565860093,525.2926025,0.474342018,10.14799309,10.44630814,590.0294189,0.743967593,0.562789083,517.4200439,0.519183457,10.05793571,9.123750687,523.7501221,0.754226923,0.200173482,271.0253906,0.176534891,5.088886261,6.736468315,389.1149292,0.135759786,2mgml,shg,roi3,4225.027482,60654.99259,28455.53921,366.4430434,65188.3952,59688.97398,6050.908725,3274.61079,2441.531278,60014.9983,8494.56758,8444.570536,8592.897096,8589.185749,20825.94935,3529.681818,7700.546612,7150.155064,60044.26407,4835.363474,1006.387175,2190,65480,28234,14,65533,62907,3323,1563,669,62876.5,5401,5387,5337,5360,20826,117,5354,4133,63072,3647,60,5545.350355,4589.524154,8872.311617,2486.920472,1464.256258,1583.646729,8130.939267,7416.177851,4500.110855,7015.463717,9215.462738,9133.416894,9527.597752,9485.152376,7.700270415,8306.231446,7547.723804,8460.62017,7575.234302,4765.036708,2930.616566,D1,N8,t
appliedMASKiso_shg_2mgml_roi3_8bit.ome,12,77.51970333,53.0891,0.917415333,3.75776,81.9345,44.2855,0.92598,3.7333,30,54.05311027,24.31070119,0.049203016,0.779370134,12,3256,38.2558,2677,95,28.1789,13,1.2006,0.0184,0.0638,0.08028,131072,0.583505094,525.8019409,0.49253282,9.848670006,10.43736935,614.1051025,0.755909622,0.584166765,500.9360962,0.517387211,9.531036377,9.146722794,554.3345947,0.768276691,0.202327669,290.9767151,0.172706798,5.217567444,6.932096004,417.3661194,0.135106966,2mgml,shg,roi3,4264.132021,60096.62595,28467.85765,308.3512663,65225.60829,59888.619,6029.999052,3298.572621,2255.640655,60266.30477,8253.16036,8197.355901,8396.246072,8384.44524,20825.96808,3158.851265,7287.118072,7095.732525,60269.90252,4989.755884,890.3821577,2172,65466,28255,14,65533,63004,3341,1585,644,62967,5246,5231,5216,5229,20826,118,5045,4081,63161,3635,63,5583.445074,4595.814609,9471.668048,2500.623965,1161.081416,1351.836205,7808.003655,7335.582995,4112.611755,6619.242786,8942.60949,8855.365723,9282.088276,9234.372763,6.473519269,7509.761406,7207.57646,8376.259337,7215.288701,5033.00022,2530.435034,D1,N8,t
appliedMASKiso_shg_2mgml_roi3_8bit.ome,13,77.98005152,51.36163636,0.907587576,3.760924242,80.218,45.536,0.92735,3.7456,33,51.4164368,23.06350899,0.058381492,0.72571682,13,3435,36.1581,2804,78,35.9487,17,1.209,0.0215,0.0676,0.07222,131072,0.564713538,556.2315063,0.50712055,10.40780544,11.3930645,681.2053223,0.741000831,0.568989456,514.5014648,0.527910352,9.807546616,9.686756134,565.5253906,0.759008944,0.21503675,330.8869019,0.166319847,5.807215214,8.174429893,532.7977295,0.147692353,2mgml,shg,roi3,4391.678263,59506.05974,28412.43578,333.1835299,65207.05933,59838.97447,6222.509825,3455.521814,2242.652601,60257.38248,8295.950838,8232.399553,8485.595578,8465.818332,20826.01485,3180.295858,7202.567391,7233.648374,60231.05862,5114.230426,883.1052957,2153,65459,28253,18,65533,63095,3341,1592,639,63027,5155,5140,5131,5148,20826,110,5000,4027,63239,3616,73,5818.834075,4940.319646,10045.59331,2494.521661,1267.455371,1448.996722,7807.860364,7649.256291,3916.234175,6546.519134,8959.011475,8859.858265,9368.74931,9308.513252,7.501779527,7691.714633,7065.396582,8554.429397,7189.86474,5308.509823,2343.187573,D1,N8,t
appliedMASKiso_shg_2mgml_roi3_8bit.ome,14,86.54145161,56.30770968,0.903981935,3.564732258,90,50.422,0.92511,3.6151,31,47.96007492,24.7031848,0.053705197,0.580574075,14,3593,34.4801,2968,88,33.7273,21,1.2261,0.0224,0.0657,0.07233,131072,0.575047016,592.2114868,0.505727351,10.50535583,11.81906414,777.5014648,0.747871399,0.585115671,530.5160522,0.524517953,9.715288162,9.192070961,532.1469727,0.769002616,0.218864143,396.2075195,0.168383211,6.230621338,9.482782364,742.6657715,0.149274781,2mgml,shg,roi3,4386.109865,58886.33891,28430.04417,438.772828,65169.23953,60089.61774,6143.302561,3486.413304,2113.757052,60516.53934,7998.531235,7931.251839,8215.981168,8190.954768,20825.97147,3276.691489,6888.02633,7093.457502,60488.11868,5176.968187,854.555366,1990,65421,28243,19,65534,63419,3090,1484,547,63308,4729,4717,4715,4725.5,20826,124,4646,3703,63547,3427,65,6063.617462,5312.366871,10647.59044,2386.322213,1850.267581,1809.060974,7567.791618,7735.569551,3731.938347,6268.958466,8754.170656,8646.472582,9189.423225,9124.092713,6.975348712,7646.351384,6905.031486,8573.412954,6934.612951,5677.653556,2454.5222,D1,N8,t
appliedMASKiso_shg_2mgml_roi3_8bit.ome,15,83.64176,53.69796,0.9151692,3.657516,82.476,47.816,0.92159,3.7336,25,41.60815148,23.34488944,0.041950572,0.659192948,15,3586,34.5513,2967,96,30.9062,17,1.2198,0.0232,0.0641,0.08263,131072,0.576205254,593.6804199,0.49901104,10.50242996,11.70548534,762.5747681,0.748941779,0.569218993,538.9111328,0.526169419,10.10001469,9.469052315,554.633667,0.758293986,0.216195434,383.7593994,0.165211126,6.081558228,9.30971241,706.3278809,0.146421224,2mgml,shg,roi3,4367.662614,58794.14259,28414.81722,564.1906931,65117.12789,60181.46073,6142.899913,3510.947912,2023.553987,60640.79379,7848.615365,7776.455454,8089.532886,8059.982194,20825.92568,3178.88129,6686.628203,7025.943501,60595.63782,5174.513731,924.4695188,1922,65415,28241,19,65534,63579,3018,1462,488,63457,4497,4477,4486,4501,20826,110,4381,3550,63700,3358,67,6049.973344,5276.667599,10700.93046,2423.922579,2851.889659,2384.526244,7590.273209,7800.14393,3632.953889,6208.085371,8733.770362,8619.633427,9206.338707,9134.573029,10.19046336,7793.859049,6736.909169,8613.3031,6916.4865,5622.918683,2978.681423,D1,N8,t
appliedMASKiso_shg_2mgml_roi3_8bit.ome,16,89.69409375,49.8634375,0.915524063,3.74218125,88.274,41.768,0.920855,3.74415,32,47.20987648,21.54663309,0.034994091,0.736630806,16,3528,35.1522,2965,93,31.8817,21,1.2146,0.0115,0.0677,0.1136,131072,0.557422936,572.2922974,0.478010625,10.66419315,11.22909641,641.4336548,0.73733145,0.529763103,568.4935913,0.506985664,10.92614841,10.51946068,563.6725464,0.732357204,0.209887937,313.7235718,0.151606053,5.540135384,7.447501183,455.6999207,0.141373456,2mgml,shg,roi3,4354.246804,59083.68179,28427.1848,387.6887825,65188.34624,60008.85638,6152.870383,3433.042319,2181.733595,60437.68336,8077.647932,8012.94562,8290.429726,8266.527401,20825.93736,3020.405761,6945.210693,7122.422042,60410.32864,5121.554602,978.7044601,2028,65452,28253,19,65534,63411,3144,1527,534,63337,4740,4717,4754,4764,20826,124,4602,3757,63557,3486,70,5738.84472,4759.498234,10609.23113,2364.375174,1566.472218,1635.913936,7763.844297,7514.047233,4051.369537,6510.429395,8923.064414,8830.281924,9323.817155,9266.020543,11.241485,7235.933494,7000.628474,8521.95425,7137.021845,5350.749385,3151.059219,D1,N8,t
appliedMASKiso_shg_2mgml_roi3_8bit.ome,17,88.07936286,48.61954286,0.915216571,3.492962857,83.83,43.732,0.91838,3.2958,35,48.81223024,18.42339338,0.028185038,0.767535641,17,3720,33.2347,3045,106,28.7264,20,1.2397,0.0143,0.0702,0.1718,131072,0.543419957,583.9210815,0.488499582,10.97637844,11.46806622,649.111084,0.728838742,0.520544529,613.1827393,0.502438426,11.42236519,11.49597931,633.9475098,0.726222634,0.202692628,282.8233337,0.145573005,5.233160496,6.692816734,393.3313293,0.136850953,2mgml,shg,roi3,4398.631795,59561.50336,28457.84666,287.9704856,65235.9278,59991.26498,6217.626423,3483.601551,2155.238255,60444.18353,8121.169996,8054.807415,8338.999119,8314.237444,20826.01025,3293.236435,6926.516033,7176.384,60404.83645,5221.011583,906.7966256,2112,65464,28262,19,65534,63339,3270,1570,536,63325,4861,4834,4887,4894,20826,117,4602,3899,63513,3598,68,5715.383421,4789.474222,10288.64394,2430.562447,867.5360772,1146.823199,7705.922263,7504.128649,3956.857153,6485.948014,8887.382184,8796.183932,9283.667616,9226.402722,6.132764754,7887.065178,6928.527966,8470.012463,7098.843613,5487.445112,2557.198231,D1,N8,t
appliedMASKiso_shg_2mgml_roi3_8bit.ome,18,103.1326793,50.94572414,0.932895172,3.907965517,116.08,42.84,0.92969,3.603,29,44.1567646,29.24937726,0.029608964,0.853154074,18,3691,33.5115,2980,107,27.8505,14,1.2335,0.0192,0.0681,0.1683,131072,0.564610422,565.850708,0.510304153,10.46183395,11.0889883,655.8930054,0.74407059,0.544931889,608.135498,0.527436256,11.07438087,11.24426651,640.5638428,0.742533922,0.197780252,273.0430603,0.148353264,5.00860405,6.349103928,390.2780762,0.130919248,2mgml,shg,roi3,4355.431292,59142.09322,28437.74171,267.3049927,65258.25812,60176.40639,6119.730844,3444.349436,2039.538965,60630.50898,7902.539184,7833.027065,8140.930972,8112.154813,20826.0395,3189.774409,6699.826868,7051.376163,60583.63421,5265.416097,816.2704317,2097,65440,28258,17,65534,63402.5,3234,1563,517,63390,4761,4730,4811,4812,20826,132,4469,3852,63576,3597,62,5730.830471,4733.099061,10566.09948,2398.495097,908.472137,1143.85637,7513.938466,7408.725149,3792.403851,6303.978954,8712.307659,8618.355424,9114.874907,9055.888023,5.738495652,7754.995408,6777.714506,8374.441199,6925.457789,5658.942643,2273.447604,D1,N8,t
appliedMASKiso_shg_2mgml_roi3_8bit.ome,19,103.9476829,53.81197143,0.907679714,3.71544,114.68,43.788,0.91908,3.6229,35,40.94704309,22.03805978,0.048615613,0.891200216,19,3683,33.5886,2989,107,27.9346,11,1.2288,0.0199,0.0717,0.1495,131072,0.545736194,571.6954956,0.515735984,10.78028393,11.61899948,674.7526245,0.730480492,0.534397542,598.2850342,0.520407319,11.06993866,11.25262451,642.7540283,0.735349834,0.202879369,279.4374084,0.152244762,5.1765275,6.769303799,415.5805664,0.137314692,2mgml,shg,roi3,4464.930062,59624.2192,28430.65672,319.1646075,65215.97791,59983.71811,6264.58682,3526.213224,2164.727092,60452.32166,8134.704905,8064.882929,8362.082176,8335.413375,20825.9875,3265.379624,6944.398618,7234.371749,60402.28151,5319.088244,906.6572477,2188,65467,28264,17,65533,63251,3359,1621,558,63270,4970,4942,5003,5003,20826,118,4691,4019,63443,3710,65,5874.48096,4832.293323,10355.80302,2409.594983,1106.467276,1347.681895,7777.700075,7553.354829,4038.30197,6559.81792,8939.067225,8846.217491,9333.9033,9276.534917,8.860412442,7742.118622,6980.8378,8572.194383,7172.497476,5647.170976,2630.643356,D1,N8,t
appliedMASKiso_shg_2mgml_roi3_8bit.ome,20,98.50062353,53.60985294,0.918577941,3.572379412,108.43,46.97,0.921505,3.4237,34,39.07437657,25.93765404,0.028906283,0.765972556,20,3795,32.5383,3076,101,30.4554,15,1.2306,0.0226,0.0699,0.1297,131072,0.554653645,562.090271,0.502191246,10.58129406,11.3489418,667.6295166,0.736539006,0.560167313,566.2243042,0.514822543,10.34545708,10.34879017,605.2669678,0.752291024,0.202830017,277.9466858,0.159569874,5.152383327,7.061133385,460.1565552,0.137211829,2mgml,shg,roi3,4433.837208,59870.64409,28452.36211,361.3735649,65196.17857,60073.70744,6223.896865,3519.134086,2142.626537,60531.0107,8049.40428,7978.347314,8277.861427,8250.710137,20825.95235,3450.484279,6907.371321,7166.729019,60485.76083,5295.07825,935.5578895,2158,65470,28254,18,65534,63361,3288,1595.5,527,63357,4845,4819,4872,4879,20826,129,4602,3934,63546,3677,62,5932.65772,4955.004123,10325.81948,2488.54804,1275.344698,1489.818462,7803.865591,7645.519776,4106.106475,6575.784633,8936.058978,8838.059204,9343.050063,9282.902807,6.150565441,7864.825444,6993.103299,8596.231794,7195.157349,5639.079066,2786.054524,D1,N8,t
appliedMASKiso_shg_2mgml_roi3_8bit.ome,21,89.65363784,52.96994595,0.912353243,3.643832432,87.709,45.051,0.92416,3.6339,37,47.29344815,19.43262475,0.048271183,0.697901843,21,3855,32.0008,3106,87,35.7011,20,1.2368,0.0223,0.0703,0.1226,131072,0.542973876,564.3016968,0.481426477,10.76213455,11.52380371,670.934082,0.727848887,0.553047061,534.8738403,0.483657777,10.26611137,9.630052567,563.1732178,0.747600198,0.204404101,285.6398315,0.167677298,5.201287746,7.682767391,528.1930542,0.140659541,2mgml,shg,roi3,4422.853285,60181.50304,28418.77584,517.2951297,65112.56163,59968.93652,6209.377709,3510.430203,2306.251019,60390.98287,8161.963075,8093.257075,8366.353297,8343.437086,20825.95599,3096.512064,7111.004864,7195.636107,60362.32255,5178.916422,1104.508854,2090,65475,28251,18,65534,63407,3216,1556,521,63362,4803,4777,4828,4834,20826,118,4602,3852,63556,3584,61,6033.990781,5095.291666,10174.62821,2503.573884,2129.524194,2097.046732,8134.017207,7822.296934,4516.57861,6913.9128,9208.243007,9109.294819,9600.650406,9543.092604,7.206019727,7511.239765,7355.8516,8786.206071,7529.68442,5450.611527,3373.994751,D1,N8,t
appliedMASKiso_shg_2mgml_roi3_8bit.ome,22,79.406324,55.99816,0.9057488,3.723592,71.565,48.796,0.91326,3.5213,25,45.35621421,20.77356713,0.041301493,0.912693381,22,3608,34.3284,2864,98,29.2245,8,1.2161,0.0245,0.0627,0.1001,131072,0.564325154,541.7572021,0.447607249,10.31220341,10.48676205,626.5875854,0.742828071,0.58944416,491.7330933,0.444763035,9.556787491,8.053117752,456.9873657,0.770946145,0.19656606,293.0780945,0.179633588,5.123936653,7.813794136,542.9144897,0.135657087,2mgml,shg,roi3,4209.483912,59928.0897,28443.04916,448.0445179,65169.06476,60315.84886,5945.727047,3372.184767,2097.175927,60699.61571,7769.812562,7703.124857,7967.93691,7945.417378,20825.99808,3351.556618,6796.90587,6845.290697,60693.12459,5053.975583,955.1981934,1998,65461,28240,14,65534,63528,3108,1520,496,63464,4624,4594,4630,4640,20826,118,4425,3696,63666,3453,59,5779.329637,4857.691873,10308.21562,2573.164214,1849.829824,1880.859206,7762.611505,7508.271732,4198.721925,6553.157634,8844.594895,8748.441234,9225.890066,9170.073908,6.401193409,7849.815213,7147.063677,8447.903615,7152.416677,5321.698509,3171.192802,D1,N8,t
appliedMASKiso_shg_2mgml_roi3_8bit.ome,23,92.89042353,51.96908824,0.919695294,3.570617647,98,43.7995,0.927315,3.3508,34,46.47256739,24.06004614,0.032665515,0.989356177,23,4055,30.3238,3384,118,28.678,17,1.2518,0.0258,0.0679,0.08527,131072,0.48729226,598.7853394,0.429894447,12.05194378,12.03512001,647.4317017,0.686651409,0.494676828,555.9453735,0.434442043,11.47544384,9.710932732,466.5937805,0.70771873,0.196775466,287.9371033,0.179225892,5.36403656,8.351621628,497.1654358,0.149490774,2mgml,shg,roi3,4351.123989,60969.4166,28265.27077,507.3209933,65103.03226,59865.02836,6141.570755,3470.176228,2393.339697,60250.29081,8310.283757,8245.364867,8461.326054,8447.357063,20825.98734,3286.970946,7510.810666,7165.692309,60243.2201,5101.53739,1143.905929,2215,65491,28204,14,65533,63073,3359,1621,642,63041,5250,5227,5228,5238,20826,110,5177,4130,63236.5,3671,72,5782.780027,4944.651812,9537.087179,2478.556031,2050.179705,2124.827629,8149.603314,7667.930451,4669.915304,6972.094611,9143.871997,9048.593608,9511.982308,9458.558136,6.125979584,7779.597871,7461.803919,8572.379135,7561.568575,5253.550928,3843.663609,D1,N8,t
appliedMASKiso_shg_2mgml_roi3_8bit.ome,24,85.81164194,57.46658065,0.900939032,3.503729032,96.809,51.179,0.91213,3.603,31,46.24002275,25.02416121,0.054021341,0.599204536,24,3794,32.5474,3203,119,26.916,14,1.2336,0.0213,0.0647,0.1121,131072,0.500005782,572.703186,0.444105476,11.60249901,11.67883015,618.1481934,0.695731401,0.511964202,525.7778931,0.475357354,10.887393,9.563447952,496.6540222,0.71958828,0.198578998,283.8798828,0.173869833,5.359852314,7.766670227,437.7940369,0.149227485,2mgml,shg,roi3,4235.898688,60790.61327,28325.30198,370.7373931,65188.69676,59999.12035,6020.605211,3373.302874,2373.863474,60348.26376,8160.291892,8098.920449,8304.207494,8291.461185,20825.99224,3436.937204,7342.691871,7014.843139,60363.73241,5008.00708,1066.830485,2137.5,65482,28205,16,65533,63183,3270,1599,611,63128,5116,5095,5078,5097,20826,118,5089,3970,63329,3625,63,5518.321437,4673.965556,9586.582862,2524.439344,1378.293743,1593.598517,8030.00791,7391.631257,4755.904183,6968.778679,9072.45571,8989.946503,9384.566782,9341.277192,5.399369541,8069.342892,7486.860111,8337.599931,7490.183304,5093.725236,3464.992454,D1,N8,t
appliedMASKiso_shg_2mgml_roi3_8bit.ome,25,86.29038621,49.24696552,0.903716897,3.558272414,92.77,51.529,0.9204,3.4561,29,49.67925348,14.89839898,0.059185521,0.696630686,25,3352,37.1029,2824,114,24.7719,11,1.1983,0.0206,0.0552,0.1141,131072,0.581580877,496.1074829,0.462064207,9.692299843,9.598809242,550.1239624,0.754892051,0.604057729,436.1669617,0.485825062,8.695453644,8.175508499,457.6972046,0.78082639,0.191862121,280.0090942,0.17217809,5.124339581,6.394679546,397.1625366,0.131343767,2mgml,shg,roi3,3923.146132,59556.81183,28381.7103,273.368117,65287.31686,60733.71382,5527.823691,3090.770586,1863.567887,61063.26898,7298.882635,7238.708106,7479.829331,7459.713708,20827.62226,3598.778872,6375.391573,6414.764305,61088.7971,4879.291423,752.550646,1934,65421,28216.5,13,65534,63665,2982,1462,439,63584,4367,4341,4392,4397,20826,131,4204,3526,63806,3402,43,5208.870063,4256.575008,10546.03704,2496.361219,1055.824712,1211.453931,7235.248215,6843.537309,3888.369973,6162.387843,8365.932596,8286.322575,8676.884711,8633.184668,264.9288818,8284.058787,6768.901154,7804.659081,6694.572744,5035.790643,2582.09836,D1,N8,t
appliedMASKiso_shg_2mgml_roi3_8bit.ome,26,87.2053375,50.81666667,0.924470833,3.508908333,96.6665,43.471,0.937225,3.52495,24,52.50946514,19.62695352,0.032680678,0.742291284,26,3205,38.8964,2708,99,27.3535,13,1.1897,0.0131,0.0548,0.1061,131072,0.596880019,484.3320007,0.469022512,9.368185997,9.284853935,540.6780396,0.766297698,0.61020422,447.7712708,0.479034543,8.761122704,8.021151543,440.6096802,0.784499168,0.185201511,264.8997803,0.16945155,4.846115589,6.014994144,382.7968445,0.123190708,2mgml,shg,roi3,3878.227674,59288.16204,28409.20522,289.782962,65281.48822,60830.17497,5448.868044,3057.76098,1811.206979,61157.92498,7154.123655,7092.938647,7343.01514,7321.2496,20825.99952,3345.421889,6239.135775,6321.922589,61182.32027,4835.394961,758.3383823,1927,65409,28223,12,65534,63715,2946,1441,415,63644,4263,4239.5,4305,4307,20826,91,4071,3488,63861,3391,41,5185.660302,4284.584031,10613.55322,2574.509798,1211.717458,1283.665043,7158.547311,6852.088469,3850.673505,6074.251129,8273.777548,8189.521149,8603.988722,8556.682892,6.251224837,7678.257219,6663.066615,7763.866534,6622.821546,4970.265234,2661.899282,D1,N8,t
appliedMASKiso_shg_2mgml_roi3_8bit.ome,27,93.62082609,58.8896087,0.904275217,3.536243478,105.67,47.876,0.91655,3.4151,23,44.96861492,24.69356178,0.059833451,0.660812445,27,3392,36.6418,2885,103,28.0097,10,1.2049,0.0164,0.0582,0.08935,131072,0.575724423,496.5158386,0.475476176,9.750592232,9.891241074,546.5206299,0.751279771,0.584292591,468.5213013,0.505276799,9.269411087,8.342214584,464.4318237,0.768305719,0.193578631,255.4696808,0.162513509,4.908984661,6.277664661,351.6309204,0.131869435,2mgml,shg,roi3,3932.164659,59623.64037,28434.21088,316.586057,65257.00952,60674.99036,5584.154446,3139.990616,1921.456914,61024.73167,7299.151922,7236.031927,7494.010955,7471.388365,20825.98372,3591.477192,6370.438256,6436.642522,61036.7281,4838.05597,866.4744709,1963,65425,28224,13,65534,63668,3000,1477,427,63614,4307,4286,4360,4356,20826,126,4071,3534,63816,3458,43,5213.370912,4338.972581,10296.41344,2559.478932,1253.530735,1366.923613,7433.310681,6993.819672,4158.290887,6342.526051,8519.739448,8436.485107,8848.883063,8802.41046,7.936149065,8198.207004,6933.854323,7924.299838,6894.448358,4871.746086,3094.864194,D1,N8,t
appliedMASKiso_shg_2mgml_roi3_8bit.ome,28,81.66762963,52.21092593,0.925269259,3.589351852,86.028,47.018,0.92014,3.4596,27,49.81501462,19.81626674,0.018850839,0.742550377,28,3171,39.3349,2646,109,24.2752,13,1.1904,0.0132,0.0545,0.0937,131072,0.614637256,457.3583374,0.499843746,8.805891037,9.194531441,524.5186768,0.776803315,0.635741413,426.4489746,0.53097558,8.200389862,7.689042568,478.4986267,0.80055207,0.195168361,250.1787415,0.159377784,4.785329819,6.140041351,334.3577881,0.129201666,2mgml,shg,roi3,3815.357024,58674.91932,28493.68525,292.8267416,65281.34223,60945.21517,5394.097121,3054.107432,1771.622993,61282.5473,6941.645437,6876.591047,7154.118564,7127.812402,20825.95686,3536.498917,5957.489981,6197.730362,61301.20537,4760.994277,807.8001369,1809.5,65356,28240,13,65534,63882,2785,1383,366,63789,3963,3931,4019.5,4017,20826,121,3717,3250,64015,3222,39,5118.744746,4187.688498,10792.15919,2550.15129,1160.483072,1279.963297,7179.584862,6799.505856,3887.57673,6081.368224,8299.161158,8217.229216,8624.081502,8578.187721,8.474242782,7999.223774,6668.043746,7767.75344,6632.174007,4875.716499,2999.038877,D1,N8,t
appliedMASKiso_shg_2mgml_roi3_8bit.ome,29,81.54296667,55.581,0.901230476,3.797619048,90,47.331,0.91493,3.6229,21,46.87014107,26.73405076,0.061339354,0.848994638,29,2923,42.8419,2459,100,24.59,16,1.1646,0.0192,0.0533,0.04642,131072,0.615636051,464.4593506,0.502131164,8.880812645,9.370988846,541.7595215,0.776534855,0.651104093,423.4784851,0.538108706,7.986286163,7.259315014,465.4979248,0.809518516,0.20456928,260.4878235,0.160732403,4.992465973,6.511433601,357.4693298,0.135080814,2mgml,shg,roi3,3744.65065,57988.38624,28409.8287,291.0465237,65284.88871,61059.37766,5319.053845,3029.532437,1710.569376,61392.89735,6744.862529,6679.202285,6971.366521,6942.455629,20825.88746,3286.509075,5707.648398,6059.204247,61411.32697,4695.402193,830.9610776,1684,65165,28218,12,65534,63991,2623,1304,335,63871,3750,3723,3796,3796,20826,118,3452,3058,64108.5,3027,39,5078.226713,4231.566317,10891.7156,2445.1322,1025.974615,1185.963755,7105.432155,6812.951235,3875.316708,6017.325686,8221.399283,8136.707546,8563.304308,8514.404232,9.680253758,7551.723249,6499.289917,7702.881636,6575.261896,4930.44953,3071.759772,D1,N8,t
appliedMASKiso_shg_2mgml_roi3_8bit.ome,30,81.28295652,48.45356522,0.92910913,3.695134783,93.468,46.518,0.94043,3.6855,23,39.24365674,13.90540512,0.03819262,0.686241058,30,2807,44.695,2254,85,26.5176,8,1.1543,0.0182,0.0504,0.0953,131072,0.640530705,465.2185364,0.519075334,8.485312462,9.286369324,574.9025269,0.792853713,0.672858715,419.3856201,0.568942904,7.622124672,7.312111855,511.5546265,0.823545754,0.208031222,292.0903015,0.171260566,5.221298218,6.712649822,400.1197205,0.133014113,2mgml,shg,roi3,3635.267564,57136.88018,28355.00224,255.2192309,65316.57927,61312.60319,5142.380077,2977.710332,1546.8422,61632.23755,6366.082127,6297.757858,6618.588795,6584.610897,20826.51522,3342.288739,5332.646014,5813.814134,61653.2541,4635.008557,716.9737341,1564,64300.5,28196,15,65535,64168,2407,1203,278,64009,3379,3355,3437,3437,20826,101,3142,2803,64267,2855,34,4970.54053,4236.536998,10936.54761,2489.823058,852.7958291,999.8942926,6746.373696,6674.351136,3528.790752,5667.914295,7885.034118,7799.900764,8244.909456,8192.407738,146.5662193,7655.938513,6172.505003,7465.725318,6223.354877,5036.497599,2527.84186,D1,N8,t
appliedMASKiso_shg_2mgml_roi3_8bit.ome,31,103.2873103,51.80386207,0.92455069,3.607748276,112.01,44.509,0.93291,3.6467,29,44.7688077,22.37002471,0.032788964,0.629109382,31,3088,40.4459,2478,84,29.5,8,1.1809,0.0182,0.0581,0.1099,131072,0.59870702,519.1913452,0.530709863,9.526165009,10.74790478,656.4636841,0.764732242,0.603918254,488.972168,0.583691001,9.093153954,9.247133255,571.7469482,0.78110832,0.213162228,311.0171204,0.160989031,5.505981445,7.545351028,452.5307007,0.141349927,2mgml,shg,roi3,3805.271807,58198.24596,28478.81943,283.6198492,65289.22234,61095.92538,5353.107777,3107.576984,1638.190607,61455.98544,6651.01297,6579.49824,6907.040318,6872.720264,20825.9943,3555.880666,5576.402849,6075.825609,61454.62889,4797.840487,774.6559334,1650,65166,28231,16,65534,64099,2515,1254,299,63958,3513,3485,3578,3572,20826,136,3275,2947,64210,3005,37,5162.394276,4398.593343,10580.86529,2484.356587,944.4884543,1091.720535,6966.743709,6891.519913,3566.496575,5833.26233,8108.300479,8018.148586,8485.990897,8430.616017,7.018586004,7952.136524,6304.570515,7714.888685,6413.700781,5151.616535,2664.751344,D1,N8,t
appliedMASKiso_shg_2mgml_roi3_8bit.ome,32,103.9398214,49.30139286,0.917504286,3.639482143,103.035,40.308,0.92371,3.45725,28,45.67160173,20.17014941,0.03958983,0.704379202,32,3181,39.205,2616,90,29.0667,11,1.1874,0.0132,0.0573,0.1368,131072,0.605296075,535.3476563,0.545597851,9.540920258,11.1008234,735.3269653,0.769762158,0.587971747,528.6460571,0.592565358,9.651325226,10.23188496,675.5146484,0.770578802,0.20767507,323.3390808,0.165284634,5.537308693,7.975020409,545.4984741,0.136950508,2mgml,shg,roi3,3810.267358,57605.1191,28401.0163,278.4712654,65299.43429,61244.66742,5304.85719,3106.324949,1535.584308,61617.07748,6487.121947,6412.770413,6757.91155,6720.652217,20826.00022,3290.97513,5409.127557,6005.886023,61610.76851,4873.840634,670.2614274,1655,64786.5,28223,16,65534,64135,2497,1254,289,64002,3449,3421,3527,3520,20826,101,3186,2924,64251,3017,34,5291.384653,4494.902767,10748.36748,2413.579644,885.0936578,1033.156443,6701.833316,6909.26279,3176.065056,5485.173833,7855.720346,7756.898021,8268.152087,8205.398249,7.169761459,7356.799596,6063.268231,7681.760774,6107.215903,5344.300257,1946.638449,D1,N8,t
appliedMASKiso_shg_2mgml_roi3_8bit.ome,33,99.36267097,45.22083871,0.921159677,3.547425806,101.69,40.418,0.92616,3.5557,31,44.30926139,17.51678957,0.035803001,0.570302549,33,3351,37.1146,2773,107,25.9159,12,1.202,0.0221,0.0574,0.0954,131072,0.588884056,540.2758179,0.53088975,9.8385849,11.27771473,728.7780762,0.759586513,0.562289059,536.3233032,0.564274371,10.06377792,10.29854679,602.7488403,0.75422132,0.203803539,315.8636475,0.165475443,5.422775745,7.959442139,565.3282471,0.134527534,2mgml,shg,roi3,3815.208138,57822.16091,28421.10541,335.2773547,65280.57755,61236.84049,5315.021814,3087.758156,1540.533581,61603.77226,6570.47162,6498.233727,6828.504488,6793.597518,20825.94871,3099.868539,5516.121064,6041.070506,61602.14857,4892.139605,642.4909964,1770,65015,28238,15,65534,64036,2659,1340,319,63934,3657,3627,3743,3736.5,20826,105,3363,3113,64168.5,3213.5,31,5315.711298,4450.567936,11083.83202,2346.939903,1367.582217,1322.55823,6626.507965,6850.999996,3067.780053,5382.342265,7770.36743,7672.524603,8178.710071,8116.265095,7.356191755,7162.541638,6011.865612,7638.049613,6005.818347,5276.133865,1878.169875,D1,N8,t
appliedMASKiso_shg_2mgml_roi3_8bit.ome,34,91.05734231,47.35465385,0.912206538,3.742,92.8555,38.293,0.91872,3.66495,26,46.50002932,19.23707345,0.050145263,0.774073643,34,3550,34.922,2948,112,26.3214,19,1.2211,0.0179,0.0587,0.08969,131072,0.586425245,547.3398438,0.522939324,9.934051514,11.2734766,726.9984131,0.75838238,0.578193247,513.7716675,0.550330997,9.631412506,9.659284592,570.1578369,0.764892161,0.200745627,324.69104,0.168341205,5.437793255,7.941202641,580.3701782,0.133042634,2mgml,shg,roi3,3844.038675,57986.03852,28479.1204,370.6825257,65262.59643,61196.84545,5373.651165,3112.914257,1567.843662,61565.28279,6616.614957,6543.779576,6879.129741,6843.541631,20826.01789,3184.861528,5568.300863,6085.610298,61559.47873,4934.843278,661.2148497,1826,65173,28237,14,65534,63959,2767,1383,339,63871,3780,3750,3869.5,3862,20826,149,3452,3213,64106,3289,33,5363.782096,4500.221003,10919.66896,2411.063298,1689.547647,1504.056362,6622.62035,6882.082057,3132.150716,5410.098241,7732.106094,7634.237792,8147.818935,8083.777361,6.128923084,7445.380851,6037.446902,7646.208397,6022.831728,5329.222042,2005.794346,D1,N8,t
appliedMASKiso_shg_2mgml_roi3_8bit.ome,35,102.779452,51.01828,0.9176532,3.809588,105.12,43.544,0.91952,3.7476,25,46.8321058,24.55859722,0.04078235,0.641681959,35,3351,37.1146,2847,103,27.6408,18,1.208,0.0164,0.0574,0.08068,131072,0.612442076,525.6146851,0.528215945,9.320246696,10.81109715,709.5443115,0.776048899,0.620332837,473.492981,0.574515522,8.656443596,8.768278122,579.4763184,0.791449368,0.19556649,314.2185669,0.173349708,5.21320343,7.778536797,553.8207397,0.127151772,2mgml,shg,roi3,3825.04764,57847.53364,28445.4332,383.6872667,65256.88451,61318.08286,5353.564273,3124.560249,1476.685599,61700.95685,6486.941376,6410.766356,6769.05362,6729.781855,20826.02663,3049.585787,5430.415811,6024.597356,61681.35831,4950.6724,676.3538918,1812,65092.5,28229,13,65534,63971,2749,1383,338,63888,3792,3759,3879,3873,20826,97,3452,3205,64108,3262,33,5313.650938,4465.512265,11155.47732,2436.067605,1621.631782,1500.569669,6515.133929,6864.852677,2994.097164,5251.259593,7568.927293,7464.549033,8026.60396,7955.325936,5.881556984,7238.873654,5792.35846,7589.138943,5907.867913,5352.03935,2237.627535,D1,N8,t
appliedMASKiso_shg_2mgml_roi3_8bit.ome,36,94.14498621,51.6552069,0.918225517,3.68007931,95.711,44.46,0.92664,3.6558,29,45.88687103,20.71208333,0.03536863,0.756002449,36,3321,37.4679,2787,104,26.7981,20,1.2107,0.0219,0.0583,0.08071,131072,0.629132807,510.08078,0.52852881,8.959854126,10.4006052,682.7796021,0.787555993,0.644182801,459.6347351,0.583254874,8.334186554,8.385032654,527.5446777,0.805573702,0.189206511,302.4908142,0.171105787,4.976083755,7.571606636,517.8760376,0.121179946,2mgml,shg,roi3,3819.40766,57639.53489,28455.50896,431.5514667,65232.8693,61351.37225,5322.238664,3110.493673,1476.4495,61727.08665,6452.031599,6377.188583,6729.238708,6690.837237,20825.99169,3248.988145,5439.13986,6006.084255,61712.38939,4958.948274,730.6490453,1820,64996,28230,11,65534,63953,2767,1376,347,63873,3822,3793,3917,3911,20826,119,3452,3224,64089,3266,34,5268.671628,4412.427449,11140.65466,2337.894944,1801.960807,1666.439497,6494.627695,6771.787686,3108.305603,5251.089855,7523.712637,7423.395118,7962.917854,7894.945044,11.16311117,7463.538064,5828.225768,7560.004665,5893.950048,5350.870968,2722.315537,D1,N8,t
appliedMASKiso_shg_2mgml_roi3_8bit.ome,37,103.5962389,54.93655556,0.917383889,3.763072222,115.135,44.152,0.924175,3.69465,18,53.24142071,29.52432572,0.057255794,0.87061514,37,3541,35.0158,2892,107,27.028,15,1.2273,0.0191,0.057,0.1307,131072,0.661351502,487.3457947,0.533797979,8.319271088,9.365426064,648.4428711,0.808810055,0.680488288,440.8171692,0.570785999,7.730267525,7.438458443,492.9172668,0.827447951,0.177438468,287.1051941,0.163738728,4.668462276,6.757838249,485.2641602,0.110785335,2mgml,shg,roi3,3739.8188,57300.90943,28428.2664,352.4497692,65285.29449,61588.17915,5183.756896,3060.292802,1333.711679,61948.12419,6200.347246,6124.214638,6480.665303,6441.124482,20826.03699,2984.641414,5219.705776,5826.705309,61938.99574,4999.26137,599.4098102,1774,64876,28227,11,65534,64050,2731,1369,321.5,63944,3696,3668,3786,3782,20826,110,3363,3132,64178,3200,34,5131.04509,4346.048347,11541.99822,2326.66965,1725.533832,1522.191013,6051.401827,6522.956214,2831.849876,4851.073068,7134.502101,7034.118833,7565.21458,7497.742555,6.826929115,7031.272714,5569.837644,7247.25855,5476.055825,5544.150074,2399.974512,D1,N8,t
appliedMASKiso_shg_2mgml_roi3_8bit.ome,38,96.008025,52.83621429,0.926668929,3.545414286,110.195,46.263,0.930305,3.4708,28,55.78202516,25.2858036,0.027975793,0.666868588,38,3883,31.7556,3205,102,31.4216,19,1.246,0.0236,0.0633,0.06925,131072,0.643264771,484.1847534,0.52631557,8.594414711,8.954435349,609.8319702,0.798548102,0.661188602,461.6272583,0.559402645,8.059675217,8.100978851,559.6547852,0.816083074,0.164799154,246.6405487,0.163142994,4.269196033,5.387770176,397.045105,0.10437458,2mgml,shg,roi3,3794.307728,57716.62856,28391.55073,207.4168437,65347.34048,61547.67476,5268.659115,3135.640464,1316.252958,61907.07352,6324.883567,6248.495549,6599.388447,6561.026232,20826.06959,3271.196826,5326.113584,5909.913084,61896.72276,5143.792184,476.4982183,1904,65251,28215,11,65534,63901.5,2910,1455,380,63808,4002,3969,4086.5,4079,20826,94.5,3673,3368,64026,3369,44,5046.456366,4471.805163,11692.56569,2370.325772,837.4827348,946.5467893,5698.757369,6413.700976,2461.573875,4530.64346,6868.740945,6769.286326,7291.243081,7224.404606,6.631230884,7658.807331,5274.383792,6984.121506,5135.672093,5796.87225,1697.147208,D1,N8,t
appliedMASKiso_shg_2mgml_roi3_8bit.ome,39,106.0364429,48.66654286,0.927006571,3.446085714,120.7,41.221,0.93315,3.4964,35,54.49181015,18.12759429,0.030211121,0.530114716,39,3799,32.502,3134,103,30.4272,21,1.2414,0.0179,0.0596,0.09187,131072,0.662400186,449.5613708,0.516538918,8.032155037,8.235453606,581.0600586,0.811089993,0.6745224,431.8418579,0.542617857,7.635380268,7.672461987,484.381073,0.824411869,0.155434445,232.334137,0.178821683,3.967573166,4.977566242,424.1097412,0.096707888,2mgml,shg,roi3,3698.317325,57640.24257,28545.81016,191.2757731,65363.42939,61777.00657,5098.627821,3079.983612,1225.58043,62102.57265,6050.775486,5973.098941,6314.125382,6276.745987,20826.05364,3338.550985,5179.008392,5686.174037,62109.81001,5092.102166,413.165847,1753,65257,28231,11,65534,64028,2713,1333,370,63871,3840,3812,3885,3885.5,20826,118,3629,3155,64128,3138,41,5084.561721,4576.992443,11862.30622,2505.711503,662.6890717,793.7706171,5333.262284,6348.189427,2216.275566,4170.534055,6529.632607,6426.204768,6962.545492,6892.070411,8.669654066,7566.723383,5116.97807,6782.381828,4774.297681,6149.738932,1302.977414,D1,N8,t
appliedMASKiso_shg_2mgml_roi3_8bit.ome,40,104.7947586,53.37768966,0.915808621,3.36087931,121.43,47.623,0.92636,3.2381,29,55.60522573,21.7914643,0.035599256,0.529654243,40,3669,33.7244,3000,101,29.703,13,1.236,0.0206,0.056,0.07757,131072,0.643737793,449.1973877,0.482492119,8.329216957,8.266151428,551.0372314,0.79927671,0.657623291,414.5494385,0.481103718,7.882764816,7.073653221,412.2562866,0.813544631,0.155396193,233.2105713,0.18786715,3.98760581,5.239854336,422.4703064,0.097971432,2mgml,shg,roi3,3482.873796,57870.91262,28538.38796,234.924188,65357.12588,61949.27129,4888.960928,2934.315495,1187.608594,62208.67423,5831.889505,5761.953949,6066.300017,6033.860808,20826.0182,3360.172019,5039.305054,5407.233666,62255.41544,4810.209247,438.2497678,1570,65309,28230,10,65535,64205,2479,1203,334,63986.5,3580,3557,3603,3611,20826,125,3452,2876,64278,2849,38,4937.066614,4516.977092,12032.04812,2676.786287,1077.093723,1014.081647,5223.314389,6232.222778,2221.789365,4124.799625,6418.324785,6323.553671,6825.952493,6759.741138,7.573087284,7671.836496,5109.402017,6613.10167,4689.795512,6004.643685,1601.086651,D1,N8,t
appliedMASKiso_shg_2mgml_roi3_8bit.ome,41,89.41384444,51.38666667,0.915133611,3.505372222,88.0275,44.1065,0.92946,3.5568,36,58.59155863,18.50737956,0.043724222,0.59251086,41,3947,31.2083,3217,94,34.2234,21,1.254,0.0184,0.0564,0.04394,131072,0.611732304,453.2774048,0.46787858,8.820924759,8.77971077,529.0462646,0.778554201,0.621352196,418.2764282,0.475756466,8.370897293,7.426249027,413.5944519,0.791352391,0.161257252,223.14888,0.183652297,4.03008604,5.602444649,386.0564575,0.104463547,2mgml,shg,roi3,3295.235047,57801.63372,28519.13174,214.7547476,65371.73195,61977.04417,4652.047865,2722.087773,1271.106544,62157.29531,5774.960363,5713.676911,5963.413635,5938.901586,20825.95771,3297.726405,5078.352713,5226.916844,62246.14515,4493.110524,492.8219099,1442,65300,28230,13,65535,64301,2299,1102,306,64047,3393,3378,3395,3402,20826,118,3319,2685,64359,2641,37,4685.119561,4136.494407,12093.04004,2716.848663,843.3230638,864.0725428,5287.269755,5961.668197,2490.179504,4303.155054,6543.077954,6462.317898,6866.492544,6815.150514,13.39173672,7668.387551,5410.48368,6485.380697,4806.123153,5596.895948,1666.511534,D1,N8,t
appliedMASKiso_shg_2mgml_roi3_8bit.ome,42,87.02597241,50.40437931,0.933605517,3.7127,81.119,44.184,0.93996,3.8244,29,61.51529622,18.75254651,0.029466365,0.651190899,42,3487,35.589,2857,104,27.4712,10,1.2123,0.0218,0.0523,0.02174,131072,0.614800572,449.4596252,0.453195363,8.789450645,8.663786888,515.8080444,0.779713392,0.629580259,418.1182251,0.466274172,8.262591362,7.07579422,390.2807007,0.796325505,0.167803124,230.809906,0.181125671,4.225077629,5.940028191,409.4627686,0.109784663,2mgml,shg,roi3,3021.328058,57641.68939,28604.62144,179.1885203,65404.0518,62296.1891,4323.897632,2510.587362,1162.235576,62397.34731,5365.916112,5311.342454,5521.714158,5502.191169,20825.99573,3339.632133,4826.151693,4816.584691,62530.37195,4197.733396,423.6401031,1223,65237,28238,11,65535,64543,2030,965,247,64218,2975,2960,2953,2964,20826,124,3009,2295,64566,2288,33,4420.428472,3880.728273,12213.11516,2910.07718,683.8397737,708.2504498,4946.930439,5634.676231,2364.409554,4024.038915,6248.622448,6174.445946,6540.530464,6494.624944,9.286116579,7661.85389,5336.136911,6143.553375,4500.185054,5382.662736,1356.623833,D1,N8,t
appliedMASKiso_shg_2mgml_roi3_8bit.ome,43,90.97082963,51.10085185,0.912914074,3.786533333,95.528,45.174,0.93406,3.5902,27,61.62296649,22.40346046,0.06313721,0.634722532,43,3830,32.2227,3110,87,35.7471,11,1.2452,0.0177,0.0528,0.023,131072,0.583032012,472.1188965,0.44154194,9.433148384,9.287322998,531.4934692,0.757922053,0.594883621,427.452179,0.446806431,8.779084206,7.566345215,389.6368713,0.775110185,0.17488648,244.8643494,0.181506887,4.497023106,6.416833401,432.9274902,0.119027898,2mgml,shg,roi3,2887.278652,57526.85461,28637.16665,183.293414,65402.94942,62318.96611,4155.235094,2398.554568,1220.072181,62358.15276,5303.036766,5254.102285,5429.199239,5414.810242,20826.04099,3381.832859,4878.377497,4667.075359,62525.24184,3962.774163,458.9482888,1137,65169,28242.5,11,65535,64600,1868,879,240,64245,2838,2822,2812,2822,20826,106,2965,2175,64612,2120,36,4270.809765,3769.389518,12220.19813,2874.338718,698.1654662,708.3312918,4924.222542,5504.581954,2376.219087,4059.628057,6226.28519,6159.828392,6487.344542,6446.958156,10.09621218,7963.324753,5373.835556,5999.258696,4499.033759,5151.215643,1344.297108,D1,N8,t
appliedMASKiso_shg_2mgml_roi3_8bit.ome,44,97.70338824,49.2885,0.915504706,3.280497059,102.515,42.9765,0.92582,3.31735,34,53.28951995,18.73911117,0.036668127,0.592360058,44,3636,34.0487,2881,86,33.5,11,1.2252,0.0219,0.0507,0.01658,131072,0.589737415,462.4952698,0.441744119,9.237792969,9.244318008,525.9921875,0.762040257,0.604076982,416.6213379,0.463210851,8.611855507,7.331092358,385.9723511,0.780697227,0.177411675,240.8168945,0.183124363,4.443697453,6.795109272,439.1851501,0.121427476,2mgml,shg,roi3,2650.789425,56839.26978,28649.89806,249.1429059,65389.61526,62590.40101,3834.313788,2221.521536,1102.033814,62567.98557,4912.016004,4868.20757,5009.224289,4999.103225,20826.03157,3229.141766,4548.939937,4296.99112,62773.89636,3661.947283,452.9411716,1049,64825,28227,9,65535,64688,1743,814,216,64295,2584,2571,2559,2566,20826,110,2744,1984,64688,1959.5,30,4035.883374,3630.177614,12341.97576,2909.522951,1197.317111,981.7936442,4626.060063,5222.309349,2184.571642,3762.233498,5880.1608,5814.960819,6122.336755,6084.735175,11.55362022,7769.515109,5054.267817,5687.951197,4194.220113,4842.18423,1530.273312,D1,N8,t
appliedMASKiso_shg_2mgml_roi3_8bit.ome,45,89.58593182,55.64140909,0.930351364,3.571186364,92.372,50.738,0.92768,3.42785,22,49.68217884,28.33493488,0.029889162,0.824329313,45,3508,35.364,2806,83,33.8072,10,1.2126,0.0152,0.047,0.04359,131072,0.609983206,420.7778625,0.441087484,8.592123985,8.643647194,477.2070007,0.775523126,0.631515384,378.1629639,0.47274673,7.820066452,7.005354404,360.3584595,0.797520459,0.175045326,220.0520477,0.187522218,4.233775139,6.428802013,392.0650635,0.117176101,2mgml,shg,roi3,2389.863825,56026.54273,28775.2438,296.9472302,65388.05272,62888.05456,3495.179136,1987.316367,973.6452038,62799.39632,4472.139614,4434.304,4570.233317,4559.777713,20826.07399,3185.710827,4119.842701,3903.250978,63039.92517,3316.57823,461.8694233,959,64092,28232,9,65535,64767,1617,749,204,64346,2412,2403,2386,2395,20826,110.5,2567,1835,64755,1792,25,3678.327089,3163.755732,12789.48474,3016.143868,1654.924194,1184.082917,4301.961364,4781.19874,2031.046134,3479.615326,5453.362481,5394.249846,5697.548482,5660.520159,10.08263376,7670.369683,4517.552752,5269.801463,3889.720065,4355.853234,1991.519838,D1,N8,t
appliedMASKiso_shg_3mgml_roi1_8bit.ome,1,57.35811081,60.35172973,0.918232703,3.49192973,40.03,51.866,0.92726,3.386,37,47.71619352,29.02940187,0.037818275,0.858096937,1,5149,23.456,4212,80,52.65,32,1.3187,0.0263,0.1593,0.3355,131072,0.452156723,1222.812866,0.342945606,18.13953209,16.56998825,1010.493774,0.66203016,0.46045202,1171.269043,0.340622723,17.46047974,14.68746376,946.0854492,0.681769371,0.176419035,449.8483887,0.139445975,6.557991505,8.903258324,496.5934448,0.136070594,3mgml,shg,roi1,3555.670773,62825.94984,30868.49701,177.5895377,65354.20297,61156.46751,5485.51049,3814.806307,1944.704834,61070.77139,7154.94354,7171.772725,6954.55609,6992.301207,18973.02376,3171.490405,6782.933907,6208.973041,61304.44987,4321.972644,484.3194113,2393,65497,30937,8,65533,63009,3795,2451,695,62837,5309,5329,5123,5157,18973,123,5113,4419,63100,3738,39,3634.625648,4095.711686,6071.905357,2658.26426,647.7762237,793.849218,5058.416354,5368.692997,3286.255502,4590.487383,6333.509683,6329.432186,6238.822119,6255.69948,99.63597347,6957.958748,5918.440107,5893.539539,4839.941983,3272.326852,1516.053834,D1,N8,t
appliedMASKiso_shg_3mgml_roi1_8bit.ome,2,60.57371944,64.6575,0.906265833,3.442252778,51.1775,60.459,0.92737,3.36985,36,45.38967907,33.52853445,0.090558039,0.637459069,2,5330,22.5915,4309,76,56.6974,43,1.3223,0.0195,0.1527,0.3401,131072,0.47844857,1174.760742,0.366396159,17.18124962,15.85546589,1017.093018,0.682948947,0.481041312,1127.967041,0.383368492,16.56170273,14.4993906,946.8383179,0.696933746,0.174705669,456.29953,0.144292191,6.480785847,8.451405525,521.1342163,0.130344287,3mgml,shg,roi1,3757.961644,62838.30258,30858.83431,117.4805019,65388.90728,60972.56165,5776.577276,4064.183244,1964.976621,60941.32403,7424.798407,7437.424892,7236.660243,7272.434477,18972.99679,2988.167215,6981.58331,6508.152827,61138.07701,4614.580294,419.8318763,2611,65501,30971,9,65532,62816,4128,2691,725,62758,5605,5618,5456,5483,18973,83.5,5229,4751,62956,4053,48,3777.961588,4364.920338,6149.602046,2639.723829,376.541206,553.4851763,5172.099139,5584.157739,3078.524323,4693.528975,6524.046029,6520.291612,6429.63691,6446.371509,99.57588644,6962.090788,6094.170209,6083.950907,4957.256282,3526.648818,1097.663609,D1,N8,t
appliedMASKiso_shg_3mgml_roi1_8bit.ome,3,60.6292119,62.39607143,0.910329524,3.483278571,50.322,59.5235,0.918945,3.4232,42,48.7374637,29.55998889,0.045199416,0.632753429,3,5760,20.7557,4712,83,56.7711,34,1.3501,0.0201,0.1609,0.2978,131072,0.468734354,1189.557007,0.354719162,17.49302673,15.83202934,986.3117065,0.676777601,0.45884794,1181.18335,0.364963353,17.40691376,15.30265903,964.5930176,0.681419253,0.167556792,438.0610046,0.130798504,6.269367695,7.692333221,448.1821899,0.124918893,3mgml,shg,roi1,3993.852655,63127.51358,30764.71027,134.1192492,65375.39307,60556.29534,6126.46009,4262.359968,2235.953095,60519.31406,8023.144358,8042.208404,7790.011983,7833.586934,18972.93655,3070.752078,7643.01642,6968.213597,60717.7254,4856.130818,464.3432194,2853,65512,30973,9,65531,62500,4460,2922,868,62440.5,6129,6150,5930,5969,18973,96,5849,5182,62654,4356,62,3911.150895,4441.331215,5866.654822,2530.708946,861.3314271,942.3502969,5553.098303,5819.405511,3425.318356,5100.468073,6925.346978,6924.826058,6808.092249,6828.97278,99.56064741,6997.161485,6539.861518,6386.873687,5356.187737,3538.671877,1535.767484,D1,N8,t
appliedMASKiso_shg_3mgml_roi1_8bit.ome,4,72.12780915,57.29753191,0.91115,3.553310638,62.021,53.297,0.91626,3.4599,47,51.74927897,23.25836578,0.03788519,0.783969736,4,5649,21.2029,4694,102,46.0196,33,1.3449,0.0211,0.1935,0.239,131072,0.383552849,1345.779053,0.319655746,20.4301548,18.3265667,1036.699951,0.611571789,0.3661955,1361.705933,0.314279854,20.66961861,17.87578011,1037.85144,0.610020101,0.151570573,406.4371643,0.118281089,5.940075397,7.710783005,395.602417,0.122424737,3mgml,shg,roi1,4488.210829,64073.78133,30726.31369,199.0746875,65304.97045,59637.92014,6924.428385,4752.726757,2818.898136,59623.10191,9232.585637,9263.660709,8938.538642,8993.469439,18973.0727,3302.609244,8872.12721,7913.800084,59817.06907,5216.105437,617.7932986,3333,65524,30996,11,65528,61732,5230,3428,1168,61734.5,7287,7320,7024,7075,18973,119.5,6933,6071,61916,4907,80,4220.324155,4687.543064,4571.611123,2152.114884,1477.639154,1475.552477,6299.915521,6282.70888,4078.290629,5873.233297,7608.799674,7613.860779,7463.445783,7489.676421,128.8288954,7305.527261,7225.63898,6958.034294,6103.408573,3438.598076,2019.317104,D1,N8,t
appliedMASKiso_shg_3mgml_roi1_8bit.ome,5,69.82919302,56.36072093,0.909867674,3.459481395,59.886,47.5,0.91258,3.399,43,51.76159943,24.45212428,0.043904156,0.795543486,5,5618,21.3309,4576,81,56.4938,52,1.3377,0.0229,0.1667,0.1737,131072,0.450426906,1226.139404,0.338021606,18.14607048,16.26550484,1001.212463,0.664614618,0.447966546,1211.9823,0.321532995,17.95158577,15.17293358,938.4526978,0.673184454,0.155960158,408.0579529,0.138067678,5.838641644,7.821289539,476.3241272,0.117253549,3mgml,shg,roi1,4432.341763,63836.69324,30788.40769,202.3356588,65315.47273,59963.86884,6809.233188,4769.335957,2488.522315,60020.40609,8846.751693,8864.210491,8604.251223,8649.793829,18972.77601,3321.058363,8384.857698,7708.400479,60168.88332,5312.66129,544.7450058,3224,65522,31000,8,65530,62045,5037,3348,1001,62091,6870,6892,6641,6685,18973,136,6430,5821,62239,4893,56,4344.21182,4897.202202,4903.515823,2176.796679,1377.730563,1425.962707,6319.347466,6434.148325,3952.91877,5833.037463,7595.043067,7589.690102,7484.878891,7504.735975,7.482637188,7206.541081,7057.009459,7060.692614,6097.146748,3611.485505,2159.995551,D1,N8,t
appliedMASKiso_shg_3mgml_roi1_8bit.ome,6,78.16990652,58.87784783,0.918337826,3.490554348,69.09,50.8245,0.927485,3.5898,46,54.24031278,27.7136651,0.040068727,0.73194584,6,5738,20.843,4681,110,42.5545,35,1.3502,0.0212,0.1746,0.1335,131072,0.427155375,1282.980347,0.349413365,18.96216774,17.61875534,1071.620361,0.645244241,0.421302795,1269.214966,0.342475772,18.82953644,16.53779793,1040.550171,0.653258801,0.163010225,422.4985352,0.139291331,6.047157764,8.62876606,497.6454468,0.126378685,3mgml,shg,roi1,4792.53307,64160.44992,30801.93495,238.0780349,65259.60799,59435.83935,7341.005536,5176.695025,2859.443155,59546.17545,9480.404033,9495.609205,9228.877083,9276.069421,18972.72525,3052.626529,8955.79891,8296.754265,59664.22222,5573.975163,689.6326101,3450,65524,31008,9,65528,61744,5422,3624,1087,61863,7305,7318,7082.5,7125.5,18973,127,6817,6200,61961.5,5151,61,4650.041264,5254.406818,4345.600272,1988.255519,1276.978532,1476.497541,6911.680989,6862.176988,4751.407357,6476.647535,8153.216065,8151.774573,8019.154365,8043.193463,7.441393799,6918.546281,7644.213382,7556.047143,6710.005035,3708.406462,2529.442966,D1,N8,t
appliedMASKiso_shg_3mgml_roi1_8bit.ome,7,86.48891875,64.12810417,0.920801042,3.69420625,81.368,55.387,0.92349,3.5504,48,49.1265212,36.46228169,0.03530348,0.802530588,7,6448,18.3277,5329,98,54.3776,41,1.3817,0.0268,0.2239,0.1048,131072,0.321486235,1479.769897,0.340243787,22.64171219,21.73702049,1186.846069,0.558252037,0.301273704,1505.246094,0.348908603,23.17538261,20.9915638,1157.348511,0.554742098,0.146022826,375.8802185,0.124360107,5.593700886,8.856181145,434.6329041,0.126879901,3mgml,shg,roi1,5600.632423,64707.72645,30800.32555,321.7412149,65110.19475,57944.13345,8605.678947,5996.337474,3943.963329,58079.10853,11299.47874,11327.78866,10968.62214,11030.55049,18972.79746,3071.279091,10707.24015,9780.46067,58190.53601,6029.873985,1056.377833,4189,65529,31055,15,65520,60413,6611,4378,1692,60598,9109,9137,8811,8861,18973,103.5,8599,7630,60656,5767,111,5029.801962,5605.446867,3368.535291,1718.660417,1442.551722,1797.10589,7824.562895,7407.73637,5850.145454,7448.578612,8968.369434,8973.085549,8789.607921,8821.565943,6.043149437,7058.451827,8476.32,8232.928322,7632.550856,3607.929867,3107.050129,D1,N8,t
appliedMASKiso_shg_3mgml_roi1_8bit.ome,8,85.60005179,66.71978571,0.911384286,3.654801786,79.9745,56.4105,0.92744,3.5349,56,49.49372205,37.30800194,0.0621145,0.778123227,8,6351,18.6382,5279,105,50.2762,61,1.3765,0.0294,0.2321,0.1138,131072,0.310130179,1515.511841,0.340873659,23.15951347,22.23841476,1210.551392,0.548656404,0.279743463,1564.209595,0.361245513,23.99842644,22.17975235,1206.635498,0.535195768,0.142619088,360.9862061,0.122466415,5.42321825,8.436527252,407.0805969,0.123869903,3mgml,shg,roi1,5916.196899,64801.4464,30794.63132,322.019577,65085.08974,57502.75149,9023.78257,6283.619367,4154.299395,57698.17959,11842.35255,11871.24879,11497.61749,11562.1336,18972.78107,2934.193787,11155.54742,10290.6461,57788.22415,6291.273048,1101.247276,4510,65530,31064,17,65515,59944,7013,4654,1906,60188,9729,9772,9377.5,9442,18973,91.5,9141,8157,60211,6038,135,5119.632389,5679.673346,3148.678784,1576.637899,1377.339172,1788.169485,7950.647762,7552.355734,5830.596096,7547.815748,9066.490583,9070.495273,8908.244223,8936.989431,6.417447754,6856.370499,8489.557511,8365.77419,7738.871537,3663.449331,3115.058839,D1,N8,t
appliedMASKiso_shg_3mgml_roi1_8bit.ome,9,91.23346818,54.01465909,0.916862727,3.663631818,90.1775,46.6835,0.929875,3.42735,44,52.60965341,24.09297098,0.046906898,0.778186975,9,5436,22.112,4399,96,45.8229,37,1.3331,0.0212,0.1695,0.123,131072,0.457139313,1235.783447,0.375021666,17.9495182,16.69822693,1070.035645,0.669958949,0.43002373,1263.614136,0.397711635,18.54496384,16.55331993,1047.991821,0.659783244,0.159597293,410.2449036,0.139887348,5.778439522,7.552882671,466.9881287,0.115406685,3mgml,shg,roi1,5439.783699,64041.19724,30911.24491,166.9577973,65274.9635,58741.7349,8249.127465,5884.064336,3016.480227,59044.8808,10350.42966,10354.11149,10140.48578,10181.13326,18972.79268,3212.846301,9456.918748,9265.002533,59064.95997,6271.677922,648.0243277,4101,65527,31066,11,65523,60915,6349,4299,1378,61212,8373,8384,8152,8200,18973,122,7630,7257,61220,5855,85,4802.075875,5460.373947,4367.198745,2023.055286,644.9480223,983.6443101,6910.167992,7077.226692,4363.445767,6367.169218,8150.416843,8135.794575,8075.073641,8088.977227,6.367684901,7309.196209,7411.767736,7714.089259,6660.630068,3952.801284,1826.580665,D1,N8,t
appliedMASKiso_shg_3mgml_roi1_8bit.ome,10,80.75859091,64.71152273,0.898654773,3.394595455,72.898,51.4335,0.912245,3.20725,44,46.35967294,29.39469236,0.058420349,0.803873908,10,5645,21.2193,4560,109,41.8349,31,1.3392,0.0242,0.1648,0.1706,131072,0.480288535,1195.528442,0.367520809,17.18172646,15.80826759,1035.313477,0.68831867,0.461645365,1211.490234,0.36637181,17.64632034,14.97664452,988.2163086,0.683227539,0.151026741,395.6802979,0.144597813,5.390742779,7.365096092,488.2723694,0.106837869,3mgml,shg,roi1,5465.207096,63848.24899,30975.73665,152.1068674,65285.07173,58776.14993,8268.561408,5928.096159,3001.265969,59086.97524,10270.46846,10270.53858,10084.36274,10121.07335,18972.78399,3184.525118,9324.337828,9258.941887,59096.27279,6312.448155,637.6035177,4088,65526,31069,12,65523,60962,6314,4281,1357,61250,8273,8282,8071,8110,18973,103,7514,7229,61266,5839,84,4806.665378,5490.966165,4549.872282,2020.386455,527.5806851,849.9390234,6832.969115,7062.213255,4312.155413,6304.866426,8078.079371,8064.006538,8010.111865,8022.691314,7.363420651,7222.669962,7309.173205,7675.514294,6598.271303,4048.529442,1665.73809,D1,N8,t
appliedMASKiso_shg_3mgml_roi1_8bit.ome,11,95.87002381,59.72192857,0.920172143,3.502914286,86.3805,53.52,0.931225,3.34695,42,49.78934125,26.63708016,0.035954813,0.749449805,11,5363,22.4402,4288,105,40.8381,28,1.3303,0.0223,0.1595,0.2117,131072,0.50821805,1165.663086,0.379015476,16.37588692,15.03598976,1042.570923,0.709315181,0.500094891,1177.846924,0.375313461,16.57557487,13.7552309,933.3887329,0.710359931,0.142415285,392.1142883,0.147495195,5.142735481,7.232390881,542.2018433,0.098822705,3mgml,shg,roi1,5462.141874,63923.55149,30906.88464,162.3878394,65281.04105,58943.88426,8161.162386,5918.360862,2896.072283,59268.67908,10064.85732,10060.22951,9889.326499,9923.801236,18973.87415,2998.243333,9151.057447,9155.956035,59271.79223,6363.076438,599.8741657,4019,65525,31049,12,65523,61095,6139,4148,1302,61393,8056,8061,7886,7921,18973,86,7359,7092,61399,5749,79,4955.649465,5702.029609,4451.652015,2119.848089,559.4917934,880.982083,6746.865626,7145.879146,4191.024621,6152.532979,7977.093806,7954.379686,7938.844926,7945.772787,209.0214187,6999.336427,7191.224881,7728.149857,6475.185422,4287.968495,1582.547425,D1,N8,t
appliedMASKiso_shg_3mgml_roi1_8bit.ome,12,86.50630952,64.16957143,0.918400952,3.733695238,64.607,55.542,0.92993,3.63445,42,53.47210782,34.23431269,0.055322005,0.748661198,12,5987,19.8929,4827,100,48.27,39,1.3584,0.0211,0.1769,0.1824,131072,0.458709657,1275.358765,0.402558923,18.132864,17.4581089,1209.069214,0.672771752,0.43905288,1298.801636,0.417481601,18.67404747,17.08195114,1146.933594,0.666487098,0.145650819,412.0511475,0.154556081,5.442780018,8.104111671,646.0401611,0.105425194,3mgml,shg,roi1,5758.480095,64260.97538,30905.93879,216.6003601,65217.59239,58633.85931,8612.453442,6294.85301,2969.246862,59058.30738,10412.3673,10398.25718,10277.54585,10305.34258,18972.74962,3443.877215,9267.808446,9575.800862,59003.32591,6593.188212,658.5843843,4151,65526,31053,14,65522,60929,6401,4352,1352,61276.5,8263,8259.5,8103,8143,18973,136,7437,7285,61248,5903.5,84,5333.129949,6136.023063,3881.847172,1924.872676,754.2094533,1101.796373,6988.047306,7546.712022,4165.483984,6269.305172,8149.245902,8114.76552,8167.424014,8164.742592,7.056450452,7428.73182,7087.977933,8092.751952,6645.416527,4518.961639,1681.242503,D1,N8,t
appliedMASKiso_shg_3mgml_roi1_8bit.ome,13,71.067315,63.0677,0.922146,3.5434,59.5185,55.9595,0.92967,3.3732,40,48.16025977,30.02112178,0.040865555,0.734095783,13,5634,21.2646,4571,93,49.1505,32,1.3444,0.02,0.1552,0.2311,131072,0.506272316,1215.955566,0.415565372,16.67426682,16.66582489,1241.476074,0.706003666,0.488217711,1220.497192,0.413295746,17.10861969,14.89381695,1005.258972,0.70224762,0.160957173,480.9386597,0.170115843,5.985946655,9.431055069,794.3639526,0.112161353,3mgml,shg,roi1,5567.880979,63796.59321,30904.45135,198.4106088,65250.68641,59187.79259,8237.414515,6156.162994,2557.307764,59646.05462,9711.300788,9683.952666,9626.27883,9644.731721,18972.69211,3394.245812,8504.870198,9098.622176,59573.82957,6567.027146,528.0778075,4018,65521,31020,13,65523,61258,6139,4219,1199,61613,7782,7770,7649,7677,18973,98.5,6817,6977,61599,5769,73,5265.27994,6275.61082,4503.825683,2019.30192,737.7199654,1046.262061,6417.737249,7381.64807,3456.251289,5600.029245,7583.665025,7531.478287,7662.236784,7648.024435,8.451932967,7408.678872,6458.935393,7769.870481,6039.557643,4713.173767,1334.043899,D1,N8,t
appliedMASKiso_shg_3mgml_roi1_8bit.ome,14,70.93411923,55.58269231,0.912719423,3.38135,59.971,47.0825,0.92117,3.3282,52,50.13776362,23.39711758,0.042615757,0.732529832,14,5628,21.2894,4611,114,40.4474,22,1.341,0.022,0.1625,0.1977,131072,0.48472178,1259.412354,0.391697526,17.46333313,16.76767349,1158.072021,0.690513909,0.472664505,1253.129272,0.383797884,17.52975464,15.26074791,1011.07782,0.691427231,0.15897274,460.4161072,0.141188353,6.006279945,8.735978127,642.4766846,0.113730907,3mgml,shg,roi1,5542.395034,63933.42519,30946.88471,170.9478586,65274.60748,59120.54101,8236.247014,6092.470809,2659.410742,59534.98074,9851.032598,9828.562639,9735.081754,9758.655076,18972.71826,3163.833698,8773.26504,9142.671657,59476.89925,6566.665942,541.8776613,4123,65524,31045,11,65523,61172,6279,4325,1246,61525,7940,7930,7809,7839,18973,131,7011,7128,61492,5953,75,5056.15298,5917.56923,4398.062071,1987.37113,607.2444742,926.2474378,6455.780399,7185.106918,3695.108603,5753.012557,7656.407792,7616.839001,7679.352534,7674.673345,8.068996429,7001.334864,6737.764506,7647.10842,6141.099952,4469.779696,1429.265574,D1,N8,t
appliedMASKiso_shg_3mgml_roi1_8bit.ome,15,73.51142093,62.61409302,0.918833953,3.638162791,59.534,53.29,0.92593,3.5912,43,47.88578885,27.56929752,0.034692718,0.804552986,15,5668,21.1251,4549,103,44.165,36,1.3447,0.0213,0.1709,0.1648,131072,0.470587105,1280.427124,0.395592064,17.83133316,17.19429588,1135.350464,0.679648042,0.466927707,1259.155518,0.411294639,17.56505203,16.07052422,1056.987305,0.687467873,0.162272036,455.2341919,0.119014166,6.087564468,8.320786476,526.9281006,0.11873515,3mgml,shg,roi1,5605.203855,63962.0397,30914.91887,172.2463918,65266.57083,58930.33384,8306.918433,6079.728184,2882.502422,59306.36872,10079.76559,10065.89382,9936.049312,9964.87437,18972.77209,3058.582751,9032.254846,9299.619433,59276.17303,6573.661404,629.0440035,4140,65525,31043,11,65523,61139,6314,4352,1264,61469,8032,8022,7877,7907,18973,93,7088,7189,61455,6018,73,5082.225377,5819.286656,4429.006187,1923.619291,617.2708004,979.7800009,6875.719728,7251.75944,4298.835204,6268.365745,8056.968133,8031.91428,8023.226705,8029.260454,7.78190619,6900.246037,7167.938044,7869.500654,6592.777437,4336.561618,1776.394245,D1,N8,t
appliedMASKiso_shg_3mgml_roi1_8bit.ome,16,85.10447381,64.46702381,0.908790238,3.564092857,81.9225,57.6125,0.92192,3.4015,42,48.79582968,26.12101482,0.061472652,0.788354875,16,5507,21.8012,4479,94,47.6489,34,1.3305,0.0193,0.1514,0.1526,131072,0.523789406,1192.047241,0.421580523,16.13389969,15.85870266,1128.460327,0.717244744,0.515657485,1194.077881,0.422084391,16.15794563,14.68330574,1032.994507,0.721773267,0.169208363,485.8259277,0.13117674,6.324161053,8.545906067,594.5355835,0.119627565,3mgml,shg,roi1,5432.672334,63378.00533,30963.92826,193.7426831,65268.66557,59424.49072,7985.891034,5946.023426,2556.904811,59832.79197,9420.903614,9394.230807,9339.445275,9357.144334,18972.73147,3217.949649,8283.369295,8869.4894,59780.28785,6535.603842,571.3112613,3925,65523,31040,10,65526,61599,5947,4139,1046,61960,7356,7342,7257,7279,18973,116,6352,6715,61914,5833,58,5156.977992,5948.942897,5156.398551,2031.625214,875.6540938,1202.444864,6727.815546,7289.278393,4137.341237,6052.845005,7884.625322,7848.597187,7893.075581,7891.550513,13.16990594,7134.012745,6940.828926,7852.766421,6414.630276,4522.563697,1860.534841,D1,N8,t
appliedMASKiso_shg_3mgml_roi1_8bit.ome,17,67.53661282,63.59874359,0.914438205,3.432210256,65.376,51.227,0.9128,3.4529,39,43.07669093,37.93751685,0.032386466,0.704432518,17,5471,21.9578,4434,80,55.425,37,1.3292,0.0191,0.1475,0.1188,131072,0.53789717,1166.517334,0.436752766,15.66054153,15.8969202,1178.75293,0.72622627,0.534064531,1144.963013,0.439330995,15.51681137,14.16363621,1043.66748,0.733896255,0.175681084,498.0993958,0.148990586,6.452889919,9.441426277,695.8132935,0.124286219,3mgml,shg,roi1,5466.441941,63050.38119,30991.10095,324.0630571,65179.49204,59610.66164,7981.59673,6067.619601,2429.615846,60062.23925,9108.902879,9067.96965,9089.761884,9096.530129,18972.75287,3109.834343,7830.175628,8764.503871,59978.78097,6594.227724,643.7718038,3805,65520,31042,9,65527,61833,5754,4068,952,62196,7003,6976,6955,6968,18973,102,5965,6467,62141,5729,53,5512.784943,6455.75256,5523.872825,2135.393642,1737.148781,1897.551992,6882.519489,7686.782657,4219.474138,6115.785927,7955.425814,7903.285605,8035.967232,8021.951752,8.212348294,7380.394628,6776.40207,8159.928374,6528.151856,4815.994544,2400.031727,D1,N8,t
appliedMASKiso_shg_3mgml_roi1_8bit.ome,18,83.09279184,56.19383673,0.909770612,3.572753061,80.218,46.792,0.92429,3.4294,49,46.93850371,26.59478959,0.044717977,0.829812614,18,5449,22.0545,4369,93,46.9785,43,1.3282,0.0182,0.1403,0.1148,131072,0.559780061,1113.650024,0.441682816,14.86422825,15.06212521,1132.762085,0.740414679,0.576134026,1056.132813,0.445880562,14.16556644,12.84828663,994.8148804,0.761843622,0.18115291,501.9304199,0.140266627,6.554627895,9.371668816,688.5882568,0.127672493,3mgml,shg,roi1,5429.390661,62724.56001,31037.44147,289.0209576,65207.42001,59798.18108,7883.836981,6069.166087,2311.925329,60280.18563,8844.949753,8797.125913,8854.033521,8855.699042,18972.75149,3762.664513,7482.716647,8613.990957,60183.19784,6620.064835,601.8611949,3736,65519,31048,10,65528,62055,5649,4023,868,62393,6669.5,6638,6657,6665,18973,147,5577,6280,62346,5661.5,49,5537.151081,6573.688448,5991.387529,2147.357719,1344.4175,1600.408125,6759.34516,7668.040577,4139.092367,5972.712461,7880.641232,7826.068559,7956.125058,7942.481406,7.696540893,7933.347357,6703.927037,8118.075729,6388.665882,4984.986418,2146.105959,D1,N8,t
appliedMASKiso_shg_3mgml_roi1_8bit.ome,19,70.01557609,59.89167391,0.909888478,3.492006522,55.8635,54.9965,0.915615,3.4578,46,46.96847957,23.62223577,0.049312064,0.655028086,19,5387,22.3313,4313,100,43.13,36,1.3233,0.0217,0.1524,0.1361,131072,0.535617232,1123.480835,0.414798945,15.51795578,15.3405056,1067.074951,0.722537577,0.550561965,1058.01001,0.421174109,14.66051292,13.14898586,987.6253052,0.745026588,0.188937128,497.2763062,0.141532212,6.779607296,9.386579514,596.3734741,0.135771319,3mgml,shg,roi1,5538.385143,63105.06238,31055.04073,280.4050378,65200.2836,59547.43139,8046.185955,6140.039446,2506.504956,60013.38843,9152.08574,9109.338103,9135.354712,9141.631069,18972.65208,3597.469241,7811.815813,8843.489737,59924.9996,6660.265391,672.2261002,3903,65521,31066,13,65527,61866,5824,4148,931,62250,6961,6927,6927,6934,18973,146,5810,6532,62179,5848,60,5468.111139,6417.272887,5562.610025,2254.282744,1309.645433,1579.742882,6945.983405,7653.507738,4475.56025,6243.713654,8112.307025,8070.540462,8146.287689,8140.397049,12.44723309,7538.424869,6997.243393,8184.772623,6618.366301,4891.854928,2325.397707,D1,N8,t
appliedMASKiso_shg_3mgml_roi1_8bit.ome,20,85.22884524,62.43966667,0.90135119,3.615280952,73.1195,55.0525,0.91345,3.46855,42,49.32306545,30.01810207,0.055365323,0.719547295,20,4960,24.426,3872,86,45.0233,31,1.3002,0.0228,0.1402,0.198,131072,0.555068314,1088.456299,0.403681576,14.9666357,14.58732414,1027.143433,0.735395551,0.571326196,1045.873291,0.435091197,14.14284611,12.65345097,920.7108765,0.758819461,0.194837093,509.4344482,0.158054247,6.958158016,9.466369629,608.9492188,0.136776194,3mgml,shg,roi1,5405.490886,62490.09974,31006.30305,233.9714557,65242.65608,59774.71907,7873.699514,6024.626395,2329.742683,60237.09484,8821.192068,8773.881818,8839.274498,8839.63552,18972.70819,3289.185872,7417.540452,8596.393054,60144.42797,6558.047587,607.1535272,3788,65514,31056,13,65527,62042,5684,4077,866,62412,6677,6637,6665,6668,18973,106,5500,6312,62363,5730,56,5279.953632,6171.249899,6130.904816,2255.259585,1045.93217,1293.317124,6656.620683,7431.21831,4066.533522,5969.738442,7835.637848,7793.038622,7890.427329,7881.336569,10.21173878,7470.757499,6685.674563,7921.000618,6352.083653,4878.96904,2001.21081,D1,N8,t
appliedMASKiso_shg_3mgml_roi1_8bit.ome,21,78.51933158,57.58715789,0.918836053,3.673621053,65.7275,45.8685,0.92184,3.5016,38,51.34827439,29.60974529,0.028122397,0.98628242,21,4912,24.6842,3803,104,36.5673,29,1.299,0.018,0.1378,0.262,131072,0.548689425,1114.407471,0.38955006,15.30119038,14.5662365,1031.922241,0.732074797,0.551733434,1101.880371,0.393152833,15.16642189,12.5107832,946.1191406,0.7454108,0.188759118,506.1585999,0.167627454,6.838084698,8.968158722,611.4942627,0.13039957,3mgml,shg,roi1,5356.641044,62720.34614,31070.94292,214.3580924,65259.95297,59918.95409,7788.262355,6014.851911,2249.523602,60387.01568,8656.459699,8604.473816,8683.362942,8681.743917,18972.69398,3304.702509,7287.166289,8479.016659,60288.0494,6558.50147,557.7990513,3720,65512,31037,12,65528,62120,5544,3997,844,62456,6554,6521,6544,6555,18973,148,5423,6198,62430,5645,51,5287.087871,6310.10326,5917.22783,2333.966925,919.2105643,1165.712367,6465.19341,7405.559015,4018.318575,5784.238833,7611.506486,7562.750541,7683.148495,7669.946134,9.416639351,7054.747762,6554.493935,7798.194664,6165.676808,4996.043193,1796.103592,D1,N8,t
appliedMASKiso_shg_3mgml_roi1_8bit.ome,22,80.06800263,57.6325,0.904891053,3.706255263,55.796,48.2775,0.92747,3.3995,38,59.07542466,27.20205376,0.077118916,1.154861483,22,5749,20.7993,4498,95,47.3474,26,1.3429,0.0167,0.1636,0.2963,131072,0.486398578,1288.280029,0.397046059,17.74020576,16.87546349,1158.485352,0.68774116,0.483909518,1260.388916,0.396172643,17.4694767,15.27439594,1071.926758,0.698849261,0.184618205,542.7769775,0.137166247,7.219583511,9.045423508,605.9991455,0.134953126,3mgml,shg,roi1,5673.511394,63477.90327,30966.20995,211.1918593,65244.40264,59525.90912,8192.578104,6316.964386,2460.272442,60027.4261,9225.024063,9176.631372,9223.108756,9226.699766,18972.67199,3018.53462,7864.26937,8981.328755,59909.01743,6887.391951,583.57773,4006,65523,31037,11,65526,61766,5929,4219,984,62135.5,7125,7093,7086,7100,18973,122,6042,6711,62090,6003,59,5584.816233,6711.115219,5260.353402,2194.430812,820.4466403,1120.883155,6673.166016,7674.840898,4236.307295,5971.434034,7833.963433,7785.028182,7899.082601,7886.474258,11.51160702,6751.312782,6840.122386,8070.955155,6353.931367,5313.112026,1808.613504,D1,N8,t
appliedMASKiso_shg_3mgml_roi1_8bit.ome,23,79.84268167,56.9266875,0.92535375,3.596208333,65.447,50.129,0.924055,3.60545,48,50.35185309,22.77261679,0.029163641,0.746060038,23,6065,19.6114,4796,102,47.0196,38,1.3617,0.0242,0.1664,0.3048,131072,0.487422556,1300.400269,0.413330913,17.69390678,17.13335419,1184.938599,0.689252615,0.491421878,1269.182983,0.426546663,17.18513489,15.64007378,1143.549683,0.704596162,0.178567395,522.1359863,0.118841447,6.892781734,9.040306091,584.5321655,0.131575122,3mgml,shg,roi1,5754.374676,63586.48334,30904.26221,174.7278846,65274.09764,59460.4094,8331.277917,6402.585254,2468.823978,59999.3605,9314.259437,9260.640786,9333.500031,9333.424373,18972.7139,3192.695958,7861.479767,9105.082384,59856.08644,7014.791765,561.3834172,4050,65523,31033,12,65526,61711,6052,4307,971,62146,7208,7171,7185,7195,18973,130.5,6004,6790,62043,6091.5,59,5605.613584,6539.821802,5207.845261,2124.948953,635.7677525,938.3312565,6659.168529,7638.441105,4191.009669,5958.054818,7859.997172,7810.093813,7921.54551,7909.366271,9.219183304,7155.73646,6833.457962,8104.917137,6343.46653,5394.598315,1614.289659,D1,N8,t
appliedMASKiso_shg_3mgml_roi1_8bit.ome,24,72.0111,62.30716327,0.91833,3.693612245,53.973,60.449,0.93169,3.6233,49,50.33145796,25.95021803,0.05138599,0.772353845,24,6272,18.8981,4992,111,44.973,34,1.3704,0.0211,0.1684,0.2925,131072,0.506037235,1271.94165,0.446232557,16.9780674,17.14776039,1243.542236,0.703960717,0.509102225,1254.618896,0.450499535,16.66429901,15.58430672,1163.713013,0.717443883,0.174047112,498.5001831,0.119691499,6.508989334,9.032347679,620.9888306,0.125414059,3mgml,shg,roi1,5902.600096,63517.46813,30958.87525,183.7838166,65261.17375,59411.04704,8429.979244,6502.062422,2410.06242,59996.26197,9362.993999,9307.747868,9397.202544,9394.835477,18972.75251,3334.348499,7742.672176,9249.299613,59833.3254,7217.927256,554.7193573,4169,65523,31038,13,65525,61606,6156,4370,1013,62063,7327,7287,7305,7317,18973,122,6081,6955,61954,6188,62,5700.860803,6614.336956,5247.76476,2177.774509,673.7042545,988.8512823,6602.901009,7668.484864,3902.771708,5836.400217,7779.586922,7726.982882,7874.143335,7857.050344,8.673731446,7545.733677,6487.705948,8134.760032,6251.049575,5561.617341,1548.769332,D1,N8,t
appliedMASKiso_shg_3mgml_roi1_8bit.ome,25,72.85537905,63.38416667,0.934389762,3.70072381,62.0095,56.4945,0.939175,3.6261,42,49.25066293,27.9468981,0.027934321,0.707673297,25,5822,20.5134,4665,109,42.7982,40,1.3503,0.0213,0.1487,0.2851,131072,0.557565391,1170.238647,0.472490996,15.1719265,15.77459526,1244.619019,0.740866542,0.568098426,1126.976318,0.501367152,14.58490753,13.9929924,1143.420166,0.756924152,0.172102481,498.6705322,0.136183828,6.311683655,8.805826187,704.7221069,0.117308863,3mgml,shg,roi1,5810.722208,63065.35783,31009.65902,178.4488685,65275.65015,59750.0107,8293.877796,6500.183921,2108.29526,60382.69579,8888.993027,8820.112215,8994.051254,8979.440796,18972.89355,2984.479369,7084.059029,8975.07742,60185.23788,7230.574815,483.8738025,4095,65519,31044,13,65525,61776,6069,4361,931,62249,7008,6966,7033,7030,18973,90,5616,6785,62123.5,6134,60,5718.537252,6620.071465,5786.926001,2266.373078,681.7061989,983.1873076,6233.740193,7603.270341,3265.193714,5330.038107,7384.52612,7313.069756,7564.521338,7533.028599,101.8517519,7064.944643,5821.850157,7979.448335,5833.570628,5716.350605,1289.017457,D1,N8,t
appliedMASKiso_shg_3mgml_roi1_8bit.ome,26,87.24199767,64.58223256,0.91921907,3.547890698,79.695,55.985,0.92904,3.6043,43,51.80514451,28.43172912,0.044435849,0.741280197,26,5719,20.9189,4592,104,44.1538,37,1.3444,0.0172,0.1373,0.2295,131072,0.593908846,1077.686646,0.483000308,13.81326866,14.50732327,1170.644165,0.765630126,0.593512058,1046.902222,0.511062384,13.5265131,13.25642967,1087.208374,0.773616672,0.168999851,488.7297058,0.138176575,6.124334812,8.519031525,694.5028076,0.111450322,3mgml,shg,roi1,5702.251701,62478.06464,31010.39251,195.029193,65275.52808,59956.90964,8057.060319,6296.656643,1980.13623,60580.09992,8602.718162,8533.41413,8715.395893,8699.27986,18972.75205,3145.508244,6783.799667,8752.11129,60393.31996,7151.721179,446.654917,4016,65512,31052,13,65526,61890,5947,4281,881,62363,6816,6766,6859,6857,18973,112.5,5384,6608,62239,6023,60,5745.869128,6462.236727,6232.291574,2267.144038,945.3807075,1184.959562,6023.244309,7472.63083,2951.02624,5050.711686,7184.63246,7109.048257,7380.17731,7345.715889,9.109823466,7190.070358,5526.287391,7905.037927,5585.389452,5751.108809,1233.330821,D1,N8,t
appliedMASKiso_shg_3mgml_roi1_8bit.ome,27,85.13622218,56.99663636,0.921106,3.654301818,80.961,48.196,0.92863,3.6711,55,55.09054673,26.28753808,0.045979831,0.81615886,27,5837,20.4555,4783,118,40.5339,40,1.3511,0.0246,0.1669,0.1815,131072,0.515643358,1199.524536,0.459077984,16.22496796,16.91333389,1232.994873,0.71190238,0.512851715,1167.326172,0.488574177,15.89620304,15.80318928,1134.759766,0.720265806,0.170427263,479.8246765,0.136052445,6.232400894,9.198137283,687.0062866,0.119609214,3mgml,shg,roi1,5966.575882,63384.05351,30992.89191,281.8936598,65176.23601,59397.74088,8509.911733,6597.779842,2372.51123,60013.24862,9284.680151,9219.648125,9359.298556,9349.843855,18972.70349,3670.006591,7515.683755,9282.412911,59828.99261,7168.706108,616.7741675,4253,65521,31052,16,65523,61554,6314,4574,1015,62035,7333,7289,7339,7345,18973,132,5965,7031,61901,6248,73,5976.174074,6787.020332,5277.122532,2241.49938,1265.19328,1539.200553,6606.684305,7910.850894,3522.212812,5652.716772,7721.929431,7649.212406,7906.35921,7874.148175,12.69727283,7440.7131,6063.716569,8371.330919,6173.786457,5514.335409,1675.230853,D1,N8,t
appliedMASKiso_shg_3mgml_roi1_8bit.ome,28,85.433178,55.47438,0.911836,3.520342,79.807,50.3085,0.92414,3.47865,50,49.48744624,26.9768209,0.04572462,0.609461729,28,5840,20.444,4903,115,42.6348,35,1.3526,0.0223,0.1696,0.188,131072,0.498890221,1238.282104,0.429455042,16.91539764,16.95542908,1217.8573,0.70058322,0.489885181,1251.531372,0.430262923,17.14547539,15.69860172,1112.251831,0.70359832,0.163501784,470.4480286,0.145001754,6.065891743,8.808684349,679.7925415,0.115361944,3mgml,shg,roi1,5863.81269,63417.33597,30990.83614,287.6018608,65173.25512,59454.55235,8373.416679,6462.879326,2387.114686,60039.08633,9247.305437,9188.964721,9294.716214,9289.957026,18972.68473,3244.234263,7624.520857,9167.748813,59874.39463,7063.337021,642.3774533,4152,65523,31050,13,65525,61634,6174,4441,1010,62064,7284,7249,7267,7280,18973,125,6081,6899,61962,6143.5,66,5923.942718,6708.244566,5302.023081,2201.591846,1153.024737,1489.431854,6715.30698,7892.653281,3710.288535,5773.895982,7794.356827,7725.94948,7963.932949,7934.478055,10.74863483,7000.966886,6231.514143,8373.453273,6280.46582,5456.830583,1893.109558,D1,N8,t
appliedMASKiso_shg_3mgml_roi1_8bit.ome,29,82.51377551,52.70720408,0.93659898,3.682310204,77.661,45.244,0.94027,3.5139,49,45.58275591,20.46310898,0.02462745,0.765799437,29,5495,21.8531,4508,112,40.25,34,1.3333,0.0325,0.1545,0.2117,131072,0.53712517,1170.61853,0.447031111,15.65073299,15.68426037,1178.580322,0.727991343,0.528974056,1150.552734,0.465860963,15.61343288,14.93424034,1115.241455,0.730746031,0.165187374,493.3456726,0.141568542,6.146752357,8.17936039,651.0632324,0.11096707,3mgml,shg,roi1,5765.205783,63029.67954,31012.42846,230.9632956,65234.12701,59691.53577,8235.053349,6399.839449,2189.558502,60286.12881,8960.997968,8896.052418,9036.090629,9026.286842,18972.76596,3412.479886,7246.271231,8968.88509,60112.17354,7081.171368,541.8663241,4139,65520,31049,12,65525,61750,6139,4441,945,62220,7084,7039,7101,7101,18973,124,5732,6840,62101,6170,64,5721.868781,6518.59516,5785.052984,2244.426878,1124.931424,1380.427937,6418.96061,7654.544048,3341.737309,5484.293108,7555.690687,7484.905076,7723.720859,7694.492944,7.865786348,7077.807254,5899.795305,8123.213804,6007.793074,5455.524215,1715.539945,D1,N8,t
appliedMASKiso_shg_3mgml_roi1_8bit.ome,30,78.85684,58.73238,0.9258624,3.541556,68.451,50.217,0.92852,3.5007,50,43.76027261,30.70205911,0.030212313,0.670261496,30,5348,22.5088,4367,101,43.2376,35,1.3247,0.0221,0.1508,0.2944,131072,0.559221268,1151.194458,0.438091248,15.08865738,14.8606329,1127.350464,0.742351651,0.549598336,1129.581787,0.461678147,14.93143654,13.82355118,1054.93335,0.744805694,0.169380724,531.1627197,0.139974952,6.489364624,8.086741447,624.7891846,0.113720044,3mgml,shg,roi1,5778.625953,62819.70137,31062.71285,181.9911204,65273.10158,59714.16016,8250.234202,6430.919352,2128.314675,60331.6944,8957.470217,8892.124781,9035.670031,9025.411987,18972.97884,3096.755793,7210.049055,8982.097796,60145.90457,7175.532928,482.8153783,4263,65521,31065,12,65524,61655,6296,4574,949,62197,7177,7120,7223,7219,18973,127,5732,6973,62030,6320,66,5508.978046,6328.836762,5806.239867,2178.944751,822.6782747,1106.720261,6162.77084,7412.562779,3070.874909,5232.732054,7340.411054,7273.679114,7494.004122,7467.216024,100.7884796,6945.836711,5745.497394,7858.33861,5755.516623,5360.907448,1429.63434,D1,N8,t
appliedMASKiso_shg_3mgml_roi1_8bit.ome,31,78.15676364,53.56876364,0.910383455,3.488656364,71.565,46.349,0.91445,3.3334,55,36.99330687,25.47239112,0.037147881,0.799256696,31,5606,21.3808,4516,98,46.0816,35,1.3387,0.0192,0.1583,0.3203,131072,0.550902128,1147.781738,0.436691076,15.2176218,15.15967941,1130.971924,0.736420453,0.541016817,1136.158081,0.460006893,15.21086884,14.23256874,1038.831665,0.739433885,0.171861708,517.1403198,0.140354723,6.459182739,8.481125832,646.3841553,0.116897143,3mgml,shg,roi1,5968.384012,62959.15363,30975.72076,162.9031585,65277.76827,59476.28465,8530.519674,6630.963534,2238.703595,60129.32056,9265.384463,9198.220827,9347.53808,9336.739008,18972.70448,2998.515632,7449.847139,9283.707732,59922.64484,7370.694912,491.7578857,4457,65522,31062,13,65522,61400,6559,4778,1038.5,61989,7527,7474,7561.5,7561,18973,128,6004,7289,61808,6532,73,5519.400527,6386.477842,5762.060535,2102.362286,590.9244678,915.6960184,6168.826761,7480.039833,3075.22883,5256.052257,7340.295367,7273.30388,7509.390487,7479.813711,9.044612033,6523.333484,5836.30457,7861.593597,5774.728165,5404.023273,1271.74456,D1,N8,t
appliedMASKiso_shg_3mgml_roi1_8bit.ome,32,65.26773542,57.42270833,0.914310625,3.622985417,56.9525,48.4295,0.921395,3.6301,48,35.9841733,31.58125961,0.038774155,0.868861698,32,5564,21.5573,4432,119,37.2437,35,1.3414,0.0187,0.1571,0.3668,131072,0.560092509,1107.480347,0.449753702,14.75554943,14.90403938,1136.094482,0.743483722,0.554267168,1086.879395,0.456205308,14.65944958,13.89680481,1035.093384,0.748104036,0.165813774,489.8631592,0.142977342,6.136842251,8.44509697,686.1181641,0.112035654,3mgml,shg,roi1,6092.228745,63088.98141,31017.071,183.8363708,65258.4514,59409.95132,8652.685038,6739.545826,2270.190199,60086.76389,9333.600224,9263.533263,9433.454314,9419.843019,18972.67168,3067.514779,7431.385246,9417.341602,59864.91122,7525.665445,514.2180743,4558,65522,31074,13,65521,61290,6716,4885,1088,61862,7680,7629,7723,7720,18973,119,6081,7456,61676,6653,77,5657.623295,6473.51655,5609.154969,2155.816747,838.9103738,1098.879341,6190.399699,7525.27318,3188.253246,5287.398071,7338.006088,7269.569445,7515.526433,7484.505613,10.48824364,7000.349364,5792.800468,7933.735024,5798.922117,5605.779282,1400.931814,D1,N8,t
appliedMASKiso_shg_3mgml_roi1_8bit.ome,33,60.78765111,58.10562222,0.928302222,3.793193333,53.973,53.331,0.93258,3.8153,45,38.08075978,26.33567238,0.025043405,0.804767031,33,5431,22.1342,4294,97,44.268,29,1.3313,0.0243,0.1441,0.3954,131072,0.593459368,1064.920532,0.452558011,13.82259369,13.77078724,1114.784912,0.76641953,0.592077255,1036.660889,0.45737645,13.5344944,12.66924858,972.6650391,0.77253443,0.159557983,473.0858765,0.147729173,5.85272789,7.955197811,723.0032349,0.104311228,3mgml,shg,roi1,6101.706487,62722.68771,30973.30923,202.2598582,65257.38332,59609.08188,8576.391345,6748.677488,2097.018989,60328.06918,9077.906434,8998.854038,9212.577647,9192.634732,18972.64843,3265.131416,7101.107839,9303.594662,60081.29097,7646.651846,462.0014836,4480,65520,31070,13,65523,61457,6541,4778,1013,62022,7443,7388,7481,7482,18973,124,5810,7265,61838,6622,71,5770.953576,6586.685508,5923.724606,2155.439652,1203.431574,1308.062908,6015.169809,7529.54603,3006.951904,5049.85615,7155.642413,7077.691214,7365.081054,7328.025173,10.09658492,7273.779196,5574.41031,7902.804624,5592.130291,5872.063145,1247.994207,D1,N8,t
appliedMASKiso_shg_3mgml_roi1_8bit.ome,34,55.80213415,59.92356098,0.933059024,3.710941463,50.194,49.192,0.93726,3.7744,41,37.00781095,30.34071195,0.02747256,0.847463354,34,4995,24.2408,3889,97,40.0928,26,1.3043,0.0102,0.1261,0.415,131072,0.644868255,951.7084961,0.47949475,12.01226044,12.3397665,1068.673218,0.799585104,0.657340825,901.2886963,0.494042575,11.32264137,10.95700455,937.7542725,0.813265264,0.157485306,457.6554871,0.15091598,5.548017025,7.497295856,725.7833252,0.099565133,3mgml,shg,roi1,6137.875557,62374.37588,31079.47665,160.86701,65287.68951,59748.67388,8574.410198,6838.130118,1965.595068,60513.67648,8871.361292,8781.891435,9046.992462,9019.72657,18972.73568,3050.695565,6805.552549,9245.569816,60240.38824,7776.947848,407.9816811,4505,65514,31077,13,65522,61535,6524,4787,972,62125,7255,7195,7343,7331,18973,113,5577,7243,61934,6675,68,5753.059141,6701.690071,6097.512515,2189.600425,744.3228447,969.8971908,5807.42338,7532.524327,2719.934033,4787.211066,6939.219905,6851.203226,7184.895776,7140.986148,11.6786167,6826.57021,5279.697374,7801.319221,5362.458873,6021.864669,1018.957758,D1,N8,t
appliedMASKiso_shg_3mgml_roi1_8bit.ome,35,55.542425,62.0169,0.93419,3.7416375,48.5495,55.0035,0.94109,3.66855,40,32.87711603,29.50821369,0.035069804,0.742888078,35,5228,23.0713,4013,100,40.13,23,1.3241,0.0186,0.1282,0.4337,131072,0.646084309,954.6710815,0.4999035,11.99035168,12.83123779,1108.869141,0.799315631,0.660789311,936.2810059,0.522520542,11.57352829,11.78135109,1054.56543,0.815233529,0.16738981,470.0512695,0.157493919,5.792045593,7.980374813,690.0115967,0.106207401,3mgml,shg,roi1,6390.788703,62399.92603,31041.85453,170.2890639,65261.7922,59454.45583,8974.523182,7154.005911,2081.222798,60281.49059,9203.075327,9106.654847,9411.682711,9379.148662,18973.30491,3121.401283,6931.064879,9637.84882,59962.8038,8007.279701,457.4536245,4789,65517,31080,15,65518,61285,6944,5116,1013,61991,7528,7452,7667,7642,18973,101,5616,7636,61734.5,6992,74,5729.20484,6756.260542,5945.71946,2101.970864,665.9501837,955.5006772,5993.769463,7666.456849,2875.132415,4990.166185,7117.566871,7027.305608,7363.962491,7320.131557,151.3727933,7044.577795,5391.840822,7930.919106,5574.300279,5842.14187,1123.749599,D1,N8,t
appliedMASKiso_shg_3mgml_roi1_8bit.ome,36,61.17825122,63.83663415,0.921726341,3.835104878,54.293,58.926,0.93258,3.7696,41,35.06488003,24.66798652,0.050756353,0.971866906,36,5686,21.0519,4401,100,44.01,27,1.3473,0.0168,0.1466,0.3972,131072,0.60199368,1039.17627,0.472711712,13.44563007,13.91250515,1120.512085,0.770947874,0.6034863,1035.815918,0.497039914,13.28817177,12.844347,1051.806274,0.779930651,0.168635741,458.6534424,0.157708555,5.87151432,7.960233688,642.5873413,0.110359341,3mgml,shg,roi1,6684.237346,62915.56277,31018.147,204.7775355,65207.53696,58929.37317,9393.706032,7415.991983,2417.74195,59758.93704,9878.718999,9789.700591,10042.82174,10018.23408,18972.67568,2996.387656,7619.530253,10182.99974,59441.96008,8180.419094,572.6467466,4994,65523,31079,15,65516,61002.5,7223,5338,1128,61720,7961.5,7886,8076,8061.5,18973,114,6081,8002,61454,7254,81,5898.506619,6905.384753,5599.628466,1984.599082,826.104738,1138.072485,6571.263324,7945.162609,3451.894757,5622.461406,7679.172762,7599.862066,7878.118873,7843.318145,9.057880595,6770.447491,5907.198267,8333.570396,6164.123626,5718.059842,1576.58592,D1,N8,t
appliedMASKiso_shg_3mgml_roi1_8bit.ome,37,66.15763171,62.31880488,0.917761951,3.784802439,57.171,49.279,0.9251,3.6865,41,34.88143429,27.13057253,0.063530469,0.948059587,37,5654,21.1823,4348,118,36.8475,22,1.3485,0.0199,0.1586,0.3833,131072,0.568007529,1119.979736,0.475865662,14.61050415,15.22879982,1193.079712,0.748654604,0.56847167,1121.674072,0.498489588,14.44379044,14.1655426,1140.512695,0.75737083,0.168390006,461.4346313,0.139016673,5.94024992,8.172299385,632.1835938,0.111638866,3mgml,shg,roi1,6855.045398,63021.59908,31039.2317,249.7668078,65157.9681,58667.3635,9691.549962,7626.87547,2523.195324,59538.26472,10171.25675,10078.17023,10349.09425,10322.30274,18972.9381,3212.599569,7789.198786,10479.00779,59190.5095,8226.757091,629.3775791,5009,65525,31100,17,65516,60937,7293,5373,1171,61617,8097,8029,8185,8172,18973,131,6236,8063,61358.5,7253.5,86,6193.480289,7273.446642,5531.565825,2025.902968,942.5988836,1333.912282,6958.461898,8464.655006,3537.527542,5885.122609,8033.504102,7940.247036,8292.158982,8247.232474,96.77292769,7079.518664,5973.514509,8810.874211,6494.029393,5697.88385,1727.811012,D1,N8,t
appliedMASKiso_shg_3mgml_roi1_8bit.ome,38,65.11991017,58.26501695,0.921243559,3.768945763,51.766,50.13,0.92994,3.6432,59,39.99812447,26.37501294,0.044377113,0.74552811,38,5731,20.8709,4502,117,38.4786,36,1.3504,0.0236,0.1664,0.3625,131072,0.557070076,1187.6521,0.498640537,15.19263554,16.7317524,1336.886841,0.739912152,0.561167359,1173.286499,0.528906465,14.80659389,15.01609516,1283.468506,0.752454281,0.178206116,512.1972046,0.134578869,6.456367493,9.675225258,755.9782715,0.121107221,3mgml,shg,roi1,6899.732538,62927.74447,31001.07806,303.07801,65114.17327,58727.49555,9704.566435,7654.993267,2436.903,59642.30759,10032.66039,9933.520021,10249.09167,10215.85614,18972.97583,3113.029271,7525.870987,10462.14343,59276.51468,8219.814539,639.2822122,4794,65525,31094,20,65519,61186,7031,5196,1091,61815,7778,7725,7867,7854,18973,137,6004,7724,61587,7060,81,6516.5875,7559.075425,5712.485343,1921.994811,1108.263445,1480.988228,7030.214744,8746.99672,3356.864914,5821.50232,8113.032888,8004.524259,8425.118215,8370.871136,96.56052021,6796.045763,5871.840634,9103.162459,6501.321934,5931.109147,1570.486725,D1,N8,t
appliedMASKiso_shg_3mgml_roi1_8bit.ome,39,69.44063148,59.73240741,0.927661852,3.825118519,57.0225,52.3685,0.933635,3.72715,54,43.88896384,26.7543837,0.035922033,0.704017592,39,5856,20.3827,4592,131,35.0534,31,1.3555,0.0241,0.1779,0.3428,131072,0.537188947,1264.133179,0.513056397,16.02843857,18.04875755,1449.798462,0.72588563,0.53172648,1252.488525,0.535140395,15.91614628,16.81054306,1405.872803,0.733033657,0.180604145,540.7764282,0.129348695,6.739461899,10.05558777,782.7240601,0.125463232,3mgml,shg,roi1,6964.473821,62980.42419,30966.79575,372.9305148,65058.23053,58760.95296,9763.176128,7781.85362,2429.96903,59686.45409,9952.040845,9845.062214,10194.21366,10156.29811,18972.98224,3147.072629,7391.830796,10476.73623,59305.49744,8261.665837,692.2135708,4713,65526,31091,21,65521,61381,6891,5151,1030,61975,7558,7500,7641,7625,18973,115,5810,7535,61760,7035.5,77,6792.408269,7926.333298,5778.864681,1973.678356,1343.853226,1670.762252,7160.744885,9024.822113,3411.768145,5906.909119,8236.122262,8119.620809,8577.6338,8518.08088,96.53117154,6974.959203,5866.877612,9352.938691,6611.790748,6227.315021,1678.284154,D1,N8,t
appliedMASKiso_shg_3mgml_roi1_8bit.ome,40,65.96903065,58.59122581,0.909938871,3.802379032,54.952,50.0145,0.919305,3.67815,62,43.10178332,26.75443082,0.043812496,0.827980647,40,5818,20.5289,4592,141,32.5674,39,1.3527,0.0211,0.1781,0.3265,131072,0.541428566,1290.731689,0.52543509,16.04442215,18.08289146,1499.235229,0.730142772,0.523974001,1317.132568,0.540052593,16.50400352,17.79843521,1487.414673,0.727608562,0.172305956,524.7270508,0.123420447,6.434889317,9.232893944,758.3999023,0.117344305,3mgml,shg,roi1,6795.298798,62744.68626,30965.31217,347.0114398,65093.68225,59077.77851,9413.711901,7499.603618,2279.609413,59972.79665,9539.527,9435.553296,9789.95189,9750.792275,18972.95248,3448.469786,6976.846694,10136.95766,59616.76155,8156.99751,660.8705532,4471,65524,31072,22,65524,61781,6454,4840,887,62327,7041,6982.5,7128,7114.5,18973,127.5,5384,7074,62145,6796,67,6805.666726,7767.993053,6106.757813,2022.584093,1085.864414,1449.465778,7062.304752,8913.612106,3282.650655,5789.428709,8164.663392,8049.736626,8510.586071,8451.044909,96.6377152,7553.277216,5706.0426,9318.124174,6505.422901,6424.196201,1595.695739,D1,N8,t
appliedMASKiso_shg_3mgml_roi1_8bit.ome,41,67.43658923,58.67270769,0.916718769,3.741523077,54.638,48.807,0.92729,3.6809,65,48.26527731,27.74129844,0.048158981,0.812018084,41,6098,19.4944,4826,141,34.227,40,1.3674,0.019,0.1976,0.2969,131072,0.508180141,1417.806885,0.531106532,17.45942497,19.62908936,1617.03418,0.708522439,0.492631286,1413.827271,0.54390645,17.6089325,19.06461334,1591.782227,0.706569314,0.160104379,522.821228,0.102456599,6.217311859,8.873413086,729.534668,0.110430732,3mgml,shg,roi1,6863.960719,63167.82065,30959.90724,425.1752872,65028.85058,59012.7771,9510.097216,7604.418946,2328.006993,59912.98032,9588.698829,9481.002384,9850.376126,9809.221617,18972.95094,3211.606637,6948.174268,10225.55448,59546.26298,8152.692663,749.8174485,4498,65525,31068,24,65524,61769,6489,4840,890,62323,7079,7021,7169,7161,18973,99,5384,7130,62141,6852,74,6906.609009,7984.677414,5820.228097,2112.517845,1632.3738,1853.700941,7254.616603,9134.82446,3419.460007,5958.146115,8340.770688,8221.08114,8699.769676,8638.022067,97.23131476,7400.928109,5724.265181,9513.933826,6697.111754,6401.090363,1917.055726,D1,N8,t
appliedMASKiso_shg_3mgml_roi1_8bit.ome,42,68.99633016,62.35333333,0.923690794,3.686060317,53.82,51.048,0.93002,3.754,63,52.30486705,34.29653365,0.033359706,0.675091464,42,6466,18.2711,5112,176,29.0455,40,1.3799,0.0236,0.2172,0.2771,131072,0.471069396,1576.318848,0.513379037,19.20703697,21.5895443,1720.046509,0.681568742,0.462349117,1562.758057,0.522344708,19.09039307,20.3230629,1634.024902,0.684839725,0.153579876,522.6964111,0.096413128,6.155506611,9.704177856,731.4172974,0.111805834,3mgml,shg,roi1,6890.342561,63503.76727,30890.98431,593.6173298,64905.11511,58930.69231,9567.721888,7611.38795,2412.021042,59807.55503,9643.202066,9535.248187,9912.041223,9869.839516,18972.77403,3202.999579,6962.384128,10285.93626,59446.80962,8046.361954,875.4150176,4522,65525,31043,27,65523,61736,6541,4858,922,62286,7125,7061,7218,7210,18973,110,5423,7168,62100,6894,80,6969.853814,8012.233259,5640.639874,2131.403144,2620.177865,2605.854505,7419.479277,9267.740435,3508.864556,6101.244258,8447.538154,8321.887657,8829.397698,8764.036324,108.685099,7064.926961,5701.129662,9654.162116,6860.858953,6167.50554,2379.748152,D1,N8,t
appliedMASKiso_shg_3mgml_roi1_8bit.ome,43,75.3105587,56.79090217,0.909485543,3.617865217,63.897,51.582,0.925395,3.4999,92,53.814139,22.71762932,0.05367213,0.767515969,43,7379,15.763,5984,234,25.5726,45,1.4212,0.0242,0.2568,0.2432,131072,0.391590267,1867.673462,0.494012743,22.74399567,26.36592484,1917.623169,0.617541194,0.372106433,1899.834473,0.490151227,23.35623741,25.50645447,1919.706421,0.615978181,0.161750451,553.7591553,0.074790612,6.716074467,11.78944969,700.9464111,0.130365282,3mgml,shg,roi1,7336.549344,63695.26031,30876.6855,941.4198582,64554.40353,58284.99219,10163.34889,8009.606688,2793.136202,59222.72717,10348.87197,10239.71823,10617.97375,10576.24663,18972.83744,3274.587117,7360.339277,10999.46781,58829.08921,8197.685733,1225.196892,5239,65525,31035,31,65508,60908,7433,5498,1230,61581,8089,8023,8199,8190,18973,100,6004,8234,61316,7414,127,6995.581169,8081.852202,5517.527897,2115.342648,4133.075505,4098.697974,7754.649019,9396.715098,3934.071864,6471.623198,8579.093537,8453.216571,8968.980199,8902.444457,108.1057282,7163.260277,5695.077037,9782.702006,7213.78837,5617.176222,3507.297961,D1,N8,t
appliedMASKiso_shg_3mgml_roi1_8bit.ome,44,77.81273298,54.96020213,0.911256915,3.638615957,68.0595,47.92,0.92267,3.52425,94,56.43610052,26.04252351,0.04357989,0.785291531,44,7318,15.911,5969,208,28.6971,40,1.4185,0.0341,0.2467,0.2005,131072,0.392110586,1753.370239,0.487206578,22.09786415,25.94313431,1781.26355,0.614688575,0.374999136,1775.385986,0.489228159,22.42575645,24.42521667,1752.571777,0.618280411,0.174596503,543.5718384,0.077611551,6.982914448,12.95512104,676.8345947,0.145282969,3mgml,shg,roi1,6801.363821,63513.40723,30874.7583,905.0652464,64608.02734,58581.42345,9596.915439,7463.418262,2873.369664,59346.26051,9977.866366,9886.201243,10192.49201,10160.29672,18972.92696,3088.326197,7376.296572,10385.09131,59049.51904,7579.581282,1279.743886,5033,65522,31020,28,65510,61000,7188,5231,1211,61642,7868,7801,8006,7988,18973,94,5849,7984,61397,6894,131,6448.216143,7439.121796,5690.613996,2176.818084,4148.58072,4072.916823,7475.703604,8816.049635,4201.031894,6367.924518,8304.977376,8197.82146,8620.769397,8567.10034,96.49140839,6990.232826,5797.256273,9219.97256,7012.455978,5162.497773,3854.467175,D1,N8,t
appliedMASKiso_shg_3mgml_roi1_8bit.ome,45,78.2556375,48.294,0.900249091,3.678685227,68.473,41.5705,0.920345,3.5374,88,55.34070188,18.90676136,0.064056785,0.892545095,45,7428,15.6458,6145,201,30.5721,49,1.4239,0.0289,0.2367,0.1767,131072,0.361179322,1502.090942,0.410770476,21.49621201,23.33806992,1314.37561,0.588087976,0.34093672,1528.036133,0.412228286,21.92501068,21.96622086,1312.244263,0.590516031,0.172428563,431.4784851,0.077828087,6.395677567,11.47956562,456.9900818,0.149648532,3mgml,shg,roi1,5728.805557,63271.47265,30875.52871,539.9065102,64931.26545,58869.78192,8343.119353,6134.664651,3457.14594,59134.588,9751.332378,9721.450117,9702.229326,9715.126396,18972.9866,2980.925861,8459.258165,9300.478298,59116.54362,6410.972972,1291.363791,4214,65518,30998,20,65517,61156,6226,4325,1442,61368,7718,7706,7606.5,7633,18973,95,6817,7112,61387,5650,126,5372.379321,6096.940231,5921.61416,2247.63269,2542.409437,2710.232497,7133.379453,7646.081821,5251.308085,6481.094801,8091.594784,8040.331217,8180.561337,8166.636522,96.36825045,6710.213457,6701.534513,8201.909325,6882.495655,4458.780293,3999.991299,D1,N8,t
appliedMASKiso_shg_3mgml_roi2_8bit.ome,1,92.52659286,46.34088095,0.908361905,3.354933333,96.8645,39.8155,0.91321,3.2272,42,40.21137374,16.29124814,0.038211296,0.809751792,1,4740,25.6525,4001,89,44.9551,23,1.2941,0.0194,0.0934,0.1701,131072,0.502445281,725.6885986,0.351403773,13.11566067,12.25903416,606.0932007,0.69977963,0.5071913,718.6428223,0.356095612,12.86053276,10.8346138,562.9974365,0.716069579,0.185252324,282.747467,0.123430863,5.154118538,7.400160313,313.7516174,0.1380959,3mgml,shg,roi2,4016.714282,59986.65372,28962.37282,214.0126362,65383.95634,62409.77937,4538.366502,3360.801882,1300.893139,62379.63293,5132.560484,5148.668011,5127.474394,5130.247722,42126.97683,2799.524495,4508.223865,4641.092349,62423.98469,6465.14201,430.8504016,2408,65356,28617,9,65534,64141.5,2863,2022,334,64124,3312,3328,3297,3298,42130,92,2897,2898,64171,5419,32,4817.264973,4071.192354,9401.502998,3373.956369,1064.98471,897.7799912,4479.233631,5125.166009,2621.9001,4355.486993,5640.694957,5652.144337,5654.263528,5652.797976,115.5505759,6968.406301,4974.812896,5287.990325,4464.031659,5517.962286,1454.686596,D1,N8,t
appliedMASKiso_shg_3mgml_roi2_8bit.ome,2,84.50520556,45.46705556,0.902127222,3.544913889,95.442,41.9615,0.926135,3.25105,36,42.2339769,16.42625942,0.088593318,0.882100978,2,4467,27.3425,3749,103,36.3981,29,1.2761,0.0258,0.0892,0.1738,131072,0.539183021,675.8856201,0.384207785,12.07848549,11.5824194,600.3007813,0.725594401,0.540257573,662.4398804,0.384646982,11.79271412,10.14021015,542.0066528,0.739154279,0.188762009,291.3471985,0.125073209,5.256142616,7.430963516,336.5897217,0.137152672,3mgml,shg,roi2,4198.057726,59895.674,28989.29157,220.3291337,65382.94608,62343.78506,4691.854096,3501.626185,1311.521419,62336.74747,5246.155891,5260.592453,5252.696785,5253.487101,42128.33884,2390.521818,4624.157183,4798.450158,62365.2063,6781.393164,422.6876213,2423,65370,28648,9,65534,64191,2904,2061,321,64179,3294,3305,3295,3296,42130,76,2897,2907,64220,5530,31,5166.254222,4359.486244,9606.135109,3320.089927,1207.01293,950.5931844,4710.888159,5410.342895,2713.595659,4565.762914,5908.205538,5920.088405,5929.184609,5926.498843,105.295661,6059.564759,5245.070081,5593.103512,4685.302981,5997.205808,1442.422886,D1,N8,t
appliedMASKiso_shg_3mgml_roi2_8bit.ome,3,85.20334091,51.24684091,0.909690909,3.64605,88.6985,46.774,0.917965,3.5302,44,38.06999111,18.79908584,0.041932025,0.747711034,3,5061,23.8986,4219,121,34.8678,23,1.3107,0.0168,0.1056,0.165,131072,0.479286224,739.5587158,0.383414596,13.5268774,13.12217236,641.6533203,0.683895051,0.479115427,729.6722412,0.385626227,13.30140209,11.97351456,613.6459961,0.69761306,0.183277354,277.1299133,0.121596873,5.122939587,7.213542461,298.5186462,0.136640012,3mgml,shg,roi2,4845.968229,60932.52474,28824.57921,258.1581957,65324.54211,61634.29739,5449.115462,4049.061618,1696.699628,61638.83224,6131.384324,6149.193612,6133.189429,6135.123458,42126.46147,2252.878921,5345.546505,5573.998987,61653.20973,7317.700598,591.1314101,2816,65469,28641,15,65534,63827,3388,2411,405,63853,3882,3896,3871,3875,42129,91,3353,3399,63868,6244,45,5669.842993,4688.542102,8762.703153,3095.025735,1129.799493,1023.818602,5433.25273,5975.36865,3263.322634,5328.845696,6662.735969,6678.207151,6665.738947,6666.361129,127.1172224,5809.970062,5908.922711,6234.302857,5432.588257,6033.427227,1734.851281,D1,N8,t
appliedMASKiso_shg_3mgml_roi2_8bit.ome,4,84.85370769,54.77694872,0.913603077,3.751651282,89.363,46.672,0.92518,3.6946,39,38.40514232,23.2622628,0.041229275,0.671015989,4,5019,24.1154,4220,113,37.3451,35,1.3085,0.0199,0.103,0.1927,131072,0.49806264,701.0184937,0.390601784,12.83069229,12.46719074,610.3325806,0.698784947,0.486398458,698.6774902,0.411375195,12.74013042,11.89059162,611.5335083,0.703184545,0.182184845,270.4882813,0.113483362,4.986614227,6.518389702,271.8475647,0.130483389,3mgml,shg,roi2,5004.283618,61228.71098,28793.88639,189.2976783,65354.55451,61455.63953,5604.891865,4136.733907,1769.10463,61453.02226,6394.244952,6414.333761,6384.883641,6388.813215,42126.62947,2562.617421,5605.725064,5786.283896,61467.08437,7548.288978,568.826543,2925,65485,28648,16,65534,63776,3468,2476,415,63812,3991,4008,3975,3981,42130,108,3483,3505,63823.5,6507,48,5659.135869,4588.275756,8451.957954,3024.223887,602.0716648,716.3544061,5535.374385,5993.674944,3282.781249,5467.545095,6828.170817,6846.61994,6808.771262,6813.367119,119.3603839,6217.008469,6093.338705,6320.338793,5562.905265,5996.58783,1550.105436,D1,N8,t
appliedMASKiso_shg_3mgml_roi2_8bit.ome,5,87.12139474,55.18705263,0.902216579,3.419523684,86.322,45.2295,0.91076,3.49815,38,36.55614934,24.76473606,0.050815255,0.620142759,5,4777,25.4383,4063,113,35.9558,27,1.2937,0.0114,0.0951,0.223,131072,0.516004503,684.1773071,0.380277723,12.43755817,11.77884769,586.1405029,0.712161958,0.498287231,682.6271973,0.40207234,12.48779583,11.51931,588.8410645,0.711228967,0.179922804,277.9926758,0.116186619,5.007009506,6.161347866,274.6085815,0.125207782,3mgml,shg,roi2,5039.941962,61302.98228,28775.24941,169.9481944,65369.92362,61422.69898,5672.151614,4179.69811,1727.137148,61429.79385,6455.032879,6475.754682,6451.734013,6454.807528,42127.60776,2772.801201,5630.413917,5838.125336,61436.23884,7709.028842,519.7364529,3056,65489,28663,14,65533,63671.5,3609,2580,435,63735,4145,4162,4134,4138,42130,103,3614,3655,63731,6765,43,5627.61464,4595.509028,8281.052344,2935.277273,578.199274,692.6606227,5515.596831,6022.838951,3205.187589,5446.627353,6795.667372,6813.577693,6795.275499,6796.920468,132.5671964,6770.263652,6009.705739,6298.955996,5550.367454,5986.530506,1495.474152,D1,N8,t
appliedMASKiso_shg_3mgml_roi2_8bit.ome,6,78.81656591,54.90686364,0.897428864,3.389652273,80.567,45.772,0.92166,3.2934,44,33.11720367,24.63234958,0.093192262,0.694695509,6,4946,24.5008,4195,96,43.6979,36,1.3039,0.019,0.1073,0.1959,131072,0.440595031,805.4796753,0.333773702,14.83526421,13.5631361,630.4938354,0.65613848,0.424494207,796.0549927,0.336002231,14.75381756,13.05802536,627.1990356,0.657783031,0.173305631,279.9629211,0.105303869,5.120357513,6.43443203,256.4455261,0.130606443,3mgml,shg,roi2,5489.781165,62446.0753,28694.96583,236.5743143,65310.55141,60886.79388,6244.383358,4586.769614,1998.283544,60892.04026,7130.297424,7153.848844,7125.320042,7129.004176,42126.94539,2370.237188,6130.947025,6404.753858,60887.50176,8115.612256,645.898446,3472,65510,28676,14,65533,63249,4154,2956,540,63334,4761,4779,4764,4766,42130,96,4069,4185,63306,7484,52,5953.636266,4874.075734,6948.096058,2856.017787,993.0680776,1049.055808,6016.043561,6397.567156,3715.298855,5982.775708,7240.500692,7258.775798,7234.707054,7237.186115,132.2325499,5969.341477,6365.865783,6686.438747,6074.638803,5887.530718,2036.735488,D1,N8,t
appliedMASKiso_shg_3mgml_roi2_8bit.ome,7,95.07765476,54.73930952,0.907032143,3.436109524,91.249,47.006,0.91288,3.39045,42,41.54017697,28.5575167,0.05713902,0.695832591,7,5051,23.9499,4267,101,42.2475,34,1.3097,0.0199,0.112,0.1913,131072,0.411662936,861.5951538,0.315182745,15.88863945,14.39310551,658.1229248,0.63246429,0.394014388,866.8406372,0.312198311,16.06378174,13.53632927,635.4869385,0.633621335,0.173567146,288.6401062,0.114614308,5.290473461,6.772771835,268.9769287,0.1360313,3mgml,shg,roi2,5792.750182,62988.85808,28678.67407,277.6575555,65276.80458,60586.33808,6533.296417,4793.225354,2121.252609,60608.14177,7518.454326,7544.560668,7506.16719,7511.291431,42127.66196,2343.149967,6444.385477,6748.625001,60601.12525,8454.843937,685.2825561,3705,65517,28676,15,65532,62988,4376,3098,599,63084,5140,5163,5128,5131,42130,86.5,4330,4487,63052,7861,54,6185.158825,5052.31947,6200.436768,2792.66637,1373.212296,1328.366341,6273.617965,6587.211185,4014.694606,6247.10622,7458.868139,7478.932228,7447.255791,7450.671289,90.37334147,5848.280994,6583.61898,6906.594047,6323.476122,5951.046624,2348.540725,D1,N8,t
appliedMASKiso_shg_3mgml_roi2_8bit.ome,8,91.27049167,50.78202778,0.899290556,3.413283333,92.169,40.9315,0.91419,3.41265,36,42.45471213,27.65810448,0.052564023,0.67730662,8,4821,25.1879,4093,96,42.6354,25,1.3026,0.0188,0.101,0.1693,131072,0.444939375,819.3690796,0.327558279,14.96037388,13.52737808,649.2922363,0.658075929,0.440954596,807.586853,0.32606709,14.82967091,12.2012682,602.8156128,0.668579817,0.176859528,291.5288391,0.12960124,5.302675724,6.779443264,298.9564514,0.13570188,3mgml,shg,roi2,5895.329848,63056.75275,28610.60326,286.4588676,65275.36387,60578.85863,6610.496573,4889.606548,2064.287481,60638.2571,7552.946072,7576.497333,7551.186171,7554.37877,42126.73087,2632.786506,6455.989193,6824.003852,60613.11946,8683.275584,647.1339684,3792,65516,28660,13,65532,62933,4477,3189,597,63045,5209,5226,5197,5202,42129,107,4362,4573,63005,8046,50,6286.740814,5147.602518,5975.025589,2668.866584,1668.380386,1484.167543,6283.360725,6624.998568,3967.320273,6230.253716,7446.702317,7464.554362,7440.486661,7442.708425,94.85046391,6065.454995,6573.636487,6947.239951,6312.515431,6095.396936,2355.711399,D1,N8,t
appliedMASKiso_shg_3mgml_roi2_8bit.ome,9,98.36410968,56.18877419,0.92026,3.558767742,98.427,54.363,0.92482,3.6549,31,44.14860822,27.77400057,0.030683791,0.733930213,9,4683,25.9891,3946,93,42.4301,26,1.2951,0.0202,0.0913,0.137,131072,0.49956426,742.5343628,0.365142971,13.34050655,12.47878742,637.632019,0.697991192,0.513425231,709.4257813,0.371070802,12.70077896,10.5980072,548.7567749,0.720612586,0.183260649,296.8915405,0.138409615,5.322075367,7.093016624,329.5278931,0.135571107,3mgml,shg,roi2,6003.07746,62717.2685,28624.3232,297.1410227,65264.18737,60569.40823,6649.900934,4943.134028,2040.548665,60661.31351,7551.12214,7571.455809,7558.257738,7559.681219,42126.77158,2561.880914,6458.733083,6886.700142,60620.92767,8831.804879,627.7094266,3889,65509,28659,13,65531,62848,4537,3241,622,62980,5276,5292,5276,5282,42130,103,4395,4662,62932,8141,50,6412.370242,5221.555729,6342.278131,2578.362343,1806.922055,1568.515879,6265.588108,6686.787989,3891.308769,6163.055359,7400.388145,7412.639245,7415.97139,7414.156702,90.33261953,6116.619994,6549.023139,7003.446838,6270.949256,6208.330598,2287.233381,D1,N8,t
appliedMASKiso_shg_3mgml_roi2_8bit.ome,10,99.66336061,53.14227273,0.91000303,3.701439394,95.356,50.859,0.92361,3.6015,33,47.65390883,16.47873313,0.060581177,0.740725873,10,4532,26.9217,3811,113,33.7257,16,1.2899,0.0253,0.0909,0.1435,131072,0.518123865,723.7685547,0.386208922,12.84043884,12.52574158,643.7177734,0.709077895,0.543554127,676.7103882,0.39894557,11.89720154,10.5248251,594.1518555,0.741132796,0.196137771,313.5936279,0.136239782,5.627548695,7.87835741,340.1300049,0.145769224,3mgml,shg,roi2,6126.890103,62291.8894,28642.34413,343.634393,65224.06792,60467.94641,6775.57437,5055.499232,2117.818298,60573.84689,7634.530647,7653.565015,7652.231047,7651.867346,42126.99411,2947.53522,6558.370172,7002.214708,60526.54968,8842.8017,679.8965501,3957,65503,28633,14,65530,62774,4618,3306,656,62900,5360,5378,5364,5368,42130,107,4493,4742,62847,8210,55,6586.445882,5383.010824,6754.454769,2537.365948,2009.727288,1692.952247,6397.430892,6852.737225,3945.699179,6258.735053,7496.50708,7504.777986,7528.442152,7523.610298,93.24758006,6901.041385,6620.267176,7157.600056,6386.532642,6114.620803,2266.144768,D1,N8,t
appliedMASKiso_shg_3mgml_roi2_8bit.ome,11,94.7168,58.23092105,0.917961316,3.335923684,95.9025,52.234,0.92564,3.1531,38,46.22365385,22.55329086,0.035742901,0.660906125,11,4563,26.7252,3960,122,32.459,32,1.289,0.0243,0.0935,0.1424,131072,0.526088059,703.0679932,0.401994377,12.45466328,12.48117828,641.7307129,0.715527117,0.547278345,663.9140625,0.41352573,11.68632412,10.39958,604.6534424,0.743849695,0.195364833,298.7827759,0.129522055,5.412895203,7.919746876,339.2703247,0.143327594,3mgml,shg,roi2,6204.815539,62309.51279,28627.76976,313.5574332,65223.55357,60388.73496,6823.235268,5113.091671,2210.157016,60478.26135,7764.300192,7783.618614,7760.319034,7763.331146,42126.82173,2589.999658,6785.202017,7098.906411,60436.55151,8884.668195,703.9600163,4091,65507,28648,13,65530,62698,4719,3397,690,62819,5519,5538,5500,5506,42130,98,4688,4880,62772,8396,54,6566.179492,5431.377702,6786.572956,2521.918966,1121.363422,1256.917954,6396.938999,6815.455599,4040.958507,6276.922435,7519.860599,7527.444613,7528.591731,7527.320346,112.7189311,6080.637716,6793.695035,7154.487325,6397.84413,5996.770427,2101.554364,D1,N8,t
appliedMASKiso_shg_3mgml_roi2_8bit.ome,12,97.72582308,57.25376923,0.911915769,3.411432692,99.4035,43.4595,0.91651,3.2444,52,45.25461549,30.56688156,0.030050597,0.611377218,12,5318,22.647,4611,102,45.2059,29,1.3301,0.0318,0.1099,0.1573,131072,0.462540925,778.0031128,0.391910076,14.09984779,13.84799671,680.578064,0.672802389,0.469240904,765.4509888,0.389896929,13.6916523,12.59154701,664.4975586,0.690454781,0.173114851,262.7529297,0.118538499,4.867221832,7.081723213,291.7096252,0.130644679,3mgml,shg,roi2,6560.258389,63100.2146,28660.09893,352.0455423,65184.66142,59954.74268,7275.230029,5389.139569,2432.929544,60037.1647,8325.87004,8350.064,8319.921831,8323.836041,42126.64607,2751.230585,7218.95609,7561.177064,59993.61887,9207.538721,794.314514,4463,65520,28683,15,65528,62352,5162,3721,797,62489,6039,6058,6011,6020,42129,117,5079,5323,62427,8995,69,6655.837508,5386.743516,6127.938916,2468.412226,1606.12317,1587.98451,6662.588147,6952.527953,4270.687307,6577.258434,7794.183482,7808.006114,7791.762192,7793.017849,105.7003192,6497.81179,6974.315956,7332.229781,6676.834762,5936.47615,2521.374685,D1,N8,t
appliedMASKiso_shg_3mgml_roi2_8bit.ome,13,98.94782326,55.59606977,0.912197674,3.401411628,95.44,45.474,0.91395,3.3258,43,39.24734295,27.83943484,0.033501508,0.802238423,13,4995,24.2408,4313,114,37.8333,37,1.3125,0.0276,0.1019,0.1822,131072,0.483428776,742.9204712,0.399425596,13.41725254,13.34624481,667.6726074,0.688654184,0.483023852,732.067627,0.410213292,13.14161968,12.06346893,639.2763672,0.700578749,0.176279411,259.874054,0.123243831,4.78477335,7.031466961,307.1946716,0.128128439,3mgml,shg,roi2,6319.826633,62760.04856,28578.5524,284.6196136,65236.79112,60198.21841,7009.301926,5191.047664,2276.473959,60278.3705,8017.179516,8040.708584,8011.647936,8015.41902,42127.6313,2398.934982,6951.048864,7282.98886,60240.32643,8987.425666,709.2114947,4182,65515,28666,14,65530,62576,4840,3461,732,62695.5,5707,5732,5682,5691,42130,89,4851,5017,62648,8570,59,6503.01113,5318.975856,6411.732536,2478.483926,1116.187309,1240.419754,6461.638947,6844.936808,3951.869476,6345.960272,7607.296693,7619.103935,7620.43206,7619.107786,77.13331558,6042.920423,6729.559206,7166.651346,6460.689668,5916.530242,2110.703389,D1,N8,t
appliedMASKiso_shg_3mgml_roi2_8bit.ome,14,103.3512156,55.118125,0.919510625,3.59165625,104.23,45.394,0.920895,3.4094,32,48.64628915,24.14351532,0.028482214,0.819197163,14,4881,24.8537,4136,107,38.6542,30,1.3072,0.0246,0.0983,0.1691,131072,0.476078421,767.2852173,0.367774844,13.86024475,13.61441803,662.4355469,0.6797961,0.484098315,733.5269165,0.361389816,13.26213551,11.49730492,593.9659424,0.700682998,0.192344964,292.8883362,0.133198768,5.355303288,8.132613182,339.7651367,0.144165829,3mgml,shg,roi2,6218.604964,62752.36324,28574.28564,305.4856371,65231.07994,60295.40331,6923.347686,5123.18312,2204.349888,60385.10715,7889.449575,7912.916004,7891.878503,7894.414893,42127.31844,2500.41906,6769.257742,7167.706121,60348.83857,8878.869547,705.1051396,4098,65513,28650,13,65530,62655,4779,3384,689,62773,5588,5615,5579,5581,42129,106,4721,4918,62727,8422,56,6489.431981,5294.99418,6425.825115,2574.886847,1131.672728,1250.46918,6433.945065,6802.755115,3905.214608,6296.752487,7562.190859,7574.998171,7574.39562,7573.310469,82.62423034,6087.902435,6597.435294,7129.91017,6406.345886,5904.376474,2084.986771,D1,N8,t
appliedMASKiso_shg_3mgml_roi2_8bit.ome,15,91.384098,52.69896667,0.904001333,3.702826667,92.817,44.9155,0.913065,3.5452,30,41.52358799,19.03965459,0.041912206,0.994128611,15,4784,25.3982,4035,119,33.9076,28,1.3018,0.0196,0.0949,0.1566,131072,0.487778842,748.4909668,0.357886106,13.54633522,13.1235981,634.6723633,0.68737042,0.508212984,712.5097656,0.359702349,12.81382179,10.5837822,557.9863281,0.716872692,0.196783409,300.728302,0.13553153,5.490755558,8.153903961,331.5785217,0.147677824,3mgml,shg,roi2,6130.314268,62733.5962,28542.11657,277.2226378,65254.55978,60411.9669,6836.381621,5079.654243,2135.655158,60507.43076,7748.399379,7769.829801,7758.857533,7759.907722,42127.69133,2899.570227,6665.536021,7056.590197,60466.08748,8855.678619,678.7979737,4057,65512,28637,12,65531,62720,4719,3358,671,62831,5527,5550,5508,5513,42129,106,4688,4863,62789,8392,54,6416.204076,5283.091704,6472.74406,2555.091903,960.7474694,1109.312282,6349.497718,6789.503749,3769.697122,6198.507001,7480.597678,7492.844168,7509.956032,7506.154327,93.0743344,6731.686123,6512.491692,7062.091604,6317.431142,5966.980313,1966.800441,D1,N8,t
appliedMASKiso_shg_3mgml_roi2_8bit.ome,16,99.16138364,57.54041818,0.910504727,3.633134545,98.499,46.258,0.91303,3.484,55,42.87668726,27.47229945,0.042956894,0.854495453,16,5857,20.3789,4927,118,41.7542,49,1.3545,0.0195,0.1397,0.1709,131072,0.317492783,984.5950317,0.300887287,18.61434937,17.93457031,734.2685547,0.551855445,0.319119215,988.8521729,0.301867366,18.42751694,15.89183521,703.6278076,0.571717739,0.156429604,237.7834625,0.115909621,4.668331146,8.286130905,242.7002563,0.143487781,3mgml,shg,roi2,7225.674692,63955.84449,28417.35667,484.010956,65024.7212,58992.12166,8177.772495,5989.88542,3024.156062,59027.6854,9423.026193,9456.658868,9414.210451,9419.733427,42126.84058,2419.101832,7922.932012,8440.255914,59003.62187,9456.539702,1169.321865,5092,65526,28680,18,65523,61533,6009,4239,1086,61665,7107,7136,7089,7094,42129,102,5860,6181,61591,9496.5,107,7079.049429,5827.366996,4935.327804,2154.230609,1709.026995,1850.99084,7458.589867,7593.764926,4900.696697,7413.896984,8474.853283,8494.022685,8493.706476,8492.363332,87.93093072,6139.968903,7205.76564,7893.211387,7483.044894,5656.238442,3111.18819,D1,N8,t
appliedMASKiso_shg_3mgml_roi2_8bit.ome,17,90.29388511,51.87810638,0.91056766,3.666031915,90.855,46.133,0.91412,3.656,47,38.9109712,19.44654668,0.039813299,0.847898812,17,5077,23.817,4268,110,38.8,28,1.3237,0.0204,0.11,0.1777,131072,0.428103656,818.1444092,0.331795812,15.16477299,14.1518898,651.4708862,0.645342529,0.440902889,795.8102417,0.345292509,14.63874245,12.26054096,600.7874756,0.668877602,0.172942802,262.5511475,0.125263184,4.933483124,7.330996513,280.3660583,0.136166453,3mgml,shg,roi2,6509.933155,63114.65536,28579.37756,347.4838497,65195.37544,60008.11939,7237.176124,5373.342753,2388.075493,60094.78684,8257.817702,8281.261084,8256.665422,8259.746079,42127.22382,2353.985544,7117.078495,7498.28311,60053.55138,9155.263684,793.5876326,4346,65520,28675,14,65529,62445,5061,3604,769,62582,5944,5967,5926,5931,42129,103,5046,5224,62523,8830,69,6719.427089,5545.595129,6266.307514,2561.49767,1543.609728,1480.711407,6678.503264,7104.935086,4065.383191,6553.470219,7838.049854,7850.579961,7864.04854,7860.743121,80.3369605,5966.827183,6819.896971,7387.376076,6667.617167,6093.390568,2250.643227,D1,N8,t
appliedMASKiso_shg_3mgml_roi2_8bit.ome,18,94.2092,53.53075,0.921945625,3.682634375,92.9685,48.241,0.928135,3.59815,32,37.89326215,17.52895037,0.033219911,0.786932389,18,4560,26.7441,3819,94,40.6277,28,1.2871,0.0219,0.091,0.1693,131072,0.522794306,693.1516724,0.363904089,12.49679279,11.67191219,596.2699585,0.716171026,0.525424659,667.0800781,0.380142629,12.16340446,10.20063019,536.5881348,0.729043365,0.17841205,274.2145691,0.134883299,4.934860229,6.864772797,321.5070496,0.126648262,3mgml,shg,roi2,6084.858296,62275.69491,28744.94164,328.3885071,65241.94358,60579.23299,6706.006609,5038.322247,2051.468126,60694.87695,7524.650485,7541.763456,7539.797769,7539.591393,42126.77705,2428.177977,6502.574498,6922.815739,60645.01534,8884.630734,665.377419,3885,65510,28683,13,65531,62947,4456,3202,613,63082,5189,5208,5179,5180.5,42130,97,4428,4618,63037,8198,54,6545.39493,5453.848213,7039.224301,2583.139714,1548.603915,1404.703653,6210.311271,6837.208513,3563.281927,6010.310605,7398.995516,7405.426093,7444.234909,7437.147271,108.6851067,6110.814528,6390.384184,7079.369067,6163.067152,6472.987855,2022.708449,D1,N8,t
appliedMASKiso_shg_3mgml_roi2_8bit.ome,19,88.74152,55.58075556,0.912578667,3.613313333,88.977,44.144,0.91835,3.6735,45,31.90638714,29.29754729,0.042906608,0.767831464,19,4668,26.079,3916,102,38.3922,25,1.2917,0.0173,0.1096,0.1933,131072,0.444128633,786.9190674,0.365957439,14.51289272,14.07756805,667.8757324,0.658405483,0.435583293,789.7003174,0.368304521,14.574049,12.69032288,624.9989624,0.665582299,0.173756868,264.6994324,0.12810123,4.885253906,7.59133482,309.5734558,0.133504868,3mgml,shg,roi2,6561.946822,62782.69442,28679.29128,341.2617601,65189.02107,60005.42879,7256.679526,5422.967746,2421.180826,60095.714,8215.021629,8236.744919,8226.395359,8227.348899,42127.59901,2293.35728,7090.37522,7509.820356,60052.41791,9142.615973,822.0699066,4209,65518,28700,19,65530,62599.5,4840,3461,733,62733,5689,5709,5666,5673,42130,101,4883,5036,62676,8573,73,6870.886654,5749.035065,6611.148983,2579.144696,1083.166576,1233.894703,6672.035226,7209.300983,4068.364317,6532.039929,7858.30194,7869.399571,7896.042265,7890.590331,81.69793971,5945.103743,6848.179517,7465.922273,6654.539149,6474.04874,2152.544071,D1,N8,t
appliedMASKiso_shg_3mgml_roi2_8bit.ome,20,93.16593182,50.7255,0.912804545,3.539331818,96.116,42.158,0.910855,3.41665,44,37.61186211,19.37674659,0.037801399,0.840797002,20,4274,28.6675,3543,99,35.7879,12,1.271,0.0179,0.0917,0.2379,131072,0.51251179,715.6339111,0.374438912,12.79182625,12.24660778,619.8028564,0.708514392,0.508912086,704.8487549,0.389178723,12.65099907,10.99796867,574.590271,0.717967868,0.181744397,278.8918152,0.124804035,5.009128094,7.075205803,309.7111816,0.130397528,3mgml,shg,roi2,6025.087348,61858.85211,28708.9967,204.8031781,65308.66315,60599.85152,6597.784812,4928.128035,2081.719613,60678.46563,7504.586868,7523.962332,7499.006551,7502.271021,42128.4594,2583.132718,6610.438866,6875.143033,60647.01087,8758.758499,591.9633813,3712,65504,28675,17,65532,63043,4295,3060,597,63127,5041,5059,5014,5020,42130,101.5,4362,4434,63104,7847,52,6413.125247,5235.586194,7449.749152,2537.84929,589.6368524,765.1175526,6069.246892,6638.851552,3468.701833,5909.776935,7331.068608,7340.496764,7345.491923,7343.590421,80.20376624,6303.124601,6546.592153,6970.291031,6045.311454,6432.476993,1450.472647,D1,N8,t
appliedMASKiso_shg_3mgml_roi2_8bit.ome,21,98.865875,50.61545,0.90870225,3.663735,97.5575,45.1645,0.92383,3.574,40,34.31435904,20.21510388,0.052605023,0.716936767,21,4629,26.3156,3857,88,43.8295,19,1.2917,0.0175,0.0952,0.2453,131072,0.488728136,751.699646,0.393887877,13.43599415,13.16257191,670.0731812,0.691904604,0.479701608,749.1739502,0.40472275,13.43990707,12.03478622,633.0080566,0.697739422,0.180613026,292.4562683,0.122457981,5.136074066,6.96938324,321.9728394,0.130075544,3mgml,shg,roi2,6124.706661,61975.62692,28688.87585,219.1626346,65296.09851,60515.70135,6732.004849,5051.025966,2109.564644,60606.07398,7612.279308,7630.132639,7617.534205,7618.944784,42128.37435,2522.001273,6682.986438,6987.20718,60562.64223,8851.65803,602.8639111,3793,65504,28683,19,65531,62978,4376,3124,621,63071,5128,5149,5102,5108,42130,107,4428,4525,63039,7961,57,6480.237647,5341.9151,7404.046526,2610.13357,720.5177182,867.3754344,6122.12664,6753.154989,3491.119733,5949.232337,7377.191797,7384.98515,7409.197769,7404.364239,102.7454421,6328.863103,6578.861458,7041.852106,6097.150251,6409.027362,1508.431658,D1,N8,t
appliedMASKiso_shg_3mgml_roi2_8bit.ome,22,93.7643549,50.55566667,0.899092941,3.651639216,100.51,45.349,0.91719,3.7056,51,40.50873101,18.82930603,0.063059884,0.709527012,22,4936,24.5545,4072,85,47.9059,29,1.3078,0.0176,0.1042,0.2204,131072,0.440531045,824.4239502,0.395190954,14.84802151,14.70072174,725.7581787,0.656280637,0.415758431,850.6290283,0.413087308,15.27144051,14.78902912,764.7024536,0.651210248,0.17962195,289.5306702,0.116333954,5.160102367,6.967228413,309.8058472,0.131831005,3mgml,shg,roi2,6338.546598,62177.91318,28695.75327,268.5937275,65252.23814,60286.00225,6974.46709,5209.561053,2255.800699,60374.58108,7886.492299,7906.475315,7892.330838,7893.913929,42127.84006,2221.383773,6938.665185,7235.954915,60330.58397,9017.118656,688.4295788,4010.5,65511,28692,18,65531,62757,4678,3332,693,62859,5446,5464,5433,5436.5,42130,96,4655,4802,62819,8307,65,6726.758312,5493.647761,7245.577803,2502.687409,957.1577271,1103.655584,6437.480134,6980.425229,3855.042744,6279.818459,7656.122951,7664.73461,7685.338251,7681.06267,127.9785203,5844.934214,6889.481674,7311.839306,6420.37494,6381.277184,1904.164659,D1,N8,t
appliedMASKiso_shg_3mgml_roi2_8bit.ome,23,99.48075556,51.7726,0.916221556,3.523131111,100.08,42.538,0.91702,3.3746,45,30.43947569,21.04830732,0.035203213,0.734036066,23,4667,26.0851,3844,95,40.4632,24,1.2877,0.0193,0.1044,0.2209,131072,0.447916448,824.9729614,0.396461338,14.76588249,14.56114006,723.9927979,0.66092515,0.417694151,866.4967041,0.414879203,15.37021065,14.77007103,758.5140381,0.652273536,0.185794041,297.8022461,0.111389108,5.329189777,7.07235527,310.3461609,0.135784686,3mgml,shg,roi2,6356.383104,62273.84146,28760.57758,269.9950234,65250.98233,60299.92055,6958.295722,5200.464661,2244.901788,60395.9427,7876.200338,7895.600445,7879.948452,7881.784147,42128.24657,2602.552597,6929.32366,7240.095093,60349.13789,9116.834107,699.1552731,4169,65514,28708,15,65530,62683.5,4779,3449,714,62814,5550,5567,5546,5547,42130,103,4818,4943,62760.5,8563,66,6776.494475,5516.124463,7134.926882,2590.234261,1160.33357,1259.648964,6532.38515,7028.750873,4007.595591,6388.68273,7712.505713,7721.573177,7743.802292,7739.304656,80.76047526,6488.095448,6857.652796,7365.303973,6521.019914,6438.886592,2157.527208,D1,N8,t
appliedMASKiso_shg_3mgml_roi2_8bit.ome,24,104.7471892,49.57543243,0.921675135,3.678864865,103.07,49.689,0.92662,3.5587,37,27.26132525,17.30301246,0.025880462,0.718520657,24,4487,27.2117,3666,92,39.8478,28,1.2843,0.0171,0.0938,0.2504,131072,0.500671804,754.3977661,0.411878049,13.24351501,13.11483383,688.3772583,0.700514555,0.486832321,794.3666992,0.425444573,13.82025051,12.27660275,672.6813965,0.702112556,0.185434222,290.7944031,0.115507185,5.133283615,6.90334177,326.5025024,0.12982738,3mgml,shg,roi2,6146.76169,61599.71296,28763.37415,287.6635198,65256.89939,60609.70474,6672.255571,5039.646807,2082.764307,60724.5677,7510.548062,7525.791388,7516.031282,7517.08653,42128.241,2601.472764,6658.352944,6951.08463,60671.04473,9039.464532,669.192136,3978,65508,28706,12,65531,62904,4517,3267,643,63030,5253,5268,5236,5241,42130,102,4590,4700,62987,8311,56,6730.372798,5535.646649,7781.746069,2563.186994,1483.643332,1458.152766,6415.80197,6947.439114,4045.407565,6259.79534,7573.565814,7580.20967,7605.292918,7600.32921,98.53796933,6419.204422,6791.436344,7271.643862,6396.760017,6565.34479,2395.343553,D1,N8,t
appliedMASKiso_shg_3mgml_roi2_8bit.ome,25,100.3237,58.1959,0.92383,3.4939525,98.0055,49.021,0.92359,3.4978,40,33.01142208,29.63602076,0.028489192,0.803074832,25,4575,26.6498,3749,92,40.75,31,1.2962,0.0191,0.0975,0.2442,131072,0.501815975,742.3886108,0.424138904,13.10932159,13.17633343,696.5401001,0.701561272,0.497234046,755.824585,0.430922985,13.2765522,12.00797272,670.088623,0.709988475,0.182699889,279.4958496,0.119390823,4.982673168,7.015207291,336.6618652,0.12858279,3mgml,shg,roi2,6193.620166,61726.62954,28839.42567,358.1496356,65213.14056,60592.80981,6709.165357,5082.170279,2140.837159,60715.59379,7493.050308,7506.484345,7505.809645,7505.52376,42128.94546,2733.901722,6671.255143,6971.784557,60656.71168,9059.422253,749.7748213,4042,65509,28708,12,65531,62885,4598,3345,660,63023,5270,5284,5266,5271,42130,103,4623,4747,62972,8390,59,6859.899262,5616.694462,7598.086118,2679.868197,2004.644292,1819.873437,6540.422525,7054.686466,4340.928655,6392.772667,7665.561245,7670.913126,7702.460094,7696.503862,81.98298343,6485.750092,6942.09069,7388.772997,6531.858654,6641.091399,2859.321328,D1,N8,t
appliedMASKiso_shg_3mgml_roi2_8bit.ome,26,97.69359,58.177,0.927557333,3.68335,104.8,43.3355,0.932745,3.56525,30,35.45098912,29.97771422,0.034444253,0.835583354,26,4635,26.279,3768,101,37.3069,31,1.2954,0.0174,0.0866,0.2672,131072,0.562672138,652.1143799,0.4383277,11.34184647,11.43699837,642.6734619,0.744762838,0.573022485,627.5661621,0.455681384,10.98656178,10.04186344,589.4135742,0.760765672,0.17822589,271.9757385,0.129083246,4.733994007,6.559494495,352.4532471,0.119398825,3mgml,shg,roi2,5931.519226,60923.30225,28811.07398,329.9280937,65250.8536,60933.8623,6402.263067,4884.179336,1967.942541,61055.52159,7093.291916,7103.482893,7113.399955,7111.580467,42128.19064,2666.633002,6365.869281,6640.170309,60999.20958,8907.280939,663.8086781,3893,65482,28684,11,65531,63090,4376,3189,611,63223,5004,5019,5004,5003,42130,103,4395,4538,63177,8182,55,6624.796979,5539.777463,8507.613176,2700.237825,2161.612277,1848.071061,6212.2155,6850.60303,4029.595061,6041.15314,7336.77959,7338.051936,7388.16821,7379.448504,96.04992007,6334.904049,6648.562255,7102.613156,6195.358668,6689.591553,2773.573665,D1,N8,t
appliedMASKiso_shg_3mgml_roi2_8bit.ome,27,105.671,53.43026471,0.916656471,3.606991176,102.925,41.502,0.92379,3.3929,34,29.2324507,21.91991625,0.034115721,0.89708805,27,4493,27.1727,3688,109,33.8349,28,1.2775,0.0162,0.0852,0.2363,131072,0.576941729,630.1171265,0.425455242,10.9730835,10.81941319,610.2030029,0.754860044,0.582390666,620.8591919,0.436939567,10.75797081,9.73815918,557.2787476,0.766678095,0.173945889,267.0024109,0.137601495,4.637912273,6.219026089,340.4972534,0.114878647,3mgml,shg,roi2,5860.237439,60884.61665,28863.26372,297.6401476,65267.60076,60990.47368,6297.556682,4795.933137,1943.327586,61100.11932,7028.926787,7039.985603,7037.912182,7037.910983,42127.75642,2502.631778,6355.897747,6566.423937,61052.20658,8809.82721,622.2871366,3902,65473,28687,12,65531,63096,4356,3163,616,63223,4981,4993,4967,4970,42130,102,4428,4531,63180,8148,56,6441.890282,5312.79367,8509.445949,2748.521341,1883.073175,1668.255764,6037.072969,6605.060856,3867.577517,5874.409504,7187.724506,7191.818849,7213.963006,7209.54701,110.0109678,6184.890547,6596.879502,6924.969674,6017.223136,6486.096269,2481.851518,D1,N8,t
appliedMASKiso_shg_3mgml_roi2_8bit.ome,28,98.1903,55.1331,0.912802333,3.73827,94.1035,46.413,0.920205,3.5767,30,25.41321946,21.62208087,0.045687395,0.885699676,28,4817,25.2105,3964,100,39.64,20,1.3012,0.0197,0.0922,0.205,131072,0.543579221,666.2481079,0.400140017,11.83832836,11.42752934,606.4596558,0.732177079,0.545353889,663.086731,0.398428977,11.72048378,10.35163116,567.6137695,0.742497087,0.172228143,257.0769653,0.128729418,4.602584362,6.333413601,308.7165222,0.117547669,3mgml,shg,roi2,5970.30514,61258.19149,28719.45408,332.9257719,65239.96123,60827.2722,6437.73945,4879.605996,2063.725091,60924.45158,7212.773974,7225.464092,7218.944248,7219.578322,42127.5611,2512.647241,6544.795196,6717.187072,60878.75488,8770.30514,688.3380556,3865,65484,28667,15,65531,63119,4356,3176,591,63253,4946,4958,4944,4946,42130,99,4395,4500,63204,8133,57,6566.855994,5387.180447,8238.949924,2722.063227,1884.894769,1684.633562,6237.770551,6760.751754,4006.637847,6085.130443,7409.204292,7413.741168,7427.791825,7424.659875,102.0625458,6191.36232,6860.284382,7111.182827,6229.427894,6325.163086,2440.579007,D1,N8,t
appliedMASKiso_shg_3mgml_roi2_8bit.ome,29,91.03707353,56.61511765,0.922847941,3.716341176,92.641,50.2025,0.928265,3.71465,34,41.92130877,22.89180509,0.028767826,0.651423274,29,4597,26.5127,3882,106,36.6226,26,1.2891,0.0192,0.0977,0.1662,131072,0.516568124,712.1168213,0.387464225,12.68594742,12.00516701,620.6831665,0.713437796,0.503549159,736.583374,0.399202943,13.00925255,11.32302761,603.0324707,0.714108706,0.170590952,260.9078369,0.121009991,4.67527914,6.192072392,284.4697876,0.118309952,3mgml,shg,roi2,6116.197296,61471.2896,28737.80081,299.6400768,65255.85129,60718.16758,6611.061176,5022.962114,2067.595894,60834.86829,7380.018839,7391.950717,7392.625421,7392.17167,42127.56102,2859.829051,6653.06078,6879.943536,60775.27583,9028.384632,660.5374532,3977,65502,28694,16,65531,63048,4456,3267,613,63199,5082.5,5096,5089,5088,42129,94,4493,4625,63142,8329,62,6628.755036,5447.930582,8204.359121,2639.556301,1685.506388,1534.077105,6227.323005,6831.553481,3802.224723,6041.650743,7439.027738,7441.679253,7469.421997,7464.275007,106.8783517,6835.583593,6829.087569,7162.685404,6203.157008,6530.368534,2182.052576,D1,N8,t
appliedMASKiso_shg_3mgml_roi2_8bit.ome,30,85.89293171,55.29780488,0.92206878,3.648773171,101.11,45.705,0.93313,3.4748,41,47.82456912,28.36643039,0.0345257,0.799857044,30,4968,24.3834,4143,110,37.6636,21,1.3094,0.0183,0.0984,0.2155,131072,0.507430673,727.2922974,0.389639199,12.95725536,12.22659111,631.9689941,0.706804037,0.492888391,759.3122559,0.391460627,13.37618065,11.86203194,643.3706665,0.706503391,0.172362372,267.631134,0.120491914,4.81609869,5.935636997,274.9654541,0.120071635,3mgml,shg,roi2,6172.028508,61700.73466,28785.99111,263.6349884,65282.01266,60732.75049,6635.177358,5074.419435,2013.309792,60873.73824,7375.56306,7385.192752,7394.044622,7392.40061,42126.64107,2692.839273,6656.996374,6910.028593,60798.6701,9250.206017,602.8803823,4003,65509,28708,16,65531,63027,4477,3267,612,63181,5122,5136,5120,5123,42129,103,4525,4654,63117,8459,60,6615.51069,5515.74083,7825.708094,2677.933571,1614.909019,1439.851227,6101.468679,6835.288372,3588.984513,5881.644784,7337.488362,7336.958029,7384.648008,7376.414295,117.4393004,6652.577056,6695.422551,7108.970551,6065.206659,6769.487218,1988.793847,D1,N8,t
appliedMASKiso_shg_3mgml_roi2_8bit.ome,31,96.96570851,54.42244681,0.919121064,3.465689362,102.99,46.465,0.92665,3.3405,47,44.06298793,27.72570366,0.035887248,0.707106716,31,5014,24.1414,4122,119,34.6387,27,1.3146,0.0217,0.1027,0.2325,131072,0.490107745,753.9439087,0.414648831,13.42352486,13.18013763,675.8482056,0.692936242,0.474963993,779.4733276,0.425610363,13.78551483,12.66963387,693.7234497,0.694738865,0.180883095,276.7495422,0.109066278,5.054531097,6.442737579,276.6834106,0.130272225,3mgml,shg,roi2,6346.556201,61808.98035,28793.58843,288.0840947,65260.6151,60602.77174,6820.92277,5215.906841,2087.512512,60760.85568,7539.825903,7548.724596,7568.600136,7565.284658,42127.309,2843.364865,6785.161661,7088.621548,60674.32248,9470.38017,643.4885557,4120,65512,28715,16,65531,62945,4598,3345,631,63106,5226,5238,5232,5233,42129,122,4623,4774,63037,8669,60,6738.71854,5568.115694,7823.990186,2606.259569,1680.954286,1514.414639,6250.003981,6923.444771,3813.009721,6055.520355,7475.789377,7476.499462,7513.901896,7507.143928,111.0469893,6872.785814,6868.324466,7236.354311,6225.563551,6874.772209,2127.602211,D1,N8,t
appliedMASKiso_shg_3mgml_roi2_8bit.ome,32,96.33771875,53.72766667,0.909842917,3.444533333,109.595,46.03,0.91689,3.30655,48,47.45635895,28.90922727,0.040648594,0.740812512,32,4885,24.8317,3963,96,41.2812,25,1.3073,0.0242,0.1006,0.2536,131072,0.508164287,735.8131104,0.436096013,12.97187901,12.93822956,683.5127563,0.704937279,0.505120575,733.7553101,0.445322692,12.84334183,12.0436573,681.5585938,0.715598106,0.184797257,287.9029846,0.109151997,5.246737003,6.670430183,289.5299988,0.134594843,3mgml,shg,roi2,6347.518899,61661.05896,28796.81957,265.9824938,65274.73121,60685.23686,6772.111267,5218.374342,2034.780453,60853.82648,7458.339797,7464.790874,7485.947877,7482.508597,42127.53503,3110.490426,6784.131905,7047.756076,60762.82748,9592.178454,601.5230268,4154,65509,28722,14,65531,62939,4557,3332,641.5,63103,5229,5241,5218,5223.5,42129,103.5,4688,4790,63032,8715,54,6715.489477,5572.442321,7898.265467,2581.58878,1459.39481,1355.850013,6128.791251,6849.812264,3700.765947,5926.499082,7352.130775,7351.867346,7392.34102,7384.999917,98.92599577,7401.57729,6831.176047,7157.50737,6096.166815,7008.887897,1945.138143,D1,N8,t
appliedMASKiso_shg_3mgml_roi2_8bit.ome,33,97.27919787,52.25431915,0.914288723,3.508974468,104.42,43.912,0.91683,3.3226,47,43.39122965,26.68830024,0.038508162,0.705965151,33,4764,25.5132,3919,108,36.287,28,1.3002,0.0194,0.0958,0.2232,131072,0.530456603,714.7453003,0.450114638,12.36756897,12.9515543,688.2880859,0.718518138,0.547159255,697.4841919,0.466160178,11.90466213,11.23256016,665.5704956,0.744153023,0.195981145,298.3039246,0.106995784,5.402239799,7.835073471,321.4920959,0.144468725,3mgml,shg,roi2,6311.159227,61203.31695,28735.49837,288.2588939,65258.60339,60759.61652,6714.64333,5213.464575,2009.554289,60935.33829,7338.653183,7341.706826,7375.25047,7370.015018,42128.04456,2742.495515,6739.516838,6977.046836,60835.37497,9547.938924,633.9267594,4099,65498,28718,12,65531,62994.5,4497,3319,623,63150,5114,5122,5113,5117,42130,97,4590,4700,63078,8626,53,6764.764834,5700.102768,8087.54339,2536.645117,1333.648657,1327.948695,6162.022083,6943.811745,3773.151025,5957.325073,7356.704874,7352.578057,7413.673284,7403.242669,103.0988683,6648.145406,6899.88522,7198.769495,6143.102775,7006.378349,2055.63811,D1,N8,t
appliedMASKiso_shg_3mgml_roi2_8bit.ome,34,95.46436216,59.56424324,0.919995676,3.567256757,99.462,49.213,0.92722,3.4551,37,39.70669526,29.30194942,0.039729904,0.799605989,34,4446,27.4811,3611,93,38.828,24,1.2783,0.0216,0.0905,0.2355,131072,0.557972491,663.5575562,0.485658109,11.40025043,12.66067123,698.819458,0.738661408,0.57523942,633.7364502,0.511402726,10.74052811,10.62711048,630.8321533,0.762833416,0.195811927,294.1768188,0.11736922,5.23444891,8.168131828,366.2061768,0.138939425,3mgml,shg,roi2,6308.830533,60784.32608,28819.91788,328.7644317,65233.01243,60805.54001,6585.888097,5105.116309,2005.247509,60981.89999,7249.595192,7253.145656,7276.892425,7273.145687,42127.16771,2834.167152,6702.254178,6928.608476,60887.45034,9501.533045,658.6957377,4067,65479,28731,13,65531,63034,4416,3267,608,63190,5010,5021,5008,5008,42130,109,4493,4639,63120,8519,56,6833.347616,5577.582736,8206.960317,2643.617673,1480.804867,1451.705714,6116.888266,6846.83153,3808.848046,5888.222584,7320.030194,7315.889665,7365.293772,7356.821414,122.8744143,6697.513305,6940.560552,7215.767595,6079.887049,6996.845028,2185.792689,D1,N8,t
appliedMASKiso_shg_3mgml_roi2_8bit.ome,35,104.3962717,55.49019565,0.922789565,3.638608696,107.31,46.3575,0.92322,3.37785,46,41.50244639,22.73574019,0.033906714,0.910808349,35,4761,25.5306,3918,97,40.3918,33,1.2985,0.0211,0.098,0.2841,131072,0.535892367,690.3505859,0.480845869,12.00160694,12.89297867,709.8619385,0.725489676,0.541907132,665.3411255,0.4972682,11.62340164,11.60070324,664.9725342,0.741165459,0.184112072,297.9471436,0.117557958,5.183738708,7.336346626,360.2739258,0.129630789,3mgml,shg,roi2,6621.622894,61370.13102,28693.16985,333.34196,65222.15723,60542.04305,6921.82122,5365.747726,2067.898727,60742.87788,7614.28842,7617.672914,7646.269264,7641.784423,42127.74919,2956.703285,6999.630135,7275.736086,60632.16788,9887.643303,628.4651971,4411,65507,28703,14,65530,62743,4779,3526,695,62920,5471.5,5478,5469,5473,42130,109,4948,5042,62830,9123,62,6960.478814,5755.340775,7804.535239,2452.549111,1862.348166,1637.294406,6133.609673,6976.03912,3581.174415,5853.491496,7327.794171,7319.615342,7395.841612,7383.229093,121.8138241,6670.089033,6826.934743,7287.010752,6065.961181,6983.442475,1955.291552,D1,N8,t
appliedMASKiso_shg_3mgml_roi2_8bit.ome,36,103.1377981,53.91663462,0.929325,3.678338462,109.14,47.944,0.93352,3.6335,52,41.8065275,25.76118611,0.026856591,0.753654112,36,5192,23.2452,4300,101,42.5743,31,1.3242,0.0242,0.1084,0.3011,131072,0.512137473,729.6303711,0.457695246,12.71304512,13.13878822,715.2053833,0.710613191,0.506661594,717.6641235,0.454795808,12.61376858,12.17799473,685.4398193,0.717032731,0.172657654,283.8677063,0.115538463,4.919428825,6.494075775,342.7373962,0.120982759,3mgml,shg,roi2,7027.493616,61834.65147,28670.7444,303.5745512,65217.50235,60210.23216,7318.469266,5696.760704,2248.7632,60423.78702,8071.406043,8075.097898,8098.111427,8094.47948,42127.82922,3324.962594,7482.927608,7709.888112,60300.17833,10394.19172,652.1891238,4839,65518,28705,19,65528,62446,5223,3889,789,62653,5935,5948,5942,5943,42129,115,5404,5511,62550,9824,75,7100.751665,5899.50552,7502.468485,2301.828334,1426.612965,1454.804448,6238.025566,7027.806643,3842.471296,5993.171159,7452.035941,7445.712238,7496.612077,7487.823051,143.1330999,7400.934589,7075.942315,7390.399087,6185.288111,7177.330884,2023.786558,D1,N8,t
appliedMASKiso_shg_3mgml_roi2_8bit.ome,37,96.91935333,60.21557778,0.911671778,3.651871111,106.39,51.981,0.92192,3.6325,45,43.26975622,31.92519218,0.037165486,0.764621803,37,5039,24.0117,4187,93,45.0215,37,1.3112,0.0169,0.1078,0.2625,131072,0.530601561,714.2792969,0.447837055,12.29721451,12.40556431,698.633667,0.725422323,0.512488127,719.3071289,0.454079509,12.43145752,12.01486397,665.7740479,0.721257687,0.158710629,260.2515564,0.129061937,4.445977688,5.804047585,326.5111389,0.106898479,3mgml,shg,roi2,7011.305991,62121.38148,28552.811,244.2132109,65255.98495,60305.55963,7318.067569,5734.206628,2158.853594,60547.58028,7968.199771,7967.316902,8013.665143,8006.574973,42126.85705,2889.039563,7397.737926,7661.56321,60402.2263,10548.22244,595.1434453,4927,65515,28689,18,65527,62426,5323,3980,789,62669,5960,5967,5965,5966,42129,103,5404,5576,62534,9967,79,6946.522544,5803.790832,7240.337689,2332.888227,1044.111818,1196.459351,6044.096585,6948.172547,3617.971861,5774.083909,7256.289204,7244.553898,7320.801779,7308.079381,105.2574697,6955.36827,6932.979488,7235.127191,5990.802081,7274.22652,1791.016231,D1,N8,t
appliedMASKiso_shg_3mgml_roi2_8bit.ome,38,97.31908462,57.4,0.92112,3.4897,104.04,53.132,0.93562,3.4923,39,41.41185812,22.44026901,0.045918585,0.569914714,38,4941,24.5276,4089,106,38.5755,29,1.3072,0.0207,0.1056,0.237,131072,0.564177573,669.8405762,0.454658359,11.41372013,11.38254929,661.0097656,0.749138951,0.549192667,680.0040894,0.463812709,11.63870335,11.02829075,643.9993896,0.745573938,0.14972657,245.0602417,0.128450245,4.145717621,5.227062702,295.7069702,0.097524561,3mgml,shg,roi2,6686.273244,61873.22066,28641.65286,188.3267318,65313.25941,60667.09458,6922.529679,5412.721767,1953.2948,60902.38353,7543.072343,7542.637652,7585.962268,7579.326776,42126.58981,3100.746667,7046.875579,7281.067792,60766.14956,10389.88708,490.1677234,4622,65513,28687,16,65529,62727,4960,3721,690,62963,5536,5538.5,5548,5546,42129,102,5046,5209,62836.5,9569,63,6681.675127,5462.733168,7520.862808,2431.5449,847.8658514,993.6985104,5721.803143,6611.839033,3315.249552,5447.073912,6955.922485,6947.7513,7014.918469,7003.655441,112.6102253,7196.464169,6688.13426,6955.390388,5656.963803,7315.004564,1505.508903,D1,N8,t
appliedMASKiso_shg_3mgml_roi2_8bit.ome,39,101.3342185,54.16235185,0.922040556,3.493857407,112.325,47.0345,0.93659,3.4596,54,42.94313934,25.12804341,0.048170329,0.658625682,39,5356,22.4722,4346,111,39.1532,28,1.3269,0.0222,0.1131,0.2605,131072,0.537952363,713.7141113,0.438565373,12.22278214,11.96630764,670.661438,0.730984449,0.518203855,727.9243164,0.456902444,12.53261566,11.70408249,659.4870605,0.724653244,0.152188107,258.4402466,0.126723662,4.376031399,5.321496487,274.7738953,0.101967603,3mgml,shg,roi2,6589.416866,62077.79793,28635.72563,188.1064345,65319.23129,60743.58159,6863.154553,5369.938448,1905.76573,60969.9973,7470.552117,7469.71194,7511.789387,7505.35777,42126.84244,3164.462824,6965.15274,7195.241215,60834.41889,10338.51878,486.2481301,4505,65517,28694,14,65530,62829,4819,3604,660,63049.5,5426,5432,5424,5426,42129,100.5,4981,5085,62930,9409,57,6572.138497,5446.012323,7442.002792,2448.177375,801.1143062,940.0185222,5643.936277,6589.638176,3186.976214,5371.880253,6886.059449,6876.128401,6955.664902,6942.578455,112.2649655,7349.727341,6544.702865,6872.956548,5596.495177,7291.060098,1469.927753,D1,N8,t
appliedMASKiso_shg_3mgml_roi2_8bit.ome,40,104.6624375,53.8473125,0.92147125,3.595272917,115.295,50.454,0.929995,3.57855,48,40.2564015,21.49698533,0.039214738,0.783620473,40,5303,22.7168,4343,100,43.43,31,1.3274,0.0186,0.114,0.2405,131072,0.533832967,729.50354,0.431271225,12.4293251,12.20771694,677.2529907,0.727354288,0.522899568,739.4093018,0.440604597,12.6166563,11.69119072,664.569458,0.727598667,0.156956121,267.6822815,0.129477233,4.538805962,5.734134674,280.8152466,0.10720773,3mgml,shg,roi2,6304.875677,62045.44305,28616.18694,212.2949637,65319.65095,60988.38737,6525.372398,5083.522253,1857.005224,61184.20535,7157.977711,7158.824826,7184.745467,7180.744204,42126.03391,3003.372393,6758.277261,6885.560572,61068.2641,9989.478126,501.99447,4138,65514,28682,14,65532,63146,4436,3319,565,63334,4984,4984,5001,4999,42129,103,4623,4679,63242,8911,47,6460.926549,5190.009079,7586.942661,2419.292073,887.3737193,962.9763246,5568.321001,6367.453131,3339.550062,5341.897349,6849.985785,6846.164823,6876.18492,6870.543835,129.0160099,7165.48054,6673.005665,6782.533236,5532.716868,7262.251548,1600.132517,D1,N8,t
appliedMASKiso_shg_3mgml_roi2_8bit.ome,41,108.5702509,54.06913208,0.910812264,3.487283019,109.75,47.922,0.92319,3.3432,53,41.0268955,22.51885097,0.054280193,0.708844645,41,5402,22.2638,4426,109,40.6055,29,1.3321,0.0152,0.1189,0.2579,131072,0.516414583,770.1251221,0.444601357,13.00010777,13.29757309,732.8892822,0.713458002,0.513624191,759.4247437,0.442240328,12.83303642,12.09435654,692.9650269,0.721664369,0.169789776,297.3663025,0.119897351,5.012733459,6.722677231,318.1019592,0.120322354,3mgml,shg,roi2,6208.961657,61836.50982,28579.65307,253.7690448,65293.90317,61089.61158,6390.557792,4989.680484,1853.942769,61278.62444,6998.481029,6998.627552,7027.090632,7022.722396,42124.51208,2842.717119,6631.906946,6757.130711,61170.29305,9772.680142,560.214734,3994,65510,28672,14,65532,63299,4235,3163,533,63468,4778,4779,4789,4788,42129,107,4460,4508,63385,8648,47,6533.608409,5253.49265,7817.696341,2486.872608,930.0223188,1008.878114,5613.196756,6437.788557,3411.837874,5366.977727,6890.107139,6885.802159,6925.037451,6918.000764,211.6545978,6902.597968,6660.655892,6845.637096,5564.808042,7297.869882,1723.283679,D1,N8,t
appliedMASKiso_shg_3mgml_roi2_8bit.ome,42,110.7304883,50.7512,0.9114935,3.478498333,113.675,45.6785,0.92028,3.4149,60,43.402238,18.8226247,0.04895221,0.844433107,42,5347,22.5134,4377,120,36.475,29,1.3277,0.0204,0.1217,0.2728,131072,0.507049084,809.7039795,0.458752394,13.43022823,14.262743,795.4882202,0.70490545,0.516806602,775.1760254,0.46695751,12.91316128,12.48086739,736.654541,0.723776102,0.182104364,324.2655029,0.105110951,5.38835001,7.778895378,372.1000366,0.131782517,3mgml,shg,roi2,6091.267679,61568.05894,28579.0816,252.1660842,65294.0534,61261.37305,6270.871496,4950.40403,1751.336521,61463.18625,6746.39371,6742.12411,6795.099746,6787.103402,42125.99309,2864.547362,6379.130026,6578.902706,61346.82446,9631.943228,541.9810141,3822,65508,28664,13,65532,63407,4093,3060,499,63564,4580,4581,4591,4591,42129,104,4265,4318,63485,8361,46,6507.933608,5341.967734,8126.359323,2672.595749,757.4542837,875.4352783,5438.302365,6418.197736,3162.297129,5139.51418,6711.171512,6701.369677,6771.279242,6759.599206,129.3785143,7151.715554,6447.468956,6750.18846,5362.816935,7374.574563,1460.299157,D1,N8,t
appliedMASKiso_shg_3mgml_roi2_8bit.ome,43,111.9093636,53.55961039,0.907534935,3.730998701,114.3,44.155,0.91033,3.7328,77,40.35960786,22.26263924,0.035572932,0.793502117,43,6074,19.5793,4936,137,36.0292,35,1.3654,0.024,0.1479,0.2683,131072,0.435716063,909.5792847,0.470160782,15.39721394,17.10735512,893.2702026,0.650509119,0.41753149,900.6644287,0.477758229,15.40849304,16.00686646,868.9760742,0.652921736,0.188147083,342.6188049,0.090870239,5.776518822,8.636844635,372.5221558,0.144299328,3mgml,shg,roi2,6555.836228,61987.61133,28544.95596,404.0523372,65160.28294,60769.52822,6650.598068,5222.573485,2124.169354,60966.16157,7286.585499,7284.535437,7311.896046,7307.760888,42125.14845,2861.734776,6940.818807,7080.395189,60851.33917,9714.285869,751.6037923,4221,65509,28648,24,65530,63017.5,4477,3345,647,63174,5073,5077,5071,5070,42129,99,4786,4755,63089,8792,72,6783.351739,5431.774601,7672.270959,2572.659667,1329.841076,1348.780495,5714.269803,6560.631703,3508.819744,5418.051294,6945.46474,6935.261864,6988.69485,6979.615935,175.7554502,6961.30914,6718.094889,6997.979932,5636.79713,7091.100147,1872.748538,D1,N8,t
appliedMASKiso_shg_3mgml_roi2_8bit.ome,44,118.9582069,60.72682759,0.902131034,3.699308621,126,56.6145,0.90609,3.5464,58,40.25223879,27.83384533,0.043677233,0.826254725,44,5917,20.1519,4836,121,39.9669,36,1.3604,0.0182,0.1542,0.298,131072,0.425758928,960.8644409,0.479842365,15.96030712,18.11173058,970.2443237,0.643036008,0.389624685,989.7811279,0.4819251,16.53516769,18.2585125,1010.28772,0.631915212,0.191382706,360.9777222,0.099052154,5.954436302,8.762462616,411.7206421,0.144182384,3mgml,shg,roi2,6484.007196,61586.00219,28578.66475,428.9730571,65140.36239,60897.10772,6498.827832,5124.63099,2089.377305,61086.45168,7084.684589,7080.608472,7115.212288,7110.021226,42125.92228,2827.290273,6818.839824,6945.817158,60974.79363,9533.718199,752.6597051,4133,65497,28647,29,65530,63061,4315,3202,658,63196,4986,4989,4965,4972,42129,106,4818,4658,63120,8518,72,6694.427723,5356.748978,7964.104935,2725.763561,1343.284685,1368.860731,5491.602571,6412.472528,3342.653024,5186.215475,6705.233214,6692.227401,6757.588604,6746.583804,174.6249366,6911.984709,6540.513041,6834.136073,5413.635566,7094.260052,1819.631721,D1,N8,t
appliedMASKiso_shg_3mgml_roi2_8bit.ome,45,121.1244556,57.05042857,0.910923968,3.671404762,129.29,50.426,0.91832,3.5164,63,42.35459458,23.43736416,0.051121905,0.829048797,45,6167,19.2539,4995,130,38.4231,40,1.368,0.0211,0.154,0.3204,131072,0.432371587,981.7403564,0.525873184,15.81881332,19.28544426,1117.525024,0.649033248,0.402859062,1036.574707,0.536092877,16.55824089,19.51767921,1178.5802,0.642022431,0.190746874,355.4693298,0.097103819,5.733402252,9.467198372,520.9130249,0.141540006,3mgml,shg,roi2,6441.891942,60951.29636,28665.52345,547.6967,65068.88361,61144.63947,6388.991076,5151.98139,1904.501215,61383.79784,6727.317515,6714.655494,6796.656072,6784.446577,42124.39342,2629.060494,6371.950778,6752.256927,61249.06923,9536.261287,740.0088153,4062,65479,28626,23,65530,63164,4255,3215,620,63304,4735,4733,4745,4744,42129,103,4460,4516,63229,8228,63,6714.246836,5483.311656,8559.375748,2803.67479,1715.098885,1667.559524,5206.252139,6311.681938,3117.643897,4828.090108,6302.445341,6281.879823,6400.944352,6381.595678,187.3480487,6620.773902,6022.163987,6629.131939,5083.248587,7277.079096,1935.605801,D1,N8,t
appliedMASKiso_shg_3mgml_roi3_8bit.ome,1,48.68339211,52.31739474,0.913106842,3.482321053,28.8265,46.571,0.911875,3.3032,38,50.45684483,22.52698732,0.037064744,0.719519804,1,4824,25.171,4020,85,47.2941,27,1.2988,0.02,0.1175,0.2818,131072,0.480843306,842.15802,0.329623044,14.55163479,12.72092342,674.8051758,0.688699484,0.48046279,828.7363281,0.344577432,14.40047932,11.76269722,631.5953979,0.696732879,0.150082931,266.3075256,0.140690193,4.535912991,5.799201012,295.0881042,0.109186091,3mgml,shg,roi3,2501.598951,61309.92489,31005.55039,148.0149892,65401.02673,61032.74414,4221.253188,2690.909072,2296.807189,60431.74212,6946.133484,6965.532499,6780.691631,6817.861507,13858.66845,2215.843911,6153.715337,4397.806977,60973.07893,3789.989218,926.0115919,1434,65378,30847,12,65534,63514,2574,1494,520,62958,4432,4453,4311.5,4340,13859,97,3769,2683,63532,2946,65,2863.624541,3253.696367,7578.694072,3235.223186,501.4386073,563.3838028,5829.046184,4556.944618,4286.806939,5736.607566,7164.555689,7176.128534,6997.999868,7032.72282,7.175624321,5582.977366,6573.80028,4715.318929,5935.675598,3567.374732,2715.011511,D1,N8,t
appliedMASKiso_shg_3mgml_roi3_8bit.ome,2,62.18472491,56.9876,0.906013636,3.581856364,31.059,46.148,0.91303,3.3677,55,61.60900945,28.76681833,0.049456666,0.8652075,2,5387,22.3313,4517,88,51.3295,33,1.3307,0.0155,0.1737,0.2964,131072,0.283347487,1156.112427,0.27300638,20.85001945,18.74848366,823.8250122,0.529058337,0.269018739,1182.231201,0.266045868,21.31405067,18.2521801,812.6393433,0.525659442,0.112163544,216.7433472,0.122474149,3.843212366,5.928575039,229.9185333,0.103134751,3mgml,shg,roi3,3344.545364,62468.33504,30984.79794,277.1983717,65217.89972,58549.08916,5689.190872,3484.208107,4196.680512,57780.77789,9863.052208,9912.862366,9556.282867,9622.22541,13858.69859,2292.023885,8454.892319,6037.072205,58361.1316,4347.216522,1854.450586,2199,65481,30917,22,65528,61343.5,3957,2254,1478,60692,7237,7288,6966,7027.5,13859,97,5853,4220,61257,3682,161,3349.679143,3634.118687,6074.281448,2705.064128,900.2364206,1079.432819,7497.308902,5300.971771,6483.41653,7600.61487,8552.600647,8575.103174,8335.361401,8380.985701,7.988973179,5735.500444,7720.627279,5559.051303,7719.45859,3481.853087,4818.367602,D1,N8,t
appliedMASKiso_shg_3mgml_roi3_8bit.ome,3,71.62774688,57.8011875,0.912160625,3.52905625,43.289,48.833,0.91885,3.4155,32,65.3323127,31.28677919,0.030663445,0.656933401,3,4459,27.3951,3720,83,44.8193,26,1.2803,0.0126,0.114,0.2795,131072,0.497841597,814.3369751,0.323405087,14.02630711,11.98783588,643.3699341,0.702321589,0.496165931,800.4494629,0.322133631,13.82789707,11.39621162,609.197937,0.708322704,0.139662862,249.3379669,0.132353604,4.212067604,5.24070549,270.672699,0.099557966,3mgml,shg,roi3,2696.435129,61654.60294,30950.96616,160.1561196,65395.08418,60793.34713,4480.580896,2862.71898,2283.537574,60272.51904,7301.051917,7318.288079,7143.484031,7179.777986,13858.66493,2206.675418,6416.576769,4679.91678,60769.26072,4115.022083,925.9756151,1451,65447,30885,12,65534,63562,2574,1512,494,63024,4467,4489,4340,4367,13859,90,3813,2704,63593,3059,72,3278.322773,3588.164196,7419.477354,3223.495342,580.4146181,633.1470033,6403.591265,5090.319512,4369.971081,6154.408167,7775.682497,7775.97093,7661.555427,7688.47657,7.688797257,5552.022036,6952.103758,5259.813112,6454.012594,4012.267068,3026.538817,D1,N8,t
appliedMASKiso_shg_3mgml_roi3_8bit.ome,4,73.059728,58.10432,0.9176748,3.634252,36.87,50.065,0.92212,3.4944,25,67.85484715,26.33617545,0.034254846,0.68772378,4,4266,28.725,3596,97,37.0722,26,1.2686,0.0116,0.0965,0.2813,131072,0.581902683,690.5325317,0.351009339,11.60020161,10.0464983,582.6863403,0.759762287,0.581620812,659.7325439,0.361480623,11.12839317,9.290985107,521.30896,0.7660743,0.143250018,268.9982605,0.147237703,4.319679737,5.250905037,298.9290771,0.095875904,3mgml,shg,roi3,2681.281782,61259.58213,31105.20866,155.4202515,65405.80274,61052.90224,4384.881502,2869.271125,2089.899927,60600.12935,6977.971031,6984.606809,6843.3947,6874.563088,13858.69437,2327.076649,6212.459998,4566.985845,61069.15962,4147.124078,804.4107405,1343,65420,30914,12,65535,63862,2367,1398,406,63322,4033,4048,3915,3941,13859,107,3547,2470,63904,2909,51,3425.453348,3762.910443,7745.83073,3294.483398,451.2647519,540.9670436,6432.753011,5227.381571,4220.046352,6089.353819,7838.220896,7830.181585,7738.083599,7761.855471,6.97303391,5508.835047,7066.965556,5407.856001,6430.799423,4173.832025,2517.99777,D1,N8,t
appliedMASKiso_shg_3mgml_roi3_8bit.ome,5,83.52199714,53.09711429,0.896977429,3.456222857,50.194,44.329,0.91498,3.4249,35,67.1120942,26.97021927,0.046233026,0.680671146,5,4520,26.9984,3799,84,45.2262,21,1.2849,0.0172,0.1009,0.2749,131072,0.572273731,717.6757813,0.355414629,11.959692,10.5565567,622.220459,0.752476752,0.578761101,679.4515381,0.347544342,11.47190571,9.493430138,535.5784912,0.763984919,0.153618023,301.4964294,0.153256044,4.746918678,5.883010387,355.5541077,0.104213841,3mgml,shg,roi3,2902.134633,61562.82244,31084.73476,198.5111795,65374.6814,60644.16268,4692.780479,3078.847916,2329.64339,60220.47787,7511.384239,7519.348813,7359.508005,7394.199654,13858.60478,2692.278843,6663.196677,4923.472793,60667.18803,4415.869331,894.8779965,1497,65447,30933,12,65534,63591,2626,1564,480,63096,4472,4485.5,4346,4373,13859,103,3902,2750,63645,3196,57,3700.005818,4056.189216,7501.989331,3069.923247,842.2689918,829.0850131,6961.293773,5545.213477,4792.408311,6630.390045,8342.68263,8335.456835,8217.12651,8245.218219,9.137561637,6330.219791,7539.5586,5781.792857,6964.098271,4364.798146,3068.240564,D1,N8,t
appliedMASKiso_shg_3mgml_roi3_8bit.ome,6,64.20194,53.81197143,0.906898286,3.268548571,33.232,48.593,0.91103,3.2602,35,59.70797105,25.01019843,0.043607017,0.699335655,6,4329,28.2779,3694,73,50.6027,20,1.2761,0.0157,0.1044,0.3243,131072,0.560095191,752.5411377,0.353596985,12.44489288,10.97864056,641.9160156,0.743358374,0.568658948,704.2834473,0.347107708,11.85451984,9.797025681,578.9067383,0.757508278,0.163067222,327.6688232,0.14262566,5.139078617,6.027035713,362.9273376,0.111207277,3mgml,shg,roi3,3057.079231,61649.84004,31076.26257,193.9390413,65373.70734,60321.11342,4932.459064,3214.706123,2517.675665,59897.58688,7939.924693,7949.8742,7773.176224,7810.935409,13858.70441,2395.613668,7069.288547,5194.640101,60332.54315,4633.186291,895.6113745,1669,65473,30948,11,65534,63306,2885,1713,567,62845,4906,4926,4774,4804,13859,93.5,4301,3034,63365,3504,57,3859.60125,4169.677564,7456.390713,2971.616547,971.4472983,910.7411691,7314.779716,5750.275885,5053.313286,7016.051371,8706.423056,8699.799413,8562.333995,8593.549327,6.678891997,5755.604917,7928.324172,6021.826134,7344.670163,4471.839346,3021.087277,D1,N8,t
appliedMASKiso_shg_3mgml_roi3_8bit.ome,7,65.79169459,53.333,0.917971351,3.464321622,30.964,44.748,0.92198,3.2546,37,62.20706308,27.95801053,0.031234873,0.626807097,7,4233,28.9646,3616,88,41.0909,17,1.2668,0.0097,0.1056,0.3154,131072,0.56314069,747.2147217,0.394889057,12.28878498,11.59827709,692.9725952,0.744139373,0.576133072,698.1176758,0.40757212,11.58072948,9.991615295,607.2991333,0.762221754,0.176877603,353.3952637,0.147138923,5.520807266,6.894249916,419.4792175,0.12086124,3mgml,shg,roi3,3274.624611,61524.68362,31126.74092,207.7573529,65347.81995,59960.87299,5243.103065,3442.636843,2685.654065,59597.98134,8360.235632,8365.535398,8198.54508,8235.649099,13858.70074,2452.63089,7451.840549,5522.233406,59987.17548,4855.617215,962.9685152,1815,65475,30973,10,65534,63044.5,3110,1870,662,62607,5285,5299,5132,5162,13859,97,4656,3283,63102,3762,64,4197.052437,4533.367941,7450.021669,2867.207539,801.9269991,887.832886,7745.278006,6174.161605,5230.538715,7325.054373,9096.843677,9078.279735,8997.081376,9020.835094,6.710723771,5960.119073,8215.252049,6425.561109,7726.308961,4630.514577,2890.80494,D1,N8,t
appliedMASKiso_shg_3mgml_roi3_8bit.ome,8,51.66579697,57.66209091,0.921514242,3.586075758,24.677,46.422,0.9282,3.4772,33,56.4591136,25.37588208,0.043404821,0.74390621,8,4471,27.3163,3785,105,36.0476,18,1.2822,0.009,0.1008,0.3219,131072,0.590583563,726.7827148,0.428565562,11.59907341,11.64224339,752.3309326,0.761475801,0.616579056,645.074585,0.445911288,10.52355385,9.451921463,608.4029541,0.787951589,0.186743513,386.4857178,0.161980778,5.828428268,7.98922348,556.0297241,0.126157448,3mgml,shg,roi3,3419.097593,61323.60297,31142.09606,273.8211519,65305.03188,59846.77926,5376.950163,3576.018765,2727.735785,59524.6817,8489.958217,8489.734198,8335.681043,8371.254706,13858.75341,2721.298769,7605.587606,5680.516767,59895.12836,5023.383996,979.078167,1882,65471,30983,11,65534,62954,3179,1905,694,62528,5400,5421,5249.5,5284,13859,100,4744,3388,63016,3873,65,4557.404578,4929.131787,7661.651225,2781.341742,1177.679637,1193.250034,7899.970323,6462.193705,5186.195351,7352.217677,9207.659822,9172.658778,9147.760819,9163.633841,6.581289934,6704.257546,8281.440831,6701.55695,7814.905807,4906.820526,2908.878232,D1,N8,t
appliedMASKiso_shg_3mgml_roi3_8bit.ome,9,49.55634828,60.263,0.917651724,3.4445,29.407,60.325,0.9288,3.2522,29,54.8674006,26.18031113,0.03813831,0.7547659,9,4114,29.8602,3456,93,37.1613,18,1.253,0.0134,0.0947,0.3202,131072,0.613554955,716.3748779,0.44376865,11.10592079,11.79905033,830.583374,0.775522113,0.647800624,616.2122192,0.466381907,9.710434914,8.894078255,598.5614624,0.807441771,0.195612803,419.5615234,0.184017792,6.140323639,9.419249535,762.8464966,0.130987227,3mgml,shg,roi3,3575.187587,60870.37364,31045.04729,490.8549712,65207.0813,59749.34438,5537.435197,3755.896568,2701.137754,59506.38239,8550.186287,8541.015673,8428.699367,8458.521555,13858.76818,2636.475138,7571.274971,5825.11248,59834.58122,5184.463965,1017.235486,1924,65426,30956,12,65533,62890,3231,1957,700,62509,5450,5462,5315,5345.5,13859,95,4744,3453,62975,3922,68,5048.160694,5461.700307,7802.73597,2697.459131,3069.311306,2258.110944,8047.365716,6844.311438,4961.87129,7307.707302,9270.634078,9217.076075,9287.938103,9289.917486,7.58979609,6504.877353,8132.253601,7024.674395,7856.310122,5243.193148,3060.029356,D1,N8,t
appliedMASKiso_shg_3mgml_roi3_8bit.ome,10,58.18847,53.27463333,0.923758333,3.352066667,31.9765,45.9625,0.92921,3.21355,30,60.06804435,24.16437042,0.032687766,0.716094434,10,4171,29.4248,3449,82,42.061,21,1.2558,0.0167,0.0832,0.2781,131072,0.65036267,670.3156128,0.453721732,10.1527729,10.92806244,820.9032593,0.799547195,0.683780551,571.2255249,0.45148775,8.749530792,7.873105526,532.8209229,0.829121768,0.194203913,429.1583252,0.185841933,6.160789013,9.527816772,838.1259766,0.126338795,3mgml,shg,roi3,3520.532472,60326.23128,31126.70932,572.7004566,65185.31218,60020.00743,5405.170507,3724.49065,2492.32384,59821.56368,8175.518683,8157.398706,8088.687277,8111.781474,13858.72361,2754.854858,7182.637789,5655.979588,60133.79068,5150.42971,968.9918668,1835,65321,30975,12,65534,63079,3075,1879,632.5,62695,5133,5142,5023,5052,13859,86,4478,3279,63157,3773,61,5180.703104,5538.390031,7866.027777,2804.820821,3654.078993,2544.713338,7837.362029,6829.092833,4674.583529,7000.322482,9032.952108,8967.369958,9086.256027,9081.167736,9.926199467,6606.256755,7818.003718,7015.533814,7591.051946,5403.538658,3045.943311,D1,N8,t
appliedMASKiso_shg_3mgml_roi3_8bit.ome,11,66.11523913,66.64747826,0.921246522,3.679447826,32.381,56.486,0.92126,3.5351,23,65.73811242,43.3969309,0.022176736,0.883742011,11,4018,30.6214,3299,87,37.9195,18,1.2444,0.0166,0.0908,0.3056,131072,0.621910334,707.5441284,0.435964555,10.96377563,11.37280178,786.5634155,0.781245291,0.647562563,629.3933105,0.426739126,9.79528904,8.658499718,575.0462036,0.807413876,0.191031352,420.0463562,0.179336995,6.162285805,9.178649902,697.3765869,0.127670646,3mgml,shg,roi3,3536.266549,60225.80409,31266.65621,588.6889665,65167.2451,60009.15587,5396.321096,3686.946323,2562.120788,59804.92764,8176.803157,8159.327681,8083.621852,8107.696801,13858.81908,2448.061954,7191.524079,5677.169928,60125.67863,5109.722657,1077.179401,1787,65386,30986,13,65534,63237,2989,1835,628,62807,4966,4972,4849,4878,13859,96,4434,3178,63298,3721,62,5186.684655,5355.337221,8294.57198,2858.942361,3328.917615,2465.759456,8083.100309,6902.328073,4846.334548,7193.436333,9261.725812,9198.343041,9318.633652,9313.69785,6.630291582,5730.056265,7905.574868,7181.202343,7805.687521,5218.219964,3493.741072,D1,N8,t
appliedMASKiso_shg_3mgml_roi3_8bit.ome,12,69.10513824,56.5685,0.913099118,3.648423529,41.1935,52.3365,0.918735,3.47305,34,60.44922864,22.36239972,0.043593771,0.884339105,12,4139,29.6678,3390,95,35.6842,14,1.2528,0.0118,0.1025,0.2884,131072,0.58410418,743.7268066,0.440933198,11.84027863,12.00097942,756.168396,0.757037461,0.593096316,707.8740234,0.453714341,11.25569534,10.79474354,703.3550415,0.77357769,0.186533824,389.369873,0.148269698,5.911310673,8.05388546,506.2731628,0.126769528,3mgml,shg,roi3,3629.832456,60424.841,31219.88797,374.4716705,65234.3373,59686.0986,5656.405574,3821.656307,2879.16879,59443.84582,8626.692583,8613.222326,8522.022896,8548.941581,13858.78664,2614.731467,7665.661686,5925.839382,59759.86341,5174.824804,1167.271279,1914,65446,31008,15,65534,63099,3214,1984,701,62720,5246.5,5248,5140,5167,13859,90,4700,3377,63169,3969,74,4910.599345,5253.965413,8746.97377,2798.629623,1710.322808,1633.630734,8345.438256,6951.463126,5266.614748,7599.01183,9600.465854,9548.974272,9617.07279,9620.247983,8.10652031,5949.374947,8346.734966,7192.166754,8181.031886,4899.666278,3435.594022,D1,N8,t
appliedMASKiso_shg_3mgml_roi3_8bit.ome,13,60.99290345,58.10024138,0.916843793,3.572544828,37.235,43.727,0.92482,3.4244,29,53.38061668,32.27540869,0.047168071,0.609125013,13,4695,25.9176,3881,97,40.0103,26,1.2938,0.0161,0.1103,0.2966,131072,0.563420177,773.5849609,0.414536864,12.44871998,11.91449261,712.321106,0.744173825,0.567004323,741.3158569,0.42938596,11.89008713,11.10615349,704.8199463,0.756744385,0.179940403,369.3055115,0.126878545,5.723011017,6.859917641,390.432373,0.122097269,3mgml,shg,roi3,3694.589317,60575.65443,31212.42159,291.2948765,65271.856,59462.15128,5787.896062,3889.251129,3085.265188,59187.22651,8957.483963,8947.483885,8821.851347,8854.218677,13858.77994,2436.214256,8060.572706,6087.652404,59512.47971,5268.343921,1172.147003,2005,65469,31015,17,65533,63024,3317,2062,736,62655,5404,5404,5281,5308,13859,92,4833,3506,63105,4110,80,4719.207978,5054.353763,8786.446372,2804.678173,1207.561207,1285.714781,8426.223087,6835.790487,5503.765721,7823.645222,9769.795868,9732.642953,9724.960938,9739.31873,6.825137967,5717.058268,8701.385192,7102.967643,8333.751533,4833.519329,3210.300258,D1,N8,t
appliedMASKiso_shg_3mgml_roi3_8bit.ome,14,68.47101034,65.37231034,0.91386069,3.639455172,38.66,48.544,0.92332,3.4574,29,60.0910249,37.02480632,0.046364413,0.79195172,14,4639,26.2546,3797,101,37.5941,16,1.2927,0.0175,0.1077,0.3038,131072,0.580955207,737.6565552,0.403043926,11.88480759,11.12850189,662.7664185,0.756186545,0.584520221,711.3549805,0.420132965,11.50678921,10.21267223,631.0939941,0.767970622,0.177458242,350.0627747,0.120098017,5.48413229,6.576705933,367.6240845,0.119428597,3mgml,shg,roi3,3708.20025,60489.63038,31187.64968,301.2890127,65267.85148,59537.29565,5782.844075,3927.09305,3020.4017,59286.29532,8884.504152,8871.484596,8753.460456,8784.71736,13859.0964,3223.444148,8025.955435,6069.317101,59603.04383,5336.119534,1143.483521,2011,65468,31010,15,65533,63055,3300,2062,708,62718,5340,5339,5245,5270,13859,118,4744,3493,63153,4138,79,4712.771133,5156.742279,8793.546928,2725.745365,1236.431908,1299.744751,8298.337247,6793.847313,5540.396741,7703.834052,9676.597497,9636.484881,9613.829847,9630.167284,127.9594694,6670.027,8764.014271,7043.587792,8208.888502,4946.102808,3238.263309,D1,N8,t
appliedMASKiso_shg_3mgml_roi3_8bit.ome,15,50.52377857,51.575,0.918571786,3.635235714,35.317,45.447,0.9232,3.61825,28,47.71084856,21.48186503,0.040748525,0.948142639,15,4194,29.2525,3456,96,36,14,1.2662,0.01,0.0983,0.3121,131072,0.624859273,677.8102417,0.397756189,10.73285294,9.909507751,613.6913452,0.784628212,0.632541895,636.9845581,0.4112553,10.23887444,8.529785156,540.7005615,0.797959864,0.174601227,352.2314148,0.125152528,5.409254551,6.599476814,388.2684937,0.115767822,3mgml,shg,roi3,3621.472403,59995.06432,31089.13214,272.5423814,65293.53925,59847.87684,5631.693217,3848.785576,2738.301032,59630.08037,8535.238318,8519.336615,8433.174501,8459.307434,13858.7341,2775.674891,7633.126606,5884.60395,59939.00284,5326.798932,999.0131162,1974,65433,30992,13,65534,63199,3248,2053,674,62828,5159,5149,5063,5085,13859,78,4611,3407,63285,4088,71,4606.511533,5079.126915,9177.236898,2653.097167,1075.215291,1146.61503,7873.948759,6611.684211,4972.082053,7207.478474,9250.39366,9207.785249,9228.12574,9237.750455,8.877153534,6380.179777,8222.933641,6815.656286,7741.787299,5015.467886,2869.900651,D1,N8,t
appliedMASKiso_shg_3mgml_roi3_8bit.ome,16,44.24711875,52.1789375,0.9254325,3.4541875,29.992,41.7215,0.93275,3.285,32,41.70318843,28.23959794,0.027665028,0.768519797,16,4172,29.4173,3460,91,38.022,21,1.2627,0.0161,0.1047,0.2498,131072,0.597395241,712.0571289,0.394510448,11.46695709,10.66620827,637.9796753,0.766227365,0.60328728,676.4319458,0.413051099,11.00128651,9.383241653,581.4789429,0.779545784,0.179809645,355.2808228,0.127150595,5.592918396,6.907224655,376.1062317,0.122342065,3mgml,shg,roi3,3677.259886,60465.02407,31110.53701,286.7678077,65279.3926,59666.96525,5728.421173,3887.064975,2931.569687,59424.06055,8788.459894,8774.967689,8661.121151,8691.627817,13858.75087,2820.094507,7936.477712,6013.963289,59737.14223,5350.31292,1108.972769,2063,65459,30997.5,13,65533,63049,3421,2162.5,714,62725,5426,5428.5,5332,5353,13859,83,4833,3574,63145,4251,78,4613.64599,4939.70338,9014.260293,2784.005176,1141.961341,1187.157021,8070.803389,6593.323954,5322.974015,7467.312194,9453.550178,9415.37381,9391.808685,9408.302998,9.844699739,6697.460664,8542.290466,6887.735084,7969.74352,4911.968084,3176.38311,D1,N8,t
appliedMASKiso_shg_3mgml_roi3_8bit.ome,17,60.22404848,58.51272727,0.914590909,3.614842424,37.569,46.738,0.91663,3.5592,33,55.91492631,30.83309613,0.038907517,0.710000793,17,4125,29.7753,3356,105,31.9619,17,1.2576,0.0167,0.1005,0.2594,131072,0.61875087,678.8473511,0.420132637,10.80456066,10.44050312,649.8881836,0.78012985,0.622220755,645.336853,0.439883918,10.41683674,9.009200096,574.4795532,0.791800559,0.183082551,357.1017761,0.141898111,5.568892479,6.970712185,403.1118164,0.122022547,3mgml,shg,roi3,3646.173144,60055.78517,31116.78577,230.5151876,65315.78791,59818.15954,5669.037019,3856.33019,2793.872696,59587.90739,8612.045728,8595.5049,8506.631363,8533.26218,13858.78246,2898.940063,7726.107925,5934.60087,59895.14793,5384.178891,992.0205714,2028,65441,31003,13,65533,63083,3352,2115,720,62742,5388,5392,5274,5300,13859,109.5,4833,3533,63174,4183,75,4546.498539,4891.394197,9294.204428,2759.837438,815.0566078,932.6109457,7764.762861,6501.755729,5024.548615,7154.56252,9166.945686,9127.403225,9138.346943,9148.914381,8.03264935,6495.677524,8251.024453,6739.648577,7665.201557,5062.012985,2675.316453,D1,N8,t
appliedMASKiso_shg_3mgml_roi3_8bit.ome,18,61.62173636,59.05545455,0.916497273,3.698639394,29.876,51.9,0.92159,3.7539,33,56.76237093,33.70585802,0.043135253,0.606148699,18,4118,29.8293,3385,103,32.8641,23,1.2544,0.0173,0.096,0.2308,131072,0.626906157,679.1269531,0.440837622,10.65103245,10.41633129,687.2183228,0.78577292,0.628634453,639.1654663,0.462453663,10.21702099,9.10984993,591.0512085,0.795503497,0.180804804,371.6226196,0.155852094,5.638365746,6.791310787,449.4762878,0.118276663,3mgml,shg,roi3,3663.480734,59865.78542,31188.94857,205.7993204,65331.7254,59917.03095,5680.928288,3905.32661,2664.885319,59728.90129,8496.701682,8474.548318,8419.183933,8440.906391,13858.76501,2823.453193,7535.735529,5912.654615,60015.37673,5475.039737,904.1314632,2048,65407,31017,16,65533,63076,3369,2123,716,62746,5381,5379,5281,5307,13859,109,4789,3544,63169,4189,76,4476.668091,4884.17726,9424.423203,2724.718944,703.3178858,821.9393938,7431.766625,6399.919263,4638.743382,6772.698348,8858.400018,8814.292444,8858.326146,8863.427453,8.5851355,6408.345153,7869.276822,6581.998541,7303.373932,5216.69613,2319.803576,D1,N8,t
appliedMASKiso_shg_3mgml_roi3_8bit.ome,19,62.69745613,56.18570968,0.930627419,3.704145161,27.072,51.284,0.93168,3.4941,31,61.81380539,23.962816,0.021597661,0.777450726,19,3938,31.2841,3210,95,33.7895,16,1.2425,0.0134,0.1041,0.2509,131072,0.591635227,732.3407593,0.407984704,11.70694065,10.91128826,682.2579956,0.763427734,0.584027231,708.1566162,0.424119502,11.4963665,10.35392761,638.420166,0.767413914,0.176018715,365.5384216,0.14672704,5.604138374,6.357553959,397.4537964,0.116261259,3mgml,shg,roi3,3660.273166,60478.90145,31185.3722,167.7204685,65349.66119,59773.87649,5703.345324,3863.602602,2685.981227,59575.87476,8678.113501,8661.941978,8580.66683,8606.268866,13858.72697,2799.058938,7693.902882,5974.614438,59866.89722,5461.413119,860.8187933,2121,65455,31018,15,65533,62875,3473,2176,781,62559,5643,5646,5530,5557,13859,95,5055,3691,62974,4297,86,4263.996672,4624.473812,8950.848251,2699.546363,465.0941551,644.6388477,7296.624548,6208.81258,4344.316095,6666.900906,8761.268625,8724.958489,8741.001923,8750.103573,8.09184565,6617.258942,7771.343112,6409.972219,7179.665898,4953.55319,1975.583788,D1,N8,t
appliedMASKiso_shg_3mgml_roi3_8bit.ome,20,65.4693881,49.89402381,0.913061429,3.544985714,33.5005,42.449,0.922935,3.4156,42,64.52451658,21.86849588,0.048568473,0.618572736,20,4634,26.2851,3756,110,34.1455,20,1.2846,0.0204,0.1227,0.2441,131072,0.510116875,845.0182495,0.356700361,14.07238483,12.54649258,699.2860718,0.707917213,0.486473858,849.7692871,0.362554729,14.2675209,12.62614822,711.1607666,0.701485157,0.170870349,344.3149719,0.126441449,5.523646355,6.278145313,333.5826111,0.119261555,3mgml,shg,roi3,3778.102416,61611.78351,31037.03235,181.9662749,65328.44057,59235.59151,5985.353597,3986.28744,3095.125797,58975.43898,9340.132933,9334.772626,9195.037752,9229.931846,13858.67528,2950.558111,8367.510596,6292.012854,59279.49626,5505.484564,1027.964405,2317,65495,31001,17,65532,62398,3836,2368,940,62095,6325,6335,6183,6214,13859,97,5631,4075,62477,4592,102,4125.774514,4492.924361,7895.646415,2635.514464,583.782215,724.3549485,7631.091991,6187.717933,4827.315444,7148.600289,9067.051308,9042.980427,8991.140411,9010.954271,9.585319536,6798.315989,8145.716333,6427.344237,7603.42016,4585.97272,2299.643798,D1,N8,t
appliedMASKiso_shg_3mgml_roi3_8bit.ome,21,65.91808611,51.42527778,0.920872222,3.531675,28.3545,48.99,0.91908,3.5199,36,66.30956345,18.34226533,0.032243631,0.689852619,21,4131,29.7291,3437,85,40.4353,19,1.2536,0.019,0.1005,0.2352,131072,0.592338324,712.7810059,0.373995692,11.56961823,10.34467697,636.2842407,0.765678108,0.581622064,708.5625,0.377294838,11.65847588,9.590400696,568.453186,0.765551627,0.158107549,317.5267334,0.145581231,4.873985767,6.013249397,398.3773804,0.102501519,3mgml,shg,roi3,3563.819643,61005.60757,31088.75556,204.546657,65345.70432,59931.99416,5612.846381,3827.374952,2561.285766,59714.23677,8535.143419,8518.849545,8437.639285,8463.048178,13859.14743,2878.948859,7653.96663,5848.160301,60007.02652,5445.422547,797.5520927,2168,65464,30976,13,65533,62740,3594,2254,802,62432,5795,5797,5681,5705,13859,107,5143,3782,62834.5,4400,81,3961.872173,4469.995368,8266.771533,2647.124079,1172.220134,1041.163714,6927.362619,5913.554806,4113.843433,6361.613501,8340.158368,8304.903351,8316.169163,8325.636903,142.9416008,6701.050336,7499.947149,6043.621643,6854.822035,4652.740978,2235.567942,D1,N8,t
appliedMASKiso_shg_3mgml_roi3_8bit.ome,22,64.51558061,54.87827273,0.918696364,3.500990909,28.393,46.505,0.93374,3.524,33,63.53415435,26.50980964,0.043091254,0.619116913,22,4404,27.7623,3670,78,47.0513,30,1.2692,0.0131,0.107,0.211,131072,0.563157022,759.1491089,0.385555208,12.35691738,11.40855885,702.3342285,0.746214986,0.551237166,749.1345215,0.397595227,12.44816494,10.73104,619.3041382,0.746283531,0.162448213,330.9838562,0.152776226,5.009590149,6.519864082,464.0944519,0.107142918,3mgml,shg,roi3,3657.221107,61399.11742,31096.49245,201.5994662,65337.51401,59747.54421,5735.812199,3918.730857,2664.741658,59547.48253,8742.982123,8727.719553,8637.515568,8664.557963,13858.66923,2898.587978,7779.373474,5985.861539,59832.18375,5551.655633,834.8189526,2243,65486,30983,12,65532,62559,3697,2316,854,62272,6046,6049,5905,5935,13859,112.5,5276,3900,62662.5,4507,88,4087.340578,4604.811241,7903.875609,2625.005488,1008.825157,962.4372542,7126.09887,6014.716928,4306.372782,6572.017683,8527.026855,8495.046124,8486.788593,8499.279413,10.1010581,6525.67565,7636.981426,6169.408509,7047.653115,4783.209029,2192.164459,D1,N8,t
appliedMASKiso_shg_3mgml_roi3_8bit.ome,23,62.04353611,56.07172222,0.909323611,3.556719444,30.3765,50.987,0.921615,3.5763,36,62.1207222,24.04645294,0.042920873,0.590622538,23,4481,27.2508,3775,85,44.4118,26,1.2727,0.0247,0.1093,0.241,131072,0.563263834,759.4849854,0.394084215,12.36583328,11.50732422,703.130127,0.746192098,0.550348043,762.3499146,0.417547494,12.54343128,10.94443226,661.9223022,0.745104253,0.162890449,326.2409668,0.148256332,4.9980793,6.380954266,430.7190247,0.107612461,3mgml,shg,roi3,3684.105196,61516.1502,31113.55493,151.8826655,65363.83076,59728.50454,5728.734294,3882.097671,2647.512077,59542.87591,8785.100623,8771.027205,8677.95172,8705.411507,13858.70442,2741.377971,7854.497401,6026.511443,59823.72665,5627.033706,784.7033385,2307,65488,30987,12,65532,62533,3732,2359,853,62270,6096,6100,5985,6007,13859,107,5410,3995,62639,4633,83,4046.411997,4458.439805,7791.576412,2647.309496,526.5529499,660.7307113,7098.555791,5959.085059,4234.029935,6536.689631,8504.171534,8475.26025,8465.614682,8478.156745,7.614026145,6342.446716,7621.538438,6146.196847,7007.464983,4763.983977,1920.416525,D1,N8,t
appliedMASKiso_shg_3mgml_roi3_8bit.ome,24,65.19666286,64.25257143,0.915014571,3.506108571,36.193,54.982,0.91911,3.4306,35,61.29154188,32.83606178,0.032844615,0.586785992,24,4535,26.9025,3776,94,40.1702,22,1.2808,0.0188,0.1039,0.2289,131072,0.591374278,718.8300781,0.415587544,11.53102684,10.91174698,691.0655518,0.765102327,0.581281602,712.515686,0.445200592,11.60913467,10.2752533,645.644104,0.765651822,0.16023849,321.8500366,0.153236389,4.880711555,6.158437729,417.2763977,0.104460046,3mgml,shg,roi3,3687.3723,61246.09741,31120.27399,137.2434643,65373.46957,59817.79433,5715.809448,3907.644734,2561.207775,59659.91145,8672.413551,8653.657935,8581.97713,8606.264647,13858.72133,2616.623846,7707.430034,5997.836395,59926.46603,5672.323599,741.508969,2319,65479,30984,13,65532,62582,3767,2377,806,62374,6010,6000,5920,5945,13859,83,5276,3999,62723,4670,78,4010.693536,4452.062172,7922.57723,2621.123424,408.68114,569.4685078,6950.03127,5897.612378,4112.475543,6375.313868,8371.404456,8339.198173,8333.558368,8345.321877,11.66583537,6216.631045,7494.288588,6079.481743,6853.235008,4779.506188,1764.121305,D1,N8,t
appliedMASKiso_shg_3mgml_roi3_8bit.ome,25,57.54671562,56.832125,0.924882812,3.5935375,21.262,50.133,0.935135,3.652,32,63.72997247,18.81249793,0.034454875,0.577712855,25,4469,27.3294,3729,86,43.3605,18,1.2761,0.0175,0.0973,0.2416,131072,0.622684419,662.7868652,0.421427011,10.58615685,10.07553768,647.7711182,0.785433412,0.619010448,648.607666,0.445291698,10.51858711,9.120447159,571.7860107,0.789560497,0.158667654,313.6737671,0.155272737,4.773944855,5.960699558,393.7241211,0.101757079,3mgml,shg,roi3,3660.507931,61163.79073,31129.69044,142.6040338,65373.08961,59950.66313,5657.618423,3889.035187,2427.382297,59819.49722,8482.072146,8458.907009,8411.958949,8432.45181,13858.71622,2595.905007,7455.738022,5916.571915,60073.18483,5678.041421,721.6062117,2294.5,65461,30985,14,65532,62664,3697,2368,783,62420,5857,5845,5765,5787,13859,98,5188,3915,62793,4630,76,3951.10578,4372.244843,7830.821161,2651.742125,504.2909014,624.2676561,6780.359304,5818.998622,3870.921273,6178.898468,8163.905233,8129.980285,8156.562843,8163.315434,11.05202886,6093.276843,7140.250624,5975.078173,6665.536456,4789.284641,1816.661985,D1,N8,t
appliedMASKiso_shg_3mgml_roi3_8bit.ome,26,69.47276471,61.19294118,0.916020294,3.572482353,38.633,58.5155,0.92397,3.62855,34,68.35366135,22.45955494,0.03802242,0.539985034,26,4413,27.7016,3731,85,43.8941,19,1.2736,0.0155,0.1009,0.2598,131072,0.630443037,653.4868164,0.434020787,10.35673904,10.00770187,657.3408203,0.790990055,0.628638387,635.2595215,0.462924957,10.22341347,8.929897308,571.5550537,0.795974731,0.152463019,304.6187439,0.157331213,4.582766533,5.968603134,406.9356689,0.097159155,3mgml,shg,roi3,3762.924923,61271.79532,31100.91894,174.9339306,65346.476,59837.48785,5777.030667,4013.985339,2533.003895,59723.27576,8610.629246,8582.602308,8544.823031,8564.328162,13858.67062,2778.805778,7633.192808,6044.372223,59957.74313,5807.285692,780.494892,2366,65468,30972,14,65532,62569,3784,2438,803,62356,5986,5971,5896.5,5921,13859,97,5232,4009,62709,4765,79,4001.458524,4485.047497,7667.09757,2658.319917,669.6133997,763.1211838,6847.097877,5856.455832,4065.728316,6282.48981,8219.854962,8184.258644,8194.110934,8203.23992,11.04696841,6465.295328,7381.60085,6026.570721,6761.873418,4836.145508,2020.110627,D1,N8,t
appliedMASKiso_shg_3mgml_roi3_8bit.ome,27,64.87869375,58.9705625,0.920855,3.48879375,43.4165,40.7445,0.9352,3.5345,32,60.0687297,39.95036187,0.041979639,0.602341866,27,4196,29.2376,3573,83,43.0482,21,1.2614,0.0119,0.0978,0.2935,131072,0.652450025,622.6029053,0.443837404,9.744519234,9.382741928,635.1644287,0.805716336,0.665300548,588.9663696,0.460403413,9.324847221,8.08909893,532.3653564,0.818175733,0.139287993,272.3752441,0.142940268,4.102320671,5.513352871,388.6188049,0.087409608,3mgml,shg,roi3,3773.852679,61415.45191,31054.31039,174.307231,65346.93453,59892.93687,5756.319364,3986.176719,2448.076285,59802.04778,8557.023274,8527.814302,8501.888528,8519.584855,13858.61443,2866.039556,7514.893808,6037.46243,60027.00728,5870.72472,755.0285834,2413,65462,30967,12,65532,62466,3870,2490,825,62294,6074,6061,6006,6027,13859,90,5232,4091,62618.5,4832,75,3985.309254,4349.727504,7388.567049,2613.438285,656.3025381,763.3538974,6747.269617,5752.664009,3936.31874,6166.414792,8074.613895,8038.624289,8058.129795,8065.737034,12.95705299,6757.40113,7137.323892,5965.345566,6647.851886,4861.530844,2041.101078,D1,N8,t
appliedMASKiso_shg_3mgml_roi3_8bit.ome,28,66.51642188,57.0815625,0.923530938,3.538990625,42.986,47.3845,0.92529,3.50085,32,65.0424111,33.13451253,0.030718883,0.616197494,28,4335,28.236,3801,91,41.7692,15,1.2684,0.0144,0.0991,0.2518,131072,0.655637085,620.8380737,0.463442773,9.645636559,9.455881119,665.8431396,0.808423102,0.665786088,598.8153076,0.477847606,9.30154705,8.417924881,569.3704834,0.818544328,0.128852636,251.4318237,0.144141376,3.75279808,5.322057247,422.5436401,0.08098381,3mgml,shg,roi3,3877.679573,61483.22657,31049.2565,180.2402069,65338.94575,59849.21714,5891.963549,4125.48735,2418.232498,59812.86504,8616.995692,8581.260436,8591.271479,8604.003655,13858.6104,3298.643425,7533.03117,6144.970558,59997.58871,6077.072262,728.3200977,2505,65462,30968,11,65531,62350.5,3974,2569,848,62225,6213,6189.5,6157,6175,13859,117,5365,4233,62516.5,4952,70,4137.838162,4571.241687,7230.473619,2576.890793,664.838442,785.6855904,6696.343446,5867.00032,3873.687724,6067.914893,7961.075989,7915.794178,7994.16904,7992.980513,13.50535713,7115.60339,7016.002673,6004.53431,6582.588591,5179.005522,1949.478381,D1,N8,t
appliedMASKiso_shg_3mgml_roi3_8bit.ome,29,76.22931122,49.0787561,0.917841463,3.545956098,57.171,43.286,0.93421,3.4407,41,70.71349338,20.5380639,0.04116279,0.687029344,29,4593,26.5375,3989,112,35.6161,18,1.2842,0.0139,0.1026,0.2497,131072,0.639502227,669.9501343,0.455336541,10.28289509,9.985892296,722.9990234,0.798427522,0.643451869,641.619751,0.469664931,9.993267059,8.931314468,601.4442139,0.804905176,0.129096076,271.1231689,0.155689329,3.921249866,5.447440624,493.9423218,0.080944419,3mgml,shg,roi3,3976.705802,61891.18641,31012.17968,163.4588407,65348.28169,59840.62621,5941.257336,4216.684153,2409.158265,59846.25024,8700.908029,8662.857323,8659.327133,8674.26888,13858.65805,2618.103509,7641.765544,6238.549098,60018.10045,6315.155828,682.3603858,2569,65491,30949,11,65531,62282,4026,2613,874,62170,6363,6342,6276,6300,13859,109,5543,4317,62443,5116,66,4218.690128,4694.924068,6933.460731,2415.267533,554.5210128,704.1347832,6655.776344,5851.401785,3936.043118,6026.359698,7929.149709,7886.745022,7932.965504,7935.6305,11.88951166,5988.644852,7064.518131,6023.134724,6508.368283,5392.337867,1855.489312,D1,N8,t
appliedMASKiso_shg_3mgml_roi3_8bit.ome,30,82.07753143,62.50165714,0.915772571,3.467814286,55.408,53.106,0.91996,3.3274,35,70.14856732,32.7758995,0.033558966,0.635057476,30,4539,26.8771,3943,86,45.8488,24,1.2822,0.0197,0.1063,0.2663,131072,0.630175233,710.9263306,0.470366865,10.74821568,10.56630802,756.8737183,0.79125756,0.625919223,691.6522217,0.487579405,10.55659008,9.78151226,687.7354126,0.794137537,0.145197481,320.4221497,0.132604405,4.598498344,5.761982918,460.9024353,0.091879949,3mgml,shg,roi3,4119.120098,61965.55784,31045.50706,133.8620962,65363.71428,59639.87117,6211.926561,4408.908428,2438.884364,59702.04541,8955.336618,8910.024595,8950.045286,8959.165522,13858.64779,3353.968854,7794.680052,6465.089009,59816.80522,6580.302359,656.7879928,2780,65501,30974,11,65530,61992,4337,2822,964,61913,6719,6704,6659,6676,13859,154.5,5853,4626,62154,5453,74,4139.561482,4756.9716,6624.952338,2311.240287,479.0678369,635.2326322,6589.166331,5923.24736,3920.420535,5972.328628,7853.916103,7803.490598,7896.243192,7892.032035,11.12349363,6921.555705,7018.078934,5981.900036,6480.906552,5322.211102,1832.517176,D1,N8,t
appliedMASKiso_shg_3mgml_roi3_8bit.ome,31,72.84681714,60.60654286,0.912636,3.524751429,28.511,51.438,0.92731,3.5272,35,70.44922002,33.4704349,0.049268976,0.741989229,31,4399,27.7961,3874,80,48.425,28,1.2732,0.0157,0.1077,0.3114,131072,0.632642388,717.3417358,0.470754474,10.72829342,10.72535133,758.5819092,0.792270064,0.632765591,681.6268311,0.479149222,10.38080597,9.88807106,692.1033325,0.798335075,0.154758886,348.9778137,0.131793484,4.962363243,6.12485075,454.4391174,0.097959653,3mgml,shg,roi3,4227.19909,61952.8589,31013.04714,134.6949673,65359.85342,59489.78156,6310.056005,4464.81686,2492.585847,59573.02512,9167.408408,9123.297777,9148.048093,9159.68761,13858.62811,2572.010217,7999.352672,6625.413932,59678.39453,6751.05556,656.792444,2921,65499,30987,12,65529,61790,4510,2962,1029,61770,6992,6970,6937,6952,13859,112,6119,4841,61980,5691,76,4124.097544,4654.95641,6523.079559,2309.2544,504.3733309,661.9666741,6623.654918,5871.298057,3891.228903,6021.418411,7859.110799,7812.885741,7894.792065,7892.230604,11.11825554,6017.905882,6990.446928,5979.749718,6518.248214,5243.688335,1845.11166,D1,N8,t
appliedMASKiso_shg_3mgml_roi3_8bit.ome,32,97.04735897,58.15328205,0.917964359,3.566697436,79.046,48.346,0.92293,3.5564,39,70.41940233,25.16567464,0.0428256,0.726560521,32,4512,27.0499,3919,106,36.9717,14,1.2806,0.0138,0.1165,0.3166,131072,0.601976454,768.2164307,0.476270497,11.60051823,11.89460182,820.3496094,0.771991432,0.600809932,721.670166,0.492494911,11.18765068,10.89998436,744.7147217,0.778398395,0.163145691,360.2507629,0.134650961,5.203956604,6.788156033,479.2534485,0.106003173,3mgml,shg,roi3,4461.779658,62346.33931,30971.15126,153.2139632,65331.32009,59122.59404,6654.318083,4718.5354,2689.913435,59252.18552,9629.44902,9580.007304,9617.119773,9627.803894,13858.70909,2879.56855,8419.985622,6981.743025,59316.12845,7033.983458,734.0072521,3178,65511,30985,12,65527,61427,4872,3216,1161,61461,7522.5,7489.5,7452,7470,13859,111,6518,5231,61616,6116,90,4212.011565,4760.938119,6190.250089,2114.76204,534.6381323,721.7411862,6820.346023,5999.425046,4131.004375,6233.287941,8004.424588,7955.417499,8047.304328,8043.507918,12.85282385,6726.079248,7137.563657,6107.444489,6730.277715,5219.302603,1970.589409,D1,N8,t
appliedMASKiso_shg_3mgml_roi3_8bit.ome,33,86.93537805,60.18414634,0.918173902,3.4984,75.256,52.316,0.92367,3.4554,41,68.60049885,27.30686793,0.036308826,0.702614569,33,4853,25.0086,4230,114,37.1053,25,1.3062,0.0187,0.1182,0.2923,131072,0.58763206,805.0670776,0.4772439,12.12160301,12.49213982,859.5220947,0.762084007,0.594002426,752.4035645,0.489255726,11.51501369,11.20741653,774.4540405,0.773922324,0.166070387,373.1957397,0.13160792,5.359870911,7.15189743,500.0391846,0.109514043,3mgml,shg,roi3,4611.942078,62502.06516,30988.93739,171.6173516,65308.61405,58949.85593,6866.250195,4885.251183,2733.960226,59146.42811,9834.993738,9780.605918,9846.757899,9853.624415,13859.01775,2886.920245,8474.310636,7180.050558,59167.05292,7250.548654,777.1159558,3331,65511,30993,12,65526,61180,5114,3382,1219,61302,7835,7802,7787,7801,13859,109,6651,5477,61396,6330,94,4293.378467,4840.32078,6028.624072,2120.895409,607.8843709,814.3598579,6915.08895,6092.485253,4244.485017,6304.139994,8029.641175,7975.887474,8091.987672,8084.526165,122.0091711,6643.952343,7060.654627,6181.639372,6816.724365,5284.478487,2238.244155,D1,N8,t
appliedMASKiso_shg_3mgml_roi3_8bit.ome,34,84.33343542,55.46779167,0.918798333,3.568004167,65.737,54.769,0.91988,3.4906,48,68.25220828,18.47862527,0.042475406,0.778247072,34,4943,24.5169,4232,106,39.9245,23,1.3107,0.0269,0.1271,0.2835,131072,0.561960578,851.8214111,0.481432259,12.90461922,13.39229012,911.9135132,0.74498266,0.562938154,796.7098999,0.497693241,12.31287003,12.29953003,841.3283081,0.754123271,0.165564373,378.9324951,0.133048758,5.431354046,7.338853836,511.3921204,0.111719713,3mgml,shg,roi3,4858.538274,62857.39834,30981.25039,171.213039,65289.41383,58564.51707,7209.427999,5152.139397,2913.602156,58801.869,10301.63815,10243.00525,10316.31774,10322.99366,13858.65804,2943.905571,8892.926807,7537.653635,58785.26633,7549.997081,809.6078366,3584,65516,30991,12,65522,60738,5494,3626,1411,60892,8409,8372,8346,8369,13859,121,7227,5894,60947,6672,115,4418.954016,4981.609208,5675.77589,2090.986645,560.4203927,795.9149886,7044.716483,6208.099587,4164.212608,6389.737712,8124.208692,8066.933454,8203.088962,8193.192928,9.812737195,6553.373519,7088.876207,6296.171247,6925.371803,5416.989187,2019.35934,D1,N8,t
appliedMASKiso_shg_3mgml_roi3_8bit.ome,35,70.91856667,53.77258824,0.918407255,3.502215686,39.668,50.563,0.92224,3.421,51,62.23634358,21.82707815,0.033464435,0.684224058,35,5306,22.7028,4522,110,41.1091,31,1.3305,0.0199,0.13,0.2769,131072,0.559088767,871.2290649,0.475694925,13.11980057,13.39783478,905.4550781,0.742475271,0.564516902,830.9863281,0.489208102,12.57612801,12.03120708,830.7462158,0.7548908,0.169572502,385.6605225,0.122652307,5.581477642,7.321989536,483.811615,0.115872003,3mgml,shg,roi3,4966.665661,63076.01939,30981.69477,159.2579251,65291.5667,58340.587,7349.063778,5236.517397,3071.173151,58580.69448,10608.40349,10551.86143,10597.50698,10608.661,13858.63747,2678.102071,9245.879418,7726.583715,58559.36853,7691.335355,839.3435657,3718,65520,30992,14,65521,60523,5702,3792,1487,60707.5,8708,8671,8649,8669,13859,94.5,7494,6104,60755,6920,122,4412.255298,4976.908396,5491.102321,2026.932608,463.4346638,728.4280125,7093.175784,6170.550226,4335.225326,6496.418659,8201.480494,8150.485934,8237.659214,8234.543678,8.639221344,6352.083078,7335.598379,6299.317901,6998.906237,5432.359739,2039.102652,D1,N8,t
appliedMASKiso_shg_3mgml_roi3_8bit.ome,36,67.58355679,55.26396226,0.91160717,3.451256604,35.311,49.814,0.92274,3.3548,53,64.36074204,20.9565404,0.047764464,0.708764091,36,5352,22.4905,4591,101,45.4554,36,1.3287,0.017,0.1357,0.2808,131072,0.559105277,886.5194092,0.485221565,13.21635723,13.67895317,927.9484863,0.742144108,0.561738968,870.3137207,0.50173682,12.93431091,12.65474224,907.609436,0.753054142,0.172057331,378.4151917,0.112852193,5.604109764,7.353811741,456.2434998,0.117655165,3mgml,shg,roi3,5133.269773,63177.41341,30959.88668,173.6001193,65267.66475,57989.3657,7607.919542,5397.198814,3299.011066,58248.5788,11004.22521,10946.15664,10992.13185,11003.88211,13858.66046,3119.445953,9670.130916,8004.670133,58205.7745,7833.692541,921.5193827,3936,65522,31007,16,65517,60192,5995,3985,1611,60448,9086,9037,9050,9073,13859,123,7804,6416,60445.5,7189,147,4465.74034,5012.780742,5356.995327,1998.050759,586.2724378,842.3314534,7300.797527,6289.746304,4547.526524,6699.066895,8422.809993,8368.997951,8459.018264,8456.253953,7.857162947,6924.944757,7637.098054,6433.332889,7216.675217,5415.699921,2211.739087,D1,N8,t
appliedMASKiso_shg_3mgml_roi3_8bit.ome,37,82.74493,59.46933333,0.917392917,3.54235,59.116,48.601,0.92393,3.37145,48,70.05263521,28.72427441,0.038048509,0.630344055,37,5323,22.6239,4513,119,37.9244,31,1.3266,0.015,0.1382,0.2841,131072,0.556789637,893.8135376,0.477736652,13.29750443,13.59747028,933.3182983,0.742018878,0.557315946,889.5722656,0.482309252,13.12683105,12.83837509,901.3324585,0.750527501,0.163272843,349.2272034,0.12623623,5.202854633,6.834063053,448.4064026,0.109602533,3mgml,shg,roi3,5126.023984,63107.30917,30946.07034,203.9147347,65249.20444,57876.12005,7635.577032,5389.87691,3342.365217,58122.39442,11133.43791,11082.49894,11107.2095,11122.08365,13858.69946,2700.938547,9741.116147,8040.192541,58090.91602,7739.939537,949.0255182,3919,65523,31017,16,65518,60151.5,6030,3985,1615,60384,9146,9107,9107,9122.5,13859,87,7804,6443,60396,7124.5,148,4557.477525,5148.535455,5461.73192,1964.25229,1039.189508,1144.39443,7498.32031,6443.807304,4534.938264,6850.053675,8642.532169,8588.24744,8678.453688,8676.230361,8.317415154,6508.068346,7764.686612,6590.600645,7392.219546,5366.340952,2494.464604,D1,N8,t
appliedMASKiso_shg_3mgml_roi3_8bit.ome,38,81.76589074,53.91031481,0.902802778,3.435722222,48.098,49.9595,0.92225,3.3883,54,67.29762324,20.79032939,0.067559482,0.569315688,38,5944,20.0513,4998,133,37.5789,37,1.3607,0.0181,0.1522,0.2722,131072,0.51103586,954.8101807,0.44798851,14.60869884,14.55083942,934.8762817,0.710819066,0.508214891,953.0162964,0.444121867,14.53516769,13.74656677,885.3970947,0.717283905,0.158025756,326.8331299,0.126389474,5.014507294,6.677093506,422.5067444,0.109434776,3mgml,shg,roi3,5052.750782,63600.90186,30888.01196,209.7729821,65240.92326,57796.28947,7560.30363,5271.103378,3551.136336,57964.60178,11258.74968,11216.31725,11180.58272,11204.23569,13858.67178,2796.212889,10038.32742,8012.61559,57976.65662,7534.914134,1036.776575,3764,65526,31001,15,65521,60297,5805,3801,1584,60465,9071,9037,8991,9016,13859,96,7893,6267,60527,6950,137,4631.510956,5131.665268,5057.109794,1958.472944,711.0767754,975.8797707,7826.712311,6548.300986,5095.243095,7230.256882,8977.154443,8925.646923,8969.13136,8974.016325,9.392885821,6479.67969,8233.169368,6761.923425,7745.111707,5200.958194,2582.39951,D1,N8,t
appliedMASKiso_shg_3mgml_roi3_8bit.ome,39,79.89760708,55.99873846,0.915315846,3.615518462,58.392,45.166,0.92617,3.5981,65,64.8550996,28.14362044,0.058371255,0.63952236,39,6492,18.1899,5465,150,36.4333,52,1.3849,0.0239,0.1677,0.2219,131072,0.475871325,1027.142334,0.454023123,15.74527454,16.09773445,1013.228333,0.685449898,0.466365099,1027.618774,0.453825086,15.78158379,15.41363335,972.18396,0.688157797,0.157063097,325.5931396,0.127379298,5.050618649,7.150324821,435.7122498,0.112064548,3mgml,shg,roi3,5141.833542,63765.85759,30878.11989,275.5032642,65177.50108,57591.11644,7719.71861,5377.062494,3677.315793,57765.22296,11469.98029,11426.60025,11398.702,11421.53517,13858.71846,2712.745869,10155.01351,8164.955463,57761.8643,7521.797298,1204.953639,3771,65526,30997,17,65521,60310,5823,3801,1596,60449,9089,9059,8997,9024,13859,100,7981,6264,60511.5,6941,141,4779.040544,5292.384543,4985.228969,1854.501723,877.7181964,1171.182395,8122.885478,6793.63615,5145.159247,7454.195311,9181.986362,9124.592898,9220.535896,9218.414435,6.391284333,6287.576182,8169.322223,6977.481198,8015.168336,5123.267452,2876.495461,D1,N8,t
appliedMASKiso_shg_3mgml_roi3_8bit.ome,40,84.53424821,57.1088209,0.906340448,3.466616418,69.864,44.991,0.91325,3.4787,67,66.29553706,33.56443439,0.044929051,0.595787165,40,6120,19.4171,5216,147,35.483,42,1.3675,0.023,0.1616,0.2318,131072,0.495922536,1016.080322,0.477018148,15.21556759,15.95495987,1045.1604,0.700131774,0.480488479,1045.229004,0.484541029,15.55228901,15.4689703,1022.988953,0.697800696,0.158348098,340.5584717,0.12359117,5.118605614,7.181515694,456.8719177,0.109946474,3mgml,shg,roi3,5001.867215,63597.27607,30896.0833,257.3147599,65210.75511,58068.03073,7516.157314,5304.157681,3287.045328,58284.7127,10887.44197,10832.84089,10876.7473,10888.4816,13858.60487,2686.643895,9507.409386,7867.283003,58260.33739,7483.801063,1033.324079,3615,65525,30993,17,65523,60623.5,5598,3679,1458,60768.5,8652,8622,8584,8603,13859,108,7494,6003,60848,6788,125,4761.313332,5379.558373,5209.548932,1973.397765,890.5235002,1144.731369,7768.733877,6793.33643,4692.711382,7016.184697,8840.334124,8770.299022,8945.708622,8931.40396,8.599358351,6234.373791,7758.862642,6863.465528,7627.547709,5267.547333,2536.405201,D1,N8,t
appliedMASKiso_shg_3mgml_roi3_8bit.ome,41,87.47663284,64.03395522,0.918162239,3.503928358,67.521,53.937,0.92558,3.4582,67,67.81728361,36.28804928,0.039659637,0.603255511,41,5968,19.9626,5119,128,39.9922,36,1.3592,0.0208,0.1645,0.2198,131072,0.497497231,1033.180176,0.517268598,15.16626072,16.84833908,1143.849854,0.701304793,0.470629334,1072.875366,0.523312628,15.76918602,17.08039474,1138.350098,0.691552997,0.161577195,357.8183899,0.105684698,5.249606133,7.576752186,502.7706909,0.112155698,3mgml,shg,roi3,5015.333058,63283.11108,30888.02771,302.6835539,65176.8035,58173.26298,7472.717028,5331.686832,3253.280291,58405.16653,10703.33016,10643.75216,10711.69228,10719.77389,13858.6709,2771.46123,9280.766105,7811.060316,58373.39578,7488.145607,1100.111193,3564,65522,30978.5,19,65523,60844,5477,3600,1388,60964,8313,8285,8255,8277,13859,107.5,7139,5854,61048,6646,131,4895.996615,5541.25039,5577.534604,2023.03706,1162.689528,1362.755268,7813.847757,6886.876654,4783.525116,7042.195864,8897.813526,8823.968093,9003.658142,8988.635491,7.787969239,6261.053369,7782.593888,6959.380177,7664.835882,5523.26752,2910.29802,D1,N8,t
appliedMASKiso_shg_3mgml_roi3_8bit.ome,42,86.60255574,66.0812623,0.912398197,3.636845902,83.66,58.164,0.92465,3.524,61,69.21176999,27.39381034,0.045164045,0.689069674,42,6100,19.4874,5268,134,39.3134,37,1.3662,0.0174,0.1657,0.238,131072,0.496997237,1056.601563,0.538565576,15.21429634,17.57218742,1223.267578,0.701025665,0.474383473,1085.117188,0.544762552,15.62806702,17.5859642,1224.177124,0.694135427,0.161833718,369.2374573,0.093075417,5.247282505,8.01000309,543.9488525,0.112907544,3mgml,shg,roi3,4927.293254,62981.92713,30878.8119,336.6999507,65158.41586,58375.76321,7253.026213,5176.431391,3259.05692,58557.80641,10426.08765,10366.65379,10418.34531,10428.36442,13858.62633,2622.511421,9100.850673,7629.731092,58558.36084,7338.0202,1171.791248,3434,65520,30978,22,65524,61115,5287,3513,1275,61246,7935,7897.5,7926,7935,13859,100,6784,5628,61317,6475.5,135,4946.609443,5454.060279,6035.899806,2181.946824,1250.779511,1424.013747,7816.860278,6791.75566,5054.363846,7096.44016,8973.465344,8904.552789,9026.123188,9019.767971,8.202703797,6259.972741,7981.761508,6982.585688,7685.056527,5717.639414,3240.983247,D1,N8,t
appliedMASKiso_shg_3mgml_roi3_8bit.ome,43,95.81707895,59.93003947,0.925971447,3.535130263,106.83,52.9825,0.934065,3.56545,76,67.71361304,26.86896726,0.027813189,0.663548847,43,6419,18.4195,5445,135,40.3333,41,1.3788,0.0221,0.1635,0.2042,131072,0.479302168,1023.404358,0.530890346,15.34005737,17.78962898,1168.968384,0.687105536,0.466646701,1039.840332,0.536334693,15.51922607,17.43496132,1138.687866,0.688685894,0.167594746,353.4596558,0.096219234,5.285644054,8.360328674,519.0137329,0.120318756,3mgml,shg,roi3,4664.053681,62869.10519,30905.53543,366.5480928,65151.06168,58494.90539,6982.17237,4898.397325,3295.132064,58565.07439,10209.82852,10164.31479,10175.69507,10190.91173,13858.68791,2675.298005,8943.661759,7345.138811,58631.18187,6843.322234,1292.094592,3190,65517,30978,24,65526,61319,4993,3277,1227,61345,7620,7586,7592,7607,13859,97,6607,5317,61485,6002,139,4701.111004,5164.634269,6082.11264,2303.529508,1604.437158,1606.530238,7824.273593,6596.520086,5128.820852,7176.102819,8970.337088,8917.200027,8994.236921,8994.6212,8.583159002,6219.245023,7922.097738,6814.741343,7719.673828,5343.242435,3706.074826,D1,N8,t
appliedMASKiso_shg_3mgml_roi3_8bit.ome,44,92.07962429,54.6028,0.910202429,3.51061,103.69,46.9995,0.92614,3.4495,70,66.84799368,23.41382576,0.047000369,0.639009534,44,6514,18.1217,5480,115,47.6522,55,1.3866,0.0232,0.1472,0.1768,131072,0.458944798,949.7880249,0.438853621,15.44306755,15.9417696,893.2216187,0.671310544,0.447698861,952.2493896,0.45255059,15.48240852,15.49566936,888.7194824,0.675077379,0.168790102,322.9434204,0.09998174,5.249510288,7.489084244,371.7653503,0.124689654,3mgml,shg,roi3,3945.801107,62723.24456,30914.15276,198.1401834,65303.75702,59099.7649,6111.908178,4094.54457,3276.0166,58842.48504,9531.732653,9522.018897,9386.571591,9421.265189,13858.62046,2729.729912,8735.422087,6502.124715,59107.02896,5882.78658,1102.211337,2686,65509,30950,18,65529,61810,4319,2735,1128,61594,6974,6973,6858,6885,13859,104,6163,4620,61883,5128,115,3946.799015,4240.427339,6256.971444,2414.227872,755.1097861,904.5565342,7270.101449,5768.399066,5177.842201,6929.743653,8547.1006,8529.327346,8437.264629,8461.610346,13.41426613,6204.638216,8009.403649,6083.470179,7306.502148,4505.302509,2994.12438,D1,N8,t
appliedMASKiso_shg_3mgml_roi3_8bit.ome,45,95.51633585,49.04715094,0.890573585,3.184566038,115.77,39.986,0.89,3.0908,53,67.80822463,21.98897439,0.039201364,0.542365561,45,6069,19.5971,5071,67,75.6866,39,1.3674,0.0194,0.1581,0.1614,131072,0.294166028,1183.079102,0.203800708,21.03342628,17.66702652,753.7436523,0.537297368,0.283484876,1203.83606,0.207030118,21.33898735,17.14383125,761.2252197,0.53858763,0.122257344,229.067337,0.077743977,4.141451359,5.626410007,176.8475342,0.109331675,3mgml,shg,roi3,3578.161407,63308.74722,30843.80828,104.1585728,65379.46245,58797.16664,5970.924414,3758.542252,3526.031059,58197.02515,9922.241127,9954.53022,9691.513412,9744.327202,13858.66759,2734.965809,8453.856743,6282.945465,58641.58089,5302.912361,1055.871745,2563,65514,30916,12,65527,61093,4475,2639,1507,60574,7731,7771.5,7530,7576,13859,108,6429,4721,61035,4560,135,3325.858156,3610.177631,5345.257089,2108.668163,347.3532384,531.4849395,6884.132311,5169.649242,5080.113957,6845.438902,8038.287635,8044.340397,7893.604325,7926.064891,9.21716603,6464.825218,7049.861775,5392.951306,7069.223337,3808.076775,2670.907518,D1,N8,t
