image_name,slice,mean_HistANG,mean_HistLEN,mean_HistSTR,mean_HistWID,median_HistANG,median_HistLEN,median_HistSTR,median_HistWID,n_HistANG,std_HistANG,std_HistLEN,std_HistSTR,std_HistWID,z_depth_HistANG,Area (microns^2),Lacunarity,Total Length (microns),Endpoints,HGU (microns),Branchpoints,Box-Counting Fractal Dimension,Curvature_40.0,% High Density Matrix,Alignment,TotalImageArea,texture_mean_asmmean.,texture_mean_contrastmean.,texture_mean_correlationmean.,texture_mean_dissimilaritymean.,texture_mean_glcmmeanmean.,texture_mean_glcmvariancemean.,texture_mean_homogeneitymean.,texture_median_asmmean.,texture_median_contrastmean.,texture_median_correlationmean.,texture_median_dissimilaritymean.,texture_median_glcmmeanmean.,texture_median_glcmvariancemean.,texture_median_homogeneitymean.,texture_std_asmmean.,texture_std_contrastmean.,texture_std_correlationmean.,texture_std_dissimilaritymean.,texture_std_glcmmeanmean.,texture_std_glcmvariancemean.,texture_std_homogeneitymean.,concentration_autoc,type_dissi,roi_idmnc,texture3d_mean_autoc,texture3d_mean_corrm,texture3d_mean_corrp,texture3d_mean_cprom,texture3d_mean_cshad,texture3d_mean_denth,texture3d_mean_dissi,texture3d_mean_dvarh,texture3d_mean_energ,texture3d_mean_entro,texture3d_mean_homom,texture3d_mean_homop,texture3d_mean_idmnc,texture3d_mean_indnc,texture3d_mean_inf1h,texture3d_mean_inf2h,texture3d_mean_maxpr,texture3d_mean_savgh,texture3d_mean_senth,texture3d_mean_sosvh,texture3d_mean_svarh,texture3d_median_autoc,texture3d_median_corrm,texture3d_median_corrp,texture3d_median_cprom,texture3d_median_cshad,texture3d_median_denth,texture3d_median_dissi,texture3d_median_dvarh,texture3d_median_energ,texture3d_median_entro,texture3d_median_homom,texture3d_median_homop,texture3d_median_idmnc,texture3d_median_indnc,texture3d_median_inf1h,texture3d_median_inf2h,texture3d_median_maxpr,texture3d_median_savgh,texture3d_median_senth,texture3d_median_sosvh,texture3d_median_svarh,texture3d_std_autoc,texture3d_std_contr,texture3d_std_corrm,texture3d_std_corrp,texture3d_std_cprom,texture3d_std_cshad,texture3d_std_denth,texture3d_std_dissi,texture3d_std_energ,texture3d_std_entro,texture3d_std_homom,texture3d_std_homop,texture3d_std_idmnc,texture3d_std_indnc,texture3d_std_inf1h,texture3d_std_inf2h,texture3d_std_maxpr,texture3d_std_savgh,texture3d_std_senth,texture3d_std_sosvh,texture3d_std_svarh,distance3d_cshad,neighbor3d_inf2h,bin_num3d_contr,short_image_name
appliedMASKiso_flu_1mgml_roi1_8bit.ome,1,67.73730588,62.71588235,0.914933529,3.880352941,69.444,44.395,0.91865,3.6728,17.0,47.14118627,36.03834439,0.046700007,0.7472079,1.0,2449,51.521,2041,57,35.807,13,1.1355,0.0154,0.0713,0.1884,131072,0.5718469023704529,1512.60546875,0.3811401128768921,16.861454010009766,18.80333137512207,1377.791748046875,0.7421145439147949,0.551433801651001,1552.3660888671875,0.42177337408065796,17.11932945251465,17.495370864868164,1465.5196533203125,0.7503404021263123,0.26371675729751587,928.6878662109375,0.16528278589248657,10.465581893920898,14.549532890319824,904.4402465820312,0.1783740371465683,1mgml,flu,roi1,2016.2652912939382,42802.95979309082,31383.634811401367,172.69453062162472,65476.02607727051,63944.92346954346,2673.2683789484513,1921.8295863771993,1360.9999259752758,63786.589584350586,3679.6496611199123,3684.3847748144794,3680.9321525139067,3684.5844817933844,33624.131271362305,2024.0474495848161,3576.458470811049,2931.553678844115,63986.38059234619,3418.9277929317595,759.2391701425806,397.0,38556.0,31102.0,15.0,65535.0,65470.0,755.0,480.0,92.0,65159.0,844.0,848.0,858.0,854.0,33640.0,93.0,787.0,628.0,65433.0,1028.0,43.0,3432.272552462471,3335.7510377773647,16475.447067025234,2246.47035671467,508.44851509071185,394.6176994440407,3897.8887913150575,4285.241641711351,3117.3771855810346,3610.3571120778506,5804.009187043601,5801.292851247612,5832.214024254285,5831.372848421713,182.28259788199134,5307.694377403147,5692.614263053625,4801.353347443768,3719.1297945431647,4657.848491971152,2100.5370382460255,D1,N8,t,appliedMASKiso_1mgml_roi1_8bit.ome
appliedMASKiso_flu_1mgml_roi1_8bit.ome,2,74.95613077,63.34969231,0.927725385,4.282923077,73.009,39.402,0.93416,4.4899,13.0,59.75645637,57.00510807,0.035414414,0.837649535,2.0,2483,50.7882,2072,63,32.8889,10,1.1374,0.016,0.0773,0.2058,131072,0.5699909329414368,1495.1143798828125,0.39228662848472595,16.754499435424805,18.614742279052734,1409.7501220703125,0.7443506121635437,0.5369768738746643,1595.3951416015625,0.4192255735397339,17.798158645629883,17.933868408203125,1537.706298828125,0.7409482002258301,0.25109463930130005,883.594482421875,0.1823042929172516,9.934587478637695,13.21251106262207,887.542236328125,0.16449704766273499,1mgml,flu,roi1,2204.8236726108175,43542.451721191406,31361.397583007812,209.9116503259024,65466.19482421875,63775.160331726074,2981.6937856616078,2137.6173711653664,1424.5192433517018,63634.19902038574,4008.44454686189,4013.8653525720565,4019.038938325002,4021.561042767162,33625.037506103516,2447.840144230769,3844.72161756538,3203.0437952754046,63826.988372802734,3727.4239609553183,793.751201797471,476.0,38556.0,31102.0,16.0,65535.0,65470.0,857.0,557.0,104.0,65159.0,1000.0,1002.0,1002.0,1003.0,33640.0,96.5,949.0,745.0,65433.0,1225.0,46.5,3774.02435648903,3655.5805326120303,16645.2789354201,2279.3620900039255,826.2018799919737,552.5559696827324,4322.46017085546,4704.05033182622,3252.7815560108515,3990.435230048631,6328.683418301975,6326.188037438038,6370.84372379551,6368.360299299206,126.59287213995033,5825.510319419035,6090.125407969743,5261.406106319549,4111.506632788067,5003.236630837578,2499.257653248022,D1,N8,t,appliedMASKiso_1mgml_roi1_8bit.ome
appliedMASKiso_flu_1mgml_roi1_8bit.ome,3,80.1425625,69.0845,0.9057725,3.673225,71.5825,49.742,0.91636,3.60335,16.0,58.08042262,49.00142506,0.046210994,0.647384291,3.0,2483,50.7882,2024,52,38.9231,6,1.1559,0.0114,0.0776,0.3025,131072,0.5617361068725586,1532.3458251953125,0.4177723526954651,17.06720542907715,19.59477996826172,1500.3358154296875,0.7384406328201294,0.536907970905304,1641.140380859375,0.4362594485282898,18.065832138061523,18.623865127563477,1560.380859375,0.7415887713432312,0.2540096640586853,892.9337768554688,0.16702398657798767,10.020849227905273,13.975598335266113,963.46923828125,0.16729578375816345,1mgml,flu,roi1,2375.0054521103225,43805.15690612793,31391.628288269043,225.82321389073215,65460.57524108887,63670.43671417236,3122.038942451566,2272.2058888585293,1576.0443912812334,63534.83600616455,4276.510281968923,4280.647260314563,4263.3111969752645,4269.743952305887,33625.854919433594,2048.324074074074,4193.06115845492,3423.35186260682,63725.19850921631,4014.1382584063244,779.1664531072889,576.0,38556.0,31102.0,13.0,65535.0,65470.0,1000.0,661.0,142.0,65159.0,1197.0,1198.0,1201.0,1199.0,33640.0,86.0,1112.0,898.0,65433.0,1474.0,37.0,4130.687484127814,4140.9844116966315,16784.812039497836,2273.1254132347085,816.7092929691875,566.0448191523511,4672.4658213427565,5137.515394310014,3609.6753468807833,4293.464699958636,6784.635754039249,6775.389770649997,6823.253840591375,6820.397792307932,122.10272885671392,5339.938659474593,6607.942337859963,5694.140742721361,4435.945698184724,5313.668092758095,2445.9253916769867,D1,N8,t,appliedMASKiso_1mgml_roi1_8bit.ome
appliedMASKiso_flu_1mgml_roi1_8bit.ome,4,92.58478947,64.56905263,0.920207895,3.546994737,72.474,42.649,0.92731,3.3243,19.0,54.92307952,45.56400133,0.032068675,0.839712847,4.0,2550,49.4012,2116,54,39.1852,13,1.1654,0.0218,0.0881,0.2358,131072,0.5282473564147949,1602.6353759765625,0.4091888666152954,18.07465171813965,22.19732666015625,1532.651123046875,0.7080161571502686,0.5080805420875549,1671.5908203125,0.4460097849369049,18.619415283203125,18.92409896850586,1497.3056640625,0.7226189374923706,0.2811092734336853,953.1524658203125,0.1567012369632721,10.90353775024414,17.19061279296875,1000.5930786132812,0.1983109563589096,1mgml,flu,roi1,2527.118914778314,44679.761711120605,31450.571380615234,265.26359674057227,65434.85095977783,63380.517753601074,3328.888853044816,2377.487393915331,1806.3155788133795,63255.08325958252,4646.033818855327,4653.719708229483,4632.212539729723,4639.538597855167,33624.865234375,1967.2788171394086,4470.081174399195,3680.2958292365033,63448.39489746094,4083.6112203599114,1015.1696075663467,600.0,45777.0,31102.0,12.0,65535.0,65470.0,1061.0,700.0,152.0,65159.0,1252.0,1254.0,1256.0,1257.0,33640.0,86.0,1139.0,936.0,65433.0,1532.0,58.0,4442.748915020342,4296.106731829464,16804.60084074454,2280.125050344823,820.0147026322488,669.4911981820231,5332.825265246542,5505.869205153496,4148.437785945909,4924.611775253544,7424.394039429716,7421.23794465111,7465.004630374496,7463.313737376784,109.10073955155859,5083.658444581287,7091.752469615256,6173.6991203677635,5051.065633069159,5256.5775944177185,3014.7814675230225,D1,N8,t,appliedMASKiso_1mgml_roi1_8bit.ome
appliedMASKiso_flu_1mgml_roi1_8bit.ome,5,97.94117647,67.14570588,0.936208235,3.885782353,83.418,60.63,0.93766,3.9044,17.0,60.95673614,26.00164229,0.024448993,0.826736693,5.0,2505,50.3245,2087,61,34.2131,7,1.1635,0.0202,0.0816,0.2097,131072,0.5389952063560486,1530.9210205078125,0.40511226654052734,17.346834182739258,22.47087287902832,1508.930908203125,0.7123817801475525,0.5623049736022949,1518.7535400390625,0.4587175250053406,16.821779251098633,16.40779685974121,1361.020263671875,0.7576504349708557,0.290166974067688,907.0133056640625,0.164667546749115,10.547401428222656,19.00752830505371,1046.2073974609375,0.20865559577941895,1mgml,flu,roi1,2528.815282123751,45210.33920288086,31453.806442260742,370.66040720518447,65412.15043640137,63345.54766082764,3316.527886449215,2383.879627365641,1937.9295521480028,63221.182929992676,4606.169386404675,4612.810179110169,4590.443513565044,4597.903087603602,33623.00979614258,1975.5134281200633,4514.778159101869,3665.339322364658,63413.81388092041,3999.476083128652,1229.2282160642378,570.0,47875.5,31102.0,13.0,65535.0,65470.0,1020.0,661.0,128.0,65159.0,1165.0,1172.0,1186.0,1183.0,33638.0,86.0,1085.0,887.0,65433.0,1463.0,42.0,4630.5433075966,4413.591189531223,16770.095287233587,2346.866664568228,1105.770558197833,825.9256877108244,5628.7012061391315,5633.69178218184,4824.878952739807,5247.98831376287,7718.138654103096,7714.526818168667,7728.803063131497,7732.1821595469155,178.8829722127389,5204.465907467789,7542.900549878655,6412.943588836744,5358.102667751959,5239.751505639408,3648.7247811247003,D1,N8,t,appliedMASKiso_1mgml_roi1_8bit.ome
appliedMASKiso_flu_1mgml_roi1_8bit.ome,6,80.59838889,57.62216667,0.91254,3.577977778,67.4595,46.836,0.919615,3.2604,18.0,57.46448654,30.64712575,0.029521195,0.909213493,6.0,2110,60.1199,1797,52,34.5577,11,1.1255,0.0121,0.0701,0.1364,131072,0.5690051913261414,1490.4923095703125,0.38614362478256226,16.691617965698242,20.58197784423828,1473.8897705078125,0.735591471195221,0.5979028344154358,1436.6845703125,0.4055060148239136,15.67497444152832,14.473482131958008,1222.6982421875,0.7801027297973633,0.27888837456703186,899.7149658203125,0.17397251725196838,10.378243446350098,18.257848739624023,1102.841064453125,0.1966414600610733,1mgml,flu,roi1,2458.2298709550205,45538.9769821167,31423.926887512207,450.2222528837132,65405.88033294678,63416.96736907959,3195.5473547557226,2328.3841023320074,1734.2518294901686,63309.01443481445,4398.1723046250245,4402.207534561707,4388.679633240585,4394.613664745963,33622.46464538574,2182.765547605944,4295.272528098503,3531.0977367832966,63495.186531066895,3935.1921652827377,1113.4088645299655,536.0,49777.0,31102.0,13.0,65535.0,65470.0,939.0,609.0,109.0,65159.0,1105.5,1111.0,1119.0,1118.0,33637.0,86.0,1031.0,836.5,65433.0,1382.0,28.0,4724.612624313375,4575.723458511797,16533.664654822234,2393.2119835406475,1458.713219614302,962.9077740138323,5606.590912665468,5715.525547671395,4360.577751722107,5151.082168811441,7628.979132355748,7619.006511658345,7667.442282361235,7665.41702618526,135.45475487083013,5711.251536523457,7321.8468381324765,6442.780808530198,5287.429331318684,5338.157061694335,3532.599817820178,D1,N8,t,appliedMASKiso_1mgml_roi1_8bit.ome
appliedMASKiso_flu_1mgml_roi1_8bit.ome,7,87.64923529,55.87447059,0.924927647,3.987570588,84.289,52.146,0.9272,4.0259,17.0,54.78716433,25.42836708,0.043245273,0.762292419,7.0,2059,61.6586,1787,57,31.3509,12,1.1191,0.0091,0.0669,0.03719,131072,0.6100049018859863,1378.8990478515625,0.3755158483982086,15.34386920928955,17.82114601135254,1338.1962890625,0.7657042741775513,0.6390222311019897,1310.72119140625,0.3859907388687134,14.264581680297852,12.390229225158691,1068.370849609375,0.804791271686554,0.26356783509254456,883.1058959960938,0.17341643571853638,10.144449234008789,16.617778778076172,1060.9591064453125,0.18286901712417603,1mgml,flu,roi1,2478.5951121786243,46036.86316680908,31380.47183227539,369.73465937904996,65424.67824554443,63393.21586608887,3191.60873473581,2326.8991687875036,1629.8924967204812,63288.335220336914,4431.0005493144345,4434.96294820288,4415.955333196902,4422.80384089269,33621.63562774658,2616.987635239567,4362.371368870028,3557.3563435046262,63469.73504638672,4066.6071217000745,932.1373326948948,588.0,50700.0,31102.0,11.0,65535.0,65470.0,979.0,648.0,108.0,65159.0,1209.0,1216.0,1217.0,1218.0,33632.0,96.0,1139.0,916.0,65433.0,1510.0,24.0,4717.173317136557,4494.585430173243,16421.180946585515,2351.722480931662,1195.8516922348156,834.7939093610671,5597.567600240576,5649.178967048943,4096.545196976447,5147.734896242182,7607.661156053059,7596.451186389186,7639.085435184653,7638.205368491166,131.92701428546928,6146.588202953229,7353.909597476227,6429.120977584012,5293.544399931525,5474.539980419756,3080.8466221851095,D1,N8,t,appliedMASKiso_1mgml_roi1_8bit.ome
appliedMASKiso_flu_1mgml_roi1_8bit.ome,8,88.548925,57.924375,0.9295575,3.901325,89.2045,47.264,0.940735,3.83385,16.0,59.37067554,33.8215855,0.041987953,1.064372918,8.0,2474,50.9802,2091,66,31.6818,11,1.1483,0.0105,0.0782,0.0408,131072,0.6239448189735413,1275.6195068359375,0.3652220368385315,14.378748893737793,16.48626708984375,1219.7120361328125,0.7770063281059265,0.6631903052330017,1163.030517578125,0.3622616231441498,12.92228889465332,11.861687660217285,1023.6016235351562,0.8201189637184143,0.2522353529930115,809.7385864257812,0.1877683848142624,9.36075210571289,15.461206436157227,949.3736572265625,0.17375388741493225,1mgml,flu,roi1,2601.078696434328,47579.66470336914,31454.56273651123,342.82703777335985,65416.8656539917,63140.5055770874,3425.032879223058,2482.4892544619406,1762.9577750710516,63055.884437561035,4718.15478282571,4723.325277901983,4720.746898624268,4725.157268085726,33620.96960449219,1898.5895330938943,4555.61191469007,3768.653644181476,63227.623710632324,4192.453960298231,1043.2678153584343,657.0,51807.0,31102.0,10.0,65535.0,65453.0,1081.0,700.0,118.0,65159.0,1365.0,1371.0,1367.0,1368.0,33627.0,79.0,1248.0,1024.0,65433.0,1677.0,28.0,4808.357392921258,4657.324237238072,16533.678098346725,2460.2940767658224,1126.0538403516534,845.6104698869259,6036.084354129678,5917.654212068345,4515.109067920045,5595.4856577401815,7964.740010230346,7957.040962858417,8016.312873248583,8012.977709564097,121.28486653949754,5060.701583678787,7666.67687937478,6653.920174090743,5738.85062810028,5430.653665928248,3361.2349430718496,D1,N8,t,appliedMASKiso_1mgml_roi1_8bit.ome
appliedMASKiso_flu_1mgml_roi1_8bit.ome,9,73.32339286,70.95042857,0.929759286,4.046571429,66.0435,47.372,0.938975,4.2574,14.0,47.84724966,54.15801528,0.02700396,0.946856368,9.0,2658,47.3126,2226,56,39.75,10,1.1601,0.0149,0.0793,0.04085,131072,0.6312187910079956,1237.208984375,0.39179471135139465,13.909839630126953,16.183765411376953,1232.6844482421875,0.7835348844528198,0.6623696088790894,1163.967529296875,0.40546712279319763,12.940683364868164,12.095304489135742,1052.145751953125,0.8194568753242493,0.24244610965251923,762.6889038085938,0.18925169110298157,8.792194366455078,14.6419677734375,930.8192749023438,0.16459444165229797,1mgml,flu,roi1,2756.948907283408,47435.821044921875,31332.5972366333,355.8060016298356,65402.5640335083,62967.91091918945,3588.9886088408666,2604.9579522456065,1888.3425448174903,62890.27997589111,4968.741619767489,4973.93986977776,4963.495583946104,4969.398574538882,33618.818115234375,2436.508016032064,4828.5562276629835,3978.6247175779486,63058.74733734131,4391.191810787495,1105.1798988343962,747.0,51824.0,31102.0,11.0,65535.0,65429.0,1183.0,778.0,142.0,65159.0,1548.0,1557.0,1557.0,1558.0,33624.0,86.0,1438.0,1163.0,65413.0,1893.0,27.0,4987.379678644643,4770.990917846641,16276.140872463908,2292.1251822412423,1039.1857575886802,856.1720483314353,6318.359479767129,6058.958552664442,4821.125737579485,5886.75679790987,8232.076064468047,8224.23033418617,8263.992049398554,8263.895548843171,152.43520156403048,6272.802375311636,7982.284492688245,6884.56365076441,6022.284050806252,5515.210171297563,3509.9502332095735,D1,N8,t,appliedMASKiso_1mgml_roi1_8bit.ome
appliedMASKiso_flu_1mgml_roi1_8bit.ome,10,91.24486667,63.36125,0.925514167,3.547808333,84.1705,42.8295,0.92488,3.48125,12.0,45.75026895,40.71912419,0.033719831,0.829800719,10.0,2016,63.0164,1666,48,34.7083,7,1.0931,0.0109,0.0577,0.01451,131072,0.7040688395500183,1026.97705078125,0.44815659523010254,11.05026626586914,13.254364013671875,1135.5418701171875,0.8325242400169373,0.7612850666046143,857.5264282226562,0.5206640958786011,9.043606758117676,9.131647109985352,887.4544067382812,0.8762873411178589,0.21720363199710846,724.3016357421875,0.19010837376117706,7.955015659332275,12.406903266906738,913.5037841796875,0.13884331285953522,1mgml,flu,roi1,2688.008875188779,46721.3634185791,31364.948486328125,260.8791140747797,65430.8678817749,63142.97117614746,3115.3855025262947,2288.4189076145753,1940.1884276636981,62991.90278625488,4787.927219314397,4793.183524008524,4678.263835157333,4700.883546765418,33622.50351715088,2461.4387025838373,5001.6429236402755,3813.4555102716345,63196.9527053833,4430.102561185014,885.7091982784506,764.0,51713.0,31102.0,8.0,65535.0,65435.0,1061.0,700.0,172.5,65159.0,1568.0,1574.0,1532.0,1541.0,33627.0,87.0,1573.0,1166.0,65416.0,1926.0,29.0,4849.632104517746,4240.983228834475,15862.522628140594,2362.5804026525643,820.5531253614473,707.7207016190481,5913.569140482905,5315.8969991164395,5010.6175316922445,5637.173434076814,7937.5591744286785,7931.935627901896,7795.4663708530425,7823.3709640387215,113.33659229981089,5994.392238677199,8179.672918430388,6593.086745348769,5697.86815641398,5677.713695495368,3018.8659458494635,D1,N8,t,appliedMASKiso_1mgml_roi1_8bit.ome
appliedMASKiso_flu_1mgml_roi1_8bit.ome,11,99.977,64.4745625,0.931305625,3.75549375,87.1085,63.1365,0.931475,3.87165,16.0,47.85084469,28.22198276,0.031495979,0.666389391,11.0,2085,60.8647,1722,56,30.75,5,1.1046,0.0099,0.0597,0.09127,131072,0.7034797072410583,1007.0534057617188,0.46729740500450134,10.913488388061523,13.24962329864502,1140.4788818359375,0.8325265645980835,0.7555798292160034,810.2974853515625,0.5198068022727966,8.661561012268066,9.584613800048828,936.0091552734375,0.8735706806182861,0.2121143341064453,716.0216064453125,0.1985950469970703,7.894847393035889,11.9024076461792,879.0341186523438,0.13554884493350983,1mgml,flu,roi1,2730.3621182660413,46860.44258880615,31351.06192779541,272.9946367859024,65427.77412414551,63123.51853179932,3215.470898756261,2366.5600540266755,1908.6532503204542,62980.77812957764,4839.509061794891,4844.252513699271,4743.488182753996,4763.8840630946315,33621.76710510254,2391.2307312252965,5026.366547783681,3871.0035144999115,63180.05515289307,4490.16391294854,902.8663966003415,807.0,51766.0,31102.0,10.0,65535.0,65433.0,1102.0,726.0,180.0,65159.0,1652.0,1657.0,1606.0,1614.0,33627.0,92.0,1682.0,1230.0,65415.0,2036.0,29.0,4840.295984188312,4339.101927286331,16050.13967668214,2377.424776673992,867.4210745462298,725.0353815046474,5914.0994978053595,5445.385857950421,4932.435001541871,5639.996168428017,7909.928297266937,7903.794661938667,7809.845786119986,7830.801950425738,157.38428988379837,5950.584997450392,8091.348265328788,6597.72298560735,5710.352411376347,5654.977889767173,3107.66245557457,D1,N8,t,appliedMASKiso_1mgml_roi1_8bit.ome
appliedMASKiso_flu_1mgml_roi1_8bit.ome,12,101.9865,72.86183333,0.929171667,4.022825,82.4795,62.0485,0.92882,3.701,12.0,45.222568,37.51314785,0.027290241,1.086213562,12.0,2386,52.9342,1960,51,38.4314,10,1.1114,0.0144,0.0768,0.04597,131072,0.6548357009887695,1135.510986328125,0.4238623082637787,12.753191947937012,14.838855743408203,1168.4600830078125,0.8006601333618164,0.7010400295257568,955.841796875,0.4754573404788971,10.62660026550293,11.718738555908203,1085.260986328125,0.8423956632614136,0.228095144033432,741.7212524414062,0.2052249312400818,8.455536842346191,12.761115074157715,824.6055908203125,0.1520897001028061,1mgml,flu,roi1,2792.4954734979774,47825.51153564453,31273.14574432373,286.4780287655519,65415.41652679443,62977.672050476074,3492.8938981431065,2539.3414861816445,1937.014679120217,62877.804779052734,5019.369817801828,5025.355653730355,4977.996585724189,4989.881845364344,33620.947265625,2441.5381733021077,5005.668877324036,4009.856476260437,63059.71448516846,4494.681034215182,1033.703650269768,817.0,51923.0,31102.0,11.0,65535.0,65429.0,1204.0,791.0,170.0,65159.0,1681.0,1688.0,1657.0,1665.0,33627.0,104.0,1655.0,1258.0,65412.0,2059.0,37.0,4887.9913992674,4506.295574045933,16494.20190931632,2397.9928939797505,951.2429021207917,799.3185377793036,6230.419879222818,5785.126224706417,4995.227604417558,5872.5065165637825,8165.128329921706,8163.761911414201,8141.631093948302,8151.28776364909,153.60374055271535,6035.258897436087,8039.640443226422,6766.475599868075,5962.149953051266,5539.636836669045,3478.6393994675295,D1,N8,t,appliedMASKiso_1mgml_roi1_8bit.ome
appliedMASKiso_flu_1mgml_roi1_8bit.ome,13,88.2495,56.5880625,0.905146875,4.01584375,96.6605,49.2585,0.919495,4.03645,16.0,59.74026008,29.56239864,0.046751043,0.968473055,13.0,2475,50.9588,1981,64,30.9531,9,1.1316,0.013,0.0799,0.08277,131072,0.6475334763526917,1206.1546630859375,0.38738253712654114,13.481071472167969,14.63304328918457,1141.1282958984375,0.7959596514701843,0.6978157758712769,1003.0199584960938,0.4322923719882965,11.132528305053711,10.922819137573242,972.433349609375,0.8404217958450317,0.23106852173805237,796.19140625,0.18784692883491516,8.998893737792969,12.338525772094727,822.1588745117188,0.15258826315402985,1mgml,flu,roi1,2692.692596653671,48433.11459350586,31359.64729309082,281.8578554757219,65423.3503112793,63043.30992126465,3362.057851873774,2463.3039799195467,1864.647796044794,62930.39995574951,4858.59622725796,4863.6788702079275,4805.258040935672,4818.81771848603,33619.701721191406,2712.5929519918286,4896.334460282651,3867.4648716699157,63116.369400024414,4408.529006254061,957.6426216987579,707.5,51993.0,31102.0,9.0,65535.0,65436.0,1041.0,687.0,152.0,65159.0,1461.0,1469.0,1434.0,1442.0,33626.0,97.0,1465.0,1087.0,65418.0,1801.0,35.0,4814.8105152564085,4564.613418514396,16412.2012232148,2562.1317939455835,1035.7791669785333,804.4080970724035,6074.210173690425,5722.7991162635335,4893.245596896242,5718.251217917226,7998.6685750581555,7991.203547849333,7967.215005296599,7977.079095058607,150.24778516134617,6470.475702405124,8011.264370376387,6638.91797207017,5816.838741478866,5609.136771207825,3299.6411332996895,D1,N8,t,appliedMASKiso_1mgml_roi1_8bit.ome
appliedMASKiso_flu_1mgml_roi1_8bit.ome,14,99.11377895,56.69252632,0.917860526,3.759331579,127.57,49.727,0.93825,3.8932,19.0,57.09057692,30.37402876,0.046148537,0.897820363,14.0,3033,41.2156,2411,68,35.4559,15,1.1921,0.0134,0.0915,0.1109,131072,0.6197900176048279,1289.3046875,0.3747250735759735,14.552229881286621,15.85137939453125,1195.5753173828125,0.7774853706359863,0.6793123483657837,1111.94677734375,0.3765687048435211,12.402227401733398,10.684510231018066,924.8787841796875,0.8294984102249146,0.23444411158561707,764.1942749023438,0.16486944258213043,8.789377212524414,13.356324195861816,858.141357421875,0.15828654170036316,1mgml,flu,roi1,2784.855433960361,48852.24153137207,31388.875526428223,351.24894938790425,65401.60743713379,62919.069595336914,3540.18085024558,2602.5560878594424,1925.612911201639,62823.849281311035,5015.389822986534,5020.4871047455745,4970.368480508347,4982.722497352363,33620.28882598877,2558.0289855072465,4959.216531342982,3998.236340713097,63005.34239959717,4469.644167633264,1085.5409524927604,769.0,52023.0,31102.0,13.0,65535.0,65420.0,1143.0,765.0,155.0,65159.0,1574.0,1580.0,1537.0,1547.0,33624.0,93.0,1573.0,1174.0,65402.0,1939.0,29.0,4990.602887449594,4789.47269372671,16521.321572141533,2591.702801511648,1233.0017257016018,927.8634842031526,6352.811905446366,5965.362571646131,5110.0506293674325,5965.098696385747,8250.019908289472,8242.961967214045,8235.854656691165,8243.372927582437,121.08905815364163,6115.831761737416,8101.508044876292,6867.208130820582,6069.5652053730955,5632.029929520248,3672.0513287494523,D1,N8,t,appliedMASKiso_1mgml_roi1_8bit.ome
appliedMASKiso_flu_1mgml_roi1_8bit.ome,15,109.5071895,54.82773684,0.897178421,3.736784211,127.69,45.615,0.90968,3.3936,19.0,50.34510786,24.64268574,0.062468061,1.012493844,15.0,2868,43.7019,2282,66,34.5758,13,1.1693,0.0097,0.0815,0.09249,131072,0.639186441898346,1252.63818359375,0.4076593816280365,13.855585098266602,15.641120910644531,1240.7431640625,0.7904850840568542,0.6947945356369019,1088.991943359375,0.4135547876358032,11.900301933288574,10.460325241088867,924.5426635742188,0.8380979299545288,0.23249167203903198,775.72509765625,0.16295409202575684,8.761259078979492,13.616375923156738,939.5067138671875,0.15433411300182343,1mgml,flu,roi1,2852.241891498043,47863.821517944336,31324.858528137207,371.3225148187737,65402.615798950195,63029.14196014404,3404.225863596103,2529.104006268311,1983.292761081711,62908.41353607178,5019.7151823632275,5023.430937213756,4929.008909984179,4948.565138646016,33620.41856384277,2191.4473684210525,5193.33624781414,4029.5176430177366,63103.0080947876,4638.017393205097,1022.7024301863012,845.0,51963.0,31102.0,12.0,65535.0,65429.0,1183.0,778.0,174.0,65159.0,1678.0,1688.0,1643.0,1656.0,33627.0,93.0,1736.0,1274.0,65411.0,2132.0,26.0,5106.428622083951,4682.689561320611,16622.826588519674,2451.1509234750856,1215.0506429638222,912.9267514079681,6210.313540771132,5806.478125366754,5117.087315823746,5838.214032179838,8226.982739408179,8217.184315225155,8155.960938686431,8172.067548334053,138.02821743696512,5590.4286070379085,8317.518596272605,6910.116159598366,5926.828250002643,5796.606822947178,3436.536845471842,D1,N8,t,appliedMASKiso_1mgml_roi1_8bit.ome
appliedMASKiso_flu_1mgml_roi1_8bit.ome,16,96.3883,55.92966667,0.930754444,4.066294444,117.23,48.9285,0.93476,3.7136,18.0,58.15755878,32.14860429,0.024165449,1.13397665,16.0,2908,43.0732,2298,84,27.3571,5,1.1882,0.0156,0.0813,0.08086,131072,0.6355357766151428,1253.0498046875,0.4352025091648102,13.813426971435547,16.275981903076172,1309.2039794921875,0.7884058356285095,0.6906611919403076,1099.900634765625,0.47291669249534607,11.933853149414062,10.997345924377441,989.5774536132812,0.8367407321929932,0.23421438038349152,772.3323364257812,0.1643616259098053,8.747299194335938,14.013045310974121,982.0713500976562,0.1555119901895523,1mgml,flu,roi1,2884.9596988577364,47876.18874359131,31333.663368225098,390.29814459373,65393.110191345215,63027.92520904541,3369.890507746658,2521.5811609596158,2037.396307286515,62898.31741333008,5037.132782969886,5040.760259605399,4912.688629283489,4937.701225337487,33621.99461364746,2177.28078817734,5287.7251713395635,4043.3680373831776,63100.985092163086,4712.478909657321,1019.2473735598516,864.0,51996.0,31102.0,7.0,65535.0,65428.0,1204.0,804.0,191.0,65159.0,1704.0,1713.0,1645.0,1657.0,33627.0,96.0,1817.0,1287.0,65408.0,2185.0,32.0,5208.144904183833,4774.4669573471465,16632.90282633202,2492.1052306259,1335.619173111439,1004.5083767725602,6223.276325330487,5815.448510744189,5305.744245336908,5847.487829994911,8249.656113416318,8239.11385247597,8140.662301004018,8162.329544538206,130.89058385418843,5297.652974195821,8428.519926703186,6961.589128770781,5924.814237994036,5896.860940471482,3494.6988947173627,D1,N8,t,appliedMASKiso_1mgml_roi1_8bit.ome
appliedMASKiso_flu_1mgml_roi1_8bit.ome,17,102.2902368,60.78657895,0.89907,3.918705263,116.0,45.741,0.9077,3.5597,19.0,53.28900244,34.95973357,0.062571353,1.196362442,17.0,2670,47.091,2181,66,33.0455,7,1.1629,0.0149,0.0859,0.1398,131072,0.6096400618553162,1310.7091064453125,0.4511750638484955,14.562806129455566,17.847152709960938,1389.4183349609375,0.770164430141449,0.6557149887084961,1178.356689453125,0.46994948387145996,12.848502159118652,12.667265892028809,1120.7908935546875,0.8155607581138611,0.24279190599918365,781.8021240234375,0.15383872389793396,8.931192398071289,15.015226364135742,1002.2328491210938,0.1648033857345581,1mgml,flu,roi1,2982.5859132560836,47732.76640904548,31274.360343933105,453.8303299264838,65373.15505218506,62950.55725860596,3464.1930242005687,2609.6564215657827,2146.1470355731226,62810.46852874756,5194.1877292152085,5197.237161336161,5061.202001943431,5087.655093148882,33621.70431518555,2509.966381766382,5482.788939158056,4171.464427889287,63016.78651428223,4828.111172641499,1122.0898988541926,939.0,51974.0,31102.0,8.0,65535.0,65425.0,1245.0,830.0,217.0,65157.0,1861.0,1870.0,1783.0,1801.0,33627.0,112.0,1980.0,1397.0,65404.0,2350.0,31.0,5369.93854949103,4997.973361598832,16684.639467713012,2492.836304435255,1475.097316696146,1109.4544849863125,6399.155294443847,5986.10923638719,5654.594377048014,6046.244116085791,8450.55958456593,8437.778318889828,8336.274989199748,8358.570805700603,132.43356582218564,6007.735480812784,8697.951929829662,7147.447251297134,6115.945599872416,5980.384031345467,3847.431080731893,D1,N8,t,appliedMASKiso_1mgml_roi1_8bit.ome
appliedMASKiso_flu_1mgml_roi1_8bit.ome,18,108.8247647,57.48782353,0.920428235,3.743994118,128.66,48.196,0.91819,3.7997,17.0,55.8288134,31.96168137,0.027531829,0.814360194,18.0,2586,48.6856,2119,62,34.1774,9,1.1526,0.0139,0.0777,0.1719,131072,0.6139388084411621,1313.9090576171875,0.4414934515953064,14.436287879943848,17.961156845092773,1409.797119140625,0.7727082967758179,0.656067967414856,1191.17333984375,0.4680568277835846,12.838303565979004,12.693657875061035,1130.70263671875,0.8162499666213989,0.24890489876270294,802.3701782226562,0.1664568930864334,9.05781078338623,15.390414237976074,1054.20849609375,0.1668434888124466,1mgml,flu,roi1,2916.3008354796157,47247.65026092529,31268.87661743164,449.5499206845167,65382.67687988281,63064.01964569092,3252.611097314365,2487.259516798524,2149.081677326257,62888.429374694824,5040.363978055573,5042.681491718491,4861.159149444061,4894.84813744582,33622.91059875488,2270.9944668008047,5478.027618987792,4041.8913667106394,63109.84684753418,4776.524321041941,1099.6420162101401,852.0,51915.0,31102.0,8.0,65535.0,65429.0,1102.0,726.0,194.0,65153.0,1696.0,1701.0,1613.0,1627.0,33627.0,86.0,1872.0,1266.0,65404.0,2156.0,26.0,5364.621665057747,4907.221255045749,16472.95384657163,2475.6690511175243,1387.142856270306,1043.0223241346832,6264.726717881203,5816.488661850188,5686.035952621605,5968.612355762063,8364.749309672472,8352.05740647174,8200.27888235841,8230.632992959469,145.71179667968366,5481.710593570179,8758.693552748575,7082.939486365751,6019.857635451848,6108.059963598812,3763.488068034256,D1,N8,t,appliedMASKiso_1mgml_roi1_8bit.ome
appliedMASKiso_flu_1mgml_roi1_8bit.ome,19,118.6709917,69.47758333,0.91971,3.853675,143.845,57.3755,0.91299,3.95285,12.0,52.71841002,42.29945822,0.026300702,0.803113021,19.0,2618,48.0661,2127,76,27.9868,9,1.1519,0.0174,0.0712,0.1612,131072,0.614548921585083,1329.8497314453125,0.43488234281539917,14.53281021118164,18.496124267578125,1468.272216796875,0.7719045281410217,0.6323239207267761,1276.1455078125,0.4545464515686035,13.817395210266113,13.27073860168457,1156.68603515625,0.8018142580986023,0.25615254044532776,832.4285278320312,0.19041165709495544,9.327815055847168,16.25949478149414,1133.1595458984375,0.1717560738325119,1mgml,flu,roi1,2833.775764730035,47546.047134399414,31312.297653198242,432.9405676811149,65391.21167755127,63136.165367126465,3202.9104719921315,2477.703414032967,1998.4761876342802,62966.963218688965,4811.107760213508,4810.835054403613,4643.161927735578,4674.489458016835,33623.35795593262,2206.1033078880405,5203.4545267912135,3894.2414699240403,63184.67868041992,4650.620570724697,1042.814852371011,780.0,51998.0,31102.0,13.0,65535.0,65415.0,1020.0,674.0,155.0,65142.0,1548.0,1557.0,1471.0,1485.0,33627.0,138.0,1736.0,1156.0,65391.0,1977.5,21.0,5338.106108984714,5036.681926717467,16307.560333006262,2588.8224961505766,1231.235647821391,952.2269044110122,6155.062161221541,5876.04950378599,5371.757851926699,5833.308878337433,8172.95721547179,8153.885206820604,8032.308072703397,8057.59320516669,138.28678135519533,5101.4176793265815,8502.458956936323,6995.324899254265,5901.288212025919,6140.559746683904,3488.9748540962946,D1,N8,t,appliedMASKiso_1mgml_roi1_8bit.ome
appliedMASKiso_flu_1mgml_roi1_8bit.ome,20,108.9923071,55.03971429,0.924761429,3.703942857,140.43,55.127,0.92159,3.7643,14.0,58.0657829,16.70030483,0.021237926,0.732212457,20.0,2123,59.7395,1664,60,27.7333,10,1.1015,0.0203,0.0621,0.2498,131072,0.625289261341095,1314.033203125,0.4429909586906433,14.23149299621582,18.47019386291504,1511.68798828125,0.778319239616394,0.6383802890777588,1245.0062255859375,0.49704766273498535,13.323797225952148,13.895599365234375,1266.4775390625,0.8058737516403198,0.2573573589324951,857.873291015625,0.20298369228839874,9.526287078857422,16.569198608398438,1185.5704345703125,0.17207010090351105,1mgml,flu,roi1,2749.0655058804327,47341.91882324219,31337.59098503864,414.7668698976956,65400.6448135376,63228.783851623535,2937.131928348132,2310.662185453292,1951.614598112212,63021.16396331787,4651.858471801463,4651.360731152524,4435.0412599324745,4474.09030264084,33623.1005859375,2868.143930635838,5140.332456113508,3747.9456837724533,63258.333000183105,4579.075257300815,950.646660309135,747.0,51995.0,31102.0,11.0,65535.0,65407.0,898.0,609.0,144.0,65130.0,1496.0,1496.0,1396.0,1415.0,33627.0,138.0,1709.0,1101.0,65380.0,1894.0,20.0,5275.699715890396,4858.842827456919,15961.750087037328,2735.98744092254,1294.11964268669,962.8802689022759,5955.187932619348,5556.904492012109,5275.042017002552,5697.678788657227,7996.407794343963,7977.691007271379,7768.673831097286,7807.4811000312575,142.49720605821676,6360.812758950579,8457.688767003014,6837.515371197187,5733.007341679641,6208.823086820115,3399.40424464602,D1,N8,t,appliedMASKiso_1mgml_roi1_8bit.ome
appliedMASKiso_flu_1mgml_roi1_8bit.ome,21,102.8969615,51.30215385,0.919225385,4.112076923,139.4,46.511,0.93875,3.9507,13.0,60.07329014,21.30695482,0.054135644,0.96777908,21.0,2265,55.8689,1764,72,24.5,6,1.1059,0.0038,0.058,0.2118,131072,0.6210690140724182,1316.231201171875,0.4758475422859192,14.233020782470703,19.338388442993164,1588.8692626953125,0.774154007434845,0.6571032404899597,1172.0338134765625,0.5364712476730347,12.472386360168457,14.146822929382324,1345.5860595703125,0.8169690370559692,0.26111099123954773,862.7640380859375,0.19281786680221558,9.604255676269531,17.4811954498291,1237.793701171875,0.17704881727695465,1mgml,flu,roi1,2741.549293338353,47082.586250305176,31208.22348022461,462.5248266721044,65393.78066253662,63260.22450427631,2835.2187202925047,2262.034466788544,1937.25011535622,63008.656224489016,4608.50674101283,4607.895837360982,4350.4297255771835,4396.092512133823,33624.66757965088,2185.8418631397353,5198.219202474587,3705.6529777470264,63264.216554386556,4630.535617985531,962.1731306360226,723.0,52003.0,31069.0,9.0,65535.0,65393.0,837.0,570.0,135.0,65111.0,1435.0,1443.0,1328.0,1346.0,33626.0,138.0,1709.0,1057.0,65366.0,1833.0,20.0,5303.399444023374,4873.290261647261,15627.720248805283,2713.312126179947,1606.7807372435568,1112.3322906448884,5870.041592365173,5476.713510492652,5378.382183075035,5701.254549163598,7904.947491502261,7886.323397112513,7636.156321868772,7681.213715168016,130.63504463125736,5285.2217102463255,8468.549481269973,6789.943333907796,5704.0134062403895,6334.680633150414,3843.2369813017285,D1,N8,t,appliedMASKiso_1mgml_roi1_8bit.ome
appliedMASKiso_flu_1mgml_roi1_8bit.ome,22,130.0060769,59.35961538,0.908299231,3.881761538,133.96,47.168,0.91066,3.7111,13.0,33.20078528,35.14175799,0.038857713,0.975073505,22.0,1858,68.5452,1495,59,25.339,9,1.0589,0.0074,0.0549,0.2893,131072,0.6111978888511658,1393.435302734375,0.5002889037132263,14.791438102722168,20.515737533569336,1739.522705078125,0.7679973840713501,0.6606907248497009,1209.797119140625,0.552781879901886,12.740354537963867,14.484872817993164,1457.4744873046875,0.8183790445327759,0.26328662037849426,929.3898315429688,0.18806158006191254,10.079264640808105,17.591087341308594,1305.2293701171875,0.1780066192150116,1mgml,flu,roi1,2774.0976267804235,46905.18663024902,31221.89868927002,415.7612856626941,65403.44108581543,63306.263763427734,2912.2254741820666,2354.93565020235,1753.137661770954,63079.65396118164,4535.971034707445,4532.015913093941,4307.676657741216,4348.028608953279,33625.680000305176,1918.836179049377,5008.9159242931755,3708.725140244958,63320.77175140381,4739.701703301738,850.6318387022726,796.0,52013.0,31056.0,11.0,65535.0,65373.0,857.0,570.0,157.0,65093.0,1583.0,1590.0,1451.0,1475.0,33626.0,138.0,1872.0,1160.0,65345.0,2010.0,18.0,5243.411135979461,4898.530092082412,15484.923518105516,2675.721603603132,1364.771323344846,969.8341541012926,5619.629585732572,5499.090227543519,4796.204962831916,5390.772295926258,7576.252160606685,7551.170155500567,7392.578572637343,7423.0483620357345,116.77450073281805,4830.2067978156765,7845.090609002548,6644.793877045957,5434.366777883994,6457.6486511564535,3258.3598228000465,D1,N8,t,appliedMASKiso_1mgml_roi1_8bit.ome
appliedMASKiso_flu_1mgml_roi1_8bit.ome,23,99.14544167,54.99191667,0.929623333,3.760516667,121.69,46.2135,0.93169,3.79495,12.0,60.55667227,29.20436259,0.0240133,0.833561402,23.0,1517,84.4028,1210,51,23.7255,5,1.0466,0.0147,0.0426,0.2661,131072,0.6458815336227417,1331.392578125,0.5364884734153748,13.459232330322266,19.553428649902344,1837.1875,0.7940310835838318,0.6917951107025146,1185.3353271484375,0.5966684818267822,11.769283294677734,14.283207893371582,1515.10888671875,0.8373587727546692,0.24397169053554535,878.818603515625,0.1948462426662445,9.114179611206055,16.398361206054688,1372.074951171875,0.15717704594135284,1mgml,flu,roi1,2737.289816496524,45788.75560760498,31256.952033996582,294.1511646759985,65439.804679870605,63522.67150115967,3055.6346207385286,2530.3593429677812,1379.6852318785936,63344.76261138916,4251.432663201186,4242.163034174652,4100.954635602597,4127.784513893238,33626.489585876465,2708.6300884955754,4479.092273647731,3592.5414500741113,63555.69673156738,4897.51184735183,622.4127975955074,786.0,51972.0,31102.0,12.0,65535.0,65401.0,898.0,609.0,152.0,65115.0,1531.0,1539.0,1412.0,1435.0,33627.0,138.0,1817.0,1136.0,65370.0,1988.0,17.0,5024.505426510165,5176.879820039363,15259.793086952319,2603.402932417001,1105.9271780782137,762.4440468722753,5000.4853087174615,5591.541227856549,3628.273250563115,4690.358338494014,6888.675577422554,6856.946035967777,6840.766684333743,6847.295254549338,128.03875562294715,6131.58584524589,6733.2371254482705,6252.983030357335,4795.448422999142,6834.361406655233,2602.385389739453,D1,N8,t,appliedMASKiso_1mgml_roi1_8bit.ome
appliedMASKiso_flu_1mgml_roi1_8bit.ome,24,116.3332643,50.88307143,0.935345,4.256642857,137.42,44.1935,0.953865,4.3493,14.0,58.40729419,24.97016528,0.047597453,0.747528772,24.0,1841,69.1966,1500,43,34.8837,7,1.1012,0.016,0.0476,0.266,131072,0.6405648589134216,1361.9908447265625,0.5236384272575378,13.939790725708008,19.571876525878906,1763.78271484375,0.7880171537399292,0.700076162815094,1147.9410400390625,0.5811147689819336,11.562253952026367,13.55865478515625,1423.6204833984375,0.8409920334815979,0.2533051073551178,940.145263671875,0.18158842623233795,9.847282409667969,17.180198669433594,1341.6771240234375,0.16843488812446594,1mgml,flu,roi1,2843.1420896156296,45994.27755737305,31224.602249145508,245.73544865581798,65448.916076660156,63516.376945495605,3244.2379301217575,2722.721095817893,1363.7408099912504,63336.97920227051,4355.864238691866,4344.683924400085,4203.213729029518,4230.236642599278,33626.45534515381,2395.467858869019,4569.742599277978,3707.0756742408153,63544.7751083374,5170.239753663198,586.734083076365,793.0,51993.0,31102.0,11.0,65535.0,65408.0,918.0,622.0,158.0,65117.0,1548.0,1557.0,1410.0,1435.0,33627.0,138.0,1899.0,1140.0,65376.0,2011.0,19.0,5020.818180235826,5368.193872382704,15761.19701703502,2653.781006701221,978.7748948316344,697.0100270475996,4878.628699578588,5688.0659714958565,3430.6051133049177,4579.823891622399,6826.79972603147,6794.360901187521,6789.356701986482,6793.721989812852,117.85085099050792,5678.175833835878,6621.697336238084,6228.91452360549,4689.978361028492,7130.019450730057,2444.481530045268,D1,N8,t,appliedMASKiso_1mgml_roi1_8bit.ome
appliedMASKiso_flu_1mgml_roi1_8bit.ome,25,108.3939688,62.42675,0.92958125,3.900575,124.975,58.3655,0.94294,4.0216,16.0,55.42025968,22.20222579,0.035744745,0.817602686,25.0,1833,69.5074,1507,44,34.25,4,1.0782,0.0083,0.0567,0.2474,131072,0.6305710673332214,1311.6583251953125,0.5269485116004944,13.798334121704102,19.64980697631836,1667.616943359375,0.7812473773956299,0.6892908811569214,1113.94482421875,0.5834630727767944,11.480236053466797,13.706449508666992,1384.64404296875,0.8356684446334839,0.2569791376590729,893.6688232421875,0.1673547774553299,9.644876480102539,17.45946502685547,1249.8896484375,0.1741003841161728,1mgml,flu,roi1,2950.3121616015487,46193.49991607666,31235.261642456055,238.25461324272027,65445.70432281494,63393.32514190674,3272.1552550824704,2727.67368074963,1604.3315262668582,63171.007331848145,4606.732919188588,4597.988905317576,4385.1346785946025,4423.824452977907,33627.4662399292,2635.698154180239,4997.653214053974,3858.229541852376,63402.78584289551,5321.874777946792,642.7759613635905,816.0,52006.0,31102.0,13.0,65535.0,65416.0,918.0,622.0,173.0,65121.0,1600.0,1609.0,1438.0,1467.0,33627.0,138.0,1980.0,1171.0,65383.0,2064.0,27.0,5052.207973379906,5176.137151967406,15939.096514072118,2704.3002673207247,1000.7121588779735,716.4301030313641,4985.553766424891,5569.497247165993,3860.5649349234445,4781.182647171606,7051.7995720764175,7026.528839331254,6906.341692177077,6928.600703158974,107.49871316580268,6139.132383084147,7195.574575614923,6301.310942993575,4835.081717200886,7218.062143269885,2533.893293851645,D1,N8,t,appliedMASKiso_1mgml_roi1_8bit.ome
appliedMASKiso_flu_1mgml_roi1_8bit.ome,26,115.0518714,69.907,0.929332143,3.705014286,134.655,65.755,0.92262,3.7216,14.0,51.69203774,28.74204916,0.018100077,0.737071223,26.0,2174,58.2912,1771,52,34.0577,9,1.1016,0.0095,0.0608,0.3001,131072,0.6326442360877991,1326.539794921875,0.5170911550521851,13.95616626739502,19.135986328125,1622.6807861328125,0.782415509223938,0.6935759782791138,1105.588623046875,0.572559118270874,11.42614459991455,13.390328407287598,1362.8717041015625,0.8381525278091431,0.25332629680633545,910.4874877929688,0.16630420088768005,9.808480262756348,17.024097442626953,1198.7288818359375,0.1732715219259262,1mgml,flu,roi1,2958.999318460146,46491.714851379395,31269.15785217285,201.6234923245614,65451.91985321045,63392.746658325195,3334.7747771924123,2785.8165986356125,1638.658181069161,63150.90370941162,4621.104925190352,4612.590543634525,4388.066045471487,4428.644907086949,33627.24425506592,2377.978095238095,5045.863021138384,3867.1073212289016,63386.91339111328,5350.527416005538,650.9694620089147,759.0,52018.0,31102.0,10.0,65535.0,65431.0,959.0,648.0,176.0,65130.0,1490.0,1496.0,1320.0,1351.0,33627.0,138.0,1926.0,1079.0,65395.0,1926.0,37.0,4977.049190850332,5153.334480394787,16216.23536147865,2887.151055499208,760.654828607564,592.5185506696904,4873.327163903021,5514.093211959572,3970.930885124475,4714.657006979832,6960.867963338826,6934.72081617262,6803.972369813357,6827.960063392052,108.59044696155789,5785.8058440665345,7195.358339097374,6208.150700170378,4763.806507608309,7245.0731536391795,2328.2306885688745,D1,N8,t,appliedMASKiso_1mgml_roi1_8bit.ome
appliedMASKiso_flu_1mgml_roi1_8bit.ome,27,113.4504211,60.99457895,0.912894737,3.656884211,130.03,57.78,0.92003,3.6403,19.0,48.55632898,24.26499101,0.04151895,0.889472818,27.0,2483,50.7882,2019,68,29.6912,6,1.1564,0.0053,0.0675,0.3215,131072,0.6325547695159912,1257.611328125,0.5344873070716858,13.472887992858887,19.195186614990234,1620.6278076171875,0.7831186056137085,0.6832035779953003,1069.1168212890625,0.5957892537117004,11.187431335449219,14.183683395385742,1425.720458984375,0.8325967788696289,0.24520006775856018,832.0157470703125,0.17630535364151,9.194650650024414,17.04637908935547,1174.5079345703125,0.16973474621772766,1mgml,flu,roi1,3061.7373531078583,46560.46649169922,31311.554512023926,249.47187364777153,65431.718185424805,63283.23221588135,3468.5809128021383,2864.0013656788747,1857.08854559156,63012.279205322266,4808.980817142674,4802.291731268913,4543.540659317158,4589.760192897852,33627.27254486084,2219.0532809871006,5308.330578158916,4003.7995637343483,63262.59819030762,5410.06545054052,780.0243922057552,828.0,52030.0,31102.0,10.0,65535.0,65427.0,1061.0,726.0,218.0,65123.0,1618.0,1627.0,1415.0,1451.0,33627.0,138.0,2116.0,1166.0,65390.0,2092.0,38.0,5106.57809809874,5078.035522018724,16410.971385187924,2917.269830189631,804.089684295362,648.1738878480376,5077.161690920146,5575.452962111562,4518.61595027278,4968.166201529762,7199.704703664716,7175.465772587748,7012.360506072661,7042.014659382917,140.55633742769615,5123.363481100268,7508.590790001247,6388.042567567912,4997.1517243346025,7215.253325859619,2569.0399939680456,D1,N8,t,appliedMASKiso_1mgml_roi1_8bit.ome
appliedMASKiso_flu_1mgml_roi1_8bit.ome,28,108.3658438,65.147,0.918588125,3.92676875,131.36,55.0215,0.939985,3.8106,16.0,57.63361388,36.51180212,0.073624056,0.742195349,28.0,2622,47.9897,2161,67,32.2537,5,1.1663,0.0069,0.0682,0.3326,131072,0.6336653232574463,1239.099853515625,0.543555736541748,13.255646705627441,18.901437759399414,1641.9451904296875,0.7875707745552063,0.6615930199623108,1094.76025390625,0.6041417121887207,11.683091163635254,14.736268997192383,1451.424560546875,0.8195791840553284,0.22741647064685822,752.3771362304688,0.17589350044727325,8.31645393371582,15.820277214050293,1133.3924560546875,0.15461240708827972,1mgml,flu,roi1,3153.7004727069325,46346.72016143799,31321.088485717773,329.7097675256803,65412.82580566406,63268.60294342041,3722.6316063812983,3084.1223977254776,1884.9762529028392,62995.830238342285,4933.597519111179,4926.167443543876,4658.0798117946415,4705.938997773561,33628.102363586426,1705.112158808933,5402.0530835627405,4115.820152012021,63247.385887145996,5487.819252662404,824.0460946009024,959.0,52036.0,31102.0,13.0,65535.0,65416.0,1143.0,804.0,264.0,65109.0,1878.0,1882.0,1633.0,1675.0,33627.0,138.0,2496.0,1353.0,65378.0,2406.0,29.0,5315.572843885404,5353.388001891166,16719.60599241871,2886.186087344529,1138.0646355237345,815.9278152121069,5233.2790625853995,5952.735328031474,4319.159610342776,5046.627528260213,7355.479161219951,7326.0658050244065,7225.6519093898805,7245.929455579377,110.03863649979388,4578.452355278408,7267.69017009476,6628.977498612432,5113.131346447584,7180.256361625352,2820.986794200194,D1,N8,t,appliedMASKiso_1mgml_roi1_8bit.ome
appliedMASKiso_flu_1mgml_roi1_8bit.ome,29,96.54749412,61.85405882,0.942588235,4.2376,107.45,49.935,0.94263,4.1725,17.0,54.64961126,38.00592745,0.021781695,1.04995447,29.0,2359,53.5629,1961,73,26.863,8,1.1496,0.0094,0.0618,0.3297,131072,0.6524824500083923,1201.7099609375,0.5605756640434265,12.54619026184082,18.031557083129883,1678.718505859375,0.802684485912323,0.6774535179138184,1096.80078125,0.5912917852401733,11.395248413085938,13.154024124145508,1300.726318359375,0.8286771774291992,0.2061624675989151,676.5646362304688,0.16670916974544525,7.304767608642578,14.1288480758667,1152.764892578125,0.13336805999279022,1mgml,flu,roi1,3121.144303854064,45888.655700683594,31275.110916137695,415.64523088221796,65398.42977142334,63397.836822509766,3948.296374948154,3238.0791704686853,1545.00702558325,63169.03916931152,4742.8725632656715,4734.407415273183,4532.724157202897,4569.714041402128,33629.22164916992,2212.466318537859,4969.047259232764,4039.4465147992487,63399.416763305664,5457.908275954574,790.493914260018,950.0,52037.0,31102.0,10.0,65535.0,65422.0,1265.0,907.0,227.0,65113.0,1826.0,1837.0,1600.0,1638.0,33627.0,138.0,2387.0,1331.0,65383.0,2389.0,30.0,5431.4929281950945,5631.3484108868615,16701.781347402924,2847.928389130481,1701.84246896593,1072.2446609173667,5113.964350640617,6390.885568034939,3360.57231667387,4734.006807483462,7096.996920379142,7062.110716480687,7141.527266334327,7133.141506868625,80.0664363919966,4511.514475998311,6306.504130487152,6665.759938700362,4885.975300654925,7185.407533341866,3030.0287394255383,D1,N8,t,appliedMASKiso_1mgml_roi1_8bit.ome
appliedMASKiso_flu_1mgml_roi1_8bit.ome,30,106.9106125,59.2981875,0.930328125,3.8051125,120.635,49.3335,0.94074,3.51495,16.0,55.40678694,30.40263251,0.046254912,1.078433861,30.0,2409,52.4097,1999,63,31.7302,10,1.1267,0.0089,0.0673,0.2605,131072,0.6191052794456482,1304.9490966796875,0.5550764799118042,13.764787673950195,20.155635833740234,1853.0157470703125,0.7810189127922058,0.6464264988899231,1208.6376953125,0.5775007009506226,12.657875061035156,17.168556213378906,1747.402587890625,0.8103391528129578,0.21241207420825958,697.6513671875,0.19009153544902802,7.579591751098633,14.953775405883789,1206.3519287109375,0.1403508335351944,1mgml,flu,roi1,3245.0243791422895,46082.987884521484,31262.88348388672,714.75363496794,65327.88959503174,63268.075271606445,4130.288271890926,3415.8344198821896,1762.22424317927,63035.88217163086,4903.294359270402,4893.449071350067,4689.335912608102,4726.901983858254,33629.175521850586,2167.6802884615386,5137.792799493766,4187.450392442021,63266.96740722656,5467.073514881712,1062.5773741000176,986.0,52040.0,31102.0,13.0,65535.0,65406.0,1367.0,972.0,230.0,65100.0,1883.0,1889.0,1648.0,1689.0,33627.0,138.0,2414.0,1375.0,65366.0,2465.0,27.0,5877.301085650062,6207.023598351608,16653.24265955642,2870.9814833579944,3076.581000973483,1739.4008581672126,5616.667662833101,6964.958016942409,4093.348446680022,5214.900965719494,7560.611274827722,7520.891018229815,7622.862864414839,7610.912706397554,46.42785593218634,5476.405406219055,6762.535171694762,7152.79558113812,5372.393019903282,7098.042208342809,4179.371109103718,D1,N8,t,appliedMASKiso_1mgml_roi1_8bit.ome
appliedMASKiso_flu_1mgml_roi1_8bit.ome,31,101.8133071,59.87814286,0.916621429,3.397821429,104.4425,49.0235,0.91883,3.5977,14.0,58.51849926,36.90146308,0.028485244,0.81065677,31.0,1961,64.8399,1717,65,26.4154,7,1.0662,0.0109,0.0515,0.1938,131072,0.6668310761451721,1245.1033935546875,0.56948322057724,12.35239028930664,18.573240280151367,1896.714111328125,0.81255042552948,0.6788879632949829,1207.5589599609375,0.5925950407981873,12.07103443145752,15.406743049621582,1681.9097900390625,0.8288349509239197,0.19860084354877472,714.9047241210938,0.18714365363121033,7.204935073852539,14.484162330627441,1379.08984375,0.1247779130935669,1mgml,flu,roi1,3080.420652418448,45325.97225189209,31270.820037841797,1000.7930226503514,65310.08937835693,63532.83967590332,4069.1435461606266,3365.8259184725666,1286.7901020459458,63363.56782531738,4426.801698537683,4413.950292463442,4306.447604049494,4328.078515185602,33629.46884512974,1883.79375,4354.109595050619,3907.7217660292463,63564.52305603027,5294.0000449943755,945.770538125909,881.0,52035.0,31102.0,10.0,65535.0,65425.0,1326.0,959.0,175.0,65119.0,1652.0,1653.0,1461.0,1495.0,33627.0,138.0,2089.0,1224.0,65386.0,2230.0,19.0,6061.015571442608,6372.024133905408,16331.637839256038,2807.4511059968545,4287.825564910309,2137.4112416073813,5370.002327593471,7240.3553438314575,3112.963001857886,4774.681551655161,7140.775881102127,7094.088679317897,7373.946697848462,7333.3936237038015,125.35143375774372,4511.7126277392545,5632.965528726427,7134.446544203055,5018.729628358932,7200.849430325753,4153.347048271187,D1,N8,t,appliedMASKiso_1mgml_roi1_8bit.ome
appliedMASKiso_flu_1mgml_roi1_8bit.ome,32,90.36800769,52.85584615,0.916611538,3.948215385,99.728,45.532,0.91649,4.0349,13.0,63.94237512,20.76922364,0.036679572,0.493831033,32.0,1621,78.8593,1414,55,25.7091,3,1.041,0.0037,0.0454,0.1753,131072,0.6936174631118774,1189.466552734375,0.5584887862205505,11.615721702575684,17.257896423339844,1806.038818359375,0.828316330909729,0.7359514832496643,1132.6280517578125,0.5993571281433105,10.671037673950195,11.858722686767578,1296.1097412109375,0.8616582155227661,0.20348146557807922,729.3849487304688,0.17780011892318726,7.347649097442627,14.921974182128906,1516.35498046875,0.12521253526210785,1mgml,flu,roi1,2943.774741988651,45160.05319976807,31285.050872802734,1295.7355127130484,65285.844992408696,63633.535552978516,3931.371758017633,3281.3192921036148,1123.5834045028653,63481.27731323242,4143.713980730728,4128.95399488955,4066.4929039965486,4080.6490492572148,33629.282318115234,2296.668989547038,3992.373184518213,3709.600721215004,63670.21603393555,5075.815138878134,904.1642110165544,796.0,52035.0,31102.0,9.0,65535.0,65425.0,1183.0,843.0,144.0,65120.0,1510.0,1508.0,1332.0,1365.0,33627.0,138.0,1899.0,1111.0,65387.0,2018.0,17.0,6183.371400462153,6823.734333669311,15909.9612771494,2801.212878020542,5780.458121546498,2545.441042062475,5299.9879503410575,7542.374567083368,2850.3244232916813,4620.2849128264115,6933.359453126263,6873.744420882445,7262.883091093186,7204.7916950017325,77.12328551134114,5616.261031096223,5243.1550953128,7134.099623774484,4921.175023017211,7215.257969356147,4103.455080582407,D1,N8,t,appliedMASKiso_1mgml_roi1_8bit.ome
appliedMASKiso_flu_1mgml_roi1_8bit.ome,33,96.20773467,49.821,0.915348667,3.95252,100.3,44.838,0.92189,3.8534,15.0,63.89979957,14.95147462,0.033799163,0.855687283,33.0,1588,80.5397,1383,63,21.9524,1,1.0104,0.0098,0.0498,0.178,131072,0.6929903626441956,1137.05517578125,0.5306233763694763,11.401198387145996,16.657018661499023,1652.2049560546875,0.8269563913345337,0.746690571308136,1076.8992919921875,0.5691971182823181,10.33358383178711,10.606943130493164,1121.6595458984375,0.8680217862129211,0.21286793053150177,714.9539184570312,0.18466298282146454,7.434448719024658,15.183489799499512,1451.7413330078125,0.1324433982372284,1mgml,flu,roi1,2829.5260651021636,46247.15428161621,31338.74186706543,1225.0762003041496,65285.38737487793,63561.73394012451,3534.239535847493,2882.6836480966194,1212.112713814619,63384.09323120117,4111.294845990917,4101.6567330895605,3992.6710433417284,4014.1634087484326,33628.449630737305,2589.9103521878337,4092.7202862050435,3604.5141679926655,63591.69403076172,4847.4855791015525,966.1474265005294,765.0,52038.0,31102.0,9.0,65535.0,65410.0,959.0,674.0,145.0,65106.0,1496.0,1496.0,1305.0,1336.0,33627.0,138.0,1899.0,1078.0,65373.0,1945.0,17.0,5996.94165519744,6227.278245635309,15744.422236058812,2984.36769080207,5216.730183716068,2434.634981807293,5460.717424923773,7108.687110799575,3178.8389150848916,4861.808959881747,7010.31922600286,6967.651999530171,7253.999473152128,7211.720157174298,89.53287253886917,6271.87739654899,5541.7008250867275,7022.281356613315,5095.87806066312,6900.129210080393,4309.6293800777175,D1,N8,t,appliedMASKiso_1mgml_roi1_8bit.ome
appliedMASKiso_flu_1mgml_roi1_8bit.ome,34,78.72516923,55.63353846,0.935956154,3.676207692,87.754,56.291,0.93871,3.5196,13.0,63.63829254,20.45188761,0.014795559,0.764934839,34.0,1690,75.558,1459,54,27.0185,4,1.0208,0.0108,0.0474,0.1508,131072,0.7136775255203247,1037.1669921875,0.5113344788551331,10.470915794372559,15.22200870513916,1474.0928955078125,0.839061975479126,0.7737259268760681,905.8142700195312,0.5633354187011719,8.816784858703613,9.471176147460938,1012.0900268554688,0.8834623098373413,0.21729977428913116,711.9185180664062,0.1981845647096634,7.40462064743042,14.662454605102539,1333.649169921875,0.13344132900238037,1mgml,flu,roi1,2648.5697010924746,46633.87432861328,31334.57836151123,1061.2797753427674,65312.33689880371,63583.28827667236,3109.4517761062184,2512.224924378296,1244.736269598293,63395.78868865967,3948.934908418958,3941.6614648905493,3821.018042074483,3844.1849794907203,33626.42282867432,2442.8176248821865,3992.0182959022054,3414.7366283556025,63609.470863342285,4563.869532550867,980.3303753569971,696.0,52033.0,31102.0,7.0,65535.0,65396.0,755.0,518.0,133.0,65094.0,1365.0,1365.0,1205.0,1231.0,33627.0,138.0,1763.0,987.0,65359.0,1776.0,16.0,5661.571582551355,5611.377465354868,15286.025499730611,2873.0079484148464,4466.5351321768385,2187.6943789915317,5459.9461300036655,6475.868824593123,3471.101781644433,4943.254520183502,6985.279128339052,6949.760882475885,7131.124510316481,7106.11191166915,135.61519282624414,5718.236083604158,5800.344809355226,6782.1821317390195,5133.920726045745,6554.367066901424,4529.28737941093,D1,N8,t,appliedMASKiso_1mgml_roi1_8bit.ome
appliedMASKiso_flu_1mgml_roi1_8bit.ome,35,93.61681765,52.40435294,0.926188235,3.898305882,104.86,45.727,0.93331,3.5801,17.0,58.46812359,24.04310994,0.047840948,0.969507337,35.0,1723,74.0725,1492,64,23.3125,1,1.0494,0.0125,0.0525,0.2124,131072,0.7146037817001343,1022.6273803710938,0.46883437037467957,10.620344161987305,14.139900207519531,1308.897216796875,0.8392180800437927,0.769403338432312,903.6763916015625,0.5005035400390625,9.072378158569336,8.892940521240234,896.3863525390625,0.8813484311103821,0.21663953363895416,703.737060546875,0.19629916548728943,7.5277814865112305,13.909147262573242,1181.2078857421875,0.13432498276233673,1mgml,flu,roi1,2238.3153485283224,50525.59915161133,31654.28751373291,830.1944024205749,65343.61405944824,63510.024826049805,2810.8144641370286,2230.5734625906985,1246.9405720120355,63340.37895202637,3481.5168878936747,3477.394547513431,3353.3281112974773,3376.5237077589804,33620.57498931885,2206.7990521327015,3529.495534307924,2941.0773854628737,63555.84523773193,3889.7677584694893,966.6861701078705,452.0,52043.0,31102.0,7.0,65535.0,65374.0,714.0,480.0,115.0,65097.0,939.0,945.0,837.0,857.0,33623.0,138.0,1139.0,663.0,65355.0,1178.0,17.0,5025.885848927532,4919.092901169057,12989.38447825013,3095.018753133043,3528.177127239923,1828.521990913858,5470.965450462406,5853.860934878048,3549.814003597814,5033.409953111715,6625.382332032178,6600.260043950177,6675.806416513609,6667.770146487188,165.05626280862273,5514.979388737383,5735.157450409822,6201.6566996760685,5182.139070952269,6021.068793241606,4530.3566122992515,D1,N8,t,appliedMASKiso_1mgml_roi1_8bit.ome
appliedMASKiso_flu_1mgml_roi1_8bit.ome,36,79.7591,54.47813333,0.934822667,4.105953333,88.091,50.727,0.95047,4.2652,15.0,60.78629648,18.28734676,0.032865794,0.916054943,36.0,1986,63.9985,1655,59,28.0508,6,1.0888,0.0163,0.0573,0.1324,131072,0.7222703099250793,943.1790771484375,0.4527653455734253,10.100350379943848,13.131854057312012,1179.7950439453125,0.844450056552887,0.7917730808258057,796.1068725585938,0.46307986974716187,8.226478576660156,7.641160011291504,761.209716796875,0.8929161429405212,0.20852744579315186,615.8406372070312,0.201804056763649,6.837903022766113,13.251904487609863,1063.5654296875,0.12919725477695465,1mgml,flu,roi1,2060.8456915052047,56217.74090576172,31689.855087280273,684.3313189831694,65361.93042755127,63357.27247619629,2733.2389121434617,2139.1455774377273,995.2947243693736,63240.003982543945,3480.4886168368475,3480.2574481246993,3300.496444909462,3332.6039911714615,33615.377532958984,2563.359201773836,3444.3425870061633,2790.616012036139,63463.73970031738,3607.6643933434652,932.4800549695439,376.0,52045.0,30907.0,7.0,65535.0,65288.0,796.0,518.0,36.0,65042.0,948.0,953.0,823.0,845.0,33617.0,138.0,1031.0,595.0,65302.0,974.0,17.0,4566.12436507627,4422.514547049856,8410.419367435583,4832.734079081873,3357.924866785865,1733.8173299455314,5446.652591097661,5295.445227039755,3418.5413295073104,5077.196929089213,6419.813449401363,6404.622831653736,6353.454022599328,6365.851561260796,97.88408400117787,5733.724779188449,5709.780961704799,5765.572840734339,5162.3143871814555,5651.739429119615,4718.804278268554,D1,N8,t,appliedMASKiso_1mgml_roi1_8bit.ome
appliedMASKiso_flu_1mgml_roi1_8bit.ome,37,88.55907143,54.89178571,0.933198571,3.804092857,106.235,43.9005,0.92792,3.795,14.0,62.95888535,24.2407815,0.025600894,1.081051725,37.0,1758,72.558,1482,58,25.5517,3,1.0691,0.0069,0.0511,0.1494,131072,0.7598407864570618,804.3687744140625,0.47658616304397583,8.60505199432373,11.379935264587402,1095.83935546875,0.8681496977806091,0.8263446092605591,645.9305419921875,0.47302794456481934,6.71315860748291,6.152414798736572,606.3806762695312,0.9113805294036865,0.18276409804821014,521.3060302734375,0.20952558517456055,5.833695888519287,11.700440406799316,1041.3756103515625,0.11069267243146896,1mgml,flu,roi1,1999.8337886094494,56146.25966644287,30338.51003265381,445.05522944209076,65411.5337600708,63358.243881225586,2656.4201832106924,2059.965390968845,859.8581450681274,63268.51248168945,3610.6631821511414,3613.0219371871567,3384.558227017458,3424.5686881943598,33616.611183166504,2245.5098743267504,3487.342372726163,2774.200212123062,63499.471366882324,3583.5671316078624,677.8837696335079,429.0,52045.0,30521.0,8.0,65535.0,65172.0,796.0,518.0,53.0,64906.0,1244.0,1251.0,1056.0,1089.0,33619.0,138.0,1465.0,720.0,65180.0,1096.0,14.0,4177.406684075318,4134.658997316343,8052.126288947358,3621.022731808478,2137.618024258,1203.1132912839971,5014.104742956363,4936.122272882261,2990.66820659611,4629.805335045009,5998.978585325512,5986.94233607444,5929.399922682376,5942.319486202019,69.01678438063409,5079.227800328354,5183.17767495976,5320.211417828847,4706.238656418981,5427.859709498707,3595.645546275191,D1,N8,t,appliedMASKiso_1mgml_roi1_8bit.ome
appliedMASKiso_flu_1mgml_roi1_8bit.ome,38,86.03671176,53.23923529,0.917521765,3.740252941,102.2,49.896,0.92271,3.5127,17.0,59.94372332,15.14401808,0.035787006,0.968823397,38.0,1909,66.6605,1575,59,26.6949,3,1.1129,0.012,0.0556,0.1443,131072,0.7403786778450012,856.4488525390625,0.5021867156028748,9.229813575744629,12.223551750183105,1190.8223876953125,0.8578166365623474,0.7749680876731873,786.9957275390625,0.4932143986225128,8.254223823547363,8.278955459594727,802.9541015625,0.8840728998184204,0.18208356201648712,535.7243041992188,0.19842542707920074,5.973262310028076,11.506168365478516,1093.0968017578125,0.1092258095741272,1mgml,flu,roi1,1955.0165199078242,56227.97883605957,30185.44213104248,338.770763273209,65432.89513397217,63393.39266204834,2559.2463740927906,1978.63906248168,892.2765340474368,63271.765480041504,3580.2836693271474,3583.7267385963037,3334.365498191585,3377.6917072351853,33616.47611999512,2300.9666070363746,3550.031330596548,2721.8459184763533,63514.63986968994,3539.1633906633906,633.1455880764662,389.0,52045.0,30468.0,8.0,65535.0,65206.0,755.0,493.0,48.0,64926.0,1165.0,1172.0,976.0,1008.0,33619.0,138.0,1411.0,661.0,65203.0,997.0,16.0,4010.0791741704575,4006.2844961031287,8129.725530495909,3646.14164829014,1549.4244657474462,935.0097805291579,4812.307981290809,4729.4729856795875,3023.4421595309714,4483.778514443705,5877.9635095950935,5869.709998927994,5755.726632934714,5776.990163313873,75.19376973131166,5250.433526362044,5316.722552129154,5127.086979492058,4528.138632550846,5439.642514299039,3224.499298764551,D1,N8,t,appliedMASKiso_1mgml_roi1_8bit.ome
appliedMASKiso_flu_1mgml_roi1_8bit.ome,39,81.61626364,55.23181818,0.920229091,3.994618182,116.57,54.918,0.92913,3.5815,11.0,64.43212251,19.14582703,0.042965626,1.188718862,39.0,1819,70.0577,1475,51,28.9216,6,1.0583,0.0159,0.0445,0.2152,131072,0.7589967250823975,820.8573608398438,0.5318527221679688,8.573445320129395,11.84426498413086,1265.2647705078125,0.8699761033058167,0.7642825245857239,796.69921875,0.5568440556526184,8.337821960449219,9.529151916503906,972.2562255859375,0.8780354857444763,0.1624857783317566,522.3181762695312,0.21813465654850006,5.541657447814941,9.937577247619629,1092.10107421875,0.09326986968517303,1mgml,flu,roi1,1765.4019640758772,55750.166816711426,30191.237670898438,138.74128808611567,65485.753005981445,63678.395347595215,2467.3104602610865,1921.5585525052793,665.8005264406339,63583.27226257324,3203.0114456636197,3204.607650281563,3005.3015474537215,3040.2656538526103,33617.02606964111,2120.291294986158,3094.667038014864,2451.1487173226305,63807.257179260254,3340.0209608253085,372.8849547180836,322.0,52045.0,30441.0,10.0,65535.0,65254.0,694.0,454.0,41.0,64962.0,1026.0,1032.0,853.0,888.0,33620.0,138.0,1302.0,564.0,65239.0,828.0,13.0,3631.7749784276693,3925.519339404712,8116.189576937637,3734.5355083000445,403.68098797173985,336.94311443828,4100.178229568182,4538.97052261702,2411.441411255708,3721.927418478239,5207.727042813729,5195.956103147273,5150.318171706827,5159.632457265739,74.49822186492395,5012.891903817113,4660.42648535362,4601.002455772489,3804.4021659659447,5480.406684334473,1595.106864627203,D1,N8,t,appliedMASKiso_1mgml_roi1_8bit.ome
appliedMASKiso_flu_1mgml_roi1_8bit.ome,40,80.38220833,54.6665,0.929014167,3.756558333,71.7205,37.131,0.933565,3.7588,12.0,68.51496858,26.02469671,0.034035115,0.974089337,40.0,1838,69.3128,1521,58,26.2241,7,1.0565,0.0167,0.0454,0.1934,131072,0.7613441348075867,819.0802612304688,0.5253321528434753,8.56358814239502,11.436835289001465,1221.0279541015625,0.8721222877502441,0.7557027339935303,819.5123901367188,0.571853756904602,8.604598045349121,9.977139472961426,1026.4500732421875,0.8735339045524597,0.15361055731773376,501.2919616699219,0.22330820560455322,5.287057876586914,8.905411720275879,973.5078125,0.0865873321890831,1mgml,flu,roi1,1664.2614989012332,55917.35894012451,30189.451042175293,83.44803229061554,65501.06689453125,63780.82509613037,2331.944228084356,1806.1600411492395,613.1833459604655,63667.43741607666,3079.5006638383593,3082.0349621535834,2873.7208140031744,2910.00421957026,33616.9635925293,2266.9321832242713,3022.262292455134,2327.432792088878,63898.33493041992,3206.57792088878,285.6534346789477,294.0,52045.0,30452.0,10.0,65535.0,65275.0,612.0,402.0,38.0,64978.0,974.0,980.0,798.0,833.0,33620.0,138.0,1248.0,522.0,65255.0,759.0,11.0,3371.4812446260357,3667.758721931906,8217.73256232776,3826.1239036201187,182.43542759242362,193.81455608201153,3801.051941473672,4252.464849542336,1959.2406108703408,3433.7488760870992,4970.106471307297,4961.311588544347,4881.542261251498,4895.974423724725,70.89734547753339,5311.955025720936,4512.744472121725,4317.780023030376,3509.5434968625473,5320.928606582106,831.9394263014444,D1,N8,t,appliedMASKiso_1mgml_roi1_8bit.ome
appliedMASKiso_flu_1mgml_roi1_8bit.ome,41,108.3867857,59.00521429,0.915910714,3.519628571,135.115,44.868,0.93219,3.3591,14.0,58.21700724,28.67138225,0.040896739,0.941611266,41.0,2447,51.5648,2015,59,34.1525,9,1.1273,0.0138,0.0605,0.1553,131072,0.7349339723587036,872.0347290039062,0.4931132197380066,9.441374778747559,11.674257278442383,1141.7142333984375,0.8572466969490051,0.7370133399963379,870.7095947265625,0.4975859522819519,9.361031532287598,10.134512901306152,965.1959228515625,0.8627766370773315,0.15245065093040466,465.8852844238281,0.211567685008049,5.101345062255859,8.403934478759766,826.2088012695312,0.08718281984329224,1mgml,flu,roi1,1669.4161974087808,56905.2670211792,30137.59563446045,81.24223751121747,65500.637451171875,63729.220695495605,2363.8814240018955,1785.880950124393,640.501270356312,63619.238624572754,3178.542340032657,3182.635329396145,2977.838483724763,3013.5908071235635,33614.90641784668,2302.793841642229,3159.5882662637914,2378.2075722199334,63845.25370788574,3201.8347754429337,314.07428254483455,299.0,52045.0,30385.0,10.0,65535.0,65282.0,612.0,402.0,37.0,64984.0,974.0,980.0,810.0,833.0,33619.0,138.0,1248.0,528.0,65260.0,772.0,13.0,3237.616440234064,3437.537525258845,8396.051463828364,3786.9912082248957,183.62831272665443,194.4306669182587,3832.949884069569,4172.242590928389,1836.398511123577,3435.421335666381,5029.392155304889,5024.7608245251,4963.893275240454,4975.877973236483,93.63953396334152,5267.651537975336,4540.2199195063895,4278.12257006477,3528.726764792124,5069.18666213259,921.7563257597031,D1,N8,t,appliedMASKiso_1mgml_roi1_8bit.ome
appliedMASKiso_flu_1mgml_roi1_8bit.ome,42,91.775745,65.279,0.923621,3.408425,93.4075,55.31,0.931885,3.1681,20.0,57.39425311,32.58154743,0.037407786,0.824038803,42.0,3077,40.5977,2528,77,32.8312,10,1.1847,0.0159,0.0699,0.1067,131072,0.7277188301086426,893.3960571289062,0.4794601500034332,9.713949203491211,11.38120174407959,1066.0389404296875,0.8536460399627686,0.7311529517173767,874.7792358398438,0.4894162118434906,9.516308784484863,10.273411750793457,962.278076171875,0.8600071668624878,0.14448282122612,444.4833984375,0.19621816277503967,4.875452995300293,7.518186569213867,692.3603515625,0.0826852098107338,1mgml,flu,roi1,1633.2229606513097,57501.129470825195,30127.30015563965,59.99629588057021,65505.98971557617,63719.6887512207,2275.674760956407,1674.774314896987,681.3822442279584,63581.778175354004,3218.301741963543,3225.103518262767,3004.870310318254,3043.069785363844,33614.01535797119,2239.761290322581,3269.5677748189746,2367.130826574291,63817.09812164307,3145.818303206953,306.59692345658704,292.0,52045.0,30388.0,8.0,65535.0,65289.0,653.0,428.0,36.0,64989.0,957.0,962.0,797.0,827.0,33617.0,138.0,1248.0,517.0,65265.0,756.0,17.0,3022.8969764853136,3014.822169634251,8430.998094148292,3791.9397552682985,130.57826261179542,154.367099776318,3712.678279865242,3784.4412661301503,1862.4251836768285,3382.865791053078,4965.45457590922,4966.873056766873,4855.178239503132,4875.728530949139,94.8932841009586,5452.418519603036,4595.310147232781,4097.6954657774595,3451.308872074261,4784.0943954236,805.9727320609601,D1,N8,t,appliedMASKiso_1mgml_roi1_8bit.ome
appliedMASKiso_flu_1mgml_roi1_8bit.ome,43,84.664064,63.83456,0.9268788,3.71908,90.0,54.902,0.93812,3.6787,25.0,62.3674209,31.81133361,0.039409414,0.650202341,43.0,3220,38.7059,2646,86,30.7674,11,1.1968,0.0138,0.131,0.1104,131072,0.5895444750785828,1388.9520263671875,0.3376755118370056,15.923479080200195,15.04371166229248,1176.19384765625,0.7678148150444031,0.5900778770446777,1353.4873046875,0.3669947385787964,15.562604904174805,14.321187973022461,1170.3397216796875,0.7746068239212036,0.15468242764472961,478.8253173828125,0.18750660121440887,5.515146732330322,8.046965599060059,570.0244750976562,0.09867032617330551,1mgml,flu,roi1,1715.1800875907954,62705.45195007324,30313.07085418701,61.1137511528833,65498.376319885254,63420.76439666748,2472.1970901923282,1744.1233789678088,714.5160415138175,63350.73053741455,3605.3054996032474,3615.1685054629797,3457.734427455289,3486.043825917109,33607.51150512695,2300.7471324296143,3335.965574070683,2606.8393761826283,63555.152587890625,3169.6636681316,414.7449321147843,384.0,65516.0,30479.0,8.0,65535.0,65241.0,653.0,415.0,43.0,64960.0,1209.0,1216.0,1042.0,1071.0,33606.0,138.0,1492.0,679.0,65228.0,992.0,27.0,2897.9066211521094,2912.4227035271206,6010.970191001679,4466.6212967471765,146.58176869698326,183.04320030851014,4045.6189060856173,3913.1208828872,1812.0721936118553,3647.040016893909,5177.265399840482,5183.358820685442,5184.837840616827,5188.024159465423,74.57499272459411,5408.652965347439,4285.807398378166,4149.572333079868,3749.9415054949595,4319.771082726435,1100.1583559053483,D1,N8,t,appliedMASKiso_1mgml_roi1_8bit.ome
appliedMASKiso_flu_1mgml_roi1_8bit.ome,44,102.6843455,57.9019697,0.926915455,3.607951515,126.87,45.381,0.92708,3.3867,33.0,57.8485153,29.79370126,0.03165808,0.870929462,44.0,4123,29.7907,3398,114,29.807,17,1.264,0.0157,0.2928,0.07327,131072,0.29700547456741333,2423.91015625,0.15788382291793823,29.838491439819336,25.082937240600586,1459.8212890625,0.5516944527626038,0.29386159777641296,2472.110107421875,0.14973852038383484,30.406356811523438,23.97713851928711,1451.18701171875,0.5561344623565674,0.10498323291540146,345.77197265625,0.11731959879398346,4.289405822753906,7.440673828125,300.34136962890625,0.0914074182510376,1mgml,flu,roi1,2085.8875427246094,64176.34084320068,29908.428604125977,56.01321681801219,65486.38863372803,62058.94435119629,2287.1441134194574,1564.0674588649126,1670.7552795410156,61639.66847229004,5747.017936706543,5772.663040161133,5166.0810623168945,5268.364669799805,33608.4669342041,2225.9881638846737,6485.219520568848,3508.3343811035156,62023.62546539307,3585.867530822754,360.20726574730367,926.0,65533.0,30252.0,9.0,65535.0,64003.0,490.0,311.0,628.0,63454.0,3426.0,3446.0,2805.0,2912.0,33611.0,138.0,4883.0,1735.0,63859.0,2091.0,11.0,2623.005928810013,2641.905905299255,4169.470299966725,3695.5047486884687,148.77363098342954,209.91487885775038,4440.152113063317,3678.7720750465046,2471.783399216158,4225.824605384454,5413.969605617956,5428.9511270336925,5340.025162773792,5357.334844852765,76.83061684703257,5250.9821528174525,4398.75216077819,3989.478259364541,4228.449728350137,3405.539461588498,1191.6305183089448,D1,N8,t,appliedMASKiso_1mgml_roi1_8bit.ome
appliedMASKiso_flu_1mgml_roi1_8bit.ome,45,85.0278359,46.42110256,0.868615641,3.013289744,77.8,41.427,0.86762,2.6499,39.0,56.67143243,14.61973538,0.056157739,0.777525556,45.0,3840,32.1336,3202,92,34.8043,17,1.2328,0.0175,0.4148,0.04045,131072,0.15808720886707306,2793.30517578125,0.07386212795972824,36.034423828125,32.050209045410156,1490.5999755859375,0.41716521978378296,0.148897185921669,2872.856689453125,0.05131681635975838,37.06669235229492,31.507837295532227,1499.1644287109375,0.4126583933830261,0.07394905388355255,320.1981201171875,0.07525911927223206,4.114756107330322,5.582523822784424,125.96109008789062,0.07828883826732635,1mgml,flu,roi1,2547.929397583008,64102.884536743164,29935.43709564209,17.273542336390715,65493.77763366699,59850.13478851318,1651.7464017521902,1150.6303750223494,5236.591232299805,58602.3020324707,8688.276481628418,8733.044593811035,7226.795310974121,7476.443794250488,33609.80828857422,2083.5122253172394,12216.89096069336,4590.106246948242,59391.62158203125,3951.2667846679688,622.557487487793,1744.0,65534.0,30238.0,2.0,65529.0,61243.0,408.0,259.0,3653.0,59990.0,6940.0,6980.0,5529.0,5767.0,33612.0,138.0,10579.0,3344.0,60758.0,2909.0,199.0,2070.044172950212,2040.515784666714,4273.057892746735,3770.84087791699,52.75008084760095,124.7060500313437,3848.487070343842,2712.80330135902,4325.035437675379,4004.009954812786,4812.430765519814,4828.130834640068,4472.491730072749,4531.844377646979,50.70307930733424,5080.014229846835,5243.969079380846,3218.215545299652,3865.012052719519,2639.4820275726524,1196.6647803768944,D1,N8,t,appliedMASKiso_1mgml_roi1_8bit.ome
appliedMASKiso_flu_1mgml_roi2_8bit.ome,1,89.01451304,52.79265217,0.912347391,3.72153913,96.072,45.737,0.92962,3.6875,23.0,53.15291344,19.95399795,0.036134479,0.931788193,1.0,3141,39.7297,2467,73,33.7945,11,1.1841,0.015,0.0911,0.1531,131072,0.5983420610427856,1719.6884765625,0.41271182894706726,17.089879989624023,19.56657600402832,1702.450439453125,0.7641995549201965,0.6066302061080933,1689.3677978515625,0.44611409306526184,16.641571044921875,16.249784469604492,1553.3973388671875,0.7851744294166565,0.24040187895298004,1006.0223388671875,0.16554659605026245,10.120667457580566,14.570274353027344,1138.728515625,0.15686257183551788,1mgml,flu,roi2,2654.708069023644,41532.8229675293,33124.46408081055,255.71358069002648,65434.79638671875,63899.96758270264,3390.280680866896,2619.934071249186,1205.3255981243672,63646.134620666504,3687.408574723861,3677.399680610389,3504.665616821186,3570.7603579825222,42295.762298583984,2254.196737518537,3795.783901876414,3217.1058421683006,63808.65358734131,5659.635818214079,525.1049100837962,624.5,33964.0,32768.0,19.0,65535.0,65479.0,1290.0,894.0,131.0,65244.0,1050.0,1052.0,924.0,954.0,42310.0,133.0,1289.0,803.0,65453.0,1925.0,38.0,4437.646478992536,3864.839572325,19516.597177518222,2881.698556383292,788.0809306789466,604.950742081213,3737.003799627697,4756.936855715257,2494.340214700678,3719.9376474544883,5617.729502763254,5595.195796051954,5525.025435092414,5593.474474949306,84.36928683342632,4891.170552137101,5322.507870745434,5211.865185598926,3836.274422791136,7826.046495170661,1398.6298795443474,D1,N8,t,appliedMASKiso_1mgml_roi2_8bit.ome
appliedMASKiso_flu_1mgml_roi2_8bit.ome,2,88.6973125,50.27220833,0.914641667,3.766745833,95.3445,39.5185,0.91547,3.7382,24.0,50.66296862,25.70599131,0.03072211,0.847867265,2.0,3055,40.9044,2440,78,31.2821,16,1.169,0.0185,0.0861,0.1932,131072,0.5995540618896484,1700.0606689453125,0.4255387485027313,16.75998878479004,19.886768341064453,1753.72802734375,0.76595538854599,0.6068427562713623,1764.7572021484375,0.4651467800140381,17.104623794555664,16.56232452392578,1612.681884765625,0.7854605913162231,0.23595650494098663,954.2861938476562,0.1772896647453308,9.551960945129395,14.519021034240723,1161.375244140625,0.15185318887233734,1mgml,flu,roi2,2858.9725636222415,41713.823013305664,33143.65596008301,262.58360580244073,65430.05461883545,63818.04599761963,3645.89487560971,2780.7999962334507,1300.4024856067317,63569.61428070068,3940.7740896422533,3931.212637638781,3763.424224425458,3831.4200781285695,42294.85472869873,2600.006555723651,3990.9812788413215,3460.022718965596,63728.1678314209,6011.039498332343,596.6775106772423,637.0,36409.5,32768.0,25.0,65535.0,65481.0,1310.0,906.0,128.0,65244.0,1088.0,1091.0,952.0,985.0,42302.0,133.0,1380.0,823.0,65455.0,1969.5,39.0,4860.40420725604,4236.114002407142,19913.66216126752,2831.017151918218,725.6673344028736,602.997921346898,4067.823234762729,5252.708788359314,2753.1194308486524,4039.5608970887765,6091.543584184339,6068.657248544358,6025.85204742104,6095.023643912638,90.32470506140709,6151.755253125683,5667.523564917259,5695.847975770204,4169.548758142473,8346.518577542123,1548.7645306699412,D1,N8,t,appliedMASKiso_1mgml_roi2_8bit.ome
appliedMASKiso_flu_1mgml_roi2_8bit.ome,3,96.39621875,55.00129167,0.894238333,3.596345833,99.8565,43.873,0.90559,3.53695,24.0,55.1522912,32.15874676,0.060757738,0.703684252,3.0,2488,50.6821,2002,64,31.2812,10,1.129,0.0235,0.0778,0.1045,131072,0.5934633612632751,1757.822021484375,0.4501035511493683,17.103647232055664,20.948009490966797,1859.159912109375,0.7612048983573914,0.5815627574920654,1811.0050048828125,0.47467657923698425,17.35207176208496,19.33333969116211,1907.90380859375,0.7699224948883057,0.2423011213541031,1002.3099365234375,0.15948352217674255,9.933862686157227,15.41956615447998,1225.721923828125,0.1566709280014038,1mgml,flu,roi2,2996.307283798545,41533.91710662842,33153.34035491943,357.3698742746615,65412.55823516846,63793.703521728516,3969.491668564488,3048.059515676004,1233.645990448357,63571.34948730469,4040.042461710089,4027.6156483138493,3901.5026378785415,3964.15261347526,42294.55709500957,2099.937837837838,3955.491307783485,3607.3815511190646,63713.793701171875,6276.843772514932,633.3619660319094,617.0,33964.0,32768.0,24.0,65535.0,65481.0,1390.0,970.0,121.0,65244.0,1042.0,1045.0,917.0,948.0,42303.0,133.0,1289.0,794.0,65455.0,1915.0,39.0,5246.003263289974,4723.774624044381,20000.918431040398,2859.3753734196343,1356.2617227266448,881.7309975691926,4297.338392304196,5874.714289043925,2514.4741538144303,4171.092803448247,6366.089096007624,6335.311868108961,6393.760370634558,6450.426928548234,119.10582331992453,4644.200749778585,5594.9825289272,6098.662061891318,4359.744177415521,8732.411730322905,1765.0387631943488,D1,N8,t,appliedMASKiso_1mgml_roi2_8bit.ome
appliedMASKiso_flu_1mgml_roi2_8bit.ome,4,112.9951818,57.33654545,0.914972727,3.7807,128.44,54.9415,0.925655,3.7607,22.0,48.15286912,20.69074847,0.034721771,0.827545701,4.0,2251,56.2288,1863,67,27.806,7,1.1138,0.0086,0.0737,0.08747,131072,0.5734261274337769,1764.4573974609375,0.5050450563430786,17.180950164794922,23.7556095123291,2075.48193359375,0.7461792826652527,0.5735721588134766,1851.3876953125,0.5464099049568176,17.743526458740234,20.16128158569336,2018.96337890625,0.7650873064994812,0.24846087396144867,960.2014770507812,0.15384624898433685,9.628740310668945,17.737592697143555,1320.42041015625,0.16640420258045197,1mgml,flu,roi2,3108.0641487012185,41862.35182952881,33121.6623840332,605.3078909073839,65354.584396362305,63675.233055114746,4230.4499340405155,3283.291884272729,1198.8169637369392,63483.878593444824,4083.959483850716,4068.805020235653,3987.261482752049,4043.5158353793204,42294.74523925781,2232.2283288650583,3836.5920694178185,3714.1524680769962,63608.29251098633,6342.732519422863,772.2965449607725,592.0,49197.0,32768.0,23.0,65535.0,65481.0,1410.0,1021.0,104.0,65244.0,1004.0,1002.0,880.0,913.0,42297.0,133.0,1244.0,762.0,65455.0,1836.0,39.0,5655.3134830418185,5226.1576128609595,19596.886363341335,2841.5835473433517,2688.5228993883056,1471.8056174047751,4692.533368035299,6436.300142231634,2573.0085383860014,4488.196065547782,6686.522517645424,6649.818316308838,6784.509052607509,6833.115507743362,110.44573902527537,5214.23224008917,5525.5169147439165,6523.909082728717,4722.214670905,8935.605386794272,2399.042101364632,D1,N8,t,appliedMASKiso_1mgml_roi2_8bit.ome
appliedMASKiso_flu_1mgml_roi2_8bit.ome,5,117.75916,49.12032,0.9258208,4.167432,133.83,45.169,0.93405,4.0114,25.0,51.22883626,15.04498754,0.02878499,0.818712899,5.0,2138,59.3064,1790,47,38.0851,13,1.098,0.0148,0.0599,0.1444,131072,0.5866239070892334,1772.40185546875,0.5430009365081787,16.73714256286621,24.861169815063477,2286.28125,0.7536674737930298,0.6123828291893005,1759.5496826171875,0.5881030559539795,16.234636306762695,18.8541202545166,2020.0634765625,0.7892773151397705,0.25189095735549927,1014.716552734375,0.1557852029800415,9.90673828125,19.405406951904297,1505.658447265625,0.17033252120018005,1mgml,flu,roi2,3012.278923043852,42133.268699645996,33074.768714904785,583.7263866211468,65364.110008239746,63749.11402130127,3982.227320963437,3146.1753706145287,934.731028591398,63615.34740447998,3779.658576956148,3761.1958834909715,3748.8687123817713,3791.2309974204645,42293.53424835205,3151.628817541112,3335.5993981083407,3544.2301053310402,63713.894874572754,6256.115810404127,631.4528786840301,569.0,49598.0,32768.0,18.0,65535.0,65475.0,1151.0,830.0,87.0,65243.0,950.0,953.0,842.0,868.5,42290.0,133.0,1154.0,731.0,65449.0,1765.0,24.0,5752.738585243098,5378.622577023241,18809.68651128574,2807.7316907542227,2464.1290515772657,1372.0729768735007,4651.182050173826,6545.256454107751,2158.368210531066,4305.432959549686,6446.864602972028,6402.4978072339945,6650.286485613074,6679.378526447178,142.33380496234264,6098.3619883797655,4842.525389310565,6514.171529354348,4602.888508577455,9129.165715303421,2009.823315768421,D1,N8,t,appliedMASKiso_1mgml_roi2_8bit.ome
appliedMASKiso_flu_1mgml_roi2_8bit.ome,6,113.6799813,60.93925,0.91867,4.10463125,133.005,51.7655,0.92852,3.9521,16.0,53.23458827,27.26546766,0.038008978,0.691633328,6.0,2031,62.5362,1733,62,27.9516,3,1.0926,0.0069,0.0627,0.1442,131072,0.5732360482215881,1826.8162841796875,0.5381507873535156,17.380130767822266,26.320465087890625,2350.811279296875,0.7412258982658386,0.5754393339157104,1795.7548828125,0.5770825147628784,16.950469970703125,21.789426803588867,2291.66943359375,0.7662227749824524,0.26768752932548523,1096.3634033203125,0.16302795708179474,10.690320014953613,21.39647674560547,1576.2783203125,0.18504083156585693,1mgml,flu,roi2,3117.1967333588645,43458.30207824707,33039.143409729004,762.9056814322449,65318.43126678467,63598.13976287842,3907.634605975239,3095.9804284972943,992.3574304982776,63462.79756164551,3942.6218935339966,3923.8206245536317,3896.41038990612,3942.8322171964437,42291.265075683594,2371.87345019239,3547.6767515758747,3674.1577220456875,63559.478355407715,6371.569033152889,701.6919266963844,692.0,49730.0,32768.0,20.0,65535.0,65454.0,1112.0,792.0,92.0,65222.0,1119.0,1122.0,1011.0,1039.0,42290.0,133.0,1312.0,884.0,65426.0,2139.0,20.0,6093.041716396145,5797.813713840106,18651.850828306757,2816.7826909503456,2951.132780133025,1721.9633513942124,5074.251669872738,6934.784241949887,2404.611947545198,4692.004793540689,6774.036536131569,6722.2311742917955,6999.967260222221,7027.7709659095,112.10658758411573,5593.063767947813,5102.976679541731,6872.096343625611,5013.48370258592,9113.05741111458,2480.749215550865,D1,N8,t,appliedMASKiso_1mgml_roi2_8bit.ome
appliedMASKiso_flu_1mgml_roi2_8bit.ome,7,118.0675765,55.75082353,0.929410588,3.878229412,139.09,54.0,0.94752,3.8652,17.0,55.42951542,18.35517496,0.030520085,0.953854147,7.0,2260,55.9969,1912,45,42.4889,10,1.1179,0.018,0.0677,0.1426,131072,0.5725032687187195,1836.052978515625,0.49356937408447266,17.75895118713379,25.320899963378906,2215.99951171875,0.740181028842926,0.5769087076187134,1909.42578125,0.5307580232620239,18.100994110107422,20.3767147064209,2126.580078125,0.7660845518112183,0.27184903621673584,1102.328125,0.17809151113033295,10.955741882324219,21.204042434692383,1570.6622314453125,0.18744097650051117,1mgml,flu,roi2,3174.3986721811057,45272.00242614746,33054.67182159424,819.4505266012746,65290.358963012695,63453.09715270996,3749.665008866231,2955.9608777568437,1081.5070524787388,63294.93507385254,4103.055912850754,4085.759389717814,4012.5030078758855,4067.7048917560455,42287.33249664307,2334.238773747841,3846.9108520995765,3760.5389143942693,63399.522537231445,6504.441949974274,705.3827135309357,818.0,49744.0,32768.0,13.0,65535.0,65415.0,1191.0,843.0,111.0,65187.0,1311.0,1306.0,1185.0,1220.0,42287.0,133.0,1516.0,1042.0,65387.0,2521.0,19.0,6226.86584211268,5743.67392116558,18469.07455812124,2812.180676607708,3059.1929458346635,1937.2120886896914,5356.492235882138,6894.035255978146,2670.0843234424824,4992.399013723509,6957.511458672592,6908.946763168002,7137.557335234367,7174.368938469493,138.36006329188422,5286.184446800456,5489.165720991685,7003.1393142983425,5294.377932676427,8954.393780389542,2712.882403580815,D1,N8,t,appliedMASKiso_1mgml_roi2_8bit.ome
appliedMASKiso_flu_1mgml_roi2_8bit.ome,8,104.5390632,52.38121053,0.926636316,4.068947368,109.29,49.205,0.92406,3.8198,19.0,61.45564207,15.11555732,0.022793533,1.30863698,8.0,2443,51.6525,2044,53,38.566,5,1.1494,0.0094,0.0742,0.1076,131072,0.5667383670806885,1862.6717529296875,0.46715617179870605,18.254404067993164,24.976511001586914,2120.291748046875,0.7344509959220886,0.5841774344444275,1832.97802734375,0.5169143676757812,17.548254013061523,18.99990463256836,1886.410400390625,0.7713041305541992,0.2762177288532257,1130.924560546875,0.1786641925573349,11.387619018554688,21.211950302124023,1526.048828125,0.19338458776474,1mgml,flu,roi2,3354.177118660491,46365.789474487305,33026.75612640381,816.0381944444445,65265.44167327881,63266.71661376953,3825.911334758421,2992.560484352802,1166.6664713685607,63097.83547210693,4389.026026627391,4372.571839693029,4275.123185597178,4337.075027615744,42286.11213684082,2565.23134991119,4166.859314741962,3991.0046607623885,63201.72090148926,6874.850351737369,734.4849062955897,994.5,49747.0,32722.0,9.0,65535.0,65354.0,1410.0,996.0,136.0,65132.0,1548.0,1544.0,1422.0,1459.0,42282.0,133.0,1742.0,1257.0,65325.0,3031.0,21.0,6329.072119125041,5682.201869688489,18408.580518169503,2803.65498935108,3347.1754150747533,2187.5253815353876,5620.050160232298,6843.003977166852,2912.79574811592,5294.666197086683,7186.574059784672,7139.895866226708,7327.447471376078,7372.981634833621,149.21841356649517,5722.3012281492065,5781.163854809563,7153.937924722706,5583.33817802486,8865.824340967232,3005.6365704434293,D1,N8,t,appliedMASKiso_1mgml_roi2_8bit.ome
appliedMASKiso_flu_1mgml_roi2_8bit.ome,9,89.74334737,52.53378947,0.915919474,3.507384211,97.943,46.427,0.93151,3.457,19.0,59.46457707,32.09945956,0.055147617,0.752398483,9.0,2616,48.1044,2190,62,35.3226,6,1.1428,0.0173,0.0752,0.1058,131072,0.5788903832435608,1835.112548828125,0.4468018412590027,17.903039932250977,23.47975730895996,2000.53271484375,0.7442176938056946,0.6001071333885193,1768.7593994140625,0.5093250274658203,16.899507522583008,17.663434982299805,1759.8646240234375,0.7813147306442261,0.26992887258529663,1122.0714111328125,0.1810993254184723,11.215208053588867,19.975605010986328,1439.1551513671875,0.18711206316947937,1mgml,flu,roi2,3452.403873968407,47307.84156036377,33049.85746765137,708.010276005342,65269.5404586792,63131.419509887695,3895.781672308209,3049.9937727707293,1225.1274451432716,62962.43846130371,4545.830728945105,4528.619570252309,4415.7505837421895,4481.770983995538,42284.60250854492,2393.4867749419955,4339.448975733341,4116.055273531664,63062.52737426758,7105.387359027443,712.4035684240044,1119.0,49748.0,32703.0,10.0,65535.0,65304.0,1529.0,1098.0,157.0,65082.0,1696.0,1693.0,1578.0,1614.0,42280.0,133.0,1855.0,1408.0,65269.0,3399.0,22.0,6285.605806843185,5553.663534111992,18082.81304670299,2809.713928628146,2935.485310880127,2099.455870499483,5718.308518359979,6719.695317006581,3030.3544301440784,5418.217235300584,7248.39936472777,7202.864302657415,7353.939829993472,7405.739390235863,119.03177317045525,5497.024879887622,5936.451851708994,7146.412345717754,5695.295378127516,8812.20650046933,2991.6632459152324,D1,N8,t,appliedMASKiso_1mgml_roi2_8bit.ome
appliedMASKiso_flu_1mgml_roi2_8bit.ome,10,102.7829938,54.367125,0.9113,3.5235375,111.26,54.209,0.911155,3.386,16.0,61.87150561,15.69141421,0.032984258,1.010519976,10.0,2673,47.0359,2257,68,33.1912,9,1.1618,0.0172,0.0821,0.1616,131072,0.573546290397644,1837.2628173828125,0.4272211492061615,18.101194381713867,22.8681697845459,1897.8626708984375,0.741583526134491,0.5933029651641846,1762.40576171875,0.4725051522254944,17.135379791259766,17.34076690673828,1681.5977783203125,0.7765763998031616,0.2649815082550049,1094.534423828125,0.17938651144504547,10.970675468444824,19.005136489868164,1312.9654541015625,0.1836039125919342,1mgml,flu,roi2,3542.508301785,48350.46728515625,33085.69152069092,750.581772651924,65243.70819854736,63003.85263824463,3965.3415201131997,3106.104608853851,1337.081304651038,62825.25630187988,4682.556633521538,4664.823155701489,4543.661752257993,4612.425507176277,42283.36626434326,2400.707012058955,4494.881933269461,4230.273917047262,62924.53092956543,7235.8073241742395,787.7320844686649,1204.0,49749.0,32704.0,11.0,65535.0,65277.0,1588.0,1136.0,178.0,65057.5,1793.0,1790.0,1673.0,1712.0,42276.0,133.0,1923.0,1503.0,65244.0,3646.0,24.0,6325.492610116046,5540.527364580126,18016.339356192286,2996.5000048404654,3208.6130973283325,2308.0368541810813,5922.634189908443,6720.790300343704,3353.7578694880112,5681.219541895363,7417.936592283208,7373.127834292114,7494.160039277157,7552.307304632023,118.06918329769071,5530.485048746464,6215.804121416331,7242.105072307998,5941.621513099787,8739.535819929855,3375.4777554402503,D1,N8,t,appliedMASKiso_1mgml_roi2_8bit.ome
appliedMASKiso_flu_1mgml_roi2_8bit.ome,11,92.2436625,66.7849375,0.893430625,3.47769375,116.33,58.199,0.90346,3.25525,16.0,65.99337378,30.54363567,0.060719578,0.916132784,11.0,2985,41.9105,2540,85,29.8824,17,1.1803,0.0135,0.0925,0.129,131072,0.5635228157043457,1856.3896484375,0.4067595601081848,18.502500534057617,22.553937911987305,1818.0750732421875,0.7357120513916016,0.5834648609161377,1762.740234375,0.45500633120536804,17.40141487121582,17.418020248413086,1648.59619140625,0.7716305255889893,0.25736531615257263,1029.0087890625,0.17408709228038788,10.495795249938965,18.26919937133789,1180.517578125,0.1819053292274475,1mgml,flu,roi2,3653.434207861548,48989.74295043945,33060.40683746338,736.6530222763319,65229.48495090447,62874.51280975342,4032.5253743192784,3165.0938310198108,1465.9077282481157,62687.604736328125,4840.320675688115,4822.230424376324,4689.278192027985,4761.5481911074285,42280.45813751221,2425.7026763990266,4671.260627819202,4363.867992267329,62786.18418121338,7414.866132744178,843.2776479944331,1270.0,49749.0,32696.0,13.0,65535.0,65249.0,1668.0,1200.0,191.0,65035.0,1893.0,1890.0,1773.0,1814.0,42272.0,133.0,2013.0,1588.0,65216.0,3838.0,27.0,6365.345223326567,5494.110927749015,18023.060054319285,3004.686918394756,3300.474892707709,2423.2034576191463,6081.377785240688,6659.500336167721,3715.5234624121686,5900.707506933687,7578.627237630956,7536.055611253895,7610.704909174703,7677.525886586074,200.54831743698224,5501.104906195749,6535.311042721911,7320.3305121740095,6138.572028108079,8776.148740367627,3671.9885566167954,D1,N8,t,appliedMASKiso_1mgml_roi2_8bit.ome
appliedMASKiso_flu_1mgml_roi2_8bit.ome,12,98.71112333,55.4555,0.92878,4.05105,117.665,43.75,0.93647,3.8105,18.0,65.88963138,25.49215965,0.032315344,0.926981788,12.0,3164,39.4264,2660,79,33.6709,20,1.1837,0.0098,0.0904,0.162,131072,0.5909683704376221,1774.9940185546875,0.40645164251327515,17.523927688598633,20.135068893432617,1717.385986328125,0.7582970261573792,0.6050435900688171,1687.066650390625,0.4423958659172058,16.55200958251953,16.685321807861328,1600.78955078125,0.7844775915145874,0.23439905047416687,957.5864868164062,0.16385525465011597,9.6628999710083,15.711034774780273,1095.3585205078125,0.16069240868091583,1mgml,flu,roi2,3678.1430697181877,49492.437355041504,33123.81247711182,602.9954805178036,65265.77170562744,62902.903869628906,4002.2022883725303,3199.372318680544,1360.8388686074122,62754.43727874756,4760.608329301357,4738.873663742343,4651.372061602505,4715.821464109329,42280.34326171875,2594.118878005343,4489.506358349841,4359.197496827672,62832.62989807129,7587.126619256716,742.2940285483792,1271.0,49749.0,32706.0,14.0,65535.0,65229.0,1588.0,1149.0,182.0,65018.0,1868.0,1862.0,1752.0,1787.0,42269.0,133.0,1968.0,1580.0,65196.0,3835.0,27.0,6277.412454556279,5611.868464885163,17926.36044542385,2969.566837782041,2810.4033591760935,2126.8206625665734,5867.6356583484285,6638.550658785826,3365.90257138917,5656.597680955491,7318.787579273553,7272.1260360429,7405.837305435349,7460.5217714944065,195.66835667579196,5916.936774470456,6215.434702180265,7166.073056937802,5914.040336457368,9048.90311612432,3184.0408731713,D1,N8,t,appliedMASKiso_1mgml_roi2_8bit.ome
appliedMASKiso_flu_1mgml_roi2_8bit.ome,13,82.46285652,54.14117391,0.914622609,3.574708696,77.905,52.196,0.91,3.4849,23.0,67.02032141,17.24031297,0.030398273,0.827992941,13.0,3125,39.9434,2568,76,33.7895,16,1.209,0.0151,0.0866,0.2058,131072,0.6104217171669006,1779.23681640625,0.41020897030830383,17.10847282409668,18.691516876220703,1701.83154296875,0.7752856612205505,0.6218988299369812,1752.345458984375,0.43524956703186035,16.696414947509766,16.107208251953125,1630.1229248046875,0.7944490909576416,0.2090858817100525,901.1707763671875,0.1500333547592163,8.831127166748047,13.544352531433105,1051.5029296875,0.13795937597751617,1mgml,flu,roi2,3741.3946175714586,49478.61131286621,33062.42849731445,538.8283441423597,65284.707290649414,62930.82797241211,4135.573207904741,3339.5043211215507,1202.6793484416346,62840.10696411133,4697.899862850707,4672.6061181300465,4646.437805974623,4700.781387660197,42278.96669006348,2243.2141623488774,4260.331074759989,4393.192127085623,62889.91490936279,7848.0346597153475,647.156075593084,1347.0,49749.0,32683.0,13.0,65535.0,65190.0,1628.0,1175.0,186.0,64995.0,1962.0,1953.0,1851.0,1889.0,42269.0,133.0,1991.0,1673.0,65163.0,4057.0,24.0,6250.598494446687,5740.1911547550935,17737.906149220737,2946.643828983744,2446.7345607345164,1902.7284416847215,5679.901906278031,6668.295511868663,3028.6009651760105,5384.420782075825,7086.770668074743,7035.644478088269,7240.6506081574325,7282.069095027525,192.53926154843353,5375.388202785517,5790.276358358887,7065.930529942954,5677.076968157945,9349.951340090005,2764.4661849869585,D1,N8,t,appliedMASKiso_1mgml_roi2_8bit.ome
appliedMASKiso_flu_1mgml_roi2_8bit.ome,14,85.485805,55.62104167,0.931255417,4.036495833,100.8685,44.214,0.941015,3.7837,24.0,64.38684052,30.80546007,0.035885971,1.029737675,14.0,3260,38.2064,2695,80,33.6875,16,1.202,0.0109,0.0981,0.2027,131072,0.5870637893676758,1873.0115966796875,0.45469725131988525,17.97587013244629,20.703664779663086,1888.4508056640625,0.7595852613449097,0.6031769514083862,1820.724365234375,0.4770340919494629,17.335853576660156,17.376651763916016,1749.9608154296875,0.7829089760780334,0.21213248372077942,934.471435546875,0.1318356692790985,9.156697273254395,14.258901596069336,1096.5755615234375,0.14267992973327637,1mgml,flu,roi2,4000.414146700611,50576.61585998535,33039.23310852051,508.2343112096116,65268.700828552246,62688.755126953125,4378.432922525652,3545.220739453825,1275.7063440353638,62623.94733428955,4970.500226198185,4942.543186112319,4941.1314788039,4994.566267197715,42276.42901611328,2780.927661510464,4426.627757621992,4685.3930171289685,62650.527488708496,8333.729475841146,661.1050722428824,1516.0,49749.0,32673.0,14.0,65535.0,65087.0,1747.0,1251.0,217.0,64905.0,2192.0,2186.0,2080.0,2122.0,42267.0,133.0,2194.0,1879.0,65059.0,4525.0,28.0,6437.5208231941015,5887.672111901668,17363.99994318477,2852.799189153571,2227.4399769416978,1845.7779753622046,5854.17200440694,6818.378172887717,2988.2499810474733,5516.047768360029,7240.120270920631,7185.970664202655,7419.892691940295,7458.55968367019,215.48868503765246,6528.245705167111,5819.228692050612,7259.815656660575,5834.147987457554,9717.644774226406,2554.7709511917064,D1,N8,t,appliedMASKiso_1mgml_roi2_8bit.ome
appliedMASKiso_flu_1mgml_roi2_8bit.ome,15,96.30508182,53.55933333,0.917123333,3.777042424,125.54,40.495,0.92991,3.7215,33.0,66.8045265,34.72737195,0.051340753,0.877116292,15.0,3655,33.8613,3034,99,30.6465,17,1.2289,0.0115,0.1102,0.2155,131072,0.5762069821357727,1920.780517578125,0.46345090866088867,18.410175323486328,21.85376739501953,1947.3936767578125,0.7496165633201599,0.6083093881607056,1753.7861328125,0.4888424873352051,16.69991683959961,17.573219299316406,1770.19873046875,0.7862334251403809,0.22316677868366241,1011.345947265625,0.13384702801704407,9.895795822143555,15.577174186706543,1112.18701171875,0.15586908161640167,1mgml,flu,roi2,4246.994300563014,51909.38294219971,32960.03087615967,476.882600727591,65256.98713684082,62414.89237213135,4600.729620485254,3672.1864549801544,1339.2520739840588,62365.23413848877,5266.09775660459,5237.975487223906,5250.942165439585,5305.27598960589,42274.3009185791,2624.6513157894738,4602.739679514942,4978.75521004764,62375.719299316406,8768.496803811173,699.7158338086255,1589.0,64930.5,32648.0,17.0,65535.0,64987.0,1767.0,1264.0,220.0,64811.0,2312.0,2306.0,2178.0,2221.0,42263.0,133.0,2353.0,1968.0,64958.0,4752.0,31.0,6617.434707390504,5883.519768913374,16730.964725924827,2903.873282413346,1910.0499987521382,1696.98232737161,6100.39203275229,6947.882361812656,2994.136922791358,5756.539480385935,7463.669840239088,7411.425076415662,7663.526286345324,7701.887736438121,184.40332920870193,6137.238788869968,5878.372182999003,7485.404562828655,6083.391568675527,10029.97029054863,2377.174580591303,D1,N8,t,appliedMASKiso_1mgml_roi2_8bit.ome
appliedMASKiso_flu_1mgml_roi2_8bit.ome,16,100.2265829,54.07394286,0.922542857,3.75508,123.18,42.04,0.93191,3.5836,35.0,67.2963464,30.30392133,0.053055654,0.855832206,16.0,3404,36.5056,2920,85,34.3529,14,1.223,0.0112,0.1102,0.2646,131072,0.5881870985031128,1894.3931884765625,0.46661338210105896,17.894577026367188,21.71074867248535,1945.518310546875,0.7568575143814087,0.6241896748542786,1721.5975341796875,0.5010993480682373,16.088748931884766,16.78281021118164,1737.8956298828125,0.7963486313819885,0.2270248532295227,1019.2033081054688,0.1381453573703766,9.8875150680542,16.310047149658203,1136.6514892578125,0.15908323228359222,1mgml,flu,roi2,4413.2513049772215,52462.65779876709,32943.77700805664,457.5912536595567,65250.62072753906,62288.982429504395,4824.17132450795,3865.92652518036,1294.487433707781,62293.799812316895,5357.319172308085,5325.805356154468,5398.465167965257,5444.570315493677,42271.10470581055,2773.6729010806316,4510.798875973943,5147.495652914378,62268.52007293701,9154.202162898624,688.4416461654413,1665.0,65159.0,32635.0,17.0,65535.0,64919.0,1906.0,1366.0,209.0,64756.0,2368.0,2366.0,2267.0,2309.0,42262.0,133.0,2330.0,2056.0,64892.0,4960.0,33.0,6723.708521322724,6040.133452415581,16174.661944979396,2862.183288828872,1736.254924601056,1618.5177073003128,6159.729716402093,7123.836426488114,2899.180609070506,5755.527866612067,7462.41056661531,7406.0521996665375,7719.0172428128435,7747.881254848676,208.2036470850018,6076.674467108424,5707.226482902156,7575.394749788804,6118.558092618331,10293.760866965415,2246.4366135300393,D1,N8,t,appliedMASKiso_1mgml_roi2_8bit.ome
appliedMASKiso_flu_1mgml_roi2_8bit.ome,17,90.42970625,61.40978125,0.914511563,3.866484375,67.311,44.641,0.92239,3.86615,32.0,65.82739591,37.59245323,0.034250205,1.054425384,17.0,3435,36.1581,2984,80,37.3,13,1.2154,0.0172,0.1105,0.2593,131072,0.5954362750053406,1903.7403564453125,0.4661969840526581,17.771818161010742,21.81018829345703,1979.3212890625,0.7603683471679688,0.6408812999725342,1666.0716552734375,0.4924742579460144,15.378204345703125,16.78034019470215,1792.632568359375,0.8064389228820801,0.23344425857067108,1097.8046875,0.14681321382522583,10.488790512084961,16.906511306762695,1208.623779296875,0.16420769691467285,1mgml,flu,roi2,4610.810918459009,52722.64990234375,32902.93299865723,492.06205112751746,65223.59818267822,62169.9694519043,5135.783521135158,4129.331892525686,1243.6699792769975,62230.44273376465,5473.449611023542,5438.067532753682,5563.915001440653,5603.078947814443,42271.45104217529,2696.3128205128205,4426.556431246928,5342.086523957221,62172.77429962158,9525.707055812612,691.0899130051756,1810.0,65049.0,32630.0,19.0,65535.0,64829.0,2085.0,1519.0,216.0,64690.0,2501.5,2497.0,2417.0,2457.0,42262.0,133.0,2353.0,2213.0,64810.0,5353.0,33.0,6888.565925489513,6359.592818372237,15945.457906203937,2831.70239415229,1753.6017130321143,1636.5881069077236,6195.766908724645,7444.682798994231,2646.845776357107,5697.48951558343,7440.7200984097635,7376.5092886411385,7782.19554604624,7796.635765642875,140.0856409483454,5882.373721515765,5414.467241884294,7701.791763969019,6118.241151266452,10533.522661240448,2118.698500842512,D1,N8,t,appliedMASKiso_1mgml_roi2_8bit.ome
appliedMASKiso_flu_1mgml_roi2_8bit.ome,18,91.60032143,58.03735714,0.921930357,4.000060714,80.445,43.5475,0.924935,3.62015,28.0,65.98458934,37.34212334,0.027236138,1.01754139,18.0,3248,38.355,2796,97,28.8247,13,1.2117,0.0105,0.1039,0.241,131072,0.6149559020996094,1865.0540771484375,0.4765589237213135,17.073841094970703,21.242534637451172,2003.1884765625,0.7730399966239929,0.6592228412628174,1553.3162841796875,0.4886108934879303,14.114882469177246,16.910205841064453,1882.9268798828125,0.8176926970481873,0.2371305227279663,1167.57421875,0.15467730164527893,10.85509204864502,16.84719467163086,1299.45654296875,0.16240651905536652,1mgml,flu,roi2,4701.731468707941,52369.25608062744,32921.714500427246,508.89177393649624,65211.152183532715,62153.98949432373,5323.845176942041,4266.606680875723,1140.4810811799346,62275.678802490234,5412.684404441454,5376.0436658815615,5566.29782974428,5594.8556527590845,42272.27336883545,2741.358593363051,4141.281039703903,5396.134597913862,62188.19435882568,9756.132637954239,658.3428447669068,1855.0,49749.0,32634.0,19.0,65535.0,64798.0,2243.0,1634.0,208.0,64667.0,2506.0,2500.0,2451.5,2489.0,42264.0,133.0,2307.0,2260.0,64782.0,5497.5,33.0,6977.045517339838,6434.389851028371,15603.737678136249,2779.397454260601,1733.1730393599214,1626.2389867373493,6114.198557416646,7564.42621858834,2382.433740193203,5524.035749816666,7279.043607221359,7213.388299668623,7702.370114228252,7702.580810455453,161.80673448958007,6156.172170284264,4923.644211472647,7712.716347991816,5987.613401160602,10826.65971670411,1974.0963078771542,D1,N8,t,appliedMASKiso_1mgml_roi2_8bit.ome
appliedMASKiso_flu_1mgml_roi2_8bit.ome,19,88.04970357,58.2215,0.918218571,3.959832143,76.529,48.783,0.92743,3.8661,28.0,65.27935341,28.05507703,0.060557386,1.109879612,19.0,3273,38.0467,2809,81,34.679,13,1.1953,0.0213,0.1025,0.217,131072,0.6219397187232971,1825.86181640625,0.48964059352874756,16.600982666015625,21.303987503051758,2077.344482421875,0.7787769436836243,0.6511202454566956,1640.2105712890625,0.5080718994140625,14.779414176940918,17.335636138916016,1946.8514404296875,0.8122215867042542,0.232420414686203,1102.598388671875,0.1625392735004425,10.19766616821289,16.78592300415039,1381.4237060546875,0.15536779165267944,1mgml,flu,roi2,4825.148258142018,52710.28049468994,32913.38716888428,798.5641678796701,65101.3246383667,62062.96364593506,5539.22938864885,4457.941592210991,1126.729751243781,62226.67224121094,5444.608390616658,5405.013672917779,5634.8258642552055,5657.64709857181,42271.732566833496,2886.5206496519722,4041.67270088094,5498.392243392953,62116.92679595947,9879.866532634811,759.1754503898898,1876.0,49749.0,32640.0,20.0,65535.0,64757.0,2323.0,1685.0,209.0,64634.0,2534.0,2523.0,2480.0,2515.0,42264.0,133.0,2330.0,2281.0,64740.0,5540.0,34.0,7284.88148882233,6878.046916345402,15333.466560751134,2820.436771464281,3014.411829110244,2380.7178761680293,6287.860152384314,8021.481775126662,2366.9928290765006,5603.649048257075,7333.586869635949,7260.803249602598,7849.1011632607715,7834.457229467408,152.25211353219854,6443.435534456487,4725.703021548641,7952.0708651834075,6120.830528619587,11050.693378173672,2510.772977096184,D1,N8,t,appliedMASKiso_1mgml_roi2_8bit.ome
appliedMASKiso_flu_1mgml_roi2_8bit.ome,20,101.5506864,62.35886364,0.909696364,3.852177273,115.075,54.0035,0.920785,3.7354,22.0,66.00466662,29.77333962,0.055276755,0.90464772,20.0,3101,40.268,2645,96,27.5521,8,1.1839,0.0128,0.0945,0.2207,131072,0.6386528015136719,1822.94970703125,0.49607953429222107,16.153411865234375,20.774641036987305,2171.355224609375,0.7921507358551025,0.6538141965866089,1770.8443603515625,0.5057863593101501,15.392142295837402,17.1776123046875,1993.6219482421875,0.8134485483169556,0.2173965573310852,1072.537841796875,0.17204776406288147,9.612317085266113,16.14846420288086,1495.311279296875,0.13991719484329224,1mgml,flu,roi2,4868.131304592843,52660.00136566162,33042.74198150635,1003.0719692330304,65039.060554504395,62100.739570617676,5689.066604255651,4648.581085561602,1058.954170353383,62311.07035827637,5320.043856595893,5275.900427626672,5555.820976911475,5569.644630633318,42271.75019073486,3089.984622553588,3853.9331791888353,5481.343833391345,62172.29000854492,9943.171133542175,737.3179568562052,1839.0,49749.0,32654.0,22.0,65535.0,64769.0,2343.0,1711.0,205.0,64639.0,2478.0,2474.0,2434.0,2466.0,42268.0,133.0,2285.0,2237.0,64748.0,5440.0,31.0,7552.164068018392,7349.6485488642875,15070.235100986272,2907.8894186640296,4090.0423143200915,2877.3133095166513,6198.205231040641,8333.042211129892,2165.2981692071403,5389.670485269242,7188.602447831356,7102.519104671932,7781.841778681938,7751.797434932914,155.43402597592794,6708.569310105304,4479.046103352546,8056.138583951097,5982.876433754195,11492.669480002203,2442.562900616144,D1,N8,t,appliedMASKiso_1mgml_roi2_8bit.ome
appliedMASKiso_flu_1mgml_roi2_8bit.ome,21,99.73577,61.47638462,0.902660769,3.833734615,114.515,51.8405,0.90671,3.6901,26.0,64.96318164,33.82884697,0.048381581,0.897892925,21.0,3040,41.1161,2501,87,28.7471,10,1.1759,0.0083,0.0944,0.2279,131072,0.6442655920982361,1732.7568359375,0.5172351002693176,15.380823135375977,20.707056045532227,2227.9609375,0.7979385852813721,0.6535659432411194,1717.8729248046875,0.5306158065795898,15.167344093322754,17.36115074157715,2019.2099609375,0.8136517405509949,0.20079408586025238,940.9187622070312,0.18165525794029236,8.415782928466797,15.351493835449219,1506.58642578125,0.12642942368984222,1mgml,flu,roi2,4992.831604063784,52508.72789764404,32938.82465362549,865.6030709074436,65065.903228759766,62019.89570617676,5849.584605267032,4767.864937818393,1072.4023405532216,62254.468002319336,5429.840890573818,5384.905147902429,5677.259806122279,5690.335794216923,42270.91902923584,2584.84561238855,3881.4246354400493,5611.239537087844,62108.00631713867,10159.925225719559,722.8708304143988,1868.0,49749.0,32654.0,27.0,65535.0,64767.0,2442.0,1787.0,214.0,64641.0,2506.0,2503.0,2466.0,2496.0,42269.0,133.0,2307.0,2272.0,64752.0,5508.0,34.0,7530.31669306905,7266.503895348512,15154.832443521385,2853.3834572657424,3228.10187383125,2470.7074264144767,6157.0919235516685,8283.19980789041,2067.689747053634,5324.535156893219,7188.587083468143,7103.969552464647,7779.896130767588,7750.479929530353,219.49993377992644,5764.636494258495,4409.376564658389,8043.753863808441,5913.25623939882,11672.182737313555,2184.1954626015,D1,N8,t,appliedMASKiso_1mgml_roi2_8bit.ome
appliedMASKiso_flu_1mgml_roi2_8bit.ome,22,115.1229258,60.16754839,0.920916774,3.877383871,130.5,52.281,0.92562,3.8178,31.0,55.54202209,30.62180364,0.027412278,0.869647346,22.0,3486,35.5998,2865,107,26.7757,11,1.2047,0.0153,0.1144,0.1801,131072,0.6074175834655762,1874.6671142578125,0.5251811742782593,16.93890953063965,22.227619171142578,2308.623779296875,0.7757152318954468,0.612028181552887,1843.534423828125,0.5417799353599548,16.56906509399414,19.266815185546875,2101.548828125,0.7890986204147339,0.19470493495464325,917.4508056640625,0.16702577471733093,8.355108261108398,14.620328903198242,1376.095947265625,0.12497259676456451,1mgml,flu,roi2,5262.003758017103,53151.279930114746,32965.71332550049,611.6355915111042,65127.14115905762,61747.615577697754,6116.880979314008,4935.1961382213785,1192.786449563579,61972.98741912842,5855.419453166755,5811.355842463923,6088.443930384821,6108.370273249599,42269.05940246582,2949.3296449976947,4215.164851683591,5967.979247394442,61825.3395690918,10643.66835916622,724.4072015854737,2022.0,64948.0,32657.0,34.0,65535.0,64696.0,2700.0,1979.0,249.0,64569.0,2736.0,2727.0,2685.0,2719.5,42261.0,133.0,2511.0,2464.5,64678.0,5938.0,50.0,7452.696192882939,6962.057799867891,15525.12710705951,2794.7589448371673,1902.193296095127,1754.7847771906133,6271.1034406514755,8100.76947618866,2118.5882611366796,5504.259818441755,7431.235286428374,7355.194273320223,7966.4750328195,7949.887304921386,163.23801034575257,6539.567230388192,4632.569955489347,8102.32182949574,6057.499983285523,11782.49335595497,1791.7783164023342,D1,N8,t,appliedMASKiso_1mgml_roi2_8bit.ome
appliedMASKiso_flu_1mgml_roi2_8bit.ome,23,93.48043111,61.21844444,0.9162675,3.896411111,97.0695,52.956,0.92997,3.6809,36.0,60.86477392,27.13297664,0.039067291,1.004925649,23.0,3954,31.1495,3331,93,35.8172,24,1.2539,0.0156,0.13,0.1931,131072,0.5848748683929443,1949.052490234375,0.53184974193573,17.667165756225586,23.444665908813477,2363.4384765625,0.7612380385398865,0.5638531446456909,1990.6673583984375,0.5637544393539429,18.1383056640625,23.070371627807617,2473.81982421875,0.7582393288612366,0.1964114010334015,897.4923706054688,0.15422958135604858,8.237339973449707,14.119050979614258,1253.368408203125,0.1260543316602707,1mgml,flu,roi2,5455.281288858104,53831.615814208984,32939.43857574463,538.7371224804854,65139.01439666748,61524.517517089844,6335.1256703470035,5065.598905757098,1315.5307166768523,61732.053047180176,6170.395178048353,6127.432281539219,6392.104216912716,6417.269338296043,42270.4794921875,2723.8930608365017,4488.8326504043325,6228.93877006017,61584.668785095215,10957.73839785691,774.0556556052861,2101.0,65452.0,32655.0,39.0,65535.0,64654.0,2799.0,2030.0,277.0,64516.0,2884.0,2875.0,2810.0,2851.0,42258.0,133.0,2692.0,2565.0,64628.0,6148.0,58.0,7524.202283672032,6955.466328442187,15507.17596101374,2884.604044287675,1607.7899885681375,1611.7901234836297,6502.350658634397,8170.432518719018,2287.033679431776,5793.45323169529,7707.867772344823,7637.130773125454,8216.232446252976,8207.310274801861,116.14893602318242,5848.916935218428,4852.910609904822,8272.932706601598,6324.800857978172,11866.849545099843,1835.0437292957497,D1,N8,t,appliedMASKiso_1mgml_roi2_8bit.ome
appliedMASKiso_flu_1mgml_roi2_8bit.ome,24,87.5780175,63.0789,0.92164875,3.9500875,95.928,58.724,0.930485,4.1121,40.0,65.82850803,25.36637202,0.037457663,0.850315185,24.0,4092,30.0315,3434,102,33.6667,19,1.2724,0.0116,0.1425,0.2254,131072,0.5549284815788269,2100.663330078125,0.5311661958694458,19.144269943237305,25.33932113647461,2480.45068359375,0.7397551536560059,0.5124589800834656,2174.426513671875,0.5440554618835449,19.90789031982422,26.130569458007812,2625.5556640625,0.7245503067970276,0.20790612697601318,989.7406005859375,0.14134429395198822,9.104656219482422,14.807502746582031,1281.1575927734375,0.1363763064146042,1mgml,flu,roi2,5657.571413048021,54099.45469249491,32944.54878997803,632.66174076658,65083.04807281494,61347.67286682129,6603.346775941212,5270.062895250104,1405.0940456265464,61555.90747833252,6402.92466251515,6358.145902118945,6644.580967108288,6668.874142182472,42269.650634765625,2745.8509883426254,4668.995954361182,6467.250219417395,61396.07530212402,11240.715309065074,857.5424319895117,2186.0,65502.0,32650.0,42.0,65535.0,64617.0,2958.0,2158.0,297.0,64480.0,3010.0,3004.0,2933.0,2981.0,42257.0,133.0,2828.0,2679.0,64590.0,6374.0,70.0,7717.263254698618,7142.129478328482,15582.41566548229,2826.630201703096,2010.420395865431,1916.250072250998,6730.044680487712,8417.162295309407,2449.632682788882,6034.980381599522,7899.358019741363,7826.683351848431,8438.270499128494,8426.333089411215,145.55801938626988,6035.650537610626,5026.035836521655,8486.407034598991,6574.275307795033,11914.981408536416,2082.7268214911483,D1,N8,t,appliedMASKiso_1mgml_roi2_8bit.ome
appliedMASKiso_flu_1mgml_roi2_8bit.ome,25,107.9353073,56.38485366,0.910073415,3.784536585,131.82,50.429,0.9281,3.531,41.0,61.48458486,21.62932985,0.050499101,0.932053043,25.0,3767,32.7951,3136,94,33.3617,23,1.2511,0.0173,0.1293,0.2233,131072,0.5779354572296143,2073.171875,0.5294352173805237,18.54363441467285,23.82810401916504,2411.25634765625,0.7558704018592834,0.5450454950332642,2155.355712890625,0.5342812538146973,19.26317596435547,23.768905639648438,2506.7041015625,0.746317982673645,0.20082451403141022,998.2717895507812,0.13243788480758667,9.003142356872559,14.12489128112793,1268.044677734375,0.12946860492229462,1mgml,flu,roi2,5420.474850603836,53765.46918487549,32912.163970947266,546.4880812306619,65146.15625,61601.71627807617,6406.104553586431,5137.5465885167,1250.4698873955685,61825.85577392578,6061.476909228807,6016.8558629139125,6313.554386871473,6332.632922997424,42268.73288726807,2677.932211776348,4364.682071626814,6170.641540884959,61664.46381378174,11024.91642982756,740.467275412918,2035.0,65454.0,32646.0,30.0,65535.0,64722.0,2918.0,2158.0,251.0,64588.5,2767.0,2759.0,2715.0,2757.0,42257.0,133.0,2579.0,2488.0,64697.0,5997.0,60.0,7514.045942422921,7022.322774903559,15423.515958669743,2812.110140945492,1777.0156377803619,1714.2972452374431,6454.02488810617,8238.037184984334,2263.6760508208354,5741.915567367614,7623.916932373321,7550.730918643567,8161.603560080514,8146.850828494507,155.27122411738435,5869.606834427123,4839.541992356761,8236.175369589662,6285.164269126993,11932.288326402799,1885.3634912972368,D1,N8,t,appliedMASKiso_1mgml_roi2_8bit.ome
appliedMASKiso_flu_1mgml_roi2_8bit.ome,26,109.5562879,64.04518182,0.929345455,3.880890909,143.47,52.869,0.93484,3.5922,33.0,61.99888964,34.61199477,0.040899523,1.102702373,26.0,3904,31.574,3248,104,31.2308,18,1.2495,0.016,0.1337,0.2083,131072,0.5573875904083252,2128.7490234375,0.5257206559181213,19.316850662231445,25.02943229675293,2456.70654296875,0.7413637042045593,0.5381747484207153,2206.67822265625,0.5432224869728088,19.901119232177734,23.979679107666016,2512.267822265625,0.7416784167289734,0.20708909630775452,1002.9179077148438,0.1385745108127594,9.19424057006836,14.765876770019531,1244.4873046875,0.13651412725448608,1mgml,flu,roi2,5333.240693360098,54478.40045928955,32939.94790649414,609.4192195163928,65112.03875732422,61543.73683166504,6189.629147128647,4953.827993486237,1334.3494087163901,61729.86292266846,6073.02162842546,6031.441585152156,6266.7607298873745,6295.422770314184,42268.47964477539,3058.2881896944823,4537.084226633649,6096.803303908583,61594.957748413086,10703.647355474566,826.724079513628,1905.0,65488.0,32648.0,33.0,65535.0,64768.0,2720.0,1992.0,246.0,64635.0,2608.0,2604.0,2533.0,2574.0,42257.0,142.0,2488.0,2328.0,64754.0,5623.0,71.0,7501.160223837715,6830.722893327182,14974.207776467385,3066.3499549026183,2021.8140791138953,1911.0287893994482,6616.535398498429,8072.974559156699,2500.5281772779053,5972.469532214746,7807.622258608257,7740.782116865367,8263.774229544646,8264.346102939478,136.26813445731665,6385.579226745335,5225.196994427897,8280.926502899101,6468.867946896824,11671.322197919386,2163.266819058475,D1,N8,t,appliedMASKiso_1mgml_roi2_8bit.ome
appliedMASKiso_flu_1mgml_roi2_8bit.ome,27,99.83437879,68.10448485,0.917493939,3.773027273,122.74,50.835,0.91941,3.3713,33.0,64.8801284,41.80191321,0.030184027,0.93315154,27.0,4210,29.1337,3490,104,33.5577,21,1.2651,0.0101,0.1392,0.2078,131072,0.5243388414382935,2244.58251953125,0.494204580783844,20.85529327392578,26.278457641601562,2428.95458984375,0.7171378135681152,0.5009664297103882,2285.09375,0.5223625898361206,21.157283782958984,26.325057983398438,2593.704833984375,0.717214822769165,0.21689429879188538,1054.105712890625,0.15213800966739655,9.85235595703125,15.221687316894531,1188.1744384765625,0.14752356708049774,1mgml,flu,roi2,5130.688633452713,55100.09233856201,32966.62525177002,594.1374205327878,65125.17459869385,61531.789627075195,5762.505253576587,4583.933276609217,1487.9644522092578,61614.76728057861,6103.100914512273,6067.75594514558,6174.482766216073,6223.282821690502,42269.233070373535,2835.8045977011493,4895.2814919358125,5933.311089175144,61539.325927734375,10197.342685125512,869.2211038165028,1746.0,65516.0,32648.0,32.0,65535.0,64776.0,2402.0,1749.0,258.0,64584.0,2545.0,2537.0,2396.0,2446.0,42259.0,133.0,2601.0,2163.0,64735.0,5183.0,67.0,7319.664606421936,6454.866065895288,14611.873682893542,3178.2950068026385,2035.2466128633598,1876.2529815209125,6722.065566034672,7693.479412852485,2824.470938990015,6222.97488546743,7998.787172883485,7941.844520090768,8304.241623661064,8331.235261497088,141.26772568290127,6207.271060407585,5770.7692433935945,8197.537908724169,6634.183125614576,11206.578845322727,2259.7334644494085,D1,N8,t,appliedMASKiso_1mgml_roi2_8bit.ome
appliedMASKiso_flu_1mgml_roi2_8bit.ome,28,94.1566,58.02422857,0.904920857,3.746577143,102.53,44.873,0.91628,3.68,35.0,58.37686141,36.26839519,0.043706613,0.955262014,28.0,4078,30.1415,3400,128,26.5625,15,1.2555,0.0193,0.1381,0.2013,131072,0.4966464936733246,2316.08154296875,0.46127983927726746,21.94573211669922,27.673738479614258,2335.998779296875,0.693289041519165,0.4744779169559479,2304.89013671875,0.4755333662033081,21.738744735717773,27.0762996673584,2579.286376953125,0.6991282105445862,0.2355063408613205,1093.9840087890625,0.1461755484342575,10.496040344238281,17.108163833618164,1135.953857421875,0.16854722797870636,1mgml,flu,roi2,4890.809981669994,55408.983322143555,32987.50583648682,595.3611283536795,65141.383293151855,61594.64193725586,5365.897466791168,4223.576653915278,1689.265482528746,61557.464096069336,6075.342640175444,6046.04900821577,6054.352394356977,6117.995630257602,42268.676666259766,2670.8737068965515,5254.815300644824,5737.92496153972,61538.38271331787,9652.49709502144,943.5363515786307,1662.0,65523.0,32658.0,29.0,65535.0,64811.0,2204.0,1596.0,251.0,64604.0,2476.5,2474.0,2302.0,2357.0,42260.0,133.0,2601.0,2073.0,64763.0,4955.0,53.0,7115.856656417913,6020.848274859143,14705.03983679289,3200.6742306493666,2179.1360843582356,1931.8769122313586,6888.360050996508,7337.703698476988,3443.939706595579,6610.330577370939,8226.566612513083,8181.166011110176,8396.596582834949,8448.47848778591,196.6526162382764,5933.78912697836,6562.7538133354665,8132.828842205647,6927.769081527453,10598.329417187542,2626.513596740519,D1,N8,t,appliedMASKiso_1mgml_roi2_8bit.ome
appliedMASKiso_flu_1mgml_roi2_8bit.ome,29,112.1089321,50.92882143,0.906314286,3.957478571,136.01,46.85,0.91067,3.82365,28.0,56.39356999,21.94918621,0.041685141,1.027517107,29.0,4017,30.6296,3367,104,32.375,21,1.2495,0.0172,0.1266,0.2128,131072,0.4981447756290436,2221.616455078125,0.4479908049106598,21.419403076171875,28.16352081298828,2256.288818359375,0.690623939037323,0.4735710024833679,2274.7841796875,0.46799540519714355,21.769311904907227,25.810077667236328,2384.093017578125,0.6989313364028931,0.25081267952919006,1057.0386962890625,0.1495419144630432,10.402644157409668,19.78963279724121,1222.5814208984375,0.1835806667804718,1mgml,flu,roi2,4601.982255122317,55381.03052520752,32971.87165734602,673.8844099077222,65130.411041259766,61769.89344024658,5101.133819471817,4003.6312470178204,1681.3948452594798,61677.44808959961,5841.3409150135185,5815.604058764129,5767.474942180527,5837.324310238118,42270.476402282715,2277.945462292288,5229.2891869442,5432.285497898954,61692.25656890869,9092.64208931887,970.703851567152,1675.0,65525.0,32643.0,22.0,65535.0,64758.0,2164.0,1570.0,253.0,64553.0,2514.0,2510.0,2333.0,2387.0,42261.0,133.0,2647.0,2093.0,64706.0,4966.0,37.0,6970.388579441245,5857.066647119758,14527.695358583198,3175.0807846905705,2337.9558112840855,2076.883984367949,6904.427920994173,7205.757618675643,3635.1797123433657,6696.053800817266,8185.989963342925,8143.51026460329,8313.459031397684,8372.14707100722,142.0262304179812,5366.194671164703,6645.49968035341,8013.148485950834,6984.117880872287,10062.343060512161,3011.6261698861595,D1,N8,t,appliedMASKiso_1mgml_roi2_8bit.ome
appliedMASKiso_flu_1mgml_roi2_8bit.ome,30,118.0760316,59.83305263,0.887426316,4.017052632,133.41,48.042,0.90995,3.6717,19.0,57.06595013,33.4214529,0.064617347,1.162697918,30.0,3589,34.5208,2973,86,34.5698,23,1.2211,0.0121,0.1041,0.2167,131072,0.5414528846740723,1992.9822998046875,0.4532957077026367,19.301233291625977,26.46859359741211,2158.03173828125,0.7178254723548889,0.5552453994750977,1963.5634765625,0.44593584537506104,19.394817352294922,19.870765686035156,1956.346435546875,0.7523471713066101,0.26317298412323,1089.8367919921875,0.1842411458492279,10.746231079101562,21.41546058654785,1378.9776611328125,0.19235734641551971,1mgml,flu,roi2,4250.018824981367,55416.60250091553,33020.00548553467,813.7814167625824,65120.237785339355,62058.18985748291,4786.94597562889,3756.1577114167667,1463.3047468046095,61968.14892578125,5400.362274705284,5376.837651565543,5322.471666359462,5388.574799047932,42271.25471496582,2002.1254295532647,4884.4917575592435,5013.86263133009,61993.142250061035,8529.522699769997,885.221150082997,1528.0,65517.0,32633.0,14.0,65535.0,64788.0,1985.0,1430.0,228.0,64569.0,2335.0,2332.0,2147.0,2201.0,42263.0,133.0,2534.0,1916.0,64734.5,4567.0,27.0,6800.929474133805,5802.090538648191,13563.32297313267,3308.2245446962356,3197.4330966892276,2488.0013797976117,6738.830729609438,7132.857200422478,3559.421908095892,6503.213482542704,7889.9834722734795,7847.697733417999,8033.781753597237,8086.812611987792,147.07738300790558,4455.206069790913,6384.8473540259765,7778.735770385819,6791.759577294194,9691.138554952373,3254.93476457063,D1,N8,t,appliedMASKiso_1mgml_roi2_8bit.ome
appliedMASKiso_flu_1mgml_roi2_8bit.ome,31,102.5063529,57.76641176,0.892285882,3.892870588,118.61,48.048,0.9001,3.6975,17.0,54.49210838,25.92212809,0.067316943,0.878776165,31.0,3334,37.314,2724,102,26.7059,11,1.2005,0.0147,0.0948,0.1509,131072,0.5700286626815796,1873.48828125,0.4410496652126312,18.131349563598633,24.696170806884766,2011.8502197265625,0.7353346347808838,0.6066773533821106,1730.609130859375,0.4493270516395569,16.575969696044922,17.805343627929688,1816.070556640625,0.7850940227508545,0.2714090943336487,1152.0802001953125,0.19589382410049438,11.304798126220703,21.491029739379883,1379.933349609375,0.19781123101711273,1mgml,flu,roi2,3984.8911734083986,57119.340644836426,32998.27963256836,782.8652373247033,65135.353454589844,62094.19660949707,3490.3452843670743,2694.066374565185,1401.6993931422578,61994.50323486328,5204.982778698955,5186.187706782864,5107.483939382254,5175.168796514094,42259.24826049805,2869.9491978609626,4816.249743569969,4756.16034396329,62049.048095703125,8018.996082211854,886.1495708813284,1392.0,65443.0,32588.0,13.0,65535.0,64753.0,854.0,575.0,191.0,64534.0,2223.0,2220.0,2036.0,2089.0,42259.0,133.0,2466.0,1784.0,64711.0,4210.0,24.0,6571.436520897431,5076.418393983293,11015.638983233572,3329.5556996742803,2895.003586192362,2371.8215819784073,6782.286618344264,6324.056554463984,3654.8120433769564,6577.474661633294,7820.134288198821,7781.576278663164,7910.827454941412,7972.071136102994,456.64461607072354,6467.415015780415,6460.545206215885,7592.043304623876,6835.029582762477,9158.676572498169,3408.2236389325044,D1,N8,t,appliedMASKiso_1mgml_roi2_8bit.ome
appliedMASKiso_flu_1mgml_roi2_8bit.ome,32,106.6340708,52.909375,0.91842125,3.9223375,116.225,52.8245,0.92438,3.599,24.0,55.05302204,15.02486494,0.029534076,0.831480082,32.0,3346,37.173,2716,98,27.7143,10,1.2006,0.0181,0.0966,0.1368,131072,0.5748875737190247,1825.2161865234375,0.42594337463378906,17.824745178222656,23.478347778320312,1899.235595703125,0.7401103973388672,0.6214864253997803,1653.6484375,0.4486441910266876,15.933937072753906,16.707727432250977,1671.2354736328125,0.7946065664291382,0.26882100105285645,1117.1396484375,0.19121631979942322,11.052257537841797,20.12949562072754,1299.2047119140625,0.19328776001930237,1mgml,flu,roi2,4198.720161437988,59453.734771728516,32525.30746459961,683.8608854992076,65138.75900268555,61633.694480895996,3780.3338953954144,2812.563529546408,1469.561782836914,61713.60673522949,5953.81681060791,5940.482177734375,5820.058242797852,5902.022132873535,42249.613372802734,2425.8928014957933,5364.181915283203,5197.485992431641,61742.88871765137,8356.366004943848,821.3769229880141,1720.0,65518.0,32475.0,11.0,65535.0,64286.0,1469.0,970.0,183.0,64297.0,2974.0,2981.0,2821.0,2878.0,42254.0,116.0,2692.0,2323.0,64412.0,4962.0,19.0,6402.182272949589,4745.811824096954,7759.6256534241065,2063.2353967291533,2487.9634282414218,2247.5007576324865,6981.708968176879,5994.722670392926,3986.0077760869217,6795.812218549285,7928.609962961133,7896.255093614695,7923.701020492086,8001.7401084336025,185.64637026640722,5602.068607748571,6956.573541942983,7499.079260653972,6999.435598327608,8439.328408167377,3316.969110654503,D1,N8,t,appliedMASKiso_1mgml_roi2_8bit.ome
appliedMASKiso_flu_1mgml_roi2_8bit.ome,33,84.729816,53.80096,0.9120144,3.637572,90.0,48.704,0.92321,3.2913,25.0,56.41842013,15.98897445,0.034543865,0.86608595,33.0,3373,36.8595,2767,106,26.1038,12,1.2053,0.0142,0.096,0.1147,131072,0.5898205637931824,1784.3431396484375,0.40003499388694763,17.420351028442383,21.585315704345703,1803.197998046875,0.7534412741661072,0.6367297172546387,1641.3111572265625,0.4349469542503357,15.728187561035156,15.164240837097168,1535.7469482421875,0.8036206960678101,0.25677040219306946,1062.236572265625,0.1995672583580017,10.53594970703125,18.186738967895508,1258.9671630859375,0.17918281257152557,1mgml,flu,roi2,4310.805130004883,60119.08213806152,32651.46787261963,599.3755506351241,65161.52780914307,61346.62650299072,3983.7650608844265,2903.3686712240974,1601.5498275756836,61441.21703338623,6418.752334594727,6409.397506713867,6258.803886413574,6350.281692504883,42256.381408691406,2674.270786516854,5840.188835144043,5457.934600830078,61471.231185913086,8653.746406555176,692.3933409943147,1986.0,65528.0,32535.0,10.0,65534.0,63916.0,1985.0,1302.0,236.0,63989.0,3518.0,3524.0,3404.0,3458.0,42256.0,133.0,2963.0,2741.0,64068.0,5648.0,16.0,6184.658911076994,4470.035229268227,7516.85818785614,2102.523290481499,2339.563734217701,2127.2417181190003,6909.553638243957,5648.47219711392,4110.3167814430535,6753.725360069847,7881.610925469106,7853.355967465731,7787.050553639367,7878.989589315523,62.508120970000036,6009.80678418441,7286.931316756744,7301.182540280128,6908.539162451074,7908.036631752482,2850.409211050428,D1,N8,t,appliedMASKiso_1mgml_roi2_8bit.ome
appliedMASKiso_flu_1mgml_roi2_8bit.ome,34,89.772448,47.82796,0.904784,3.927248,91.102,47.863,0.91549,3.5204,25.0,55.30811805,12.56395109,0.044273166,1.202232067,34.0,3716,33.2726,3011,118,25.5169,12,1.2245,0.0142,0.1128,0.127,131072,0.5719333291053772,1816.3104248046875,0.3725168704986572,18.195287704467773,21.5601863861084,1749.3272705078125,0.74261075258255,0.6219562292098999,1688.8984375,0.39245879650115967,16.626314163208008,15.12738037109375,1451.6500244140625,0.7940859794616699,0.2473675161600113,960.2099609375,0.19460228085517883,9.829095840454102,17.76929473876953,1195.1715087890625,0.1746438592672348,1mgml,flu,roi2,4576.440444946289,61161.612396240234,32746.897102355957,640.5007977195856,65114.58139038086,60830.32549285889,4272.270790100098,3068.9668045043945,1905.1300201416016,60890.360496520996,7171.170829772949,7165.304992675781,6949.416046142578,7058.910133361816,42258.31401062012,2508.317073170732,6633.408447265625,5925.439628601074,60933.33506774902,9062.29507446289,689.730658105939,2324.0,65532.0,32556.0,9.0,65534.0,63463.0,2442.0,1589.5,320.0,63554.0,4233.0,4239.0,4111.0,4176.0,42256.0,133.0,3484.0,3261.0,63616.0,6461.0,14.0,6179.444353636686,4404.919078356901,7066.815686092942,2087.6542981956,2639.658364885906,2394.0171783546834,7180.6076112199125,5513.602704380536,4681.926657195695,7095.038725517663,8149.3372430621175,8123.755402193498,7947.444623220434,8058.924154991623,21.731590802560817,5609.777794850228,7903.377964987927,7371.121074965232,7202.373853341326,7414.722940447443,2980.5690126490554,D1,N8,t,appliedMASKiso_1mgml_roi2_8bit.ome
appliedMASKiso_flu_1mgml_roi2_8bit.ome,35,82.22342273,49.40590909,0.911476364,3.594804545,88.29,44.8225,0.910845,3.2013,22.0,53.19414756,15.42626806,0.037383127,1.255731829,35.0,3901,31.5998,3159,125,25.272,18,1.2427,0.0166,0.1115,0.1015,131072,0.5847402215003967,1743.0257568359375,0.36941075325012207,17.543441772460938,20.328325271606445,1687.8314208984375,0.754157543182373,0.6273089647293091,1636.82666015625,0.3759223520755768,16.19178581237793,14.560453414916992,1388.780029296875,0.7976620197296143,0.23589769005775452,899.9310913085938,0.19747035205364227,9.223230361938477,16.667131423950195,1167.4263916015625,0.16173452138900757,1mgml,flu,roi2,4733.902626037598,61335.26810455322,32780.437660217285,576.8398939385078,65117.457527160645,60416.149742126465,4617.495491027832,3270.4262619018555,1979.4750289916992,60484.693756103516,7742.133117675781,7739.273986816406,7512.024520874023,7629.255302429199,42260.13422393799,2074.347438752784,6984.753234863281,6263.049850463867,60523.71659088135,9297.56967163086,633.5024958792603,2548.0,65533.0,32584.0,8.0,65533.0,63035.0,2879.0,1877.0,400.0,63135.0,4806.0,4817.0,4701.0,4766.0,42257.0,133.0,3733.0,3646.0,63184.0,6872.0,15.0,5986.425045654681,4257.759192727619,6974.623414796331,2133.0497500159136,2451.0369336606946,2333.212595749553,7083.289061000686,5339.374332377897,4525.142253502178,6955.746879822011,7995.363578542092,7972.802822720505,7781.676278154461,7893.836420978122,14.98132677583184,4846.948209554282,7705.85997843344,7176.301630684209,7052.098863395104,6947.230836029268,2833.087730028689,D1,N8,t,appliedMASKiso_1mgml_roi2_8bit.ome
appliedMASKiso_flu_1mgml_roi2_8bit.ome,36,77.84235,43.44215,0.9210145,3.68488,58.7715,39.6205,0.91948,3.5591,20.0,53.46640653,15.090376,0.023257534,0.859827201,36.0,3446,36.0363,2799,105,26.6571,13,1.2145,0.0233,0.0902,0.07541,131072,0.6308109164237976,1570.6947021484375,0.3906393051147461,15.514008522033691,17.844131469726562,1575.8350830078125,0.7868523597717285,0.6766504645347595,1478.806396484375,0.4136630594730377,14.342209815979004,12.666966438293457,1260.7733154296875,0.8272334337234497,0.21871712803840637,821.3641357421875,0.19274036586284637,8.33181095123291,14.908746719360352,1114.6650390625,0.1443854570388794,1mgml,flu,roi2,4643.148696899414,60164.74069213867,32811.94138336182,388.53399855601015,65206.23717498779,60313.84326171875,4835.133964538574,3367.1194381713867,1841.4417037963867,60414.131912231445,7866.469764709473,7866.51651763916,7683.093109130859,7794.775939941406,42262.380226135254,2052.124418604651,6784.656646728516,6271.275085449219,60439.405014038086,9165.59447479248,538.4754572808919,2578.0,65533.0,32599.0,8.0,65532.0,62783.0,3176.0,2068.0,457.0,62856.0,5089.0,5100.0,5008.0,5073.0,42258.0,133.0,3778.0,3793.0,62899.0,6799.0,19.0,5499.142903000159,3913.287455890089,7487.023898397047,1983.0970283979022,1651.8693174350465,1773.6870529778942,6583.865377799581,5004.572060979841,3977.6882063292264,6398.548903704576,7448.969895918565,7429.603882458122,7279.436787457812,7379.926984782351,61.82640714853263,4151.146323283571,6997.273430743026,6654.531785184111,6497.658256780691,6529.253090804739,2348.792605943914,D1,N8,t,appliedMASKiso_1mgml_roi2_8bit.ome
appliedMASKiso_flu_1mgml_roi2_8bit.ome,37,90.77476111,54.09588889,0.908685,3.589372222,105.9125,46.7635,0.91601,3.6794,18.0,63.9113319,25.86567513,0.042440325,0.558284061,37.0,3843,32.1069,3084,102,30.2353,16,1.2406,0.0181,0.1077,0.1102,131072,0.5963107347488403,1714.56103515625,0.37123438715934753,17.19004249572754,18.51534080505371,1580.7264404296875,0.7659116983413696,0.603757917881012,1723.2200927734375,0.3997686207294464,17.13050079345703,15.8892240524292,1504.98681640625,0.7839072942733765,0.21028801798820496,815.0254516601562,0.17396456003189087,8.318990707397461,13.508444786071777,970.0068359375,0.13989673554897308,1mgml,flu,roi2,4730.575965881348,60966.34715270996,32843.59803009033,284.5098503606416,65259.60221862793,60013.84413146973,4873.640686035156,3357.7118530273438,1983.5531997680664,60043.979232788086,8335.152801513672,8338.601440429688,8074.389236450195,8203.492454528809,42262.47887420654,1501.6435124508519,7286.770408630371,6490.7248458862305,60095.66467285156,9334.997047424316,512.2374716522987,2691.0,65534.0,32613.0,8.0,65532.0,62524.0,3296.0,2132.0,536.0,62559.0,5472.0,5485.0,5361.0,5440.0,42258.0,133.0,4208.0,4006.0,62612.0,6982.0,24.0,5226.034663659234,3556.079111542217,7156.991915594908,2130.711745989534,1206.7994343568103,1420.7959807843708,6453.8531579604,4642.747948355691,3970.365103565533,6336.514336319548,7400.385476910041,7386.959087232835,7152.465905085216,7265.565836512802,19.55765510067064,2681.201285665337,7071.478514916924,6436.837176676678,6392.850665747615,6354.038418816601,2085.879336404335,D1,N8,t,appliedMASKiso_1mgml_roi2_8bit.ome
appliedMASKiso_flu_1mgml_roi2_8bit.ome,38,97.16764688,49.2398125,0.907387187,3.651934375,118.505,42.9155,0.91643,3.37695,32.0,60.40074789,21.24180053,0.05753009,0.758511448,38.0,4118,29.8293,3314,110,30.1273,14,1.26,0.0171,0.1696,0.1009,131072,0.48583540320396423,2117.805419921875,0.3147698938846588,22.19447898864746,22.362661361694336,1697.768798828125,0.6919633746147156,0.47561177611351013,2169.56689453125,0.333783894777298,22.668018341064453,20.74696159362793,1720.1541748046875,0.6995640993118286,0.1980750560760498,740.6277465820312,0.15977558493614197,7.867800235748291,12.877045631408691,797.4202270507812,0.14052747189998627,1mgml,flu,roi2,4962.960823059082,64239.9722366333,32735.56869506836,259.4398170742729,65269.0885848999,59598.44300842285,4612.771377563477,3146.974899291992,2665.128837585449,59405.07180786133,9015.75025177002,9023.862022399902,8547.00202178955,8716.19783782959,42258.53702545166,1364.8123732251522,8579.475120544434,6846.2966384887695,59538.47743225098,9774.148628234863,596.8564599877825,2858.5,65534.0,32599.0,10.0,65532.0,62393.0,3196.0,2068.0,585.0,62359.0,5825.0,5831.0,5628.0,5722.5,42257.0,133.0,4818.0,4228.0,62434.0,7512.5,24.0,5256.145825981587,3094.929322327683,4330.667123182212,2491.849659328765,1099.2117940255407,1327.6262518333976,6894.99197597702,4100.658525495728,5450.526539784266,7129.540684234148,8043.046795714467,8039.237072252906,7507.192749474082,7672.962698456576,8.790929626104663,2308.3957453454227,8551.878619970963,6618.2509933546435,7041.518333698448,6394.866122943775,2292.861411304399,D1,N8,t,appliedMASKiso_1mgml_roi2_8bit.ome
appliedMASKiso_flu_1mgml_roi2_8bit.ome,39,101.0356103,57.51844828,0.895065862,3.6937,121.61,49.707,0.89618,3.5757,29.0,59.10572191,22.43813466,0.04897928,0.745232993,39.0,4895,24.7769,3947,131,30.1298,28,1.3089,0.0208,0.183,0.1234,131072,0.4638727903366089,2253.700927734375,0.28950658440589905,23.63034439086914,22.692378997802734,1708.7208251953125,0.6778786182403564,0.4409081041812897,2285.499267578125,0.3076733350753784,24.023284912109375,22.36057472229004,1802.733154296875,0.675082266330719,0.18378758430480957,715.0863037109375,0.1471434086561203,7.5456438064575195,11.654544830322266,721.2354736328125,0.13140869140625,1mgml,flu,roi2,4876.837913513184,64941.93595123291,32535.111450195312,196.05416690070962,65323.00888824463,59688.80694580078,4458.393783569336,3022.604782104492,2652.265655517578,59433.60055541992,8978.246109008789,8987.949813842773,8474.99821472168,8649.361518859863,42257.65799713135,1656.147507629705,8707.532257080078,6760.912750244141,59584.041999816895,9800.106636047363,525.8190058032988,2829.0,65534.0,32571.0,10.0,65532.0,62456.0,3137.0,2030.0,574.0,62390.0,5812.0,5823.0,5584.0,5682.0,42257.0,133.0,4932.0,4188.0,62472.5,7509.0,22.0,4996.179517299666,2869.0815645232265,2997.681173065981,2520.592077972498,878.2768045293491,1068.997965357177,6617.263216632877,3820.0494979540067,5280.404297740014,6932.364300875569,7824.95722336214,7823.149998314776,7260.58979983704,7428.934419889842,6.101012322525739,2647.683456970019,8526.244746574084,6349.661278902826,6827.725200350218,6371.494490467476,1985.8184891719561,D1,N8,t,appliedMASKiso_1mgml_roi2_8bit.ome
appliedMASKiso_flu_1mgml_roi2_8bit.ome,40,97.98410465,52.96973643,0.894125504,3.736411628,117.03,43.211,0.91139,3.6227,129.0,55.20340167,24.81412207,0.066974464,1.16923365,40.0,5668,21.1251,4689,102,45.9706,45,1.3427,0.0275,0.7338,0.08925,131072,0.02926221303641796,2789.05322265625,0.15906144678592682,34.636390686035156,64.58367156982422,1645.667724609375,0.2019481360912323,0.014524484053254128,2834.896484375,0.12359394878149033,35.29653549194336,64.62802124023438,1676.85791015625,0.17909123003482819,0.051392778754234314,508.66717529296875,0.1428581327199936,5.3389081954956055,10.44849681854248,197.32891845703125,0.09224735200405121,1mgml,flu,roi2,10043.85415649414,65532.09780883789,32626.683311462402,1465.0592772886114,62714.04137420654,47110.78007339533,12395.442764282227,8161.100379943848,13311.469833374023,45779.04479251703,21940.522758483887,21977.301010131836,21190.049896240234,21543.52368927002,42254.72570037842,1844.5483870967741,20054.141441345215,15360.248863220215,46087.08739538113,9031.704811096191,8323.919609069824,8262.0,65534.0,32632.0,434.0,64288.0,49370.0,10899.0,7048.0,12549.0,47761.0,19790.0,19835.0,19012.0,19346.0,42255.0,73.5,19274.0,13243.0,48144.0,7811.0,5798.0,5214.638024668412,4389.153928251906,137.9062506663855,72.61779673667604,2701.710084125257,4006.48102922101,7696.8998679127435,6271.5071228131765,5193.405223036152,7259.461376178343,7404.557406643289,7400.0864825251965,7652.869629932042,7688.798955011007,2.535825920473961,4016.3715757827317,5060.513250609554,6690.366919001858,7405.719128935328,3484.3190316345695,7235.311717830421,D1,N8,t,appliedMASKiso_1mgml_roi2_8bit.ome
appliedMASKiso_flu_1mgml_roi2_8bit.ome,41,99.56284694,63.76304082,0.903054898,3.545918367,113.63,49.267,0.91268,3.3827,49.0,59.93935277,37.07246318,0.045999094,0.866551831,41.0,6189,19.1784,5094,173,29.4451,38,1.3719,0.0278,0.3781,0.1188,131072,0.1998741775751114,3439.58251953125,0.1959998607635498,37.81297302246094,37.25200653076172,2167.637451171875,0.45355427265167236,0.1823020577430725,3525.309814453125,0.1937558948993683,38.828712463378906,36.72023010253906,2206.833740234375,0.4465375542640686,0.10263311862945557,440.8775634765625,0.11763953417539597,4.8665947914123535,10.85085391998291,394.9994201660156,0.10471783578395844,1mgml,flu,roi2,5978.268264770508,65531.4659576416,32587.0518951416,286.82970467175744,65162.07434844971,57971.56502532959,7029.717704772949,4699.072090148926,3075.937919616699,57930.45314788818,11028.998123168945,11042.186195373535,10877.282386779785,11019.271125793457,42252.358222961426,2099.4814814814813,9507.70514678955,8498.199722290039,57908.84489440918,11236.07233428955,861.0868682706468,4047.5,65533.0,32598.0,15.0,65526.0,60733.5,5539.0,3588.0,959.0,60784.0,8109.0,8120.0,8127.0,8213.0,42252.0,96.0,6063.0,6062.0,60733.0,10005.0,61.0,4983.533124985864,3402.3403017480155,137.95188640323693,100.82848544100953,933.7402525930246,1309.0309225921471,6967.6527943807305,4618.539514638171,5133.7116024760235,7079.050688291619,7775.0222483284315,7771.790850784809,7469.972498826017,7597.367567028209,3.444899880173452,4430.8534323024,7992.2249135214,6433.209044220556,7070.951402728735,5100.310547527721,2411.232389712255,D1,N8,t,appliedMASKiso_1mgml_roi2_8bit.ome
appliedMASKiso_flu_1mgml_roi2_8bit.ome,42,99.91123725,66.45629412,0.907772353,3.598903922,112.48,46.97,0.9132,3.2913,51.0,55.68033597,42.98106498,0.039712728,1.071302062,42.0,6453,18.3119,5316,167,31.8323,47,1.3835,0.0261,0.4809,0.09338,131072,0.1145845428109169,3711.422119140625,0.15656106173992157,41.679954528808594,45.16095733642578,2202.203125,0.353262335062027,0.09619084745645523,3844.365478515625,0.14339718222618103,43.10404586791992,44.836631774902344,2210.092041015625,0.33890119194984436,0.07726219296455383,426.7869873046875,0.10694602131843567,4.635776042938232,9.984147071838379,233.61380004882812,0.0927634909749031,1mgml,flu,roi2,6718.40926361084,65531.883865356445,32607.770233154297,248.1902189990787,65018.152267456055,56190.8796081543,8848.728759765625,5856.5437088012695,3529.9680557250977,56155.08898162842,12805.357719421387,12823.290145874023,12840.833213806152,12973.200798034668,42253.128578186035,2040.686567164179,9997.508796691895,9794.729667663574,56070.30937194824,11463.042640686035,1265.5594448810186,4977.0,65534.0,32613.0,10.0,65489.0,58680.0,7465.0,4813.0,1711.0,58668.0,10217.0,10240.0,10385.0,10469.0,42253.0,93.0,7194.0,7604.0,58571.0,10506.0,253.0,4687.591099375889,3418.4098050181,137.9121357546309,80.12902890181793,862.1352790084516,1490.8778721423162,6791.0890663743785,4713.931201923873,4673.185644803238,6785.631858693737,7289.455826087648,7286.932337309896,7126.705802896258,7227.157444892328,2.8599406990235616,4211.606054520803,6933.461246404379,6095.583198957919,6814.701868903317,4044.321140875127,2769.028035371319,D1,N8,t,appliedMASKiso_1mgml_roi2_8bit.ome
appliedMASKiso_flu_1mgml_roi2_8bit.ome,43,99.17187887,58.31315493,0.888077042,3.164257746,116.57,43.873,0.89917,2.9076,71.0,59.83977066,37.57328554,0.075399927,0.820313374,43.0,6374,18.5637,5315,152,34.9671,43,1.3808,0.0257,0.5374,0.117,131072,0.08064892143011093,3727.976318359375,0.11777263879776001,42.611995697021484,48.60313415527344,2095.12158203125,0.3047208786010742,0.062701515853405,3883.814697265625,0.08679864555597305,44.282554626464844,48.75725555419922,2087.666015625,0.2857787311077118,0.06622694432735443,437.7817687988281,0.10135650634765625,4.8098835945129395,8.553703308105469,134.76747131347656,0.08680307865142822,1mgml,flu,roi2,6892.0675048828125,65531.877616882324,32611.32300567627,214.45108619590403,65015.60260772705,55087.887268066406,9464.847068786621,6224.186141967773,4133.387504577637,54824.1965713501,13974.295372009277,13996.952697753906,13963.01643371582,14115.637428283691,42253.69618225098,2208.5405405405404,11201.261123657227,10348.272415161133,54780.97650909424,10955.538246154785,1526.5310897827148,5390.0,65534.0,32616.0,20.0,65431.0,57195.0,8169.5,5273.0,2895.0,56850.0,11796.0,11823.0,11854.0,11973.0,42254.0,88.5,9614.0,8457.0,56823.0,9941.0,591.0,4128.316778308512,3254.1672058269887,137.92064911522561,75.7244393766491,731.1009881384645,1332.1280603223245,6135.461748969202,4574.563679589941,3833.322736158379,6040.978421053411,6441.55476151905,6439.437765605928,6421.192873644025,6490.64137322188,3.487525912060353,4918.75955355146,5257.747139757882,5435.4958581454375,6107.57105335446,3494.650208983328,2690.6971477612788,D1,N8,t,appliedMASKiso_1mgml_roi2_8bit.ome
appliedMASKiso_flu_1mgml_roi2_8bit.ome,44,87.31726333,54.06463333,0.890477333,3.01897,92.0755,41.3375,0.908795,2.83965,30.0,62.14624876,32.28935923,0.060781834,0.678359118,44.0,5404,22.2548,4496,155,29.0065,24,1.3369,0.0239,0.4252,0.04705,131072,0.14673182368278503,3684.5771484375,0.07845820486545563,41.59938430786133,37.97833251953125,1978.3409423828125,0.39927563071250916,0.13048818707466125,3794.30078125,0.05313434079289436,42.838661193847656,37.99891662597656,2000.958740234375,0.3866175413131714,0.07560081034898758,412.72479248046875,0.07238409668207169,4.646958351135254,6.910896301269531,171.90606689453125,0.08149326592683792,1mgml,flu,roi2,5190.094757080078,65531.70420837402,32597.029830932617,51.14662602792594,65400.34744262695,58238.64408111572,7058.302268981934,4615.543296813965,2364.6764068603516,58037.62895965576,10834.649696350098,10854.098182678223,10746.930694580078,10877.762176513672,42253.53229522705,2533.95,9166.52448272705,7879.10888671875,58023.895027160645,10324.647552490234,493.00180057832137,3930.0,65533.0,32601.0,3.0,65520.0,60058.0,5777.0,3728.0,1496.0,59812.0,8937.0,8956.5,8843.0,8955.0,42254.0,89.0,7872.0,6234.0,59821.0,9095.0,122.0,3340.9772461623215,2677.9279154965093,137.92721562582386,79.80172245016956,185.1254279907726,422.81738649656074,4955.459307325235,3881.4803878418484,2500.3830019746424,4904.476370573563,5452.292137279338,5454.2999272926845,5454.603317998774,5511.057465830146,2.3941636874805288,5190.930414916,4255.2134620523075,4506.464254078548,4966.8277256208285,3853.4307700327154,1134.9209393569818,D1,N8,t,appliedMASKiso_1mgml_roi2_8bit.ome
appliedMASKiso_flu_1mgml_roi2_8bit.ome,45,91.87386078,41.82115686,0.884913725,2.479543137,95.711,38.507,0.90147,2.4292,51.0,62.59326387,12.14705536,0.064440163,0.347867465,45.0,4176,29.3872,3518,129,27.2713,14,1.2622,0.0228,0.4913,0.09084,131072,0.1020139753818512,3688.763671875,0.06009363383054733,42.87296676635742,41.76643371582031,1895.1290283203125,0.34429389238357544,0.08507784456014633,3824.4375,0.019343413412570953,44.45325469970703,42.44206237792969,1919.63818359375,0.3256562352180481,0.06520495563745499,408.74176025390625,0.08608070760965347,4.751644611358643,5.613851547241211,96.17552185058594,0.07794101536273956,1mgml,flu,roi2,5321.457542419434,65531.77292633057,32603.948249816895,24.257286321596116,65426.155418395996,56884.2756652832,6028.035186767578,3936.7193756103516,4569.776321411133,55948.79386138916,12798.226547241211,12823.351219177246,12009.624771118164,12270.731666564941,42255.2652053833,2975.6627906976746,13594.880844116211,8423.355773925781,56204.43398284912,9832.291175842285,671.0007095336914,4401.0,65533.0,32608.0,7.0,65487.0,58100.0,5043.0,3243.0,4124.0,57058.0,11504.0,11531.0,10659.0,10914.5,42255.0,89.0,12781.0,7238.0,57362.0,8719.0,445.0,2645.5731201387302,2287.1769636050053,137.92381114592902,74.25796979669751,66.22300151554612,213.20158774000947,3984.0201072948234,3324.3062954946786,2188.6099026030956,3963.0445483919966,4463.497615318226,4465.420088484386,4482.100777059045,4524.723527505518,2.220211260376688,6058.240669880725,3857.85551974607,3626.885930328807,4019.37866682723,3293.052833798543,773.081936563435,D1,N8,t,appliedMASKiso_1mgml_roi2_8bit.ome
appliedMASKiso_flu_1mgml_roi3_8bit.ome,1,80.10763913,69.96569565,0.910663478,3.71443913,75.964,55.581,0.90327,3.5131,23.0,62.00166787,36.69297115,0.032832875,0.895504924,1.0,4486,27.2182,3777,98,38.5408,16,1.2828,0.0126,0.1317,0.1598,131072,0.5822562575340271,1825.294189453125,0.4097498059272766,17.990127563476562,19.794387817382812,1745.5697021484375,0.757420003414154,0.5894787311553955,1763.215576171875,0.41590332984924316,17.422832489013672,17.161663055419922,1653.30517578125,0.7748678922653198,0.2066335529088974,897.7055053710938,0.16814923286437988,8.906389236450195,13.177496910095215,1001.6111450195312,0.1381022036075592,1mgml,flu,roi3,4116.5561435573645,53955.70711517334,33122.614807128906,464.6183754993342,65302.045082092285,62531.175521850586,4391.252035744126,2688.6757537563903,1579.4741584039475,62337.02917480469,5125.147977070698,5121.150261693113,4740.03334717953,4811.627548392456,58115.54479217529,2189.9454191033137,5310.466885436571,4496.111032649331,62431.648010253906,7834.171321757913,654.3030918130203,1312.5,65531.0,32654.0,17.0,65535.0,65029.0,1817.0,1005.0,261.0,64874.0,1990.0,1994.0,1680.0,1735.0,58095.0,138.0,2492.0,1516.0,64960.0,3493.0,54.0,5892.32853569737,3851.0880533902264,15668.311203705443,3523.6088875289224,1856.4774197518518,1356.4355203328662,4991.110010159461,5841.983578350281,2789.3070174372087,5019.233147498714,6620.885718225022,6607.489528177586,6382.841920980094,6428.652047367179,99.28585018155073,4508.538959103477,6287.042662889986,6230.888164456307,5008.937578555719,9136.684337490049,1908.179206595498,D1,N8,t,appliedMASKiso_1mgml_roi3_8bit.ome
appliedMASKiso_flu_1mgml_roi3_8bit.ome,2,73.14155926,61.37759259,0.906672963,3.335666667,55.491,47.567,0.91781,3.1044,27.0,59.79427786,39.60459612,0.033532852,0.910872556,2.0,4151,29.5762,3520,101,34.8515,15,1.2652,0.0146,0.1312,0.1727,131072,0.579626202583313,1814.7781982421875,0.423683762550354,17.853437423706055,20.051746368408203,1769.318115234375,0.7565229535102844,0.5819883346557617,1756.127197265625,0.43010246753692627,17.292022705078125,17.36484146118164,1633.8587646484375,0.7704009413719177,0.2014322429895401,865.8692626953125,0.1624470353126526,8.58578872680664,12.969062805175781,977.7014770507812,0.13550227880477905,1mgml,flu,roi3,4347.094775192377,54380.02096557617,33240.296142578125,410.30824818677536,65311.292320251465,62313.358001708984,4561.635424565419,2777.259532155376,1799.0723853587554,62089.34722137451,5454.412248743195,5450.917580264617,5026.516344718918,5105.77660966927,58114.1755065918,1842.585294117647,5702.586233919981,4757.8710597180425,62199.85526275635,8183.068847074124,722.0760440159232,1314.0,65532.0,32671.0,20.0,65535.0,65075.0,1844.0,1005.0,278.0,64933.0,1981.0,1984.0,1679.0,1735.0,58095.0,138.0,2470.0,1516.0,65014.0,3522.0,65.0,6198.176233521943,3898.0548799369553,15648.532680784234,3587.966869038544,1531.895827025146,1180.2328702277039,5345.641849779211,6002.149620273705,3168.844113857786,5449.583445546077,7107.356603572405,7095.591365408356,6799.351807782871,6857.477590097596,125.51795766089027,4155.7454571339695,6913.226865689365,6597.129792864164,5403.271868240546,9613.795182846974,1926.29742567704,D1,N8,t,appliedMASKiso_1mgml_roi3_8bit.ome
appliedMASKiso_flu_1mgml_roi3_8bit.ome,3,64.19766071,57.88957143,0.908403929,4.032896429,39.241,50.6755,0.926225,3.9506,28.0,60.27727935,24.73091547,0.066106086,0.976219826,3.0,4441,27.5143,3695,110,33.5909,21,1.2812,0.0145,0.1547,0.2308,131072,0.5268464684486389,2017.7568359375,0.39865586161613464,20.21717071533203,22.17812156677246,1848.3013916015625,0.7212547659873962,0.5306258201599121,2004.867919921875,0.41435790061950684,20.097900390625,20.010334014892578,1811.9788818359375,0.7365191578865051,0.1946326345205307,784.9929809570312,0.15025891363620758,8.012067794799805,13.008636474609375,888.5945434570312,0.13565686345100403,1mgml,flu,roi3,4706.933246974052,56515.28691864014,33185.868007446516,461.5838801566712,65261.67346191406,61787.74585723877,4808.358992332342,2887.5566205081254,2304.4160476952684,61475.8962097168,6035.7632028498565,6034.7417641582,5515.320625025301,5611.130599522326,58109.56728363037,1966.4261252446183,6447.627551309558,5187.652600898677,61628.354080200195,8529.592065741002,966.0410075902428,1360.0,65534.0,32656.0,36.0,65535.0,64962.0,1982.0,1077.0,275.0,64796.0,2093.0,2098.0,1749.0,1814.0,58095.0,138.0,2652.0,1575.0,64887.0,3649.0,77.0,6687.378189049598,3920.1540556838986,14268.822852073985,3755.9922960149956,1353.758553600773,1180.5131643843984,6113.603458375092,6140.012982621287,4232.922293402778,6368.898527177084,7935.049190938715,7927.435164210533,7502.179353939624,7583.118408030171,62.74596344176531,4109.02297071904,7958.619654794223,7203.1730401001505,6250.983997872581,9906.670687825492,2367.897424547206,D1,N8,t,appliedMASKiso_1mgml_roi3_8bit.ome
appliedMASKiso_flu_1mgml_roi3_8bit.ome,4,76.20541765,58.41997059,0.913849412,3.927758824,59.3555,50.3455,0.92065,3.8074,34.0,60.45772963,26.90259008,0.042413051,0.743419192,4.0,4378,27.939,3647,114,31.9912,22,1.2955,0.0154,0.1695,0.2216,131072,0.48378217220306396,2183.481201171875,0.38954439759254456,22.10735321044922,24.348173141479492,1926.1614990234375,0.6900638937950134,0.46556520462036133,2186.602294921875,0.41282615065574646,22.157846450805664,23.663026809692383,2035.1700439453125,0.6934820413589478,0.20171105861663818,844.2523193359375,0.14424648880958557,8.653331756591797,13.408713340759277,841.5341796875,0.14511054754257202,1mgml,flu,roi3,5169.679173802061,57289.22819519043,33020.885878645924,499.27445450851997,65216.605476379395,61284.736892700195,4828.9283879473205,2915.971934164209,2836.3418007313426,60888.90856170654,6717.711832369382,6716.911127984749,6100.24655885489,6213.21859349252,58106.97366333008,1779.2173058013766,7323.499272997512,5717.337959223239,61077.70903778076,9091.685902613977,1155.0972828145384,1524.0,65534.0,32647.0,53.0,65535.0,64856.0,1899.0,1034.0,305.0,64667.0,2333.0,2338.0,1958.0,2029.0,58094.0,138.0,2973.0,1763.0,64769.0,4054.0,103.0,7213.843848034187,4165.8953481407525,13942.504671545665,3744.7377878229195,1514.970778125854,1311.9316611047373,6772.497473042944,6449.713682009851,5023.071787280332,7133.740243008172,8674.09546292324,8665.638409558838,8150.108661973266,8246.865370502139,97.30119984645867,4078.4872306331886,8898.652539559815,7796.076384933189,6974.819597025119,10271.968072129019,2658.4192596586,D1,N8,t,appliedMASKiso_1mgml_roi3_8bit.ome
appliedMASKiso_flu_1mgml_roi3_8bit.ome,5,79.570044,59.9014,0.9017668,3.664616,50.599,53.79,0.92062,3.4308,25.0,63.09318124,27.74900216,0.057199512,0.835633593,5.0,3948,31.1998,3277,82,39.9634,23,1.2477,0.0287,0.133,0.241,131072,0.5386059880256653,2076.6708984375,0.39095038175582886,20.349428176879883,21.542356491088867,1847.45654296875,0.7289920449256897,0.5175060629844666,2087.759521484375,0.3964326083660126,20.527814865112305,20.912364959716797,1905.86181640625,0.7285043001174927,0.20307619869709015,931.2012939453125,0.1471220701932907,9.161291122436523,12.326014518737793,906.6996459960938,0.13667909801006317,1mgml,flu,roi3,4956.077990477433,56133.03790283203,33081.35442352295,379.85666977129256,65298.91061401367,61710.93746948242,4819.5067088739515,2992.4302537647854,2191.8846887884624,61439.20932006836,6241.0386202061045,6235.137588051135,5740.058219736499,5832.376377837203,58109.161865234375,2296.483902922239,6608.50986498826,5427.740640490478,61567.139320373535,9153.650143490739,790.3485488909937,1529.0,65534.0,32654.0,33.0,65535.0,64891.0,1872.0,1034.0,273.0,64723.0,2299.0,2304.0,1955.0,2014.0,58093.0,138.0,2858.0,1763.0,64813.0,4093.0,60.0,7086.642735697856,4640.929179370058,14563.309797558786,3448.6195468612723,1207.6117198504976,1078.641683096928,6286.51053139883,6806.394628201665,3966.432698812197,6452.364622022184,8133.449262545711,8114.779281111769,7766.211318457251,7834.518585750265,124.21122114649509,5330.969072432025,8036.386051282405,7532.834445600344,6387.616233957694,10574.1964964129,2008.0185829638037,D1,N8,t,appliedMASKiso_1mgml_roi3_8bit.ome
appliedMASKiso_flu_1mgml_roi3_8bit.ome,6,78.96331786,58.76942857,0.899225714,3.578207143,60.8225,42.684,0.918165,3.4502,28.0,60.21305394,42.47370588,0.046464766,0.759393187,6.0,4294,28.5247,3521,101,34.8614,29,1.276,0.0241,0.1382,0.1988,131072,0.5091507434844971,2215.93359375,0.36747509241104126,21.888206481933594,23.031618118286133,1907.438720703125,0.7070603966712952,0.4797331988811493,2290.662841796875,0.37419191002845764,22.596715927124023,22.538461685180664,1983.35302734375,0.7027164101600647,0.2144736498594284,974.504150390625,0.14519484341144562,9.660226821899414,13.152377128601074,953.1814575195312,0.14590294659137726,1mgml,flu,roi3,5120.661146620182,56504.83101654053,32979.189668195104,358.3526204406822,65297.65690612793,61487.80953979492,4735.318585863702,2927.780079519842,2347.387817061762,61175.57427215576,6520.1380737943055,6515.3754922848475,5967.594252372652,6069.02020788947,58108.09006500244,1829.5892060660126,6977.28920524243,5626.157668345278,61324.696060180664,9402.05568467945,766.4062001244353,1708.0,65534.0,32645.0,31.0,65535.0,64770.0,1844.0,1034.0,305.0,64594.0,2530.0,2536.0,2164.0,2226.5,58092.0,138.0,3087.0,1960.0,64686.0,4547.0,56.0,7283.479214025088,4660.796810194984,14020.574418941624,3453.2437643795265,1206.8731268037614,1099.0683706155735,6565.361610227888,6853.870622047482,4208.887917751787,6765.327784672739,8436.91555866403,8418.974472039263,8014.6664697944925,8092.436197843909,145.97099532860477,4491.4092345253775,8450.368453008856,7756.847725334021,6675.952472310538,10600.255263274086,1788.7416864451543,D1,N8,t,appliedMASKiso_1mgml_roi3_8bit.ome
appliedMASKiso_flu_1mgml_roi3_8bit.ome,7,83.27192632,52.77171053,0.900356316,3.724092105,66.2,41.788,0.91477,3.697,38.0,66.47756582,26.02983097,0.055779685,0.893990474,7.0,4478,27.2704,3719,114,32.6228,29,1.2887,0.0229,0.1602,0.1954,131072,0.46520552039146423,2333.604248046875,0.34902992844581604,23.58953285217285,25.428096771240234,1952.966796875,0.6731100082397461,0.4372379183769226,2459.48388671875,0.359144389629364,24.777629852294922,24.128658294677734,2006.63671875,0.6728482842445374,0.22442273795604706,954.3882446289062,0.14324557781219482,9.763280868530273,14.798587799072266,952.6990356445312,0.159944087266922,1mgml,flu,roi3,5476.05959635932,58744.041496276855,33039.73352050781,599.9806155494979,65167.00717163086,60935.21405792236,4680.229843592016,2865.236908789055,2953.8072464263732,60512.096435546875,7136.254633953305,7134.45741195093,6457.710716264345,6581.316478037198,58103.104751586914,1892.503455083909,7831.128436881678,6052.425738029284,60718.44087982178,9641.036042738426,1083.9560842185613,1951.0,65534.0,32642.0,33.0,65535.0,64531.0,1844.0,1020.0,369.0,64325.0,2899.0,2906.0,2469.0,2544.5,58091.0,138.0,3521.0,2236.0,64431.0,5140.0,60.0,7812.996904677926,4704.199267632463,12475.093309513346,3578.166361518074,1995.7939844543218,1730.8390388364924,7425.906711937185,7055.310723846946,5428.011312771365,7753.0403014279445,9245.738000173726,9230.346774205193,8691.804267546382,8792.839298132649,120.71456571743194,4181.612495724669,9473.371029067246,8367.625381707807,7592.629344050663,10389.297957209199,2740.803682570172,D1,N8,t,appliedMASKiso_1mgml_roi3_8bit.ome
appliedMASKiso_flu_1mgml_roi3_8bit.ome,8,65.1746,52.40375862,0.921295862,3.864603448,47.603,46.204,0.92355,3.8743,29.0,57.02928744,21.78568543,0.027985884,0.997483777,8.0,4532,26.9217,3745,109,34.3578,26,1.2788,0.0118,0.1393,0.203,131072,0.5099358558654785,2153.835693359375,0.3592546582221985,21.504425048828125,23.314743041992188,1872.111572265625,0.7055320143699646,0.4900249242782593,2232.5224609375,0.3704001009464264,22.1839656829834,21.472314834594727,1887.00439453125,0.7096679210662842,0.22377674281597137,929.8194580078125,0.15052573382854462,9.426525115966797,14.810724258422852,1001.0332641601562,0.1553923785686493,1mgml,flu,roi3,5450.313617074979,58418.41530609131,33013.12909698486,620.3541994993974,65159.43827819824,61040.08459472656,4830.739102282168,2936.6804109856816,2595.3284605651625,60682.02169036865,6987.451128709123,6985.021209635437,6373.9649319304,6486.528821126028,58104.387286279954,2108.147642133098,7499.061309965137,5999.144358031897,60858.601165771484,9692.398526604724,1010.9717650290967,2073.5,65534.0,32633.0,22.0,65535.0,64435.0,1954.0,1077.0,382.0,64224.0,3053.0,3060.0,2622.0,2700.0,58091.0,138.0,3704.0,2376.0,64331.0,5449.0,52.0,7860.467544895217,4748.222667960191,12318.440968374427,3515.9640790479593,2058.9885511918733,1808.1417163415995,7379.143524115144,7255.13432302593,4929.743886158963,7579.734201873776,9068.576833312585,9052.28238397274,8632.190668772677,8713.922480948337,48.28531520841522,4497.216109724677,8904.643465660372,8366.689132642434,7472.957078895215,10340.99804554516,2825.896934310105,D1,N8,t,appliedMASKiso_1mgml_roi3_8bit.ome
appliedMASKiso_flu_1mgml_roi3_8bit.ome,9,79.95809231,57.74303846,0.901993077,3.76645,53.2475,44.4695,0.904415,3.76005,26.0,68.10394582,32.7033265,0.05096027,0.988210629,9.0,3927,31.3774,3285,89,36.9101,32,1.2483,0.0149,0.1305,0.2275,131072,0.5368398427963257,2005.3070068359375,0.37277865409851074,19.99837303161621,22.273122787475586,1816.654541015625,0.7241693139076233,0.5267201662063599,2092.215087890625,0.40018805861473083,20.763587951660156,19.484031677246094,1766.5947265625,0.733971893787384,0.2248595654964447,894.348876953125,0.16065381467342377,9.096549987792969,15.259801864624023,1029.59716796875,0.15521623194217682,1mgml,flu,roi3,5587.406128229605,58649.63919830322,32924.92404174805,614.3913552951581,65140.79393005371,60898.877029418945,4922.737817489865,2983.4521859376664,2588.458945119376,60548.612312316895,7129.613644543904,7127.220317365925,6522.42000907654,6634.200693259886,58103.56679534912,2011.3642595978063,7601.101352091517,6144.952989781068,60720.95397949219,9896.668315049843,1027.902090659473,2286.0,65534.0,32609.0,19.0,65535.0,64240.0,2009.0,1120.0,443.0,63998.0,3362.0,3370.0,2888.0,2975.0,58091.0,138.0,4070.0,2619.0,64119.0,5939.0,54.0,7950.2128046296375,4776.595597880224,11602.143617926522,3470.465768330359,1935.0994479110807,1812.9578890952857,7509.735070610978,7338.815686907839,4942.46941832183,7680.9183354339975,9118.03388067092,9101.40150986004,8719.620777251426,8795.435676966319,51.46415953698391,4288.9367177079275,8824.463445268824,8460.039328244959,7588.382463177415,10263.469789587785,2952.287579010323,D1,N8,t,appliedMASKiso_1mgml_roi3_8bit.ome
appliedMASKiso_flu_1mgml_roi3_8bit.ome,10,60.52765714,62.5892381,0.906436667,3.841914286,49.514,59.395,0.922,3.8767,21.0,57.14961589,34.82046664,0.04204396,0.857838216,10.0,3944,31.2335,3312,81,40.8889,24,1.252,0.0114,0.117,0.2211,131072,0.5750246644020081,1863.968994140625,0.3779316246509552,18.394805908203125,20.46547508239746,1735.769287109375,0.7498574256896973,0.5845009088516235,1856.78076171875,0.41130390763282776,18.23104476928711,16.923246383666992,1590.0760498046875,0.7713437080383301,0.22195091843605042,895.3143920898438,0.1706465184688568,9.010235786437988,15.150436401367188,1071.0999755859375,0.1519497036933899,1mgml,flu,roi3,5530.537467639811,58757.67928314209,32973.174896240234,526.6243819596715,65184.108879089355,60970.140365600586,4844.7911860088025,2945.8863794301596,2461.5115329306873,60629.44113922119,7039.365919653161,7035.924316147344,6448.594437166651,6557.378629799445,58102.98400115967,2169.512697022767,7494.591325909984,6078.8997457970745,60793.49969482422,9936.457339134775,882.258472284283,2359.0,65534.0,32610.0,17.0,65535.0,64133.0,1982.0,1106.0,484.0,63869.0,3499.0,3501.0,2985.0,3078.0,58091.0,138.0,4276.0,2707.0,64003.0,6099.5,53.0,7787.215797471123,4754.8993368604515,11294.06335533623,3452.1185722990754,1980.5727856841368,1767.6989662189108,7260.081479276643,7295.126694570444,4665.028790562398,7389.208819051029,8827.399660538651,8806.920178732753,8478.071748338196,8544.716360473936,48.58563423316972,4877.670748084729,8489.428132798663,8253.858909771878,7325.6216517650055,10214.367492371619,2606.0386698419247,D1,N8,t,appliedMASKiso_1mgml_roi3_8bit.ome
appliedMASKiso_flu_1mgml_roi3_8bit.ome,11,65.877376,61.20772,0.9111596,3.787468,47.726,48.569,0.9183,3.4603,25.0,63.05860862,30.61362685,0.047493299,1.070766611,11.0,4421,27.6478,3710,111,33.4234,25,1.283,0.0079,0.1444,0.2271,131072,0.5309014916419983,2031.400390625,0.3456108868122101,20.52777671813965,21.675025939941406,1754.01904296875,0.7211645841598511,0.5422525405883789,2006.531982421875,0.3632989227771759,20.217533111572266,18.11373519897461,1625.2843017578125,0.7440606355667114,0.20874466001987457,818.6921997070312,0.1670958399772644,8.447869300842285,14.679760932922363,955.4325561523438,0.14850008487701416,1mgml,flu,roi3,5735.219590382903,60717.47727203369,32820.84302520752,631.3442178279325,65127.9262008667,60651.1234664917,4530.217053565398,2735.5785918537367,2806.87623103756,60213.37648010254,7479.505253784506,7478.895667660382,6773.489047195013,6902.363885554996,58098.36827087402,2148.475392670157,8170.214619226451,6345.098238414185,60425.640785217285,10207.994277749816,1003.5981338989552,2626.0,65535.0,32581.0,17.0,65534.0,63877.0,1789.0,991.0,574.0,63561.0,3928.0,3937.0,3343.0,3449.0,58090.0,138.0,4825.0,3021.0,63717.5,6708.0,54.0,7850.819162764894,4458.477135969352,9954.127844565417,3609.775644038886,2731.5876638791083,2199.5058538088715,7576.759137482676,6920.860602485792,5321.993331762076,7830.851740432724,9162.46399137384,9147.24669587298,8685.355400393766,8774.384460004101,88.60422036880598,4205.499750441695,9081.385268456224,8390.20198095654,7700.693404814153,10009.274792422744,3166.6825177261494,D1,N8,t,appliedMASKiso_1mgml_roi3_8bit.ome
appliedMASKiso_flu_1mgml_roi3_8bit.ome,12,77.09960357,57.36017857,0.90708,3.598657143,68.0635,44.7165,0.92162,3.59605,28.0,60.70147244,26.57233536,0.041478789,0.91536959,12.0,4631,26.3034,3943,111,35.5225,21,1.2862,0.0156,0.1645,0.2223,131072,0.5017110109329224,2145.936767578125,0.32432636618614197,21.956453323364258,22.037986755371094,1731.1566162109375,0.70305335521698,0.5056676864624023,2194.9150390625,0.32250094413757324,22.303125381469727,19.030529022216797,1640.645751953125,0.7193637490272522,0.19313128292560577,751.1124877929688,0.1496322900056839,7.866296768188477,13.236902236938477,812.769775390625,0.13897383213043213,1mgml,flu,roi3,5876.284439159608,61465.731033325195,32752.289079964296,616.2949414758269,65115.93486785889,60410.56633758545,4254.820168924161,2547.7131392848432,3130.292082442625,59876.77431488037,7833.28811452309,7835.4359784111,7027.2813583402185,7173.57618271807,58097.011291503906,2178.9597030752916,8752.050320050035,6543.542154720449,60133.50788116455,10431.619993668492,1102.9015017811319,2853.0,65535.0,32568.0,17.0,65534.0,63635.0,1596.0,862.0,670.0,63272.0,4306.0,4307.0,3645.0,3760.0,58090.0,138.0,5328.0,3286.0,63452.0,7212.0,52.0,7802.37919400397,4219.520853529291,9339.46453361688,3410.1374419764907,2312.584223981805,2085.7475097834645,7775.367473065881,6636.456690098113,6023.411260023286,8168.766701674374,9364.178526184958,9353.380261687074,8799.494966583072,8903.967870054614,52.49493073384289,4658.487801624179,9531.344837991035,8426.478319880312,7983.365996797553,9775.063885484733,3572.7527369515756,D1,N8,t,appliedMASKiso_1mgml_roi3_8bit.ome
appliedMASKiso_flu_1mgml_roi3_8bit.ome,13,53.76020952,56.98652381,0.905794762,3.858114286,35.134,44.984,0.91786,3.7428,21.0,51.91057141,29.62521431,0.051620111,0.776189966,13.0,4385,27.8912,3708,111,33.4054,22,1.2794,0.0107,0.1398,0.1991,131072,0.557608425617218,1963.3150634765625,0.34416407346725464,19.633337020874023,19.36566925048828,1651.2955322265625,0.7431427836418152,0.5560927987098694,1963.464111328125,0.3536751866340637,19.569395065307617,17.549367904663086,1597.44384765625,0.7529742121696472,0.18662004172801971,775.5779418945312,0.15597450733184814,7.879893779754639,11.643675804138184,844.31591796875,0.1254938244819641,1mgml,flu,roi3,5670.6068466738425,60326.843574523926,32764.477363586426,455.7794904458599,65207.79734802246,60752.68182373047,4357.791214673527,2629.4063076939883,2619.3960401606428,60325.58388519287,7397.786391829212,7397.166141409136,6701.264466521608,6828.435710801205,58098.84036254883,1925.3539562289561,8061.97841927166,6276.670984877229,60530.87593078613,10281.508908729083,848.6379915001475,2632.0,65535.0,32569.0,19.0,65534.0,63874.0,1596.0,876.0,540.0,63563.0,3920.0,3920.0,3343.0,3446.0,58090.0,138.0,4779.0,3026.0,63718.0,6740.0,43.0,7553.746361159765,4273.136229596263,10079.896431927411,3302.403476594,1822.2320375049098,1658.5949602589346,7265.6688125961755,6664.480739275763,4962.750952619978,7518.993527560275,8850.27543880463,8835.387925114179,8400.765105899945,8484.833054184419,140.43727035730416,4294.062724354573,8739.59429064855,8101.157273942154,7401.147633500152,9929.297631403246,2673.1415548552736,D1,N8,t,appliedMASKiso_1mgml_roi3_8bit.ome
appliedMASKiso_flu_1mgml_roi3_8bit.ome,14,61.08706842,63.43473684,0.915183158,3.697531579,48.366,40.896,0.91931,3.5656,19.0,60.47211752,47.7343757,0.039778941,0.76402123,14.0,3617,34.238,2986,103,28.9903,13,1.2257,0.0201,0.121,0.1733,131072,0.5897023677825928,1852.070556640625,0.3740667402744293,18.159090042114258,18.402429580688477,1660.90771484375,0.7648752331733704,0.5763652920722961,1887.432861328125,0.3782453238964081,18.542966842651367,17.73836898803711,1666.0546875,0.7658067345619202,0.1862831711769104,823.9371948242188,0.170965313911438,8.13623046875,11.016946792602539,891.28173828125,0.11975473165512085,1mgml,flu,roi3,5580.663492530837,59584.36120605469,32786.97808074951,439.5525896668153,65225.66337585449,60953.3369140625,4554.832621754988,2762.611328041193,2308.683798014121,60611.5276260376,7108.819647616686,7105.467186822042,6511.869010723362,6621.80522841381,58099.96141052246,1995.3112290008842,7569.455169528296,6137.188356164384,60771.375579833984,10252.701520176037,748.0105549581971,2526.0,65534.0,32589.0,19.0,65534.0,63965.0,1651.0,905.0,495.0,63686.0,3717.0,3722.0,3191.0,3285.0,58090.0,138.0,4505.0,2894.0,63822.0,6475.0,42.0,7417.530192244282,4381.0014912058205,10367.340197082724,3284.5773043734794,1912.1821986615512,1674.6149503891559,6931.489417063492,6801.535253678441,4280.691988439262,7068.301346137897,8453.470727091633,8435.664017341007,8124.051959432999,8187.254087003367,108.4632322820413,4356.857169421195,8116.091496720492,7892.389816864501,7010.396023617425,10060.386620524623,2518.4302613580858,D1,N8,t,appliedMASKiso_1mgml_roi3_8bit.ome
appliedMASKiso_flu_1mgml_roi3_8bit.ome,15,79.1556324,66.30044,0.9167436,3.789364,68.552,46.563,0.91554,3.6119,25.0,60.03170459,40.06826524,0.040439146,0.896211266,15.0,4212,29.1189,3503,104,33.6827,29,1.2603,0.0202,0.1403,0.1337,131072,0.5379355549812317,2014.014892578125,0.3762572407722473,20.103729248046875,21.367389678955078,1801.7532958984375,0.7284691333770752,0.521541953086853,2041.028564453125,0.37626999616622925,20.339996337890625,21.272384643554688,1922.4473876953125,0.7311952114105225,0.20203019678592682,871.3217163085938,0.17811799049377441,8.714076042175293,12.666915893554688,899.8604125976562,0.1354770064353943,1mgml,flu,roi3,5792.2781518834845,60497.01365661621,32748.020012054534,449.7650058926322,65203.641204833984,60643.99058532715,4511.482064023545,2660.4587003348333,2605.4050215310435,60219.63869476318,7517.542542511622,7518.960268429425,6846.494555732312,6969.958276059122,58097.56657409668,2160.706308610401,8103.094544921,6414.231130399864,60419.9196472168,10513.628569663459,861.4036403715277,2722.0,65535.0,32581.0,22.0,65534.0,63798.0,1762.0,977.0,542.0,63492.0,3997.0,3999.0,3438.0,3537.0,58090.0,138.0,4779.0,3119.0,63641.0,6943.0,48.0,7423.862670631863,3942.852968217114,9634.790241494673,3326.255629343871,1872.6811775873905,1698.1744293388965,7222.6815808546635,6389.138027886707,4852.675729883151,7529.600503140774,8786.176081971786,8778.797530018452,8343.537224377938,8427.61381482379,113.14241003705541,4534.658012195975,8670.935203497562,8009.096055501832,7389.6829422470055,9862.103713835464,2744.7593709898156,D1,N8,t,appliedMASKiso_1mgml_roi3_8bit.ome
appliedMASKiso_flu_1mgml_roi3_8bit.ome,16,78.49079259,60.94,0.901730741,3.753511111,68.962,49.06,0.91226,3.6717,27.0,57.78014297,31.13251177,0.067849354,0.937958074,16.0,5031,24.0531,4242,108,39.2778,39,1.3078,0.0224,0.1649,0.1233,131072,0.4876466989517212,2182.46484375,0.36294254660606384,22.101116180419922,24.16050148010254,1887.288330078125,0.6911203861236572,0.4681001603603363,2162.583984375,0.35987576842308044,21.992080688476562,23.085363388061523,2005.978271484375,0.6944549083709717,0.21228162944316864,906.475341796875,0.17283503711223602,9.171021461486816,14.256028175354004,888.4812622070312,0.1514323502779007,1mgml,flu,roi3,6077.284903116453,61739.597900390625,32615.02558175021,515.6547354720159,65148.75761413574,60253.50222015381,4406.880275532618,2581.956932033866,3112.0440516473027,59725.96642303467,8048.449508840865,8052.272013559845,7258.868669825494,7403.062136445934,58095.565185546875,2113.150901891773,8891.694217805,6765.082792095227,59976.81610107422,10868.014014407334,1029.8268190332674,2963.0,65535.0,32567.0,22.0,65534.0,63603.0,1927.0,1048.0,610.0,63279.0,4346.0,4350.0,3735.0,3849.0,58089.0,138.0,5191.0,3391.0,63432.0,7501.0,57.0,7564.88468073236,3705.4378773335307,8792.168066900971,3347.265355772282,2052.3582968928,1891.443467744486,7636.945795208926,6043.564181280941,5876.838766226216,8129.107096583423,9275.890977634435,9272.976217527554,8662.727706283955,8776.241888238095,42.1360862071247,4211.540014217,9614.291849829373,8237.26142192229,7899.03579476308,9787.345381218553,3224.757476952213,D1,N8,t,appliedMASKiso_1mgml_roi3_8bit.ome
appliedMASKiso_flu_1mgml_roi3_8bit.ome,17,93.02273167,49.32719048,0.909125952,3.678788095,90.272,43.42,0.91372,3.44,42.0,59.99978578,18.84760511,0.039681846,1.129117246,17.0,5326,22.61,4478,121,37.0083,33,1.33,0.0203,0.181,0.1484,131072,0.4536994993686676,2345.630126953125,0.3425404727458954,23.909198760986328,26.07211685180664,1942.3238525390625,0.6637060642242432,0.44993484020233154,2314.140625,0.3339415192604065,23.617305755615234,23.28795623779297,1954.8887939453125,0.6807925701141357,0.21526634693145752,905.929931640625,0.15768717229366302,9.30105972290039,15.4479398727417,892.7838134765625,0.16229337453842163,1mgml,flu,roi3,6308.62732245482,62328.74885559082,32539.630577087402,577.4128996282528,65105.365493774414,59986.41875457764,4352.76988573651,2538.462698804806,3358.209761775555,59405.87261199951,8420.678360683485,8425.623191081773,7561.655326547726,7718.061008916688,58094.16939544678,2051.9772043010753,9381.458959386371,7034.745508959002,59682.93103027344,11210.32590917134,1092.262816478184,3266.0,65535.0,32551.0,20.0,65534.0,63340.0,1927.0,1063.0,705.0,62981.0,4783.0,4788.0,4115.0,4236.0,58089.0,138.0,5717.0,3741.0,63153.0,8204.0,58.0,7684.078450069557,3657.2471761659244,8264.556195129526,3289.389648995371,2351.764158587758,2071.7073796014392,7854.294962668639,6044.125906968449,6265.091966595548,8395.679835082983,9480.71170816005,9478.681844327246,8822.004086434716,8943.204945042951,85.20681527656518,4292.247178333333,9914.327974660213,8378.04542005741,8142.810795062367,9696.792015289704,3340.962935586637,D1,N8,t,appliedMASKiso_1mgml_roi3_8bit.ome
appliedMASKiso_flu_1mgml_roi3_8bit.ome,18,89.93316071,58.69989286,0.916429286,3.913085714,81.9115,45.1145,0.936235,3.73075,28.0,65.29420759,31.21275957,0.05941755,1.094584827,18.0,5223,23.0953,4414,132,33.4394,31,1.3231,0.029,0.1869,0.1595,131072,0.43913859128952026,2415.888427734375,0.33611249923706055,24.700502395629883,27.150920867919922,1981.6715087890625,0.6510815024375916,0.43475815653800964,2377.528564453125,0.3236628770828247,24.24407386779785,24.101499557495117,1987.1243896484375,0.6708428859710693,0.22088243067264557,934.1586303710938,0.1556466966867447,9.63755989074707,16.226285934448242,916.77197265625,0.16953760385513306,1mgml,flu,roi3,6519.017751615882,62365.46019744873,32582.885833740234,591.4530557230519,65074.05284118652,59779.295654296875,4450.233713213044,2597.0043185245213,3459.085455729882,59183.92786407471,8681.862226839028,8686.850877192983,7808.740343182518,7967.917482302247,58093.98961639404,2059.1338732729873,9635.551054170513,7267.6628270237,59466.02724456787,11480.499307479224,1132.2835579837295,3506.5,65535.0,32571.0,18.0,65533.0,63141.0,1982.0,1092.0,786.0,62767.0,5086.0,5089.0,4405.5,4525.0,58088.0,138.0,6037.0,4004.0,62943.0,8711.0,63.0,7846.794184379193,3802.34453831469,8219.796776600815,3256.2519887164594,2427.7968243421565,2132.627537352432,8033.227561679685,6273.838818376059,6225.961044433878,8570.234572610581,9630.084542713073,9627.90991061199,8995.46112509269,9112.745303837657,42.33886824552677,4446.97817765289,9977.371726255911,8551.26309079827,8325.0148127114,9680.63154995907,3324.0079248866004,D1,N8,t,appliedMASKiso_1mgml_roi3_8bit.ome
appliedMASKiso_flu_1mgml_roi3_8bit.ome,19,99.31113143,54.77022857,0.908274857,3.563462857,122.01,47.123,0.91736,3.3794,35.0,63.90037584,22.98642529,0.038813726,0.955305749,19.0,5015,24.1362,4198,127,33.0551,16,1.3142,0.0241,0.1759,0.1804,131072,0.44940662384033203,2406.64599609375,0.3379780650138855,24.40570068359375,26.97031593322754,1988.1998291015625,0.6573401689529419,0.4443282186985016,2379.07470703125,0.35146430134773254,24.06338882446289,23.9025821685791,1997.60888671875,0.6779130101203918,0.23004752397537231,964.2076416015625,0.14898397028446198,9.946125030517578,16.705739974975586,963.7080688476562,0.17424628138542175,1mgml,flu,roi3,6525.611782964796,62408.01770782471,32738.65300485996,518.0977487316799,65105.9190826416,59800.57595062256,4570.722142117341,2655.7425925549846,3371.5972867058026,59241.552909851074,8612.25815572322,8616.944965195076,7781.816478940333,7933.815556955607,58093.128341674805,1892.353090172239,9440.385643161178,7259.118344422761,59507.60140991211,11474.706309448808,1077.4589041785366,3523.5,65535.0,32585.0,19.0,65533.0,63126.0,2147.0,1178.0,799.0,62759.0,5095.0,5105.0,4413.0,4536.0,58088.0,138.0,5991.0,4021.0,62931.0,8745.5,67.0,7912.261060504268,3782.3868015071334,8092.661187628396,3218.605605293973,2089.7368953602195,1925.7839631260017,8052.5389725109635,6295.837984339274,6038.3909318320375,8551.26720244977,9645.702309936145,9644.355712821802,9031.480599838344,9145.69412262767,85.36071680368394,4060.5981365300313,9861.870959972912,8603.9211748724,8315.24344889251,9746.222476541712,3024.5175150967484,D1,N8,t,appliedMASKiso_1mgml_roi3_8bit.ome
appliedMASKiso_flu_1mgml_roi3_8bit.ome,20,108.1531065,60.95467742,0.899056452,3.588129032,129.61,44.291,0.92017,3.5106,31.0,62.16688679,35.19856697,0.062471895,0.737671912,20.0,5082,23.7916,4304,129,33.3643,30,1.3185,0.0199,0.1718,0.2015,131072,0.44629934430122375,2433.625732421875,0.35002613067626953,24.547826766967773,27.49300765991211,2034.262939453125,0.6547407507896423,0.42505943775177,2477.51025390625,0.3679475486278534,24.86663246154785,25.53472137451172,2140.630859375,0.6640527248382568,0.238178551197052,1018.4832153320312,0.14162887632846832,10.426423072814941,16.740671157836914,983.1238403320312,0.17643074691295624,1mgml,flu,roi3,6660.430699611242,61975.59991455078,32789.974464416504,459.83304658772727,65112.784591674805,59686.10949707031,4782.9370914950905,2791.608125556768,3453.0210789989837,59136.705085754395,8717.855053089323,8721.098987384563,7915.507698335869,8062.8727008712485,58093.94448852539,1996.9818087318088,9488.27434349022,7396.911930115705,59391.42000579834,11636.153029395044,1110.605986610504,3686.0,65535.0,32595.0,21.0,65532.0,63025.0,2450.0,1350.0,836.0,62689.0,5215.0,5218.0,4569.0,4689.0,58087.0,138.0,6014.0,4182.0,62847.0,9053.0,83.0,7976.673591620672,3864.9690332085406,8391.267519350722,3432.2698739562034,1543.8008476830391,1732.2756210728394,8101.9173968590585,6373.739940900635,6100.217867637131,8609.163095396283,9708.70703746259,9706.166246161149,9107.937981176847,9219.879463380843,50.20681729919806,4156.313995137561,9937.648064699215,8675.68427913817,8379.357368453653,9898.947970269328,3024.3838054782395,D1,N8,t,appliedMASKiso_1mgml_roi3_8bit.ome
appliedMASKiso_flu_1mgml_roi3_8bit.ome,21,91.64401053,53.81642105,0.903085263,3.660615789,108.795,45.735,0.91781,3.4052,38.0,65.80333217,23.13770098,0.044723171,0.93336857,21.0,4669,26.073,3887,117,33.2222,13,1.2888,0.0248,0.1646,0.2173,131072,0.4463431239128113,2465.35693359375,0.3582349419593811,24.648332595825195,27.68864631652832,2072.689208984375,0.6550967693328857,0.41111573576927185,2597.0732421875,0.3690109848976135,25.860830307006836,27.37761688232422,2314.00732421875,0.6532524824142456,0.23681417107582092,1029.6290283203125,0.14411771297454834,10.388031959533691,16.615707397460938,966.7814331054688,0.17390218377113342,1mgml,flu,roi3,6695.799720071059,61144.37582397461,32840.59971618652,521.3617303023615,65084.74979400635,59708.976402282715,5019.870875236483,2916.681250622324,3346.4446588526775,59209.17433929443,8647.34141333354,8650.25883429591,7908.324786784893,8045.110333530719,58094.830810546875,2608.475912408759,9244.099790053295,7413.580168111172,59439.594413757324,11687.840594310675,1151.9721559760894,3618.0,65535.0,32608.0,24.0,65533.0,63128.0,2615.0,1451.0,791.0,62834.0,5077.0,5081.0,4465.0,4578.0,58087.0,138.0,5739.0,4097.0,62970.0,8971.0,92.0,8002.024444927835,3870.7160443552334,9106.259528498185,3257.651289439893,2092.47917303408,2078.3191778654746,8086.446497909131,6483.874019412066,5939.324930315677,8558.805833995786,9658.307745866727,9658.35140190002,9112.017843536807,9215.270375959459,105.3670715772062,5536.294182062977,9736.375498157715,8692.457754174846,8342.990197420051,10041.112051185992,3391.0729767670537,D1,N8,t,appliedMASKiso_1mgml_roi3_8bit.ome
appliedMASKiso_flu_1mgml_roi3_8bit.ome,22,111.997497,52.36921212,0.920052121,3.763021212,129.17,41.086,0.93768,3.524,33.0,60.7432764,27.81269087,0.045618887,1.003587101,22.0,4625,26.3401,3886,118,32.9322,25,1.2966,0.022,0.1541,0.2237,131072,0.46098870038986206,2456.290283203125,0.36500391364097595,24.28679084777832,27.042051315307617,2094.266845703125,0.6668840050697327,0.438326358795166,2558.47216796875,0.3648916780948639,25.026752471923828,26.218318939208984,2308.0693359375,0.6716021299362183,0.2293633073568344,1004.3322143554688,0.1458922028541565,10.06717300415039,16.681446075439453,979.3272094726562,0.16870275139808655,1mgml,flu,roi3,6727.169605769082,60400.89527130127,32730.96617126465,597.0262014827737,65072.89253234863,59784.5648727417,5173.5372868439545,3030.0087390267317,3178.2134160422356,59336.45494842529,8584.035431368613,8584.739974366497,7891.17555088868,8019.96797356352,58096.46250152588,2265.1513429752067,9066.59169381862,7422.128623048534,59539.26968383789,11838.516545962724,1093.8308267193725,3570.0,65535.0,32595.0,29.0,65533.0,63202.0,2560.0,1436.0,762.0,62909.0,5009.0,5015.0,4411.0,4522.0,58087.0,138.0,5717.0,4047.0,63044.0,8900.0,82.0,8027.673575612775,4076.5823838185934,9840.197963573772,3024.4275115892087,3101.408169358513,2583.001313183297,7970.702149092336,6751.776387729297,5665.805243297581,8368.943022721907,9511.351005060375,9508.530777471551,9036.953606068299,9127.291596034242,122.82155565867176,4843.91660740693,9454.025405014367,8666.930027596962,8190.195684136363,10219.576723582755,3566.104850335521,D1,N8,t,appliedMASKiso_1mgml_roi3_8bit.ome
appliedMASKiso_flu_1mgml_roi3_8bit.ome,23,107.1578515,57.33387879,0.911415758,3.848412121,135.0,46.74,0.92109,3.8015,33.0,63.9291991,27.26185897,0.044601186,1.025402862,23.0,4725,25.7403,3963,143,27.7133,26,1.3045,0.0219,0.1631,0.1934,131072,0.4546873867511749,2498.634765625,0.35759398341178894,24.643924713134766,27.580785751342773,2110.646484375,0.6619246006011963,0.4348858594894409,2568.736572265625,0.35435986518859863,25.169702529907227,26.17160987854004,2284.158935546875,0.6697857975959778,0.2268279641866684,1004.5194091796875,0.15319037437438965,10.038698196411133,17.37092399597168,974.7581176757812,0.17027734220027924,1mgml,flu,roi3,6944.546433440396,60746.88934326172,32696.661994934082,704.9392313795839,65003.96873474121,59510.330627441406,5280.2897845865,3068.364814796321,3395.788097564075,59013.9860458374,8928.138364489221,8930.651469987908,8181.217713797167,8319.734092782155,58095.35277557373,1962.7386904761904,9486.697206368279,7679.111768375812,59241.117584228516,12060.947716647026,1203.3420067975756,3704.0,65535.0,32595.0,31.0,65533.0,63078.0,2587.0,1465.0,821.0,62758.0,5180.0,5182.0,4562.0,4672.0,58087.0,138.0,5991.0,4196.0,62910.0,9167.0,83.0,8207.86665129768,4143.367164031773,9411.444678096526,3023.094179194188,3435.751698170513,2865.0300446323026,8213.260942047882,6865.13055887999,5874.596768940775,8623.89549802101,9750.469962391482,9746.467439820239,9251.740287241595,9346.42338807504,164.69557161498741,4307.534926777473,9674.011423565364,8869.239207514853,8439.698668396917,10210.55741926212,3872.1957457349995,D1,N8,t,appliedMASKiso_1mgml_roi3_8bit.ome
appliedMASKiso_flu_1mgml_roi3_8bit.ome,24,106.9287914,57.64702857,0.905451714,3.939682857,130.6,45.73,0.9154,3.9554,35.0,60.3629484,27.9114249,0.045807218,0.832032013,24.0,5107,23.6654,4256,140,30.4,25,1.3241,0.0174,0.1873,0.1698,131072,0.4188784062862396,2593.889404296875,0.3648659884929657,25.848649978637695,30.183761596679688,2190.09814453125,0.63331139087677,0.3867751359939575,2699.636474609375,0.36327970027923584,26.67650032043457,28.435649871826172,2371.45703125,0.6351076364517212,0.22588974237442017,964.8323364257812,0.14244960248470306,9.787254333496094,18.386674880981445,931.316162109375,0.1773550808429718,1mgml,flu,roi3,7420.746439711942,61222.99963378906,32732.218467712402,901.9769294283356,64860.10784231447,58941.57074410053,5405.25214370782,3113.2705736403336,3925.436653234762,58340.518882751465,9655.828597835714,9661.03876458582,8802.538760734778,8960.159279084992,58095.32472229004,2034.6324614352784,10406.133523318058,8234.436153579543,58616.275131225586,12563.976323795587,1453.6200027422483,4163.0,65535.0,32601.0,34.0,65532.0,62591.0,2615.0,1436.0,1076.0,62167.0,5952.0,5963.0,5199.0,5340.0,58087.0,138.0,6974.0,4742.0,62367.0,10116.0,99.0,8570.199550414682,4192.42933606702,9177.497469899552,2920.4639485713947,4315.383942465535,3521.799243077758,8744.82133234451,7068.6906069796005,6528.6258104274275,9223.595937288675,10242.893488189124,10241.976236038527,9707.986964831398,9809.96589340775,136.55199325737888,4134.335888121262,10184.128826634806,9286.092941103578,9005.721151509293,10163.536652506482,4660.928336814889,D1,N8,t,appliedMASKiso_1mgml_roi3_8bit.ome
appliedMASKiso_flu_1mgml_roi3_8bit.ome,25,102.9902978,50.73842222,0.892351778,3.855166667,129.94,39.893,0.90753,3.7046,45.0,62.00228224,27.96003471,0.056782601,0.954334494,25.0,4907,24.7114,4120,129,31.938,21,1.315,0.0161,0.1828,0.2037,131072,0.4191935658454895,2656.23681640625,0.3691723644733429,26.096887588500977,30.608089447021484,2235.007568359375,0.632398247718811,0.38776499032974243,2761.1591796875,0.3712337017059326,26.929847717285156,28.5847110748291,2370.04345703125,0.6355154514312744,0.23040905594825745,1025.3863525390625,0.1346665918827057,10.27946662902832,18.46712875366211,945.9112548828125,0.1817122846841812,1mgml,flu,roi3,7444.324722053147,60827.789070129395,32748.33115386963,733.5586319740768,64929.822814941406,58932.582359313965,5381.577146980045,3094.652322168082,3895.6855022329455,58332.19656522038,9692.51858757541,9698.150295475032,8833.01926944087,8991.777388262668,58097.05895996094,2037.2193755004002,10451.027798537649,8261.757833748103,58609.11986633199,12664.84862586774,1363.2343117458274,4292.0,65535.0,32611.0,29.0,65531.0,62400.0,2587.0,1436.0,1217.0,61905.0,6235.0,6250.0,5396.0,5552.0,58088.0,138.0,7386.0,4906.0,62138.0,10359.0,105.0,8512.369544387315,4175.3230506078,9462.088796815138,2909.33349787892,3191.89098210059,2865.499591366158,8637.146149024948,7042.768406034461,6326.116967920199,9088.293135520018,10145.131752525298,10143.745283752618,9637.16746159029,9734.7782796351,43.262893638587656,4206.239230891044,10018.626717819818,9222.281576085345,8885.19315430231,10163.79868511567,4090.673478252764,D1,N8,t,appliedMASKiso_1mgml_roi3_8bit.ome
appliedMASKiso_flu_1mgml_roi3_8bit.ome,26,103.0986471,58.51541176,0.910248824,3.936791176,115.795,47.4245,0.915725,3.7866,34.0,57.7239057,35.28332539,0.034891052,1.088227819,26.0,4814,25.2275,4018,122,32.9344,26,1.3062,0.0192,0.1827,0.1895,131072,0.4119395315647125,2670.948974609375,0.39268365502357483,26.156946182250977,32.158382415771484,2336.98876953125,0.624546229839325,0.37649989128112793,2753.44482421875,0.40638765692710876,26.936447143554688,30.354372024536133,2556.8759765625,0.6266463398933411,0.2356034219264984,1051.0830078125,0.13582158088684082,10.52288818359375,19.254472732543945,986.5165405273438,0.18805567920207977,1mgml,flu,roi3,7580.7333127675165,60705.191635131836,32716.224321169444,774.8531932669101,64871.21166229248,58809.258293151855,5458.466643572645,3122.3379232701136,3921.451697649163,58219.697525024414,9816.233254926155,9822.248108587513,8977.560521343463,9133.156495584775,58096.564682006836,2221.741666666667,10484.737886091081,8405.944672810705,58491.55513000488,12745.829907839432,1470.2113135523075,4528.0,65535.0,32602.0,25.0,65530.0,62169.0,2532.0,1393.0,1321.0,61649.0,6578.0,6585.0,5688.0,5850.0,58088.0,138.0,7775.0,5171.0,61890.0,10807.0,104.0,8657.470778752266,4249.944568875368,9517.805940022636,2912.3944929355494,2879.7678719126798,2793.0879828773363,8787.73149186528,7277.593022227608,6298.795025519319,9210.02595779293,10210.740809715664,10210.369036839662,9769.391832750356,9856.454094606188,115.25635058023877,4931.049710039361,9881.551021370582,9367.03130038878,9022.86756271971,10053.674146170542,4213.234927047297,D1,N8,t,appliedMASKiso_1mgml_roi3_8bit.ome
appliedMASKiso_flu_1mgml_roi3_8bit.ome,27,105.9835568,62.20402703,0.906419459,3.805259459,130.6,48.079,0.90968,3.7985,37.0,59.69563473,33.48008975,0.035302618,0.834682965,27.0,4735,25.6817,3930,125,31.44,30,1.2928,0.0202,0.1758,0.1917,131072,0.4219854176044464,2579.73779296875,0.4397655427455902,25.070547103881836,32.69713592529297,2461.311279296875,0.6336758732795715,0.37835532426834106,2592.062744140625,0.4488753378391266,25.264142990112305,31.952651977539062,2722.064453125,0.628642737865448,0.23864392936229706,1068.2393798828125,0.13514553010463715,10.542692184448242,19.216960906982422,1066.4931640625,0.18542321026325226,1mgml,flu,roi3,7651.982929672722,60327.74868774414,32773.28305053711,799.8215409880936,64849.81623840332,58803.0225982666,5340.436027362553,3078.1789424155777,3798.575845534583,58269.51063537598,9807.99898859662,9811.76526176818,9010.36499309003,9158.90095195448,58096.079582214355,2419.4689393939393,10344.442284381925,8459.39646240436,58517.43894195557,12848.015364066614,1420.658272610373,4635.0,65535.0,32614.0,24.0,65529.0,62091.0,2257.0,1235.0,1357.0,61615.5,6647.0,6657.0,5801.0,5956.0,58087.0,138.0,7752.0,5285.0,61838.0,10961.0,107.0,8717.544837786654,4408.5215061947865,9787.158126645698,2927.7441835757886,2794.86255059656,2734.8705299402886,8668.52158465509,7411.198802068445,5836.469468692693,8983.629794415245,10086.485252922179,10081.450116163898,9710.21488722986,9785.570302457974,91.33501843896386,6047.991131968413,9543.434363535964,9367.090546217505,8845.07038620797,10211.968372581923,3885.1365951218727,D1,N8,t,appliedMASKiso_1mgml_roi3_8bit.ome
appliedMASKiso_flu_1mgml_roi3_8bit.ome,28,104.7928788,63.14190909,0.908502121,4.035845455,128.34,54.377,0.90926,4.1428,33.0,63.48110886,33.06375459,0.046676873,0.910869479,28.0,4986,24.2882,4196,135,31.0815,28,1.3113,0.0147,0.174,0.1562,131072,0.4266866147518158,2550.83349609375,0.4529942572116852,24.792531967163086,32.618385314941406,2509.61083984375,0.637409508228302,0.3817901611328125,2602.114013671875,0.48185086250305176,25.391944885253906,32.58701705932617,2827.7939453125,0.631250262260437,0.24178214371204376,1112.9625244140625,0.14787206053733826,10.892193794250488,18.717992782592773,1101.7271728515625,0.18456149101257324,1mgml,flu,roi3,7667.635887062529,60185.84648895264,32750.229034423828,691.4944163215217,64915.87129211426,58819.50078582764,5159.164265006822,2980.881241473397,3727.3295735812244,58338.57566833496,9793.335670112645,9796.195972916008,9024.439033993962,9168.106822726466,58093.14817047119,2551.1815336463224,10263.042278205416,8473.205893933897,58569.15961456299,12947.826424650448,1305.6664170613349,4540.0,65534.0,32622.0,29.0,65530.0,62166.5,2009.0,1092.0,1335.0,61736.0,6544.0,6551.0,5711.0,5862.0,58086.0,138.0,7637.0,5197.0,61937.0,10782.0,109.0,8580.628506121853,4339.395909008002,9867.410619504471,2876.3884222926054,2256.4843397983036,2287.7787279603203,8444.545275509221,7199.589117409368,5553.31730738981,8724.643099417626,9922.006282925877,9915.946726577751,9546.247479673815,9620.96995130046,273.972848638207,5746.031910106266,9430.613106453786,9208.865558859583,8595.80882122112,10374.139559420033,3291.182507225082,D1,N8,t,appliedMASKiso_1mgml_roi3_8bit.ome
appliedMASKiso_flu_1mgml_roi3_8bit.ome,29,94.64696429,64.70583333,0.906671429,3.843128571,100.98,57.5715,0.92492,3.9305,42.0,61.62753175,29.12281949,0.057511798,0.765948026,29.0,5099,23.7056,4222,123,34.3252,33,1.3202,0.0249,0.1777,0.1207,131072,0.4438803195953369,2478.3681640625,0.42995786666870117,24.229127883911133,29.97720718383789,2353.552734375,0.653771698474884,0.39455878734588623,2563.415283203125,0.4415571689605713,25.19257926940918,30.127185821533203,2576.9228515625,0.6408233642578125,0.23483960330486298,1071.1544189453125,0.1518467217683792,10.53903579711914,16.932798385620117,1064.6502685546875,0.17291130125522614,1mgml,flu,roi3,7572.4350338197,60532.252601623535,32759.6356048584,521.1681945178585,65025.08959197998,58865.654289245605,4796.965642117824,2769.893114335673,3759.613295692414,58359.543548583984,9835.973961142012,9840.013758994191,9009.4670508297,9162.839460425557,58093.29192352295,2661.185860058309,10503.31133383665,8413.457629077238,58607.89588928223,13067.024089795541,1163.0463576798002,4714.0,65534.0,32613.0,28.0,65529.0,62007.5,1982.0,1077.0,1388.0,61571.0,6784.0,6791.0,5951.0,6103.0,58085.0,138.0,7889.0,5399.0,61784.0,11156.0,114.0,8113.73494438844,3920.1456326288917,9708.172393434263,2666.6030136541126,1672.3980814943538,1833.0174840808575,8066.129071489963,6458.051178657408,5561.293668284886,8412.338977867443,9647.189923214553,9643.145131161398,9162.743409216608,9255.290537546949,162.67668300853143,5683.6874218789635,9544.126131693976,8773.239589334007,8241.733274806753,10204.829753384503,2866.612589215702,D1,N8,t,appliedMASKiso_1mgml_roi3_8bit.ome
appliedMASKiso_flu_1mgml_roi3_8bit.ome,30,98.74055472,55.78832075,0.906736226,3.472126415,106.14,43.94,0.91929,3.399,53.0,60.43185562,27.93875741,0.045375483,0.741151218,30.0,5231,23.057,4368,123,35.5122,39,1.3286,0.0234,0.1939,0.09202,131072,0.45328712463378906,2444.9658203125,0.3819456100463867,24.276235580444336,26.95205307006836,2104.01708984375,0.6641550660133362,0.4220868945121765,2558.96142578125,0.3811870217323303,25.31239891052246,26.065185546875,2226.9833984375,0.6610927581787109,0.21941538155078888,1015.8009643554688,0.14269888401031494,10.127827644348145,14.721230506896973,927.9107666015625,0.15954531729221344,1mgml,flu,roi3,7544.168478719568,61480.285715375634,32748.665412902832,408.28485169339956,65103.68647766113,58760.20920562744,4272.630821525105,2445.321058235728,3969.5585190829997,58132.9017868042,10109.88701843767,10118.016749660479,9127.320637453868,9307.374300818685,58090.77199554443,2464.5292307692307,11185.432859411805,8452.716828690027,58445.64685821533,13334.658530971143,1058.736873856879,5232.0,65535.0,32613.0,23.0,65527.0,61465.0,2009.0,1092.0,1663.0,60934.0,7602.0,7617.0,6639.0,6809.0,58085.0,138.0,8918.0,6006.0,61186.0,12232.0,143.0,7542.576322546503,3323.6567519096143,8761.242973546086,2570.7406474117347,1546.4262916791813,1675.3269161666196,7647.16620949634,5514.084129924315,5621.74490574037,8110.842299649851,9340.861389308944,9341.83505139453,8691.175701563365,8811.009763102518,257.642818585617,5541.661877777018,9766.195574365498,8236.712895839508,7869.350251158308,9833.838078015737,2582.9823419441627,D1,N8,t,appliedMASKiso_1mgml_roi3_8bit.ome
appliedMASKiso_flu_1mgml_roi3_8bit.ome,31,92.3629825,61.0859,0.9025625,3.546005,90.506,57.0045,0.9234,3.4929,40.0,61.33605382,23.29549575,0.074980171,0.743102987,31.0,5277,22.8385,4412,126,35.0159,38,1.3302,0.0183,0.204,0.09465,131072,0.4556243419647217,2440.85546875,0.33099475502967834,24.575654983520508,24.648048400878906,1899.697509765625,0.6691302061080933,0.42301496863365173,2534.1298828125,0.3354259431362152,25.493356704711914,24.753738403320312,2027.0167236328125,0.6615491509437561,0.20198382437229156,945.0543212890625,0.12666603922843933,9.518658638000488,12.43364143371582,768.6676635742188,0.14513690769672394,1mgml,flu,roi3,7511.062631261408,62508.971420288086,32633.797241210938,245.05944963294985,65215.448165893555,58645.87641906738,3783.613560837953,2150.0028913544647,4176.044669014524,57938.17338562012,10322.332829289528,10333.258994508977,9241.966358894464,9438.844174093676,58088.63474273682,2735.64907063197,11680.904766268777,8487.972529612574,58298.68999481201,13518.859478696511,945.4366516050524,5599.0,65535.0,32602.0,24.0,65524.0,61037.0,1899.0,1020.0,1815.0,60496.0,8148.0,8158.0,7140.0,7326.0,58084.0,138.0,9490.0,6443.0,60764.0,12915.0,175.0,7035.816025768907,2805.353463415273,7260.992608296559,2567.1557126603666,777.2889024877502,1038.4300851877863,7326.990953431903,4697.905209444883,5751.469479085342,7927.446378827477,9105.924420182177,9111.475060050638,8317.300439414359,8460.253551449068,288.9529668202322,6074.854801781042,9995.170574507445,7785.142031802393,7616.280006667157,9546.855693714977,2033.5402442109598,D1,N8,t,appliedMASKiso_1mgml_roi3_8bit.ome
appliedMASKiso_flu_1mgml_roi3_8bit.ome,32,96.65908163,52.0505102,0.907075714,3.355181633,103.24,45.747,0.91812,3.0961,49.0,58.90193353,21.01046629,0.042238336,0.776915045,32.0,5334,22.5731,4447,133,33.4361,31,1.3397,0.0216,0.1989,0.1157,131072,0.47294318675994873,2403.47705078125,0.2834777235984802,24.324819564819336,22.25312042236328,1738.4974365234375,0.6843758821487427,0.4426468014717102,2526.454345703125,0.2725711166858673,25.582843780517578,22.09002113342285,1817.9013671875,0.6756075620651245,0.18696442246437073,881.7151489257812,0.11935551464557648,8.911911010742188,10.707657814025879,688.1483154296875,0.13068071007728577,1mgml,flu,roi3,7509.331405639648,63746.8823928833,32486.29613494873,188.60460918307794,65261.923904418945,58578.20487976074,4065.230737536053,2274.7687588701187,3918.2254649805004,58084.79277801514,10506.994659423828,10519.90446472168,9472.502304077148,9662.418724060059,58069.43647766113,2404.4954846478026,11554.25503540039,8587.485023498535,58402.66567993164,13659.694450378418,824.7445035153792,5771.5,65534.0,32593.0,20.0,65523.0,60770.5,2450.0,1293.0,1675.0,60459.0,8508.0,8517.0,7549.5,7727.0,58080.0,138.0,9421.0,6720.0,60673.5,13179.5,147.0,6663.987429675902,2547.3657163038583,5257.609095753336,2030.7436051663503,530.9598754940829,808.9034183364545,7097.997508878724,4297.26621393016,5519.897174276911,7656.902145158343,8796.159682011546,8803.513800469642,7988.926756644625,8134.999285165638,254.68158248842602,5111.201382343552,9766.91460151738,7427.155327451537,7336.8932786542255,9047.870445955588,1777.0183397694777,D1,N8,t,appliedMASKiso_1mgml_roi3_8bit.ome
appliedMASKiso_flu_1mgml_roi3_8bit.ome,33,85.61966818,50.23363636,0.904074091,3.374288636,78.0275,44.5045,0.91089,3.3488,44.0,59.75289855,18.3958994,0.050103624,0.698258725,33.0,5392,22.3088,4438,131,33.8779,32,1.3452,0.0229,0.2147,0.1223,131072,0.4438311755657196,2514.472412109375,0.24942129850387573,25.89223289489746,22.910924911499023,1720.2979736328125,0.6630663871765137,0.4198808968067169,2627.649658203125,0.24162644147872925,27.059545516967773,22.350374221801758,1772.9559326171875,0.6585861444473267,0.18009358644485474,842.689697265625,0.10860146582126617,8.657511711120605,10.489068031311035,620.3787841796875,0.13011789321899414,1mgml,flu,roi3,7856.884780883789,64286.16524505615,32560.13208770752,171.79657912388421,65259.79592895508,58010.96105194092,4578.368454783358,2536.5500843067393,4219.779251098633,57627.0471572876,11279.261810302734,11294.51333618164,10224.254722595215,10419.18586730957,58073.86048126221,2000.0508231925555,12028.029098510742,9120.230781555176,57941.359382629395,14182.645500183105,830.8429337219509,6131.0,65535.0,32596.0,19.0,65520.0,60255.0,3220.0,1695.0,1732.0,60105.5,9169.0,9181.0,8265.0,8435.0,58078.0,138.0,9604.0,7249.0,60303.0,13790.0,130.0,6600.225873324555,2424.927021889586,4283.998714241986,1708.186215190977,432.15391054569653,742.6510331362493,7306.84300806916,4063.8407604833014,6045.387797433647,7906.426376721546,8935.961062554707,8944.49682303694,8049.109935870193,8208.910368359477,88.96358171875346,4350.02528690365,10094.010535843317,7419.579065357819,7542.0711054237145,8564.862857421747,1773.2742038483523,D1,N8,t,appliedMASKiso_1mgml_roi3_8bit.ome
appliedMASKiso_flu_1mgml_roi3_8bit.ome,34,95.90103333,51.94540476,0.893344048,3.49167381,98.7575,42.828,0.896335,3.36625,42.0,61.64307949,21.76432012,0.060349837,0.915354654,34.0,5848,20.4133,4761,145,32.8345,40,1.3602,0.0286,0.2347,0.07888,131072,0.4084263741970062,2645.78955078125,0.22404365241527557,27.688512802124023,24.200048446655273,1745.7061767578125,0.6361219882965088,0.3811001181602478,2787.192138671875,0.21470174193382263,29.118907928466797,23.76516342163086,1802.135986328125,0.628446102142334,0.17182579636573792,791.6948852539062,0.10571819543838501,8.272248268127441,10.56480884552002,573.0460815429688,0.12956051528453827,1mgml,flu,roi3,8476.944122314453,65006.294036865234,32595.045783996582,195.9237489697398,65203.31874084473,56928.0987701416,5373.783790588379,2946.8359603881836,4648.715927124023,56713.20121002197,12653.285415649414,12672.184623718262,11531.853401184082,11740.557662963867,58076.99359893799,2016.8436781609196,12622.797241210938,10047.47956085205,57036.27844238281,14798.51953125,907.8383791659921,6765.0,65535.0,32614.0,19.0,65512.0,59192.5,4156.0,2197.0,1910.5,59253.0,10521.0,10539.0,9573.0,9749.0,58077.0,138.0,9866.5,8181.0,59439.5,14604.5,122.0,6627.675984613441,2400.3606082623824,2842.5771490705065,1800.9771514922732,542.4132430822712,910.8754877938308,7671.3866551725905,4009.6711752966135,6685.717929674777,8233.386729636406,9122.421076999277,9132.099609135557,8180.890703729066,8350.120788155686,9.680029420693263,3672.637541181653,10222.861661815708,7495.262089819404,7834.057416364125,7820.493004144023,2084.1036768671725,D1,N8,t,appliedMASKiso_1mgml_roi3_8bit.ome
appliedMASKiso_flu_1mgml_roi3_8bit.ome,35,79.45423684,51.90807895,0.872036053,3.335484211,70.622,45.9955,0.89616,3.0871,38.0,60.29723421,18.45869054,0.068529529,0.782078514,35.0,5587,21.4603,4502,142,31.7042,39,1.3436,0.0293,0.2306,0.09555,131072,0.41144201159477234,2615.42724609375,0.21054691076278687,27.56920623779297,23.60112953186035,1696.914306640625,0.6390454769134521,0.3920190632343292,2727.388671875,0.19767017662525177,28.666980743408203,22.69617462158203,1724.4697265625,0.6366876363754272,0.16500277817249298,745.9139404296875,0.10965893417596817,7.8610382080078125,10.430530548095703,549.1777954101562,0.1257561445236206,1mgml,flu,roi3,8672.289016723633,64973.28042602539,32601.88175201416,222.27737646509303,65164.43687438965,56341.62572479248,6308.101661682129,3430.914161682129,4388.338737487793,56355.55731964111,13397.89446258545,13418.848670959473,12363.647872924805,12559.568359375,58075.09477996826,3309.305027932961,12301.646522521973,10511.695053100586,56628.55909729004,14790.611671447754,931.8687467570124,6953.0,65534.0,32618.0,16.0,65504.0,58624.0,5175.0,2714.0,1855.0,58911.0,11176.0,11193.5,10345.0,10505.5,58076.0,146.0,9192.0,8614.0,59051.0,14495.5,146.0,6441.861904999305,2537.969990268391,2787.1556079522384,1613.7658291000332,1034.2547106838745,1348.6163513310726,7609.964471071986,4262.688943528996,6221.985411664214,7969.20149216211,8853.074110398986,8862.072586189914,8033.650109239382,8182.169509208566,96.45951980700885,6954.713118978607,9432.52422814675,7322.2171196302825,7622.979200349661,7055.971260099563,2452.229553176214,D1,N8,t,appliedMASKiso_1mgml_roi3_8bit.ome
appliedMASKiso_flu_1mgml_roi3_8bit.ome,36,96.92110938,47.36665625,0.892570625,3.360278125,94.41,42.8285,0.9067,3.01705,32.0,56.78810261,16.88590794,0.056061466,0.982071731,36.0,5132,23.5403,4117,126,32.6746,35,1.3169,0.0181,0.2364,0.1101,131072,0.39763662219047546,2658.223388671875,0.19792255759239197,28.25727653503418,24.17076301574707,1699.5565185546875,0.6276134252548218,0.3782074749469757,2740.69580078125,0.17696088552474976,29.09130096435547,23.192607879638672,1728.28271484375,0.6261367797851562,0.1623465120792389,736.1502075195312,0.117644764482975,7.809567928314209,10.880165100097656,539.4652099609375,0.12868821620941162,1mgml,flu,roi3,8815.724807739258,64952.65683746338,32543.28890991211,270.8521039919285,65101.83763885498,55802.74697113037,7184.763374328613,3879.4719314575195,4252.47917175293,55963.7745513916,14028.080741882324,14051.288520812988,13089.700820922852,13271.241706848145,58072.97742462158,3173.8002450980393,12060.494995117188,10899.499198913574,56195.44800567627,14591.632011413574,1012.888298034668,7015.0,65534.0,32618.0,14.0,65499.0,58183.0,6000.0,3160.0,1887.0,58569.0,11682.0,11700.0,10937.0,11085.0,58074.0,146.0,8872.0,8895.0,58687.0,14203.5,172.0,6428.322471250677,2766.9141724013457,2786.164841479133,1343.721438313712,1681.8704727191105,1912.2265298271436,7725.81695353394,4699.569883438841,6004.681735547474,7898.855514840148,8777.33999895028,8785.918233625149,8101.964049973081,8226.78798839399,131.6764177334629,6595.59264146944,8710.505111320897,7341.684939625963,7609.817991840518,6427.4190391802695,2832.4362245005304,D1,N8,t,appliedMASKiso_1mgml_roi3_8bit.ome
appliedMASKiso_flu_1mgml_roi3_8bit.ome,37,92.06032857,51.92385714,0.899868571,3.44716,104.32,44.002,0.90956,3.0011,35.0,58.57412937,17.88396135,0.056188454,0.884265765,37.0,5800,20.5988,4733,160,29.5813,38,1.3575,0.0169,0.2388,0.06597,131072,0.39471274614334106,2585.666259765625,0.22523926198482513,27.671009063720703,24.664655685424805,1726.4652099609375,0.6266547441482544,0.38737043738365173,2662.768310546875,0.21233296394348145,28.384056091308594,23.008827209472656,1723.0496826171875,0.6335708498954773,0.15629883110523224,642.122314453125,0.12455268949270248,6.915010929107666,11.194655418395996,551.628662109375,0.12491881102323532,1mgml,flu,roi3,8855.906059265137,65115.677253723145,32487.7498626709,262.68384703421606,65086.82360839844,55474.044189453125,7410.194526672363,3995.761070251465,4356.363700866699,55631.50690460205,14420.976089477539,14445.330993652344,13463.188858032227,13648.748229980469,58069.39803314209,2894.1489141675283,12185.296691894531,11075.75749206543,55871.48760223389,14360.965377807617,1068.3177871704102,6936.0,65534.0,32610.0,13.0,65498.0,57979.0,6055.0,3188.0,1974.0,58352.5,11930.0,11949.0,11147.5,11296.0,58073.0,148.0,8941.0,8929.0,58475.5,13818.5,190.0,6495.016847704213,2974.711294311341,2232.2903202807984,1128.359837834266,1431.6740132585667,1779.1173059339906,7894.226283370193,5003.274326493983,6086.289011452809,7999.08775384166,8852.041175717675,8858.84351151248,8239.51580597775,8353.983681047792,168.9283769332491,6057.854843901352,8454.31034043217,7437.799640394926,7737.420183255755,6119.41277838528,2777.9218781696804,D1,N8,t,appliedMASKiso_1mgml_roi3_8bit.ome
appliedMASKiso_flu_1mgml_roi3_8bit.ome,38,83.70538846,59.15192308,0.881972308,3.507392308,90.716,43.5665,0.891835,3.3032,26.0,50.9106611,43.05597738,0.062925017,0.985967707,38.0,5567,21.5446,4479,130,34.4538,25,1.3413,0.0229,0.2048,0.08581,131072,0.45535531640052795,2320.3681640625,0.25340816378593445,24.57932472229004,21.76276206970215,1626.3201904296875,0.6738218069076538,0.4576173424720764,2315.35888671875,0.2413395345211029,24.477535247802734,19.97631072998047,1600.208984375,0.6857602596282959,0.15682876110076904,641.807373046875,0.1311390995979309,6.831275939941406,10.360333442687988,576.4402465820312,0.11820699274539948,1mgml,flu,roi3,8301.335014343262,65107.83937835693,32517.013458251953,191.8230341654111,65183.35153198242,56119.640800476074,6491.485130310059,3501.4315338134766,4053.7426986694336,56161.270668029785,13683.085411071777,13706.754043579102,12643.772445678711,12841.380317687988,58074.02411651611,2834.3382447149265,11797.630546569824,10387.555992126465,56438.531242370605,13830.198669433594,906.5685043334961,6361.0,65534.0,32594.0,10.0,65506.0,58548.0,5119.0,2686.0,1834.0,58786.0,11193.0,11219.0,10330.0,10497.0,58077.0,146.0,8712.0,8230.0,58958.0,12842.0,159.0,6230.6675675714605,2837.7365146822112,2378.562806921371,1608.4648653467564,805.3847957256239,1234.8510951010398,7490.200246300959,4732.050968586559,5839.120558335106,7652.957537686169,8482.625683564233,8489.00848819321,7860.883798966418,7975.92468449921,95.70967813851188,5986.178712615966,8138.98916891859,7121.796709199524,7386.410036296704,6248.644156466955,2393.921616154449,D1,N8,t,appliedMASKiso_1mgml_roi3_8bit.ome
appliedMASKiso_flu_1mgml_roi3_8bit.ome,39,85.93742414,62.86210345,0.906926897,3.47157931,98.973,52.131,0.92633,3.2346,29.0,59.25012108,31.17944156,0.053462597,0.796512979,39.0,5968,19.9626,4784,140,34.1714,39,1.3617,0.0181,0.2178,0.09214,131072,0.43382394313812256,2444.30615234375,0.23694606125354767,25.9697265625,22.352210998535156,1671.297119140625,0.6590569019317627,0.4320656955242157,2444.776123046875,0.22022798657417297,25.949222564697266,20.985841751098633,1650.547607421875,0.6662518382072449,0.13866186141967773,557.2955932617188,0.13030551373958588,5.963229656219482,9.47818660736084,529.4071655273438,0.10662176460027695,1mgml,flu,roi3,8072.097396850586,65290.15254974365,32424.125213623047,166.8540879054132,65225.82630157471,56449.331314086914,6609.955871582031,3568.117630004883,3800.849464416504,56506.593170166016,13340.461326599121,13363.393829345703,12394.953536987305,12576.447807312012,58071.883964538574,3074.6072335025383,11425.596908569336,10143.200744628906,56744.24726104736,13704.559616088867,827.6428298950195,6125.0,65534.0,32575.0,9.0,65511.0,58873.0,5202.0,2714.0,1706.0,59077.0,10867.0,10892.0,10079.0,10234.0,58074.0,120.0,8529.0,7975.0,59221.5,12620.0,138.0,6064.3403543187405,2927.737352411006,1742.681526785429,1149.0606847628699,685.7162821246931,1085.089209424893,7282.762047847331,4776.578139062806,5619.538848477099,7415.513960572122,8230.96867465676,8237.079241475565,7681.163606650688,7784.180943772122,104.076906313555,6956.899319619575,7793.769310504484,6944.761228797519,7176.691288903822,6258.2926906474195,2293.886583835553,D1,N8,t,appliedMASKiso_1mgml_roi3_8bit.ome
appliedMASKiso_flu_1mgml_roi3_8bit.ome,40,94.7042,55.48682667,0.9007752,3.370153333,98.973,45.669,0.91228,3.0112,75.0,55.74164261,26.43728044,0.060493975,1.086532665,40.0,7186,16.24,5858,176,33.2841,56,1.4192,0.0246,0.5097,0.05583,131072,0.10191299021244049,3633.405517578125,0.14559650421142578,41.52334976196289,45.92832946777344,2125.154541015625,0.33673763275146484,0.08456431329250336,3773.281982421875,0.12425562739372253,43.072021484375,45.95128631591797,2117.529052734375,0.322683185338974,0.07348570227622986,427.3008117675781,0.09798120707273483,4.655858516693115,9.333351135253906,185.597900390625,0.08996403217315674,1mgml,flu,roi3,10912.082557678223,65533.89894866943,32661.263969421387,499.61870277819185,64578.98217010498,51434.83167266846,12915.269714355469,6897.322708129883,5390.299034118652,51780.28366851807,18500.99334716797,18533.39447784424,18107.385055541992,18208.259071350098,58072.83681488037,11078.333333333334,13580.055740356445,14283.887313842773,51868.266510009766,15140.087532043457,2296.8706436157227,9106.0,65535.0,32668.0,31.0,65390.0,53725.0,11285.0,5903.0,3542.0,54033.0,16402.0,16437.0,16067.0,16153.0,58073.0,146.0,11525.0,12315.0,54087.0,14977.0,699.0,6393.802049360409,3999.9694584539693,97.70582103490389,46.58615301487277,1781.2758440203634,2582.85694979057,8414.503159271067,6818.604884656916,5616.193837680425,8116.767582518077,8440.45825852171,8443.680398534525,8374.32454677495,8397.750232110982,2.6977211744709146,15544.167316249383,6349.285505249832,7449.406882495251,8030.11340371396,3980.202791866196,4673.748975402412,D1,N8,t,appliedMASKiso_1mgml_roi3_8bit.ome
appliedMASKiso_flu_1mgml_roi3_8bit.ome,41,102.4520189,60.62998113,0.917135849,3.48834717,106.89,45.593,0.92032,3.1864,53.0,50.97781775,31.76112015,0.037765957,1.065068301,41.0,6946,16.8703,5735,181,31.6851,53,1.4081,0.0254,0.4321,0.04325,131072,0.15352408587932587,3654.1142578125,0.14012691378593445,40.762332916259766,39.45793914794922,2134.688720703125,0.4043676555156708,0.13570380210876465,3760.87646484375,0.1161784827709198,41.9108772277832,39.4780387878418,2147.837158203125,0.39169424772262573,0.08105294406414032,427.6388244628906,0.09663750231266022,4.69173526763916,8.452707290649414,246.6873016357422,0.08752523362636566,1mgml,flu,roi3,9525.547706604004,65533.71994781494,32648.896484375,281.3904711996157,65000.638931274414,54011.29126739502,11156.191909790039,5967.865661621094,4017.0658645629883,54416.8493347168,15848.642517089844,15875.711784362793,15532.3159866333,15615.208770751953,58071.473556518555,8310.75,11596.328872680664,12361.852005004883,54433.562171936035,15005.486442565918,1298.6636581420898,7790.0,65534.0,32656.0,13.0,65481.0,56226.0,9551.0,5012.0,2308.0,56636.0,13757.0,13789.0,13498.0,13570.0,58072.0,87.0,9375.0,10436.0,56619.0,14670.0,286.0,5934.2486229917995,3662.9305529295516,97.71279148809138,52.936444268626694,1131.4570832085856,1692.2108077354403,7537.451969386319,6127.638077631238,4844.482861151339,7326.003952859817,7836.569451970473,7838.171906201708,7722.776162513977,7753.128397792798,2.7482326680892784,14289.660796796403,6363.587454621398,6887.65215781798,7248.715814032256,4573.297062607782,3088.0068450656304,D1,N8,t,appliedMASKiso_1mgml_roi3_8bit.ome
appliedMASKiso_flu_1mgml_roi3_8bit.ome,42,81.6747996,52.83433663,0.899345347,3.417717822,78.996,43.539,0.91394,3.0758,101.0,57.73864566,26.03214343,0.059184663,1.047824258,42.0,6273,18.8948,5225,138,37.8623,34,1.3777,0.0146,0.6749,0.04622,131072,0.03797702491283417,3292.38134765625,0.10548659414052963,39.36146545410156,58.44601821899414,1816.1185302734375,0.22300982475280762,0.02175530418753624,3400.29736328125,0.06272649765014648,40.64274978637695,59.809513092041016,1807.82666015625,0.19777530431747437,0.05473091080784798,400.1796875,0.12019183486700058,4.504593372344971,8.062512397766113,109.02388000488281,0.08801846206188202,1mgml,flu,roi3,12659.669235229492,65533.88863372803,32666.078315734863,947.3225971370143,63616.578285217285,46160.758544921875,15733.400749206543,8343.854011535645,10948.908264160156,45624.01078796387,23545.849243164062,23591.968070983887,22884.258422851562,23039.713989257812,58074.38885498047,8309.75,19269.565132141113,17311.75636291504,46004.2709274292,12607.068054199219,6082.524864196777,11219.0,65535.0,32670.0,338.0,64557.0,47823.0,14175.0,7411.0,10248.0,47076.5,22059.0,22110.0,21350.0,21514.0,58074.0,87.0,18750.0,15773.0,47482.0,11970.0,4442.0,5293.336261913907,3920.9349312878944,97.70055195844903,40.18786403451797,1971.0446701530786,2839.427587004251,7119.604723045923,6717.964602707819,4177.415688865255,6650.957438000371,6783.048693424663,6785.1637057427115,6989.827810421461,6963.964713327682,2.682121877558645,14290.2419219375,3985.9454561110283,6195.671464251635,6661.374360756663,3042.037166663048,5412.364873520287,D1,N8,t,appliedMASKiso_1mgml_roi3_8bit.ome
appliedMASKiso_flu_1mgml_roi3_8bit.ome,43,79.29347368,53.58244737,0.891314737,3.196027632,73.0635,45.305,0.90642,2.73505,76.0,56.52312376,26.71505543,0.061776166,0.950156523,43.0,5541,21.6551,4601,132,34.8561,40,1.34,0.0278,0.6257,0.01596,131072,0.04947642236948013,3495.81396484375,0.0905032828450203,41.35967254638672,53.4224739074707,1862.4921875,0.2502221167087555,0.03273974731564522,3625.01806640625,0.042237788438797,42.85826873779297,54.53398895263672,1861.8692626953125,0.22529998421669006,0.05790015682578087,411.3554992675781,0.11521725356578827,4.7389116287231445,7.159162998199463,80.6999282836914,0.08624294400215149,1mgml,flu,roi3,10981.508689880371,65533.81830596924,32660.683403015137,425.4428220315696,64523.22843170166,48776.46242523193,13059.148643493652,6910.93000793457,9555.306190490723,48059.52714538574,21334.52286529541,21377.934463500977,20446.482917785645,20635.00958251953,58074.71724700928,11078.333333333334,18741.01567840576,15240.270004272461,48471.003997802734,12669.959579467773,3852.7918701171875,9619.0,65534.0,32664.0,141.0,65045.0,50379.0,11367.0,5946.0,9044.0,49405.0,19958.0,19996.0,18905.0,19117.0,58075.0,146.0,18362.0,13742.0,49877.5,11970.0,2717.5,4651.796900113238,3578.6800968506373,97.70147030978967,40.638591586710056,1032.6848695970446,1674.8084625903298,6362.501132827355,6228.662840784681,3543.7749082614014,5968.882358974392,6169.225331136504,6172.95877432767,6391.365994288493,6362.410741917526,2.716487097345759,15544.167316249383,3544.7413731925108,5547.3619735555885,5982.171829545001,3057.914990238167,3756.291564122641,D1,N8,t,appliedMASKiso_1mgml_roi3_8bit.ome
appliedMASKiso_flu_1mgml_roi3_8bit.ome,44,86.06857119,42.12513559,0.89161322,2.626830508,86.532,38.514,0.90319,2.4647,59.0,57.58910135,13.05827606,0.058983871,0.52336504,44.0,4897,24.766,4080,131,31.145,26,1.3085,0.0232,0.5185,0.03826,131072,0.0878344401717186,3703.037841796875,0.08084071427583694,43.22691345214844,43.750370025634766,1902.4267578125,0.3218977749347687,0.07031919062137604,3843.693359375,0.03353549912571907,44.85047912597656,44.65209197998047,1918.5302734375,0.30091068148612976,0.06331757456064224,418.0032043457031,0.09954571723937988,4.857319355010986,5.669604778289795,89.7112045288086,0.07861315459012985,1mgml,flu,roi3,8483.00904083252,65533.72536468506,32650.67195892334,77.9734319048169,65274.710205078125,53218.80878448486,9176.584968566895,4855.590476989746,6258.813499450684,52546.98119354248,17234.699867248535,17270.34479522705,16183.261177062988,16390.567100524902,58075.40058135986,11078.333333333334,16311.192657470703,11911.099700927734,52911.04774475098,12812.290756225586,1298.9287033081055,7335.0,65534.0,32653.0,20.0,65429.0,54622.0,7762.0,4050.0,5746.0,53758.5,15936.0,15972.0,14776.0,14995.0,58075.0,146.0,15869.0,10607.0,54165.0,12039.0,830.0,3797.025005540836,2906.681199242969,97.70105436853571,42.16666425381219,254.89533364548547,562.1701261230291,5153.490908297496,5058.97455701197,2743.9181403330813,4888.797550408612,5314.708753918473,5318.672154749287,5428.682263708317,5416.603003464101,2.822684570576374,15544.167316249383,3452.858095402311,4609.217749558064,4888.152391512777,3272.3680026125894,1643.481703418733,D1,N8,t,appliedMASKiso_1mgml_roi3_8bit.ome
appliedMASKiso_flu_1mgml_roi3_8bit.ome,45,93.55880323,43.73432258,0.911120968,2.400509677,90.0,40.316,0.91107,2.3305,31.0,53.95148281,12.11432811,0.042410728,0.219255649,45.0,4155,29.5458,3425,108,31.713,27,1.2601,0.0352,0.5066,0.04014,131072,0.09300448000431061,3683.663818359375,0.11527086794376373,43.39174270629883,42.034934997558594,1842.5986328125,0.3305562734603882,0.07526764273643494,3816.62841796875,0.08156824856996536,44.95939636230469,43.18934631347656,1864.233642578125,0.30922555923461914,0.062045663595199585,410.4083251953125,0.11246414482593536,4.829314231872559,5.030747890472412,83.6361083984375,0.07612733542919159,1mgml,flu,roi3,7756.002403259277,65533.66938781738,32646.12847137451,35.38914364853428,65381.843269348145,53897.6262512207,7138.552062988281,3779.4063034057617,6817.482704162598,52903.46304321289,16744.019371032715,16779.209213256836,15289.777755737305,15562.42300415039,58076.825202941895,11078.333333333334,17180.623962402344,11065.521377563477,53411.377128601074,12247.211380004883,1025.2532348632812,6800.0,65534.0,32648.0,15.0,65450.0,54981.0,6028.0,3160.0,6438.5,53808.0,15670.0,15706.0,14129.0,14414.0,58077.0,146.0,16830.0,9981.0,54360.0,11387.0,792.0,3076.546447760688,2259.6402428201463,97.70077599191626,41.30590284439973,75.94495771887263,236.13339299715108,4089.905598868239,3908.0187651738347,2462.8667521158964,3933.075781780984,4432.153004253283,4435.389079672488,4438.566342781834,4442.81546762641,2.7926193845656613,15544.167316249383,3259.0815002441877,3744.343057420974,3910.1067236256463,3166.311637047162,871.8684736356371,D1,N8,t,appliedMASKiso_1mgml_roi3_8bit.ome
appliedMASKiso_flu_2mgml_roi1_8bit.ome,1,61.190115,59.82225,0.927755,3.754525,40.8975,51.6545,0.936475,3.77295,40.0,54.97644338,29.31922831,0.037883696,0.701475596,1.0,4591,26.55,3778,116,32.569,25,1.2821,0.0232,0.1364,0.1896,131072,0.634524941444397,1074.37548828125,0.5450619459152222,12.406704902648926,15.24341869354248,1299.71484375,0.7977774143218994,0.6418723464012146,1040.701416015625,0.5706746578216553,11.994081497192383,14.222431182861328,1269.783935546875,0.8084368705749512,0.15422376990318298,443.46881103515625,0.12975534796714783,5.196506500244141,8.167497634887695,628.8906860351562,0.09543509036302567,2mgml,flu,roi1,5041.469571398704,54772.63035583496,30247.190475463867,197.08050131531107,65362.96459197998,62163.728103637695,5429.091401588324,3664.249581455248,1087.863086915739,62389.22702789307,5456.965946058959,5440.428668199875,5800.133221827305,5741.010595860339,3036.3778076171875,2898.7796920821115,4110.525327200502,5619.826368388041,62393.91947174072,7750.17742002927,495.92267627230024,2851.0,64661.0,30005.0,14.0,65535.0,64329.0,3219.0,2053.0,271.0,64272.0,3369.0,3364.0,3560.0,3527.0,3036.0,107.0,2515.0,3321.0,64392.0,5648.0,45.0,5976.989370619661,4397.583953471661,14445.559957342475,2901.2228885547056,746.5534344129676,799.9196822029717,4964.594054592308,6133.546956317572,2113.68126693291,4224.57421091516,6053.455316623746,6032.100006931746,6437.152696603338,6369.031912776339,6.548026826861168,7014.063058208768,4653.558682255041,6423.0721049633,4543.14877830684,7369.666361034173,1478.218230781058,D1,N8,t,appliedMASKiso_2mgml_roi1_8bit.ome
appliedMASKiso_flu_2mgml_roi1_8bit.ome,2,59.73949792,55.931625,0.925056458,3.705775,42.017,44.5295,0.92689,3.59965,48.0,52.49594465,29.92274584,0.033960669,0.918821573,2.0,4775,25.4498,3902,109,35.7982,31,1.3033,0.0202,0.1434,0.2059,131072,0.6159547567367554,1117.4449462890625,0.53419429063797,12.995626449584961,16.109926223754883,1312.08984375,0.7842699289321899,0.6263113021850586,1104.230712890625,0.5623477697372437,12.75448989868164,14.442081451416016,1258.546875,0.798778235912323,0.17227333784103394,488.6618347167969,0.12693247199058533,5.775265693664551,9.392097473144531,659.2988891601562,0.11006078124046326,2mgml,flu,roi1,5474.27454439558,55186.25791168213,30230.72275543213,295.1180378022715,65299.4440536499,61809.334465026855,5828.846117626542,3913.840964380695,1311.079491171107,62042.31036376953,5995.86159248411,5980.762722737594,6332.883978087095,6274.971359596181,3036.3728408813477,3222.6538789428814,4582.248875233184,6118.710987684542,62046.11618804932,8209.53141328111,674.0926963932066,3085.0,65161.0,30023.0,15.0,65534.0,64205.0,3483.0,2190.0,307.0,64156.0,3695.0,3691.0,3885.0,3853.0,3036.0,119.5,2756.0,3610.0,64274.0,6112.0,47.0,6541.408806024987,4716.712314285195,14439.009874964735,2914.8368623735146,1256.9640842557358,1198.1657295280722,5619.445303641418,6631.8397074682425,2606.9477407712416,4881.853432300745,6718.045214145861,6697.622344186267,7110.031191134313,7040.783914090022,6.522045977480662,7550.424499308427,5285.11190810586,7066.430776074528,5203.050321572501,7610.615919224299,2123.6939864146657,D1,N8,t,appliedMASKiso_2mgml_roi1_8bit.ome
appliedMASKiso_flu_2mgml_roi1_8bit.ome,3,62.60610833,53.127375,0.920859167,3.8511375,51.34,45.544,0.922335,3.7528,48.0,51.52313186,19.7809195,0.031164459,0.860252055,3.0,4647,26.2059,3824,126,30.3492,27,1.298,0.0274,0.1488,0.198,131072,0.603294849395752,1158.71630859375,0.5216195583343506,13.549345016479492,16.598556518554688,1332.56640625,0.7758727669715881,0.6062079668045044,1146.6556396484375,0.5447181463241577,13.331401824951172,15.097358703613281,1285.657958984375,0.7863948345184326,0.17886359989643097,517.1803588867188,0.13643892109394073,6.132594585418701,9.903919219970703,684.4723510742188,0.11523616313934326,2mgml,flu,roi1,5813.804942201374,55766.08362579346,30215.276445590556,403.3954682963474,65229.88893890381,61532.89422607422,6178.013724186179,4178.794724523022,1372.475460827457,61828.02118682861,6316.899070196013,6298.872415815044,6679.504062657062,6616.960252973698,3036.3628540039062,2605.968085106383,4747.545660914726,6471.647420003351,61807.94761657715,8593.989395208577,796.046490213208,3258.0,65337.0,30031.0,15.0,65534.0,64082.0,3588.0,2251.0,342.0,64047.0,3919.0,3912.0,4092.5,4064.0,3036.0,105.0,2970.0,3807.0,64158.0,6438.5,52.0,7053.021880247917,5213.446083299081,14195.217593711783,2835.707654284448,1762.5269586661484,1590.0044782906177,6098.494076655526,7250.357956045959,2775.2283030523517,5245.282894609853,7123.226785541446,7096.603455678756,7585.946870681563,7504.042272487382,7.6694663628693975,6567.950392969891,5364.8925446600415,7573.275666638994,5609.040631219915,7926.948815379722,2631.3177549042975,D1,N8,t,appliedMASKiso_2mgml_roi1_8bit.ome
appliedMASKiso_flu_2mgml_roi1_8bit.ome,4,60.08998372,59.79890698,0.91831814,3.807746512,46.169,48.129,0.92775,3.6215,43.0,49.87438719,34.69176188,0.040092231,0.720796315,4.0,4590,26.5562,3669,112,32.7589,28,1.2888,0.021,0.1377,0.2158,131072,0.6277735829353333,1103.195068359375,0.5354004502296448,12.774493217468262,15.794280052185059,1315.1876220703125,0.7909166216850281,0.6341297626495361,1085.82763671875,0.559345006942749,12.480446815490723,14.429441452026367,1286.7659912109375,0.8029413819313049,0.17976784706115723,533.3102416992188,0.13854900002479553,6.245739936828613,9.855057716369629,721.5087280273438,0.11364903301000595,2mgml,flu,roi1,6004.193205342237,55723.991065979004,30207.896125793457,359.070099790563,65250.69465637207,61509.863204956055,6259.554266457439,4299.865982387089,1353.033369706783,61837.80541229248,6360.0653422370615,6337.114173622705,6730.198823038398,6665.7467696160265,3036.342819213867,2482.679599499374,4885.572879799666,6602.170776293823,61797.25254821777,8962.08941569282,711.524985428636,3248.5,65297.0,30045.0,16.0,65534.0,64153.0,3509.0,2236.0,326.0,64120.0,3823.0,3815.0,3991.0,3965.0,3036.0,106.0,2944.0,3748.0,64231.0,6470.5,49.0,7336.369328807337,5424.588686188781,14053.5950326766,2759.606236269931,1325.4126534771879,1337.4900806652054,6113.403352562842,7420.228520337982,2610.8691147591785,5193.588659250878,7198.242418700889,7164.752332405541,7675.116028675593,7589.9140785676655,6.641792039824445,6089.78787702186,5514.73393783168,7770.461913449742,5594.420317662498,8415.247435697192,2164.492482147963,D1,N8,t,appliedMASKiso_2mgml_roi1_8bit.ome
appliedMASKiso_flu_2mgml_roi1_8bit.ome,5,72.77283824,53.81597059,0.926219706,3.825602941,50.288,39.6915,0.940215,3.7107,34.0,55.60135549,28.40006849,0.04271874,0.778523705,5.0,4481,27.2508,3614,122,29.623,24,1.2877,0.0144,0.1223,0.2691,131072,0.65755295753479,1055.719970703125,0.544036328792572,11.956289291381836,14.829606056213379,1301.1595458984375,0.8094527125358582,0.6688794493675232,1017.78173828125,0.5520814657211304,11.374370574951172,13.180076599121094,1225.48876953125,0.8235352635383606,0.17450040578842163,520.2177124023438,0.13967861235141754,6.006969928741455,9.824914932250977,759.968994140625,0.10906114429235458,2mgml,flu,roi1,6094.459907772949,55842.001388549805,30199.154724121094,343.2342600250228,65263.44616699219,61592.48133850098,6162.99445106383,4311.919182978723,1315.0147996715068,61936.93282318115,6256.257713233586,6229.237393424676,6611.4269730949145,6548.910667484988,3036.359962463379,2460.277554663097,4939.422718375742,6592.872457950436,61886.83964538574,9237.22371694921,640.7597423282483,3182.0,65207.0,30043.0,16.0,65534.0,64194.0,3271.0,2099.0,302.0,64157.0,3673.0,3669.0,3818.0,3792.0,3036.0,91.0,2970.0,3636.0,64270.0,6406.0,40.0,7518.680749123398,5643.764986207807,13820.941651659017,2782.577893712025,1110.1648054343502,1204.4746817549149,6026.467985128677,7501.043882901349,2587.969282150558,5070.31685298824,7136.9128628838225,7095.989548490015,7616.834960201718,7529.838242322026,8.958036976684221,6196.022919026505,5575.644721292827,7835.934454225236,5495.645947869626,8861.223510034812,1953.1175772703907,D1,N8,t,appliedMASKiso_2mgml_roi1_8bit.ome
appliedMASKiso_flu_2mgml_roi1_8bit.ome,6,65.38913529,54.8635,0.933632353,3.919452941,44.283,46.3715,0.944085,3.79645,34.0,53.88117945,24.8655026,0.040744743,0.801210063,6.0,4093,30.0237,3302,130,25.4,19,1.2563,0.0272,0.1117,0.2084,131072,0.6900680065155029,950.4267578125,0.5435186624526978,10.67525577545166,13.40213394165039,1196.8380126953125,0.8296090364456177,0.7075513601303101,911.902099609375,0.5792714953422546,10.202582359313965,11.315500259399414,1071.25244140625,0.8458912968635559,0.16494186222553253,469.3550720214844,0.15176966786384583,5.403672695159912,9.392362594604492,731.7994995117188,0.10195513069629669,2mgml,flu,roi1,6182.760994326837,56046.241706848145,30159.96965789795,306.5652228657769,65283.78044128418,61567.896308898926,6154.597007774742,4324.259003992435,1332.1695219829112,61917.09143066406,6282.955191067856,6254.166250854268,6635.644599790859,6573.304102956797,3036.318733215332,2668.358417377812,5042.950036640895,6655.356025986216,61859.16226196289,9455.994722064406,598.5084594732214,3204.0,65160.0,30034.0,18.0,65534.0,64166.0,3271.0,2099.0,297.0,64127.0,3658.0,3652.0,3806.0,3776.0,3036.0,115.0,2997.0,3641.0,64242.0,6473.0,39.0,7522.183997041525,5554.736502417981,13533.382828518705,2708.632010443414,1178.8316834038176,1198.2471218238973,5949.498599037908,7372.074541767823,2736.5455397458018,5036.296462632714,7078.902676988714,7037.8018926142495,7531.226045323593,7448.561480126556,7.3514676879674345,6287.405076818946,5681.567443909361,7797.133131016173,5443.00146947264,9041.715179864024,2039.1857091030167,D1,N8,t,appliedMASKiso_2mgml_roi1_8bit.ome
appliedMASKiso_flu_2mgml_roi1_8bit.ome,7,66.46199143,57.83565714,0.909621714,3.723342857,46.042,47.586,0.91847,3.7938,35.0,51.34019708,23.99887919,0.038892987,0.616196708,7.0,4258,28.7828,3432,139,24.6906,16,1.2699,0.0191,0.1157,0.241,131072,0.6825346946716309,987.509521484375,0.5236082077026367,11.128640174865723,13.076992988586426,1148.771728515625,0.8257282376289368,0.6948133707046509,945.4948120117188,0.5638676881790161,10.612634658813477,11.548830032348633,1060.7318115234375,0.8383527994155884,0.15700916945934296,462.3838195800781,0.13980413973331451,5.335287094116211,8.36101245880127,636.0363159179688,0.09712126106023788,2mgml,flu,roi1,6401.531301657965,56918.67395782471,30091.36962890625,270.38731842565244,65292.18176269531,61367.504402160645,6477.563178582456,4562.513081358959,1363.4361005148908,61769.396492004395,6541.513134421185,6510.363352919033,6926.136687998167,6858.1841437666735,3036.2691192626953,2729.555788590604,5199.032283670764,6917.146761812795,61684.720764160156,9783.567955285684,566.9055551199184,3409.5,65398.0,30025.0,18.0,65534.0,63990.0,3562.0,2312.0,324.0,64002.0,3907.0,3897.0,4084.0,4054.0,3036.0,92.0,3104.0,3888.0,64092.0,6822.0,41.0,7609.1390447273925,5689.463003816988,13228.576370552171,2661.8085290505733,1015.3439938161561,1098.6586540074923,6053.137914482971,7497.4465408285805,2678.55452995049,5115.58409908861,7180.943813422186,7137.446245145172,7638.618960086347,7554.660621725411,8.035871709043404,6711.226573889624,5784.734122245248,7889.445675177185,5534.623060812494,9101.344671081499,1717.4947548847601,D1,N8,t,appliedMASKiso_2mgml_roi1_8bit.ome
appliedMASKiso_flu_2mgml_roi1_8bit.ome,8,60.94411538,52.40358974,0.926064359,3.912610256,34.824,40.895,0.93224,3.9492,39.0,58.27090553,22.67359841,0.041156296,0.683068018,8.0,4225,29.0232,3424,135,25.363,12,1.261,0.0244,0.1203,0.2796,131072,0.6660166382789612,1029.8050537109375,0.5523576736450195,11.671995162963867,14.21162223815918,1254.889892578125,0.8149464726448059,0.6777476072311401,960.3582763671875,0.5831074118614197,10.910754203796387,12.861266136169434,1203.768310546875,0.8286167979240417,0.17087842524051666,541.7769165039062,0.1359318494796753,6.181819438934326,9.033191680908203,700.7799072265625,0.10636711865663528,2mgml,flu,roi1,6741.273769999431,57090.78515625,30149.504890441895,337.2338147833475,65244.292488098145,61090.36867523193,6862.448269879041,4837.9700409808975,1390.0103500220034,61569.46482849121,6841.993327434634,6808.534665681746,7269.064680049679,7193.762539471228,3036.242042541504,2918.4246190858057,5322.487535615426,7267.8386408097995,61453.61181640625,10217.543359498664,594.8406018955802,3733.0,65419.0,30039.0,18.0,65534.0,63733.0,3931.0,2540.0,363.0,63826.0,4233.0,4223.0,4461.0,4425.0,3036.0,92.0,3291.0,4256.0,63868.0,7362.0,47.0,7911.753681233596,5957.029994609504,12790.101777741464,2542.296136053674,1652.106833398868,1519.128862310334,6209.8831715732895,7789.21787076249,2581.5568755924933,5186.613389600671,7284.688043597255,7237.075696820198,7788.77152173669,7696.449194624863,8.074044034781009,6985.7568913152345,5695.932420292653,8112.014266557047,5634.765767697422,9339.267779746922,2067.580581728015,D1,N8,t,appliedMASKiso_2mgml_roi1_8bit.ome
appliedMASKiso_flu_2mgml_roi1_8bit.ome,9,55.94506571,52.19654286,0.940504857,3.984082857,34.902,48.773,0.94659,3.7742,35.0,57.0216834,18.20205322,0.02963632,0.91607772,9.0,3597,34.4395,3002,101,29.7228,19,1.2176,0.0171,0.1028,0.3095,131072,0.6993622183799744,950.9281005859375,0.599847137928009,10.378655433654785,14.049881935119629,1335.6968994140625,0.8345916867256165,0.7132441401481628,904.91455078125,0.6280296444892883,9.798501968383789,12.311552047729492,1240.4229736328125,0.8491885662078857,0.17052410542964935,542.2547607421875,0.12993748486042023,5.997217655181885,9.86056900024414,826.6221313476562,0.10485722869634628,2mgml,flu,roi1,6927.661908145468,56412.58733053078,30151.48208618164,344.25923282112933,65231.26303100586,61067.60461425781,6625.273424022869,4718.741855192468,1496.3445456531604,61487.9658203125,6888.887870615593,6854.608100251921,7240.4698259156385,7177.5795571991475,3036.356002807617,2937.355546357616,5624.557699760997,7354.897382275047,61396.07108306885,10523.055382404238,602.8730241463674,3780.0,65166.0,30041.0,17.0,65534.0,63689.0,3773.0,2449.0,382.0,63755.0,4258.0,4247.0,4438.0,4411.0,3036.0,87.0,3479.0,4272.0,63812.0,7470.0,44.0,8182.897661279114,5853.04189376457,12530.021562260443,2439.7851763382423,1444.9854734418218,1429.6732748335573,6229.012242094059,7567.1150287324335,2765.5904865240987,5291.281564939014,7343.542164152162,7296.957051753886,7763.3027300977055,7684.75329688372,6.886282355642465,7161.504449251546,6009.117813782911,8243.52906713556,5699.692980100205,9692.776029941917,1937.7717357070817,D1,N8,t,appliedMASKiso_2mgml_roi1_8bit.ome
appliedMASKiso_flu_2mgml_roi1_8bit.ome,10,75.06896061,53.562,0.935439091,3.883033333,42.274,45.629,0.93653,3.9541,33.0,62.20843501,20.53087859,0.022305054,0.710095289,10.0,3719,33.2441,3060,115,26.6087,15,1.2284,0.0275,0.1013,0.2852,131072,0.697085440158844,969.446044921875,0.6084619760513306,10.462122917175293,14.587983131408691,1418.9349365234375,0.8336203098297119,0.7031418681144714,944.5936889648438,0.6317433714866638,10.178131103515625,12.976238250732422,1326.87109375,0.8434078693389893,0.1664285808801651,519.890625,0.12809807062149048,5.719499111175537,10.091859817504883,885.0790405273438,0.10137521475553513,2mgml,flu,roi1,7061.541200954593,56588.363456726074,30176.24501800537,406.44954163122577,65191.58483123779,60993.19876098633,6571.054318323032,4689.6016465548255,1527.7688293688896,61393.96257019043,6967.9497472900985,6933.537721673591,7288.9271600871025,7231.091971940764,3036.374740600586,3381.3616352201257,5729.20907827177,7450.669645081197,61314.15824890137,10655.04743232276,637.859253375695,3848.0,65344.0,30043.0,19.0,65533.0,63606.0,3720.0,2403.0,408.0,63649.0,4370.0,4357.0,4506.0,4480.0,3036.0,106.0,3639.0,4342.0,63720.0,7574.0,41.0,8466.710910673424,5970.2502985554465,12268.984338797574,2699.226326752332,1630.779436289359,1584.1310489773814,6347.236905090655,7702.419789967068,2776.322662097763,5387.138540314787,7447.889387063943,7395.636180626006,7875.707287666793,7795.1340575591075,6.892973825500159,7597.7790012588075,6035.5133072986055,8454.397334826957,5814.944328522863,9866.028512127285,1977.5156120459287,D1,N8,t,appliedMASKiso_2mgml_roi1_8bit.ome
appliedMASKiso_flu_2mgml_roi1_8bit.ome,11,67.87842632,58.53931579,0.937490263,3.828971053,45.559,52.5055,0.94193,3.74045,38.0,57.13400377,26.58130085,0.024851271,0.798262833,11.0,3809,32.4114,3149,118,26.6864,17,1.2441,0.0163,0.1078,0.2722,131072,0.6867288947105408,994.3750610351562,0.6039596796035767,10.791853904724121,14.869315147399902,1439.09814453125,0.8282437920570374,0.6916620135307312,965.2070922851562,0.6309926509857178,10.485860824584961,13.190339088439941,1315.2442626953125,0.8370442390441895,0.16127948462963104,499.41156005859375,0.1274406462907791,5.52178955078125,9.748881340026855,882.9234619140625,0.09740138798952103,2mgml,flu,roi1,7178.088575147853,56794.010749816895,30121.15805053711,414.61525043145843,65179.350357055664,60913.15996551514,6706.233590465696,4814.919937961716,1545.3634716842528,61346.69536590576,7072.242157366933,7035.148182373361,7405.338912638211,7345.14001028542,3036.872817993164,2633.927567106945,5817.351857804063,7570.180396631525,61251.04698944092,10791.662236436101,637.4609218865222,3921.5,65363.5,30047.0,17.0,65533.0,63572.0,3799.0,2464.0,416.0,63641.0,4444.0,4431.0,4589.0,4565.0,3036.0,77.0,3693.0,4431.0,63696.0,7709.0,47.0,8643.908598276032,6227.224368502718,12300.880223345925,2551.1025600682115,1507.383032988871,1565.6957080019474,6431.470153457606,7931.160465239057,2733.9259549982653,5409.332473488826,7550.979461913984,7493.946047025816,7995.45438286627,7911.067184823043,172.7529791231646,6660.670905522106,6106.185944302016,8600.141745163257,5860.759306577931,10029.62597978086,1854.2988335276098,D1,N8,t,appliedMASKiso_2mgml_roi1_8bit.ome
appliedMASKiso_flu_2mgml_roi1_8bit.ome,12,67.26356,56.20328571,0.936180857,4.099605714,51.072,46.417,0.93919,3.9546,35.0,56.99447868,25.58930402,0.038666195,0.840537336,12.0,3934,31.318,3278,124,26.4355,17,1.2501,0.0205,0.1112,0.2236,131072,0.6871597170829773,989.1342163085938,0.5887622833251953,10.802485466003418,14.504934310913086,1389.71435546875,0.8288043141365051,0.7025463581085205,952.8128662109375,0.6105345487594604,10.278878211975098,12.337911605834961,1220.171142578125,0.8435627818107605,0.15665273368358612,473.131591796875,0.13255919516086578,5.2944254875183105,9.368927001953125,843.9959106445312,0.09490588307380676,2mgml,flu,roi1,7197.820041327298,56858.23740386963,30112.447410583496,434.66099022390415,65163.202781677246,60894.7116317749,6816.208072225172,4910.713444176641,1581.5837317380458,61339.04209136963,7061.441438254284,7022.074694668457,7420.678740562662,7355.837649650648,3036.3578872680664,3139.489249670908,5818.44756498597,7589.508382044334,61230.861183166504,10756.961213446648,694.7038815007028,3923.0,65354.0,30039.0,18.0,65533.0,63649.0,3878.0,2525.0,396.0,63728.0,4342.0,4324.0,4536.0,4500.0,3036.0,99.0,3613.0,4399.0,63772.0,7748.0,49.0,8700.514917963143,6337.0572156900835,12358.350757356815,2595.12071910612,1496.1074879551743,1592.4252786859843,6550.193962612251,8075.1203730415855,2894.5625524324946,5535.665610822514,7657.101683391028,7599.407784020445,8118.1438970635745,8030.927244717315,7.358771033585885,7161.861974228874,6244.752151264521,8694.757867538216,5991.768014026268,10027.32130743628,2019.886566050527,D1,N8,t,appliedMASKiso_2mgml_roi1_8bit.ome
appliedMASKiso_flu_2mgml_roi1_8bit.ome,13,67.62872,60.9296,0.928205667,3.993053333,46.7465,52.004,0.934705,3.8009,30.0,59.34169109,26.17395062,0.034121157,0.913801207,13.0,3886,31.7295,3162,113,27.9823,16,1.2442,0.0249,0.107,0.2013,131072,0.6967740654945374,984.2865600585938,0.5671920776367188,10.653332710266113,13.77572250366211,1323.7030029296875,0.8348456025123596,0.7200246453285217,925.5266723632812,0.5880475640296936,9.948326110839844,11.538325309753418,1129.9029541015625,0.853291928768158,0.15167425572872162,471.9845886230469,0.1428554207086563,5.199577331542969,8.962215423583984,818.1400146484375,0.09128263592720032,2mgml,flu,roi1,7034.280471092768,56661.441398620605,30127.034912109375,460.4660744342622,65165.868339538574,61033.20887756348,6605.353500813952,4754.2363816333045,1549.3010686894934,61449.41734313965,6892.64170670364,6854.682221971431,7234.115354851191,7172.407288878857,3036.2923431396484,2816.7772764561114,5704.302091058588,7408.410303743592,61356.81191253662,10567.52345790475,676.8453056768559,3877.0,65278.0,30031.0,19.0,65533.0,63699.0,3773.0,2494.0,386.0,63773.0,4242.0,4229.0,4430.0,4398.0,3036.0,85.0,3532.0,4323.0,63821.0,7680.0,47.0,8490.527558099671,6126.969179959914,12552.48563758376,2672.4073736573573,1981.7089133384711,1825.0166264253426,6391.683923658471,7856.63327935513,2858.195795733156,5405.486601932804,7505.611392864321,7451.585525759468,7943.47399173011,7860.466729760772,8.577487273677924,6798.604556731547,6154.50247271055,8495.901573670862,5845.030682108524,9820.684836157614,2077.716252466633,D1,N8,t,appliedMASKiso_2mgml_roi1_8bit.ome
appliedMASKiso_flu_2mgml_roi1_8bit.ome,14,58.69356667,51.84244444,0.915078889,4.050375,51.328,39.8385,0.917425,3.92225,36.0,45.60909855,23.90975903,0.045140542,0.8385029,14.0,3721,33.2252,3056,108,28.2963,18,1.2275,0.0201,0.1139,0.218,131072,0.6744975447654724,980.4656982421875,0.5806773900985718,10.934769630432129,14.708597183227539,1328.3287353515625,0.8207473754882812,0.6823175549507141,976.8951416015625,0.6062737107276917,10.77376937866211,13.065831184387207,1256.610595703125,0.8317883014678955,0.16762675344944,467.267578125,0.13516539335250854,5.372026443481445,9.562196731567383,774.2473754882812,0.10236847400665283,2mgml,flu,roi1,7031.005468844525,56522.57328796387,30214.91291809082,394.09941158253326,65183.797119140625,60930.476486206055,6830.273156085676,4874.573202844932,1587.2120369668326,61378.09590148926,6975.518168985683,6939.168421052632,7361.057019560395,7292.2562129461585,3036.3135833740234,2964.2290651307044,5683.227747529744,7472.747449082476,61269.04740905762,10460.588659003832,701.2219560663838,3931.0,65200.0,30035.0,21.0,65533.0,63669.0,3957.0,2616.0,400.0,63752.0,4307.0,4290.0,4513.0,4476.0,3036.0,92.0,3559.0,4386.0,63789.0,7748.0,51.0,8268.525769786074,6060.321726038102,12624.87764830209,2612.9748958253963,1399.3928168503992,1504.2561993692095,6444.454356561777,7860.769630836623,2901.4208499085153,5466.269055588165,7517.9088524146755,7470.004424036641,7982.336036702964,7896.257649100442,7.915095437203274,7214.4385590907,6083.746927535896,8398.81875580504,5900.069229795296,9503.988071110552,2036.244561238096,D1,N8,t,appliedMASKiso_2mgml_roi1_8bit.ome
appliedMASKiso_flu_2mgml_roi1_8bit.ome,15,60.80086667,54.95551515,0.931546667,4.081939394,50.194,48.495,0.94247,3.894,33.0,41.4784091,24.57720068,0.03221081,0.987992835,15.0,3952,31.1662,3282,117,28.0513,22,1.2541,0.0195,0.1245,0.2522,131072,0.6507580280303955,1018.8659057617188,0.5662125945091248,11.71082592010498,15.069196701049805,1297.4974365234375,0.8060874938964844,0.648192822933197,1035.54248046875,0.592850923538208,11.797792434692383,14.568574905395508,1330.9462890625,0.812126874923706,0.17495039105415344,485.5762939453125,0.12917737662792206,5.702960968017578,9.24006175994873,694.2155151367188,0.10773453861474991,2mgml,flu,roi1,7016.054175889871,56850.6813659668,30166.82359313965,329.9165727573562,65214.90408325195,60841.74062347412,7132.237121187248,5072.197401254227,1485.9853131350453,61350.49077606201,7076.324538301207,7039.281406020262,7523.486888239001,7444.372978300561,3036.2939834594727,2940.281292671825,5518.238685753987,7543.3068135916365,61217.186515808105,10433.39398297006,672.162963200822,4023.0,65411.0,30038.0,19.0,65533.0,63577.0,4168.0,2768.0,412.0,63682.0,4469.0,4453.0,4693.0,4656.0,3036.0,100.0,3613.0,4530.0,63709.0,7858.5,54.0,8147.406034304496,6200.253777129488,12684.38241469314,2560.100979120445,1132.0658304947408,1328.083767851851,6536.245999208468,8106.672876161286,2678.690841837997,5471.0575096433995,7555.755768454068,7507.744720712172,8093.7098601968155,7995.8454506897015,6.95517599192025,6976.845199821138,5782.038880344306,8390.783659411189,5937.238036293709,9306.212510156594,1921.4576827757562,D1,N8,t,appliedMASKiso_2mgml_roi1_8bit.ome
appliedMASKiso_flu_2mgml_roi1_8bit.ome,16,50.80221935,54.56393548,0.92419871,4.033377419,36.119,47.789,0.93372,3.8054,31.0,41.72705505,23.94548626,0.035112467,0.954767922,16.0,3524,35.1944,2939,111,26.4775,14,1.2252,0.0195,0.1079,0.2552,131072,0.6991015076637268,921.7620849609375,0.5424003601074219,10.434220314025879,12.49592113494873,1119.4168701171875,0.8355048298835754,0.7086395621299744,880.5679321289062,0.5689131021499634,9.93091869354248,11.28016185760498,1057.6953125,0.8468827605247498,0.16318878531455994,511.1663513183594,0.15197665989398956,5.8086066246032715,8.114253044128418,669.5588989257812,0.09753318876028061,2mgml,flu,roi1,6696.384739053159,56424.27572631836,30111.133331298828,314.7838688872871,65249.16819000244,61156.692611694336,6750.215693986922,4823.956831702641,1361.668135946132,61627.738929748535,6688.4094360963,6651.501858135402,7112.275529164647,7037.05000807885,3036.254289659803,3214.701042873696,5261.50226207788,7169.4022297624815,61508.94153594971,10127.848448860883,595.9211720330181,3711.0,65208.0,30030.0,17.0,65534.0,63815.0,3773.0,2479.0,342.0,63884.0,4084.0,4069.0,4279.0,4245.0,3036.0,135.0,3291.0,4163.0,63933.5,7369.0,43.0,7999.834813718416,6031.6741311633805,12621.695232558448,2568.7136939978423,1228.86069506048,1352.6882520530048,6368.813399675261,7932.471050870397,2565.571829687761,5325.515357929303,7390.139056252783,7342.674758936011,7919.111515339985,7822.8377278108255,9.983696502826735,7394.3365420506725,5681.319065323629,8241.847084307417,5790.431886423714,9217.564812031487,1904.2833710531243,D1,N8,t,appliedMASKiso_2mgml_roi1_8bit.ome
appliedMASKiso_flu_2mgml_roi1_8bit.ome,17,55.26434,52.40568571,0.917501429,3.88928,41.309,44.594,0.92542,3.6903,35.0,42.52265039,27.09353266,0.041627313,1.009156906,17.0,3675,33.6661,2950,116,25.431,18,1.2299,0.0163,0.113,0.2579,131072,0.6823698282241821,941.4068603515625,0.5337228178977966,10.845242500305176,13.26748275756836,1145.4337158203125,0.8245754837989807,0.7040975093841553,855.7365112304688,0.577248215675354,9.830870628356934,11.07763385772705,1003.5133056640625,0.8444643616676331,0.17461974918842316,526.416015625,0.16782809793949127,6.137530326843262,9.235011100769043,721.3748779296875,0.10795813053846359,2mgml,flu,roi1,6722.593222663182,56792.76035308838,30151.441520690918,407.1935372914716,65199.64286804199,61064.96562194824,6839.958549985284,4869.139671016057,1356.5772791516479,61563.93914794922,6781.904970477204,6745.40346207208,7214.568208950408,7137.929919659278,3036.2921295166016,2750.881010594947,5219.58787468138,7230.861920433646,61440.55368804932,10058.939849320814,659.8968481375358,3708.0,65351.0,30028.0,16.0,65534.0,63787.0,3746.0,2479.0,343.0,63861.0,4121.0,4101.0,4318.0,4284.0,3036.0,117.0,3291.0,4177.0,63915.0,7350.5,40.0,8114.751031468965,6211.301078087716,12544.7824081426,2636.9053613271594,1768.5959879587658,1722.3597607857162,6604.086190628258,8200.115313688386,2639.6654909068034,5499.53354572924,7556.956768918966,7507.031013770122,8124.135069494193,8021.268309934785,8.911446692164407,6469.309223885675,5655.527173896763,8401.229467084737,5984.765327787551,9067.083748431201,2270.844196634423,D1,N8,t,appliedMASKiso_2mgml_roi1_8bit.ome
appliedMASKiso_flu_2mgml_roi1_8bit.ome,18,72.52326857,46.3372,0.923404286,4.082157143,65.695,39.706,0.92365,4.2036,35.0,47.73109559,19.43752541,0.033974011,0.933519763,18.0,3771,32.7581,3071,114,26.9386,17,1.2437,0.0211,0.1164,0.2464,131072,0.6775722503662109,925.6585083007812,0.536628782749176,10.743855476379395,13.642834663391113,1145.056640625,0.8210893869400024,0.712282657623291,833.0151977539062,0.5777804851531982,9.595711708068848,10.982649803161621,992.7250366210938,0.84917813539505,0.17990411818027496,498.6058349609375,0.16283468902111053,5.917047023773193,10.01315975189209,725.7455444335938,0.11360301077365875,2mgml,flu,roi1,6727.305552210045,56985.55509185791,30171.769416809082,449.62964302712993,65170.05583190918,60971.50901031494,6916.306192117341,4902.065849435669,1468.701330249661,61456.91798400879,6859.235689911277,6823.489959452407,7293.360833433699,7216.583090449235,3036.2510986328125,2693.394189071986,5337.517017945321,7275.362439278975,61332.42053985596,9965.495772612308,756.4418535286285,3762.0,65347.0,30021.0,17.0,65534.0,63724.0,3878.0,2555.0,344.0,63822.0,4178.0,4161.0,4395.0,4357.0,3036.0,102.0,3318.0,4241.0,63861.0,7467.0,38.0,8106.464635754601,6135.578710329218,12299.83891871793,2714.5714499907963,1930.1432033860247,1850.8056067871778,6807.453339853609,8177.024541299919,3131.986433561235,5794.3824146484285,7735.418976992848,7688.90325651494,8273.330580655991,8175.934569501867,8.655671729558657,6782.117320942082,5991.932708629656,8479.225516579567,6247.601989291221,8852.013060526662,2668.278658623893,D1,N8,t,appliedMASKiso_2mgml_roi1_8bit.ome
appliedMASKiso_flu_2mgml_roi1_8bit.ome,19,73.94797895,55.30297368,0.917438421,4.058473684,69.5385,46.222,0.92553,4.15125,38.0,46.45753755,27.88781726,0.043979077,0.795661374,19.0,4068,30.2205,3320,132,25.1515,13,1.2625,0.0129,0.1262,0.2236,131072,0.6521402597427368,965.1663818359375,0.5496712327003479,11.338482856750488,15.186808586120605,1233.0404052734375,0.8044421672821045,0.6799596548080444,889.0062255859375,0.5831516981124878,10.340165138244629,12.471395492553711,1109.2147216796875,0.8308344483375549,0.19392691552639008,495.6431579589844,0.1497320532798767,6.0274858474731445,11.346260070800781,770.428466796875,0.12484801560640335,2mgml,flu,roi1,6830.186822045735,57350.98677062988,30164.847206115723,513.8695652173913,65117.38200378418,60756.7766401416,7072.646964648517,4961.622462413653,1609.5764907237394,61250.30801626599,7076.479051761983,7043.483074589935,7515.109917388355,7437.954360059065,3036.228935241699,2754.9819967266776,5495.935906134015,7442.626012691065,61124.8741140298,9984.259480384722,903.170292321711,3926.0,65390.0,30037.0,15.0,65533.0,63554.0,4063.0,2677.0,377.0,63689.0,4373.0,4356.0,4599.0,4559.0,3036.0,111.0,3425.0,4429.0,63714.0,7741.0,41.0,8139.295890132469,6094.332573894214,12025.49543211211,2702.083616736125,2103.3225947787632,2075.041312622375,7092.727437779713,8239.19754381185,3602.9739392460597,6131.797885194126,7970.535939482582,7928.66884813832,8493.979309206416,8399.702481875216,7.294497686902726,6554.254150441477,6261.197907659681,8612.976412225786,6562.883050062176,8643.232462733913,3381.9527044513216,D1,N8,t,appliedMASKiso_2mgml_roi1_8bit.ome
appliedMASKiso_flu_2mgml_roi1_8bit.ome,20,68.87168056,59.23158333,0.9200525,3.835538889,66.3455,49.264,0.93217,3.69545,36.0,46.98218067,28.57614233,0.050080583,0.813466963,20.0,4230,28.9865,3444,127,27.1181,20,1.2716,0.018,0.1222,0.176,131072,0.6611867547035217,965.3994140625,0.5701280236244202,11.16120719909668,15.286230087280273,1293.4366455078125,0.8101785778999329,0.6972836852073669,872.5517578125,0.5991693735122681,9.941486358642578,12.16312313079834,1137.255126953125,0.8404772877693176,0.19283457100391388,514.8196411132812,0.13844402134418488,6.16455078125,11.474442481994629,834.1370239257812,0.12293273955583572,2mgml,flu,roi1,6834.964016523269,57132.60780334473,30176.491119384766,424.9928335170893,65166.63131713867,60826.90190887451,7078.473149726528,4990.968880020036,1494.790191163941,61343.78536987305,6988.70960912441,6953.283076384301,7446.646039111437,7365.9652979521015,3036.2854614257812,3080.541268462207,5414.7110815736905,7414.676427280903,61202.08884429932,10142.384882323446,762.3681621470158,4093.0,65265.0,30044.0,14.0,65533.0,63425.0,4274.0,2798.0,403.0,63596.0,4522.0,4506.0,4783.0,4740.0,3036.0,104.5,3532.0,4616.0,63600.0,8002.0,44.0,8019.994542111035,6048.364568603892,11817.900630149281,2609.714675685687,1983.3102492363173,1934.427238375305,6807.382715895487,8136.764439252603,3113.5675756285264,5795.310998945061,7686.451309687812,7642.0170205967925,8230.917468122916,8132.674713301933,7.425613355017823,7118.347852809432,5952.663529431917,8420.756291241498,6247.80885347632,8739.976224700617,2816.252822304097,D1,N8,t,appliedMASKiso_2mgml_roi1_8bit.ome
appliedMASKiso_flu_2mgml_roi1_8bit.ome,21,80.13535313,59.67625,0.922662812,3.681596875,78.8,51.214,0.93603,3.6592,32.0,48.74335654,34.25083186,0.039367996,0.724116258,21.0,3997,30.7928,3265,124,26.3306,18,1.2556,0.0237,0.1077,0.1793,131072,0.6884777545928955,965.6339721679688,0.5742281675338745,10.739157676696777,14.42786979675293,1326.7950439453125,0.8269570469856262,0.731154203414917,867.0469360351562,0.5924387574195862,9.448277473449707,10.55611515045166,1036.5166015625,0.859576940536499,0.18517640233039856,548.0271606445312,0.1348898857831955,6.292351245880127,11.058699607849121,935.491943359375,0.11539781093597412,2mgml,flu,roi1,6674.986915768768,56773.01313781738,30123.48691558838,353.85360335903283,65230.40340423584,61136.28779602051,6700.7661487945525,4773.556778571256,1361.7704051673518,61609.741302490234,6673.585652738291,6637.600050967182,7087.681901075885,7014.192831147319,3036.271759033203,2457.04662226451,5287.490590980402,7145.597271663043,61487.480529785156,10168.878873306734,563.2249105916161,3981.0,65023.5,30032.0,13.0,65533.0,63539.0,4116.0,2722.0,389.0,63680.0,4354.0,4339.0,4600.0,4557.0,3036.0,91.0,3479.0,4462.0,63695.0,7808.0,43.0,7942.80527517849,5977.555853684262,11920.095358274291,2552.7175403392994,1919.6134630677814,1781.7878659366052,6256.638101437953,7769.697199519375,2715.085722551324,5236.301357934142,7224.277678081113,7174.034236142657,7725.637982908146,7633.285682516152,7.745468263421482,5989.353899297723,5675.295170614762,8101.246341202696,5691.748010895029,9066.768739051791,2069.202640593249,D1,N8,t,appliedMASKiso_2mgml_roi1_8bit.ome
appliedMASKiso_flu_2mgml_roi1_8bit.ome,22,84.81323667,61.97136667,0.917348333,3.846026667,81.9405,55.892,0.93833,3.5921,30.0,48.77522193,29.61116906,0.057281469,0.872039611,22.0,4053,30.3397,3279,104,31.5288,22,1.2537,0.0216,0.1075,0.128,131072,0.6866193413734436,967.3912963867188,0.5779357552528381,10.75968074798584,14.487504005432129,1342.0252685546875,0.826266348361969,0.7142577767372131,887.7158813476562,0.5950456261634827,9.745694160461426,11.665982246398926,1128.3712158203125,0.850102424621582,0.18180416524410248,546.6657104492188,0.14029784500598907,6.22770881652832,10.81715202331543,945.2611694335938,0.11277884244918823,2mgml,flu,roi1,6663.35786980172,56750.09980773926,30176.03995513916,380.8413293581841,65218.757484436035,61196.01152038574,6712.036078012636,4841.734980302699,1334.554495132659,61670.04685211182,6606.014930849113,6566.744093860167,7029.191349359537,6953.759933959705,3036.234817504883,2610.6693396226415,5233.909840641899,7104.28365422961,61540.35041809082,10172.510576018121,562.1127772604132,3898.5,65089.0,30033.0,13.0,65533.0,63574.0,3984.0,2646.0,389.0,63702.0,4323.0,4305.0,4558.0,4519.0,3036.0,105.0,3425.0,4396.0,63719.0,7675.0,43.0,8100.247074453736,6323.713474667037,12041.68934935249,2587.69723864665,2118.246147845594,1866.018188756215,6212.30844655409,7955.38257575481,2596.2992896264136,5153.883256129074,7169.422136201551,7112.466124263144,7698.677714232924,7600.509303818623,8.2893122913674,6298.792177915491,5609.360662772047,8147.467591990377,5630.351493818934,9353.089847769328,2043.5533383518757,D1,N8,t,appliedMASKiso_2mgml_roi1_8bit.ome
appliedMASKiso_flu_2mgml_roi1_8bit.ome,23,88.69231389,58.13419444,0.928658889,3.963391667,85.4545,45.446,0.944675,4.0234,36.0,54.87338451,32.06653979,0.051413979,0.935954335,23.0,4137,29.6831,3309,119,27.8067,22,1.2617,0.0232,0.1083,0.1366,131072,0.6776950359344482,984.903564453125,0.5751673579216003,11.0261812210083,14.817879676818848,1340.4530029296875,0.8204749226570129,0.7037041783332825,916.4852294921875,0.5963382124900818,10.141129493713379,12.094807624816895,1176.1629638671875,0.8439520001411438,0.18585409224033356,554.6237182617188,0.1410628855228424,6.324680328369141,10.685882568359375,880.4774780273438,0.11511695384979248,2mgml,flu,roi1,6561.1527144996335,57001.574935913086,30133.178215026855,329.93687193541774,65244.643157958984,61209.454177856445,6709.7553894634775,4799.578603749192,1323.4956462663938,61680.59745788574,6551.363335138752,6513.59981043107,6989.701030681493,6911.958199254468,3036.1974029541016,2306.6402356139556,5128.45593717144,7035.99001178832,61550.677017211914,9980.876827986109,570.2468589668063,3710.0,65156.0,30027.0,14.0,65533.0,63690.0,3931.0,2586.0,349.0,63804.0,4112.0,4097.0,4372.0,4330.0,3036.0,107.0,3211.0,4197.0,63832.0,7317.0,43.0,7945.332134164435,6130.693137743114,12019.532092665175,2594.4429371886304,1616.4748287023172,1533.2813086996948,6195.641278382216,7892.942636035835,2571.148909305224,5161.4662190583,7184.017678965829,7129.57819798182,7714.818966557721,7616.971581871272,11.734281503184487,5765.790557129583,5598.641994844875,8103.316073070919,5636.708960968825,9219.57363676361,1912.36414516277,D1,N8,t,appliedMASKiso_2mgml_roi1_8bit.ome
appliedMASKiso_flu_2mgml_roi1_8bit.ome,24,86.65984048,59.01066667,0.935322381,3.824264286,78.5685,52.938,0.942485,3.95305,42.0,52.3700522,25.76297096,0.028711093,0.722249776,24.0,4432,27.5742,3605,115,31.3478,29,1.2758,0.024,0.1232,0.0935,131072,0.6454370021820068,1048.5892333984375,0.5604325532913208,12.06113052368164,15.783463478088379,1368.0400390625,0.8010138273239136,0.6681433916091919,993.5167236328125,0.5942090153694153,11.292779922485352,12.924478530883789,1180.553466796875,0.8234254717826843,0.18896470963954926,546.284912109375,0.13617730140686035,6.416125774383545,10.649213790893555,860.1212158203125,0.11784598231315613,2mgml,flu,roi1,6580.312620833964,57435.16855749937,30133.483489990234,280.89378013411414,65262.54138183594,61047.90557861328,6986.506132044984,4954.863559979318,1327.136580240581,61569.3145904541,6709.602654170214,6672.452259147579,7192.317887802433,7107.300980992768,3036.2310638427734,2250.8806479113387,5058.60299628448,7145.659938419432,61421.11177825928,9909.606600418494,581.301990722845,3648.0,65377.0,30027.0,15.0,65533.0,63700.0,4037.0,2646.0,340.0,63812.0,4105.0,4088.0,4374.0,4328.0,3036.0,96.0,3104.0,4166.0,63845.0,7210.0,48.0,7874.384943915511,6187.691208784099,11999.663033516954,2631.361914692581,1030.3800325223126,1184.5608043129612,6310.751716336651,8092.865302311766,2425.456284959456,5206.4738353387065,7297.103655916933,7243.276708365752,7879.013710765222,7773.219520481445,7.2515993658549185,5509.061953630898,5526.985134944428,8149.55629758292,5707.214560698572,9129.414238786361,1609.6033885377763,D1,N8,t,appliedMASKiso_2mgml_roi1_8bit.ome
appliedMASKiso_flu_2mgml_roi1_8bit.ome,25,90.16477353,63.35997059,0.941071765,3.909479412,80.193,54.1295,0.945775,4.08695,34.0,49.60043075,33.17862269,0.024717825,0.589681181,25.0,4259,28.7755,3446,96,35.8958,24,1.2651,0.0228,0.1161,0.114,131072,0.6766356825828552,984.3440551757812,0.5463928580284119,11.119195938110352,14.060523986816406,1252.9737548828125,0.8214606046676636,0.6868453025817871,949.2150268554688,0.5707151293754578,10.679004669189453,12.253597259521484,1131.7119140625,0.8344020843505859,0.17445914447307587,511.37213134765625,0.1375814974308014,5.906315326690674,9.650857925415039,821.3567504882812,0.10599636286497116,2mgml,flu,roi1,6379.615552469748,57288.694427490234,30208.026809692383,194.46113638927537,65329.77336883545,61244.99889373779,6689.770340636133,4736.423417323596,1243.174560116093,61725.09885406494,6505.268311842889,6470.446236857766,6952.761848839516,6873.89488593533,3036.252510070801,2661.4281867145423,4984.642626463004,6918.939369172783,61596.50395965576,9843.541202142433,469.86101157512974,3511.0,65286.0,30037.0,16.0,65534.0,63774.0,3852.0,2525.0,323.0,63869.0,3978.0,3965.0,4228.0,4182.0,3036.0,116.0,2997.0,4022.0,63906.0,6969.0,46.0,7494.716906504823,5790.953174507789,11829.699999694536,2630.64618366697,679.6948429795444,856.7761714419665,5897.809340187699,7590.990752716639,2206.5356056375995,4878.901117288124,6984.518912814399,6936.350147612468,7504.1171038661805,7409.428997101404,6.281114976750219,6419.689150343119,5409.82034183642,7761.499780002249,5343.235487181985,9186.146783549742,1239.1040434036468,D1,N8,t,appliedMASKiso_2mgml_roi1_8bit.ome
appliedMASKiso_flu_2mgml_roi1_8bit.ome,26,76.48233784,61.09594595,0.939462432,3.758127027,68.962,50.65,0.94422,3.6119,37.0,48.01747637,33.81695956,0.033156468,0.758315962,26.0,3974,30.9826,3271,86,38.0349,24,1.2477,0.0212,0.1094,0.09074,131072,0.698632001876831,920.261474609375,0.5432313680648804,10.338240623474121,13.128849983215332,1189.4632568359375,0.8347422480583191,0.6991386413574219,905.4639892578125,0.569480299949646,10.08039665222168,11.798077583312988,1097.0867919921875,0.8416926264762878,0.16925154626369476,488.1011657714844,0.15263503789901733,5.628626823425293,9.553390502929688,807.0113525390625,0.10217554122209549,2mgml,flu,roi1,6292.704370486307,56936.591804504395,30196.44506072998,242.14981900800987,65315.726707458496,61379.05382537842,6521.459796222463,4654.076976360195,1235.5276005685387,61833.73585510254,6358.849777940207,6322.473793766436,6789.077693120516,6712.863594111244,3036.259635925293,2567.712494595763,4925.505875249271,6791.057235017915,61711.02680969238,9796.221376532372,481.54963337437215,3419.0,65151.0,30027.0,16.0,65534.0,63860.0,3694.0,2403.0,312.0,63923.0,3863.0,3852.0,4094.0,4055.0,3036.0,112.0,2970.0,3904.0,63975.0,6804.0,41.0,7395.003790610996,5703.223255982351,11901.914264553272,2596.9341501523536,1226.555339443512,1194.4915442101992,5758.700566807522,7399.917806409876,2423.0991343473083,4806.14112125072,6869.984508726887,6822.565175565521,7343.362768564466,7255.860446248982,6.0086031777546305,6181.897528727657,5451.307789444275,7626.826547339252,5238.702538998818,9182.910955601095,1656.2004282818493,D1,N8,t,appliedMASKiso_2mgml_roi1_8bit.ome
appliedMASKiso_flu_2mgml_roi1_8bit.ome,27,71.93716765,61.89776471,0.933207353,3.610591176,60.35,52.076,0.942725,3.48985,34.0,50.69760274,35.27642279,0.036249348,0.656482407,27.0,3832,32.2048,3126,89,35.1236,20,1.2302,0.0203,0.1027,0.1461,131072,0.7146501541137695,888.6951904296875,0.539909303188324,9.88037109375,12.648484230041504,1168.0714111328125,0.8439074754714966,0.721855640411377,848.3358764648438,0.570441484451294,9.331887245178223,11.064943313598633,1051.2432861328125,0.8547700643539429,0.1690707802772522,498.8562927246094,0.16894949972629547,5.6838603019714355,9.841930389404297,836.7971801757812,0.10229930281639099,2mgml,flu,roi1,6152.377951943081,56611.62651062012,30205.453620910645,289.9850865459482,65304.203620910645,61535.252113342285,6305.332803626742,4542.742723928755,1182.9344616046035,61953.54261779785,6162.704273667159,6125.705591817937,6566.452395699334,6494.552694268426,3036.32820892334,2795.7276524644944,4829.942668381851,6605.289214985627,61845.94413757324,9630.048771578764,479.956977604932,3258.5,64766.5,30036.0,16.0,65534.0,63974.0,3456.0,2266.0,287.0,64014.0,3667.0,3656.0,3874.0,3841.0,3036.0,106.0,2890.0,3709.0,64080.0,6527.0,38.0,7346.490508349382,5731.106446997946,11978.124055050968,2612.5505671201363,1786.0522891811836,1492.214860552093,5624.421621611535,7310.440472085989,2251.281115884447,4682.862947508352,6738.576908081219,6689.606235972492,7204.578421639381,7118.152323175236,6.414974635113065,6731.120013608899,5319.509180107022,7534.342151995306,5118.669891041312,9180.807982858469,1816.8224944074457,D1,N8,t,appliedMASKiso_2mgml_roi1_8bit.ome
appliedMASKiso_flu_2mgml_roi1_8bit.ome,28,69.05239394,60.78975758,0.946189394,4.0024,67.126,50.761,0.95354,4.0602,33.0,40.37290131,30.24872114,0.024486783,0.773708261,28.0,3988,30.8668,3254,88,36.9773,20,1.2444,0.0141,0.1093,0.1234,131072,0.6988906860351562,902.9855346679688,0.5570388436317444,10.2092866897583,13.409008026123047,1211.3681640625,0.834143340587616,0.7114521265029907,853.7398681640625,0.5826115012168884,9.647773742675781,10.952813148498535,1039.043212890625,0.8483928442001343,0.1749257743358612,498.9996337890625,0.15748050808906555,5.788125514984131,10.30090045928955,841.9376220703125,0.10763316601514816,2mgml,flu,roi1,6142.289774168993,57017.17618560791,30114.011459350586,373.13172351343195,65268.0839621274,61508.49899291992,6422.470118143188,4608.721341424157,1157.8204770781438,61961.86526489258,6150.465173813753,6113.158827074347,6589.944240040599,6512.076067305253,3036.290458679199,2774.0290836653385,4700.419500126872,6608.4519871225575,61838.25473022461,9536.970288315148,504.2256722642959,3222.0,65160.0,30015.0,16.0,65534.0,63957.0,3483.0,2266.0,283.0,63994.0,3673.0,3665.0,3875.0,3844.0,3036.0,92.0,2863.0,3687.0,64058.0,6482.0,35.0,7449.915471854688,5919.943274331398,11840.778720721522,2649.690226073548,2590.926946312,1916.625942663138,5703.528740064707,7575.930985251255,2129.183867982851,4662.130232964,6726.302084855716,6672.670180344562,7262.920800090328,7164.21591480539,7.400578485314438,6361.397035696458,5101.518683313381,7607.4997086916555,5141.804981390526,9082.269658370558,1814.7462833804216,D1,N8,t,appliedMASKiso_2mgml_roi1_8bit.ome
appliedMASKiso_flu_2mgml_roi1_8bit.ome,29,76.01058889,57.48541667,0.930719167,3.897291667,72.9035,50.355,0.942985,3.9505,36.0,43.00041336,26.46967495,0.03502392,0.824197521,29.0,4219,29.0673,3473,82,42.3537,21,1.2585,0.0143,0.1161,0.1362,131072,0.6828272342681885,926.2097778320312,0.5604651570320129,10.649975776672363,13.831364631652832,1226.3126220703125,0.8250840902328491,0.6903026103973389,891.0067749023438,0.5807052254676819,10.232449531555176,12.256471633911133,1125.104248046875,0.8368221521377563,0.17277118563652039,493.9105224609375,0.14872364699840546,5.804327011108398,9.921069145202637,796.8110961914062,0.107225701212883,2mgml,flu,roi1,6026.890576977916,57044.86493682861,30125.710662841797,260.8861672328506,65310.85787200928,61504.62399291992,6447.617092958743,4606.569885902209,1117.5239612929793,61963.98773956299,6135.244977979151,6099.444884509363,6587.421105161434,6507.647008966763,3036.2694091796875,2473.705074875208,4563.087196223187,6541.150114064827,61843.548332214355,9361.213974525523,467.9408173207037,3224.0,65236.0,30012.0,14.0,65534.0,63914.0,3614.0,2342.0,283.0,63971.0,3686.0,3674.0,3919.0,3884.0,3036.0,96.0,2783.0,3713.0,64021.0,6432.0,36.0,7277.74745391933,5879.715548377435,11780.237568044244,2693.778245012126,1372.5707023648763,1258.1002115483916,5676.3924324133495,7548.478945618116,2017.7208125878597,4617.754887073633,6684.005549386911,6631.013936653344,7235.793331043128,7135.095154052024,7.728622299857915,6237.405734181708,4904.295536801229,7497.13205439897,5096.850888246473,8883.472875171272,1494.8573233394297,D1,N8,t,appliedMASKiso_2mgml_roi1_8bit.ome
appliedMASKiso_flu_2mgml_roi1_8bit.ome,30,78.71774286,54.14991429,0.935626857,3.567991429,84.174,48.407,0.94007,3.6225,35.0,41.52889334,23.32032859,0.029333777,0.631905428,30.0,3754,32.9155,3064,94,32.5957,17,1.2245,0.0131,0.0925,0.1067,131072,0.7300676703453064,837.0130615234375,0.5575728416442871,9.339929580688477,11.66043472290039,1106.517822265625,0.8538833856582642,0.7450867891311646,803.056884765625,0.585786759853363,8.917342185974121,10.357439041137695,1040.25048828125,0.8675326704978943,0.15553268790245056,458.803466796875,0.14950722455978394,5.240535736083984,8.260409355163574,718.9100341796875,0.09207987040281296,2mgml,flu,roi1,5638.939844931468,55875.43864440918,30145.071044921875,147.22130314903498,65387.51259613037,61977.7811126709,6030.759607555773,4407.692208109428,939.7972001608525,62390.83984375,5610.981668627027,5571.775654720469,6039.288381062115,5963.013914560279,3036.2909088134766,2525.919523099851,4221.883386543124,6057.433567776471,62286.860847473145,9063.769445577986,323.46728751223134,3077.0,64256.0,30007.0,12.0,65534.0,64094.0,3377.0,2220.0,257.0,64136.0,3456.0,3440.0,3685.0,3644.0,3036.0,92.0,2622.0,3514.0,64196.0,6193.0,32.0,6774.9863820324945,5748.479755830053,12319.244489335135,2702.6170937329894,500.33620971504115,642.7980577222551,5004.029187996387,7089.334705716356,1663.041206712738,4001.6167431091,6077.665380776442,6021.657800365009,6595.644009683491,6499.771682824046,8.739803649888758,6189.201621883492,4549.584723031299,6903.069561161973,4467.960861192578,8832.571606400481,887.7434384743103,D1,N8,t,appliedMASKiso_2mgml_roi1_8bit.ome
appliedMASKiso_flu_2mgml_roi1_8bit.ome,31,81.55675,63.12689286,0.937738929,3.861228571,85.7695,57.5675,0.942185,3.89295,28.0,40.06088618,27.59436149,0.035706977,0.620088958,31.0,3613,34.2782,2954,80,36.925,12,1.2141,0.0175,0.0881,0.1247,131072,0.7394899725914001,785.77490234375,0.5662916898727417,8.81550407409668,10.965182304382324,1036.845947265625,0.8603588938713074,0.7450217008590698,764.0826416015625,0.5889564752578735,8.570855140686035,10.081846237182617,1013.6768188476562,0.8674749135971069,0.1441439688205719,422.84991455078125,0.1499568223953247,4.810453414916992,7.05711555480957,618.9158325195312,0.08325259387493134,2mgml,flu,roi1,5487.819192807741,55259.63056945801,30172.76079559326,161.72521897583502,65384.79056549072,62034.62358093262,6002.320714915497,4345.066704022018,919.5811365216065,62442.72409820557,5547.899589221296,5511.338920676937,5982.7436547199195,5905.754436652113,3036.4131088256836,2491.854210305823,4072.1257434771733,5948.657245926512,62346.43537902832,8785.734430357272,333.5091233773667,3063.0,63151.5,30030.0,11.0,65534.0,64117.0,3483.0,2281.0,256.0,64163.0,3475.0,3463.0,3712.0,3672.0,3036.0,102.0,2542.0,3520.0,64223.0,6146.0,35.0,6576.57466413389,5570.95481221039,12647.900331475894,2713.3950471211374,759.4513289974659,809.5988145512983,4951.910889603547,6979.106646822072,1593.4559309871138,3942.068575821019,6002.339713448752,5951.3014690440605,6524.775430454291,6429.033363065355,5.943675086360656,6161.946860153753,4374.508335833975,6764.072667018042,4403.345342315841,8485.02666833252,962.0494357051712,D1,N8,t,appliedMASKiso_2mgml_roi1_8bit.ome
appliedMASKiso_flu_2mgml_roi1_8bit.ome,32,75.66921875,52.5430625,0.935305938,3.9672375,84.066,46.928,0.935565,3.687,32.0,38.8055777,20.80659233,0.024225174,0.972977806,32.0,3711,33.3201,3061,111,27.5766,9,1.2289,0.0138,0.0993,0.2352,131072,0.7115417122840881,810.8533325195312,0.5501987338066101,9.50042724609375,11.565407752990723,1031.5263671875,0.8446005582809448,0.7063668966293335,814.153564453125,0.5813832879066467,9.514654159545898,11.065597534179688,1006.7239379882812,0.8462519645690918,0.1474078893661499,405.5772399902344,0.15411892533302307,4.801771640777588,7.013215065002441,591.0432739257812,0.08545884490013123,2mgml,flu,roi1,5421.329306310173,55553.38091278076,30275.008140563965,184.38279463568384,65367.0578918457,61911.528007507324,6150.14576105181,4381.44628894902,936.8178805696224,62326.234954833984,5690.730564619957,5657.491890622596,6139.895448546142,6060.970688021765,3036.2904663085938,2953.2062360801783,3969.895408059984,5987.158786710824,62232.348457336426,8518.863375411947,401.0107175337009,3063.0,64519.0,30035.0,10.0,65534.0,64066.0,3694.0,2418.0,262.0,64125.0,3590.0,3575.0,3843.0,3803.0,3036.0,112.0,2515.0,3582.0,64183.0,6117.0,38.0,6541.286945286659,5512.168305792297,12884.223234185338,2842.469928727079,819.7614885998865,895.1892008125652,5222.101099585888,7092.664426028306,1703.7590731646058,4197.425849271713,6228.430647298679,6182.352846149618,6765.755198042082,6668.651706858021,8.719484738997538,6714.541257665823,4282.64224817473,6866.693888993666,4652.356211325792,8114.95365997562,1240.9066000367927,D1,N8,t,appliedMASKiso_2mgml_roi1_8bit.ome
appliedMASKiso_flu_2mgml_roi1_8bit.ome,33,90.15918276,53.86196552,0.936291379,3.833286207,88.877,53.113,0.94204,3.7491,29.0,41.14144328,17.09159628,0.032624484,0.893675503,33.0,3693,33.4923,3025,87,34.7701,11,1.2305,0.0119,0.1026,0.2346,131072,0.7015739679336548,817.7730102539062,0.5448490977287292,9.705057144165039,12.041397094726562,1057.3819580078125,0.8380855321884155,0.6959356665611267,827.0037231445312,0.5828885436058044,9.794492721557617,11.371621131896973,1019.671142578125,0.8398399949073792,0.15339341759681702,408.0410461425781,0.1613578051328659,4.91673469543457,7.580445289611816,643.6964111328125,0.09032424539327621,2mgml,flu,roi1,5356.841163530499,55431.093894958496,30264.760765075684,193.13131075236586,65367.64365386963,61932.38047027588,6088.14698125252,4289.418517336379,955.4060391987939,62319.25705718994,5712.043317550273,5682.066231610281,6145.974509948235,6070.011064497927,3036.392791748047,3148.5647540983605,3989.021515664483,5953.577758151174,62243.51535797119,8384.361571109639,417.6909934440406,2992.0,64730.0,30032.0,12.0,65534.0,64130.0,3562.0,2312.0,260.0,64159.0,3574.0,3562.0,3805.0,3767.0,3036.0,102.0,2542.0,3522.0,64233.0,5991.0,35.0,6488.0738368318325,5410.227424233722,13287.766100046532,2872.8181920153984,961.520607517552,967.5366969170441,5287.419329697161,7095.426260470516,1734.7988559784094,4285.065918838008,6298.795538029269,6256.7960828028645,6835.823686607158,6739.313626021723,5.2497598572393676,7642.012897484216,4287.231953199439,6870.8069712037495,4725.3953785466265,7970.583401157693,1308.6627087337583,D1,N8,t,appliedMASKiso_2mgml_roi1_8bit.ome
appliedMASKiso_flu_2mgml_roi1_8bit.ome,34,78.71751515,53.39781818,0.93769697,3.646463636,86.634,48.894,0.94165,3.5185,33.0,35.95407404,18.15573163,0.02742627,0.721281363,34.0,3142,39.7164,2602,81,32.1235,7,1.1817,0.0185,0.0829,0.2447,131072,0.7448710799217224,731.4139404296875,0.5432689189910889,8.399005889892578,10.616278648376465,975.2532958984375,0.8629706501960754,0.7595143914222717,688.4945678710938,0.5841925144195557,7.840782642364502,9.373114585876465,896.6958618164062,0.8755127787590027,0.14774607121944427,393.9195556640625,0.16697002947330475,4.6271820068359375,7.644956588745117,666.8366088867188,0.08600758016109467,2mgml,flu,roi1,5072.695769367935,54108.4839553833,30246.844596862793,138.95034772398844,65412.23261260986,62291.744300842285,5700.249062826736,4025.636563783035,863.0936447516139,62621.93085479736,5304.753825483317,5275.812893433854,5720.765934330239,5647.910527232465,3036.4694747924805,2937.1781219748304,3783.206679770761,5594.6083368581685,62567.85376739502,8169.717631642242,328.50720163358574,2834.0,61008.5,30051.0,10.0,65535.0,64328.0,3377.0,2190.0,228.0,64329.0,3285.0,3272.0,3523.0,3481.0,3036.0,92.0,2328.0,3301.0,64419.0,5730.0,32.0,6155.742431962079,5014.583106561566,13722.827854003339,2708.508008111067,746.4825581510294,764.2270514493368,4845.405942111035,6593.4365056451425,1627.2662730082077,3930.055225852385,5917.172872918327,5880.701516825881,6407.3964194866185,6319.466870803134,6.978274756550993,7053.39266394934,4229.868642281443,6489.588088991398,4335.596464064052,7917.037118744145,1077.9968535405267,D1,N8,t,appliedMASKiso_2mgml_roi1_8bit.ome
appliedMASKiso_flu_2mgml_roi1_8bit.ome,35,76.86192444,59.10385185,0.942583333,3.756607407,78.69,53.238,0.94359,3.7076,27.0,36.72273786,24.15593134,0.022446343,0.765345464,35.0,3367,36.9287,2728,85,32.0941,15,1.1946,0.012,0.0836,0.262,131072,0.7415958642959595,748.24853515625,0.5280261039733887,8.603858947753906,10.641921997070312,960.2356567382812,0.8606703877449036,0.7639665603637695,692.0015258789062,0.5698010325431824,7.882229804992676,8.889522552490234,846.619873046875,0.8779675960540771,0.15548069775104523,423.6961364746094,0.16667386889457703,4.963336944580078,8.059439659118652,679.6278076171875,0.09151674062013626,2mgml,flu,roi1,4960.527621110509,53875.96977233887,30263.049926757812,148.6704229877671,65411.50382232666,62366.18572998047,5641.18294727478,3988.038902384781,834.0583072928129,62693.042068481445,5215.495780397384,5186.342083558962,5630.33706002416,5557.646561419586,3036.4196701049805,3398.2183742183743,3644.652351397509,5487.447386179031,62642.12308502197,7994.238647061274,330.6309765392991,2798.0,60276.0,30042.0,9.0,65535.0,64364.0,3351.0,2190.0,223.0,64364.0,3260.0,3248.0,3493.0,3452.0,3036.0,144.0,2275.0,3260.0,64463.0,5646.0,32.0,6085.265246113029,5028.483671291469,13889.760410905435,2843.0267946632744,939.5497700149681,862.8442778766156,4782.237422032249,6574.313013602557,1617.2988819101631,3864.1310318889705,5850.394805962611,5812.985293221183,6340.129638987096,6252.001196935894,6.844626289757733,7735.878443920513,4104.011657508267,6415.796540947811,4270.606898168099,7812.754740806491,1161.014922497764,D1,N8,t,appliedMASKiso_2mgml_roi1_8bit.ome
appliedMASKiso_flu_2mgml_roi1_8bit.ome,36,77.90834444,58.26903704,0.92638,3.775374074,86.269,52.892,0.93905,3.7263,27.0,38.65036221,25.82911921,0.036738003,0.689370907,36.0,3645,33.9597,2968,84,35.3333,13,1.2239,0.0159,0.0827,0.2283,131072,0.7384117841720581,772.0300903320312,0.5463195443153381,8.80217456817627,11.049042701721191,1003.6837768554688,0.8581690788269043,0.7658133506774902,678.6432495117188,0.5794243216514587,7.6907196044921875,8.729753494262695,831.1558227539062,0.8795582056045532,0.16624486446380615,482.736083984375,0.16114072501659393,5.586042881011963,8.811202049255371,748.541748046875,0.09921117126941681,2mgml,flu,roi1,4898.103496982766,53536.21170806885,30269.69175720215,144.86356340288924,65413.30937194824,62431.998046875,5602.402725677118,3979.954623670716,824.6468239144742,62741.814292907715,5132.911580830116,5103.345903749394,5547.6359176236565,5474.904551761028,3036.4633255004883,2914.653249272551,3588.0251408321215,5411.004312722532,62694.02487945557,7894.503886465072,324.440620740537,2734.0,56497.5,30040.0,9.0,65535.0,64434.0,3298.0,2160.0,219.0,64419.0,3182.0,3169.0,3419.0,3381.0,3036.0,100.0,2194.0,3198.0,64519.0,5536.0,30.0,6069.501444540417,5137.016540282249,14063.159044867753,2720.534788086843,694.9734098831651,715.150627793052,4683.034511066327,6619.329250661617,1569.4405900511658,3765.8678817493883,5751.933314733579,5711.115697218533,6256.150776054843,6164.950185689772,7.403856471463427,7112.903429638038,4015.694104637715,6360.209636890316,4184.655391351658,7858.153745974228,1097.557505082726,D1,N8,t,appliedMASKiso_2mgml_roi1_8bit.ome
appliedMASKiso_flu_2mgml_roi1_8bit.ome,37,89.74434483,53.36806897,0.938562759,3.890472414,90.0,46.846,0.94957,3.802,29.0,35.2185405,23.32049482,0.046069573,0.829178312,37.0,3667,33.7439,3042,79,38.5063,14,1.228,0.0201,0.0891,0.2376,131072,0.7119044661521912,822.6344604492188,0.5398657321929932,9.613534927368164,12.131383895874023,1069.1334228515625,0.8416684865951538,0.7297302484512329,753.6300659179688,0.5645439624786377,8.77149772644043,10.311727523803711,944.0010375976562,0.8593277931213379,0.18092437088489532,507.3486022949219,0.17107528448104858,6.030244827270508,9.530909538269043,788.9240112304688,0.10938921570777893,2mgml,flu,roi1,4828.959312702047,53537.06310272217,30292.309799194336,146.06117529119726,65408.82402038574,62429.470848083496,5641.700357680559,3995.012949602722,816.3430672665069,62742.850730895996,5139.4237691945045,5110.279541015625,5558.6803609913795,5485.263503502155,3036.4405517578125,2757.144183989385,3495.1361462823274,5375.714995285561,62697.959243774414,7678.797245420259,348.1978177053146,2650.0,60417.5,30043.0,10.0,65535.0,64476.0,3271.0,2144.0,214.0,64442.0,3120.0,3107.0,3351.0,3312.0,3036.0,92.0,2168.0,3117.0,64552.0,5355.0,30.0,5999.596743792817,5155.456528322931,14340.801995638381,2833.7740291595296,473.8669661608386,578.2324165600182,4708.766135945824,6669.235914704898,1557.9302789923756,3771.8879426212834,5776.7037236321385,5735.799728589913,6298.701343383896,6204.863733086655,8.770257999577725,6754.995363139445,3872.6891813229813,6340.058191007749,4199.882263026792,7666.5638713378385,1037.0945817947902,D1,N8,t,appliedMASKiso_2mgml_roi1_8bit.ome
appliedMASKiso_flu_2mgml_roi1_8bit.ome,38,81.08369333,58.03436667,0.922703,3.829186667,86.243,48.5405,0.92361,3.7285,30.0,29.93348088,28.77397188,0.045558054,0.826506222,38.0,3250,38.3301,2729,76,35.9079,12,1.1909,0.0143,0.0899,0.1957,131072,0.6987109184265137,823.2610473632812,0.5488747954368591,9.804774284362793,12.621137619018555,1064.4432373046875,0.8332551717758179,0.7211508750915527,749.757568359375,0.5835276246070862,8.882763862609863,10.421305656433105,924.8519287109375,0.8543768525123596,0.1913204938173294,526.6527099609375,0.16031111776828766,6.3674235343933105,9.880340576171875,770.814208984375,0.11646375060081482,2mgml,flu,roi1,4592.07863620314,52324.191833496094,30392.43199157715,147.55416112871893,65414.91777038574,62542.103515625,5504.893812565889,3855.7748303794274,832.30819272399,62795.33950805664,5033.402533651403,5008.4416063108765,5429.547241144707,5360.5217840626265,3036.5261840820312,3289.9883720930234,3374.012806049071,5184.096747246312,62780.59564971924,7233.867702403611,382.9169734904271,2417.0,51078.0,30076.0,12.0,65535.0,64651.0,3087.0,2023.0,201.0,64563.0,2890.0,2883.0,3100.0,3066.0,3037.0,92.0,2034.0,2856.0,64702.0,4912.0,29.0,5754.07564413703,4970.348428338354,14957.390632181487,2894.039996694965,454.6333051919648,539.2927084567922,4729.207459582044,6563.758367250972,1616.1336444075087,3861.499909830189,5847.980159942861,5813.30750073798,6347.087555332928,6258.1556907987215,6.725754964905407,8409.705044810677,3838.0280147560215,6244.744305539905,4262.1686278295865,7282.22916317063,1117.150713406893,D1,N8,t,appliedMASKiso_2mgml_roi1_8bit.ome
appliedMASKiso_flu_2mgml_roi1_8bit.ome,39,76.85572059,55.05602941,0.921385882,3.608944118,78.0805,45.6305,0.92164,3.4583,34.0,36.99838688,28.40796594,0.043362146,0.708067547,39.0,3600,34.4092,2928,88,33.2727,12,1.2172,0.0224,0.0942,0.1669,131072,0.6727933287620544,863.4182739257812,0.5263067483901978,10.540242195129395,13.494355201721191,1055.250244140625,0.8153067827224731,0.7080491781234741,758.140380859375,0.5372639298439026,9.17180061340332,10.320064544677734,877.8555908203125,0.8471987843513489,0.21326115727424622,570.31396484375,0.15201951563358307,7.054502487182617,11.007223129272461,778.0687866210938,0.13434132933616638,2mgml,flu,roi1,4370.647442776966,51678.6216506958,30430.88264465332,204.00883831558463,65394.305404663086,62606.25582122803,5243.227784291821,3596.845226334789,907.7199683450768,62773.87454986572,5015.899048188744,4997.396593887999,5358.526619046781,5299.235753619873,3036.5741653442383,2636.8995502248877,3404.2610091662414,5024.216902127061,62806.49743652344,6745.8085469483985,489.84253528101016,2172.0,51078.0,30084.0,11.0,65535.0,64816.0,2849.0,1840.0,189.0,64655.0,2698.0,2695.0,2867.0,2839.0,3037.0,96.0,1980.0,2605.0,64833.0,4445.0,30.0,5654.925087080902,4724.514201961848,15502.885957192331,2906.9374931142906,672.543846145442,713.8940107213309,4866.783521367026,6429.756980811372,1865.0757289897026,4081.730731415338,6020.940391783197,5993.893891560459,6472.5689124954215,6392.7003276503665,8.544634610657363,6350.169871956454,3943.466350335797,6255.3759072535295,4433.756909605472,6853.682888222522,1553.9462070963184,D1,N8,t,appliedMASKiso_2mgml_roi1_8bit.ome
appliedMASKiso_flu_2mgml_roi1_8bit.ome,40,86.22510385,49.00088462,0.933518846,3.946184615,83.026,43.9155,0.94115,4.13945,26.0,39.48604931,18.92915968,0.026497577,0.870058483,40.0,3362,36.9866,2697,77,35.026,15,1.1846,0.0203,0.0841,0.1564,131072,0.6920267939567566,808.129150390625,0.5236402153968811,9.932181358337402,12.718899726867676,1021.9602661132812,0.8272092342376709,0.7320913076400757,678.7677001953125,0.5341300368309021,8.282757759094238,9.477684020996094,822.4583129882812,0.860953152179718,0.21392369270324707,580.3911743164062,0.17788517475128174,7.1622724533081055,10.694009780883789,798.9346923828125,0.13197124004364014,2mgml,flu,roi1,4024.507514804615,50303.16502380371,30353.217742919922,222.2421783760526,65408.453033447266,62937.33445739746,4929.154479497066,3359.376384114262,753.4580130245312,63064.181953430176,4604.260678222367,4587.047905754451,4943.535144086254,4884.971416743165,3036.6825408935547,2624.940954180444,3086.3983926417914,4629.998776031824,63114.003829956055,6299.331785373581,410.1581352566723,1841.0,51073.0,30082.0,10.0,65535.0,64976.0,2480.0,1582.0,152.0,64764.0,2343.0,2340.0,2490.0,2466.0,3037.0,111.0,1739.0,2236.0,64967.0,3808.0,23.0,5489.211072199078,4574.11841390493,15858.246473860598,2934.954822273963,860.3259744271887,778.0058567487326,4574.326127145615,6351.2547630246145,1521.77318275412,3738.9381908967166,5721.613723916213,5692.10026231932,6218.679668157556,6131.249048061076,7.984935178729279,6529.126768185758,3599.6908344791887,6039.394398016943,4122.774650175799,6683.320835893584,1345.3596606208382,D1,N8,t,appliedMASKiso_2mgml_roi1_8bit.ome
appliedMASKiso_flu_2mgml_roi1_8bit.ome,41,85.039928,51.9948,0.9282112,3.8655,80.69,50.161,0.93391,3.9549,25.0,39.05542236,15.01075181,0.031423332,0.896157698,41.0,3215,38.7692,2541,75,33.88,7,1.1744,0.0161,0.0762,0.1863,131072,0.7099457383155823,758.6341552734375,0.5284693241119385,9.250823974609375,11.890624046325684,979.4293212890625,0.8390440940856934,0.7403764724731445,651.2424926757812,0.5574299097061157,7.9012861251831055,9.420682907104492,851.37158203125,0.8651688098907471,0.2002188265323639,538.924072265625,0.1828382909297943,6.62441349029541,9.763104438781738,748.3054809570312,0.12148158252239227,2mgml,flu,roi1,3799.0787115257476,49243.16075134277,30394.719062805176,211.10056054568784,65424.31177520752,63166.528160095215,4620.625440560802,3145.3473955797876,721.0857735738821,63251.51848602295,4318.637919635642,4302.794947843972,4631.189763461397,4577.240872695218,3036.7098388671875,2639.3363506431633,2931.1190589877324,4355.99642804672,63322.40187072754,6006.617213325498,392.1573008988623,1643.0,51068.0,30105.0,9.0,65535.0,65115.0,2216.0,1414.0,121.0,64864.0,2078.5,2070.0,2206.0,2183.0,3037.0,93.0,1525.0,1985.0,65089.0,3448.0,20.0,5388.107055058804,4352.773111161917,16098.53554007449,3007.455468554829,837.8450164028745,715.2944448972712,4401.502260837896,6098.272192336194,1544.5190456172809,3610.0341739962405,5616.889192570285,5591.686502160239,6070.7917344751695,5991.009215681871,6.864616510579267,6342.897754273696,3661.9390353958365,5913.383064557542,3966.706773745026,6666.8209672147195,1245.18424242748,D1,N8,t,appliedMASKiso_2mgml_roi1_8bit.ome
appliedMASKiso_flu_2mgml_roi1_8bit.ome,42,82.95631818,54.1125,0.933139091,3.750772727,76.544,47.7955,0.939715,3.74905,22.0,36.4918257,17.7549346,0.037286576,0.776473873,42.0,2929,42.7501,2334,74,31.5405,13,1.1485,0.0227,0.0679,0.1728,131072,0.7299149632453918,727.7630615234375,0.5375478863716125,8.69526481628418,11.113526344299316,955.0120239257812,0.8524792790412903,0.7533770203590393,661.275146484375,0.5759475231170654,7.83477258682251,9.38923168182373,867.1163330078125,0.872664213180542,0.1790204793214798,471.3655700683594,0.1708577275276184,5.743121147155762,9.04421615600586,726.4097290039062,0.10669922828674316,2mgml,flu,roi1,3576.2230581154786,48149.94651031494,30489.95362854004,204.28851800914396,65438.58793640137,63425.36765289307,4366.172298215418,2990.571337983513,647.9286866697398,63472.73522186279,3989.947649050216,3973.6706601466994,4289.535555764529,4237.676725597141,3036.779899597168,3347.401916288452,2728.0572221177354,4068.7028117359414,63559.38013458252,5753.770453263119,348.90962685180494,1458.0,51056.0,30134.0,8.0,65535.0,65226.5,2005.0,1262.0,106.0,64936.0,1855.0,1851.0,1972.5,1950.0,3037.0,107.0,1365.0,1772.0,65184.0,3088.5,18.0,5261.371612985092,4332.362765111614,16312.884327136204,2975.075535927524,832.1790264103598,669.1348276509128,4098.426771741536,5966.9289108819285,1409.1870007400103,3321.0420060134484,5347.43985274315,5318.5833757607625,5802.353314365951,5721.867042101491,5.733731898516,7795.673218021318,3525.9430130512023,5717.951483279631,3685.7841527508785,6677.053169542359,1138.2722301817494,D1,N8,t,appliedMASKiso_2mgml_roi1_8bit.ome
appliedMASKiso_flu_2mgml_roi1_8bit.ome,43,81.31043333,50.49216667,0.936879444,3.808738889,80.5975,43.079,0.93059,3.8735,18.0,33.99142898,20.49275088,0.021493215,0.936574258,43.0,2808,44.6784,2261,75,30.1467,8,1.14,0.012,0.064,0.1869,131072,0.7479200959205627,676.6882934570312,0.5391597747802734,8.06942081451416,10.21279525756836,889.0198974609375,0.8638331294059753,0.767008364200592,634.4886474609375,0.5697792768478394,7.499094486236572,8.34315013885498,758.2469482421875,0.8795400261878967,0.16149328649044037,413.8175048828125,0.17174382507801056,5.043306350708008,8.275134086608887,672.4827880859375,0.09497781097888947,2mgml,flu,roi1,3376.769342233643,47319.26037597656,30394.623359680176,242.10747874656045,65437.77269744873,63615.891342163086,4112.976590178792,2804.6326831177394,608.1226014750187,63624.054595947266,3763.440053324575,3748.7296772510795,4050.60281886067,4001.015987712163,3036.841194152832,2892.2571428571428,2579.486219654743,3843.20272032613,63729.331535339355,5469.330902170658,369.7188961562584,1344.0,51032.0,30127.0,8.0,65535.0,65296.0,1847.0,1171.0,95.0,64980.0,1722.0,1722.0,1830.0,1811.0,3037.0,106.0,1258.0,1634.0,65244.0,2863.0,17.0,5066.944285802699,4089.77021943909,16598.898501903695,2943.4603227460843,986.8450852579438,732.9998548696203,3903.856351555215,5694.987523686699,1429.4393689489077,3177.347914035413,5149.956942410505,5124.003432279828,5585.040992627645,5508.4123383895185,6.043415323857507,7112.808016056071,3422.2606553979863,5513.601845551755,3520.310142515495,6437.18970685625,1423.8158957772864,D1,N8,t,appliedMASKiso_2mgml_roi1_8bit.ome
appliedMASKiso_flu_2mgml_roi1_8bit.ome,44,84.39846923,50.61415385,0.927373077,3.643053846,80.694,43.794,0.93374,3.3206,26.0,38.41106403,17.87938422,0.031994717,0.975511067,44.0,2982,41.9547,2322,66,35.1818,9,1.1533,0.0149,0.0686,0.1967,131072,0.7496070861816406,664.625,0.5244228839874268,7.9808735847473145,9.813445091247559,840.7744140625,0.8651981353759766,0.7723144888877869,621.79931640625,0.551342785358429,7.382918834686279,7.77433443069458,710.129638671875,0.8826676607131958,0.1578742116689682,400.8050231933594,0.17220070958137512,4.887820243835449,7.65275239944458,613.1681518554688,0.09219977259635925,2mgml,flu,roi1,3221.6973339587976,47117.11102294922,30422.437171936035,226.6899364279717,65442.6589050293,63686.40845489502,3985.0254188330446,2709.3430597132506,600.4266657940949,63661.75029754639,3683.997244048317,3670.39082717642,3948.310230249013,3902.659737695946,3036.8272094726562,2616.0264735264736,2529.950431961221,3706.893866541574,63782.15944671631,5216.884660490207,367.3363406712378,1314.0,51017.0,30150.0,7.0,65535.0,65316.0,1847.0,1171.0,98.0,64985.0,1716.0,1713.0,1816.0,1799.0,3037.0,100.0,1284.0,1610.0,65255.0,2784.0,19.0,4763.485231810515,3860.361288317968,16739.000450754233,3085.0891254486387,999.895399000488,733.2423097501844,3722.7023500920136,5405.84531290396,1411.6017294772525,3052.407285175481,4974.13550623356,4950.2164877280475,5372.434094736151,5302.29218107794,5.902084344569983,6490.35755622068,3323.839801703653,5245.638954151047,3372.472590740425,6089.624830297277,1484.005120668562,D1,N8,t,appliedMASKiso_2mgml_roi1_8bit.ome
appliedMASKiso_flu_2mgml_roi1_8bit.ome,45,80.532,47.52723529,0.934538529,3.741188235,72.443,41.9195,0.9409,3.5967,34.0,40.02638772,16.16554489,0.032765943,0.87087552,45.0,3186,39.1403,2501,72,34.7361,11,1.1786,0.0278,0.0744,0.1432,131072,0.7535874247550964,628.1200561523438,0.5364707708358765,7.6456708908081055,9.38863754272461,795.1778564453125,0.8685539364814758,0.784440279006958,555.06103515625,0.590267539024353,6.745711326599121,7.7840423583984375,706.9938354492188,0.8894333839416504,0.1491292417049408,372.2484436035156,0.16826072335243225,4.568600654602051,6.777322769165039,527.2883911132812,0.0858549103140831,2mgml,flu,roi1,3063.3719438487033,46630.10332489014,30525.80411529541,173.98114866931783,65455.50421142578,63697.67742919922,3813.3250327238948,2554.7369526664697,615.7572086525659,63638.000480651855,3627.8470072138816,3617.853002534607,3860.3343926691364,3820.446344316631,3036.858596801758,2993.542300380228,2475.082754922987,3573.7374341976993,63780.94381713867,4909.588448040554,352.41717250141164,1319.0,50955.0,30174.0,8.0,65535.0,65298.0,1926.0,1217.0,116.0,64966.0,1775.0,1776.0,1869.0,1855.0,3037.0,107.0,1338.0,1638.0,65238.0,2757.0,22.0,4287.084542748189,3428.8033724472793,16608.618536199272,3094.2868248096397,865.7059996212009,630.3572416157836,3489.990305670914,4871.475673805375,1310.5064886161854,2906.201582288124,4703.257177186943,4687.228235009039,5026.5733095325595,4969.858064451372,7.140024096623948,6852.597180900536,3054.3548785692133,4808.875883125943,3167.85845042488,5558.2318785684,1245.4157718007475,D1,N8,t,appliedMASKiso_2mgml_roi1_8bit.ome
appliedMASKiso_flu_2mgml_roi2_8bit.ome,1,56.78753,49.88443333,0.920959667,3.808493333,32.64,40.589,0.92456,3.42865,30.0,52.92362778,20.14002483,0.037077673,0.860540842,1.0,3219,38.7185,2704,80,33.8,13,1.1854,0.0199,0.1122,0.2571,131072,0.5976098775863647,1319.7537841796875,0.45274826884269714,14.770483016967773,18.671571731567383,1485.3018798828125,0.7641454935073853,0.6170516014099121,1264.6187744140625,0.4485602378845215,14.208151817321777,14.429534912109375,1256.746826171875,0.7926778793334961,0.23980621993541718,775.8870849609375,0.19526009261608124,8.748027801513672,14.7835111618042,1072.40283203125,0.15853117406368256,2mgml,flu,roi2,2956.8412429171326,50003.22097015381,33030.028060913086,653.7934975792118,65298.98606109619,63056.551010131836,3144.7413869257953,2142.097374788754,1559.3776175331423,62838.43409729004,4578.537215997653,4614.488034767939,4396.68866557864,4430.31227880366,54967.245040893555,2138.674523570712,4581.473603139383,3828.292675994352,63002.20936584473,5420.9542020428,799.8286922340039,1094.0,51076.0,32657.0,16.0,65535.0,65226.0,1349.0,854.0,177.0,65061.0,1851.0,1864.0,1798.0,1808.0,54967.0,93.0,1777.0,1493.0,65204.0,2898.0,36.0,4475.839520799544,3289.175272167099,16313.44059269667,2919.7419298216,2876.597180952757,1606.0301038538996,4819.127750221656,4514.625562882836,3548.5286524535586,4882.158283110899,6455.8453187363075,6500.381851018896,6202.553264807322,6247.489390013661,134.39183294642478,5137.811836988563,6456.455319709394,5575.343325816536,4854.882769944537,6198.493193282154,2773.20127011433,D1,N8,t,appliedMASKiso_2mgml_roi2_8bit.ome
appliedMASKiso_flu_2mgml_roi2_8bit.ome,2,62.93653125,55.00059375,0.904906563,3.803728125,38.806,47.0995,0.919585,3.5215,32.0,52.8505875,23.21505005,0.060119578,0.8659472,2.0,3427,36.2471,2832,86,32.9302,11,1.2103,0.0118,0.1194,0.2295,131072,0.5824735760688782,1380.388671875,0.4542064666748047,15.397608757019043,18.960857391357422,1462.2027587890625,0.7546076774597168,0.5786846280097961,1387.442138671875,0.47279348969459534,15.404092788696289,16.379150390625,1401.1588134765625,0.7693365812301636,0.23687385022640228,768.3709106445312,0.1679629385471344,8.685355186462402,13.989566802978516,927.2501220703125,0.15762928128242493,2mgml,flu,roi2,3219.0746055822488,50858.6121673584,32931.42559814453,568.8482895531836,65297.875747680664,62773.27523803711,3437.0065218618834,2346.9598712567526,1683.828346488606,62569.59999847412,5022.3632185578435,5061.400112625909,4828.511503283408,4864.450340148412,54965.51808166504,2029.568315932819,4968.296596699334,4187.515717672277,62725.48207092285,5858.959690823714,828.1466731271198,1245.0,51078.0,32628.0,21.0,65535.0,65123.0,1507.0,963.0,187.0,64979.0,2120.0,2136.0,2066.0,2076.0,54965.0,92.0,1983.0,1705.0,65110.0,3280.0,37.0,4755.792238049257,3575.3561711075167,16161.380955712993,2837.1864812221966,2266.1218329899816,1440.2012402331065,5259.246189259132,4861.138300745279,3815.452402335924,5323.850952986434,6933.166247818014,6980.00658551577,6661.86969661914,6709.764463396857,114.19820771511009,5031.891710602519,6933.023787995321,5965.065987281525,5293.85525234675,6434.505882504154,2693.4070468679333,D1,N8,t,appliedMASKiso_2mgml_roi2_8bit.ome
appliedMASKiso_flu_2mgml_roi2_8bit.ome,3,65.91658148,57.03814815,0.928880741,3.923244444,32.32,50.878,0.93758,3.8827,27.0,62.2471395,25.28846194,0.036961888,0.949368103,3.0,3304,37.671,2685,77,34.8701,9,1.1911,0.0209,0.1129,0.2287,131072,0.600666344165802,1327.700927734375,0.4767874777317047,14.610275268554688,18.12470245361328,1435.751953125,0.7681925892829895,0.5897462368011475,1325.057861328125,0.5103570222854614,14.52226448059082,16.232906341552734,1432.537353515625,0.776429295539856,0.22854377329349518,758.9517211914062,0.15968459844589233,8.460105895996094,13.068121910095215,878.1827392578125,0.14976079761981964,2mgml,flu,roi2,3359.073961206312,51411.62239549557,32899.86415100098,551.9938593974175,65298.857078552246,62678.16165924072,3446.7891365735977,2349.4275709236435,1785.1681624038993,62452.11121368408,5208.304272731383,5249.347063344938,4978.069457883076,5020.068318488041,54965.920822143555,2618.3081107814046,5271.193308314871,4344.369136863046,62617.521911621094,6149.78842519329,796.5623705615752,1376.0,54670.0,32624.0,19.0,65535.0,65038.0,1574.0,1004.0,215.0,64896.0,2340.0,2365.0,2258.0,2274.0,54964.0,122.0,2266.0,1878.0,65023.0,3602.0,31.0,4921.781780195729,3582.718970756171,16070.894447357574,2804.4375313793867,2192.1917732082275,1433.3509884599707,5409.366645797266,4920.2922809304155,3926.8267925657874,5490.1421354991135,7094.241848402451,7142.059322568705,6796.863761239122,6848.786287136005,115.81496023060095,6113.655546396418,7176.879693554619,6131.703269087401,5453.386264638782,6587.997007620559,2539.0585627803234,D1,N8,t,appliedMASKiso_2mgml_roi2_8bit.ome
appliedMASKiso_flu_2mgml_roi2_8bit.ome,4,73.04182083,54.43041667,0.92373125,4.127845833,42.6885,50.9085,0.93448,4.06135,24.0,61.59089442,19.27236114,0.0395492,0.87581391,4.0,3043,41.0736,2460,79,31.1392,9,1.1726,0.0141,0.0935,0.2535,131072,0.6510162353515625,1247.74853515625,0.4839138984680176,13.23442268371582,15.481061935424805,1339.087158203125,0.8027203679084778,0.6401439905166626,1255.3759765625,0.5052599310874939,13.256355285644531,14.877562522888184,1402.39794921875,0.8063099384307861,0.2054762840270996,746.0742797851562,0.1521901935338974,7.970120906829834,10.896064758300781,817.638427734375,0.12882140278816223,2mgml,flu,roi2,3395.7125142351006,51182.75807952881,32815.72165679932,530.011105487242,65325.16320037842,62771.37092590332,3159.6276677784417,2207.128024446201,1753.5834654541466,62466.31753540039,5186.582337629472,5225.823267836807,4849.554373565193,4908.345094991052,54966.55806732178,2474.5756756756755,5471.6912022559245,4309.079445418557,62670.42361450195,6464.322219410351,648.9211576555581,1499.0,51078.0,32610.0,15.0,65535.0,64972.0,1417.0,909.0,262.0,64790.5,2528.0,2550.0,2356.0,2388.0,54965.0,134.0,2652.0,2001.0,64939.0,3921.5,25.0,4981.252195379502,3585.621538139648,15898.898009849507,2900.256334370339,2637.7764317528818,1598.7366373679858,5222.053245371104,4775.547533055031,3905.7063966024098,5390.9384876112035,6938.281948803975,6980.688033462682,6578.957845472818,6639.177660513344,119.24963801265817,5851.489650665099,7143.832509822457,6064.334591251489,5320.037370323368,6925.039856815848,2489.6575939064587,D1,N8,t,appliedMASKiso_2mgml_roi2_8bit.ome
appliedMASKiso_flu_2mgml_roi2_8bit.ome,5,56.09537407,56.10511111,0.921417778,3.959718519,32.735,50.058,0.92359,3.9546,27.0,54.8112233,21.90156938,0.037823889,0.871342139,5.0,3108,40.1728,2499,68,36.75,12,1.1764,0.0103,0.0975,0.211,131072,0.6480542421340942,1248.4312744140625,0.4709600508213043,13.370588302612305,15.24473762512207,1315.7325439453125,0.8016697764396667,0.6356717348098755,1262.4901123046875,0.480182409286499,13.571694374084473,14.609965324401855,1356.8377685546875,0.8032466173171997,0.1993195116519928,729.9500122070312,0.16910743713378906,7.818262100219727,10.330826759338379,784.2671508789062,0.12390844523906708,2mgml,flu,roi2,3530.3768437306426,51901.973205566406,32863.06378173828,563.3150307340335,65302.66172790527,62637.96797943115,3422.897349958815,2377.0430122797547,1733.88286257522,62379.61504364014,5376.594949322656,5417.262597516855,5077.695998779075,5130.592336903341,54965.90433502197,2439.7942708333335,5568.770493127811,4497.414396136133,62561.394927978516,6723.639755456006,698.8739331734256,1668.0,56110.0,32617.0,12.0,65535.0,64874.0,1642.0,1058.0,288.0,64704.5,2778.0,2803.0,2600.0,2633.0,54963.0,114.0,2884.0,2216.0,64844.0,4323.0,27.0,5014.216904933367,3594.065391729272,15856.676394403215,2850.246660161875,3084.015122426041,1892.5293441970568,5430.088083465788,4907.883967995416,4076.1282864903196,5572.930041558232,7060.697642544134,7107.383379107557,6745.25832246598,6799.532239633161,128.32910088866868,5919.651869239272,7121.835660093067,6167.368723904161,5510.631582350007,6858.717713564559,3183.085897637577,D1,N8,t,appliedMASKiso_2mgml_roi2_8bit.ome
appliedMASKiso_flu_2mgml_roi2_8bit.ome,6,81.0342125,55.37595833,0.9121275,3.912704167,51.8685,46.864,0.92152,3.9506,24.0,60.54259102,22.45422315,0.038798613,0.814295372,6.0,3227,38.6176,2602,84,30.9762,12,1.1882,0.0115,0.1054,0.2066,131072,0.6284905076026917,1290.210205078125,0.45375603437423706,14.0369873046875,15.703415870666504,1309.0216064453125,0.7895885109901428,0.6347769498825073,1248.8778076171875,0.4785889983177185,13.654243469238281,14.072952270507812,1275.0986328125,0.8032968044281006,0.19390156865119934,679.9782104492188,0.164159893989563,7.432506084442139,10.317567825317383,745.9794311523438,0.12270740419626236,2mgml,flu,roi2,3663.2887995669957,52909.406494140625,32881.003509521484,437.9767976747125,65324.034843444824,62475.88743505428,3744.0377826268627,2606.954733274525,1747.32477006026,62268.933959457085,5602.953549657945,5643.566055314504,5344.305676080958,5390.777304549206,54963.32536315918,2447.411948051948,5729.6199944987175,4699.027036139874,62420.679425654795,7025.338284487271,652.0093472813332,1885.0,63347.0,32611.0,11.0,65535.0,64714.0,1957.0,1261.0,329.0,64576.0,3085.0,3112.0,2928.0,2961.0,54961.0,108.0,3167.0,2504.0,64695.0,4842.0,30.0,4918.740612016033,3713.9909896166123,15715.652669376415,2746.4764122169827,2700.512189520728,1764.3681895095776,5487.388384347691,5003.903843454329,4329.429974160097,5611.460642349813,7086.38414619916,7130.906092186284,6800.009880931987,6849.673071631281,150.4066599244531,6068.551698688037,7252.994271987382,6128.5044065601915,5566.643872635139,6821.260332658766,3057.6276424575613,D1,N8,t,appliedMASKiso_2mgml_roi2_8bit.ome
appliedMASKiso_flu_2mgml_roi2_8bit.ome,7,88.17869615,53.09296154,0.916414231,3.821511538,62.7455,41.654,0.929355,3.792,26.0,60.00367221,27.1935352,0.054480279,0.664323989,7.0,3508,35.364,2829,90,31.4333,16,1.2074,0.0139,0.1069,0.2089,131072,0.6235338449478149,1311.6123046875,0.43825358152389526,14.323175430297852,15.671813011169434,1298.2431640625,0.7868194580078125,0.6317275762557983,1281.590087890625,0.45466846227645874,14.017571449279785,13.46127700805664,1201.6251220703125,0.8006673455238342,0.1896083652973175,649.6832885742188,0.16267786920070648,7.153839588165283,10.286761283874512,738.2999877929688,0.12094208598136902,2mgml,flu,roi2,3745.70468279933,53602.682037353516,32821.46226501465,333.2162369037937,65348.38614654541,62390.5290222168,3856.8956653503537,2715.748920929378,1697.6017323417957,62197.66301727295,5716.25159411646,5756.494312052135,5457.708603404875,5504.116872637331,54962.952964782715,2377.079677256682,5820.527571417295,4800.41292659609,62342.76993560791,7252.148605860735,577.6676886853476,2050.0,64228.0,32598.0,10.0,65535.0,64602.0,2069.0,1343.0,382.0,64464.0,3351.0,3376.0,3164.0,3201.0,54960.0,106.0,3451.0,2716.0,64583.5,5239.0,34.0,4853.047511995952,3830.394660598534,15463.596137779985,2734.640309781388,1849.3890859229434,1392.6777395422346,5397.073397671568,5016.17627162028,4035.8463489854703,5495.680932012434,6975.13718805394,7016.884084871849,6710.663315508155,6756.554308874599,125.51022622525466,5786.605143165571,7044.605511972629,6043.830441669008,5463.451472084196,6908.472472140285,2537.5362895887997,D1,N8,t,appliedMASKiso_2mgml_roi2_8bit.ome
appliedMASKiso_flu_2mgml_roi2_8bit.ome,8,55.16851739,59.0706087,0.923496522,3.875426087,45.0,50.918,0.93779,3.9489,23.0,48.7773156,26.92262779,0.041078332,0.776003974,8.0,4064,30.2522,3199,88,36.3523,24,1.2502,0.0166,0.124,0.2194,131072,0.5877448916435242,1435.138427734375,0.4055502116680145,15.97502613067627,16.614166259765625,1315.0887451171875,0.7633137702941895,0.5917513966560364,1431.61572265625,0.4223855137825012,15.869420051574707,14.892759323120117,1289.9998779296875,0.7761396765708923,0.19138213992118835,653.9651489257812,0.14968951046466827,7.351612091064453,10.239856719970703,678.5654296875,0.12590667605400085,2mgml,flu,roi2,3910.8476567213056,55241.907165527344,32817.00442504883,355.19614110937357,65327.87423706055,62137.727226257324,4284.418106727529,3000.456010216281,1685.2385730729245,61999.357360839844,5988.022536497923,6029.154704655532,5779.141312029233,5817.742135925677,54961.532302856445,2189.4649746192895,5821.78732095765,5044.8486909009425,62118.744400024414,7487.7616733026525,613.5823863636364,2231.0,65280.0,32578.0,12.0,65535.0,64395.0,2451.0,1587.0,396.0,64289.0,3667.0,3701.0,3506.0,3535.0,54958.0,94.0,3579.0,2976.0,64392.0,5665.0,34.0,4942.3329761058985,4034.201301289602,15125.418147522176,2741.5947676333385,1901.233750643603,1460.6510002617886,5618.463817666657,5355.051268443491,3818.5840299141596,5636.589829882372,7099.886604680248,7140.783438008483,6907.391047639388,6941.759924947458,130.0492601006129,5488.4909993356505,6864.479420961338,6182.174081407428,5633.954594507962,6919.126831443394,2534.815450268972,D1,N8,t,appliedMASKiso_2mgml_roi2_8bit.ome
appliedMASKiso_flu_2mgml_roi2_8bit.ome,9,55.77615172,55.87572414,0.92095069,3.678668966,40.179,53.795,0.93372,3.5108,29.0,44.5359865,21.50927532,0.04849925,0.889327242,9.0,4267,28.7178,3414,98,34.8367,19,1.2685,0.0124,0.1333,0.2428,131072,0.5736201405525208,1481.819580078125,0.39876264333724976,16.58367919921875,16.90958595275879,1318.5672607421875,0.75464928150177,0.5653581023216248,1498.92724609375,0.4014395475387573,16.73671531677246,16.043174743652344,1354.5999755859375,0.7593835592269897,0.18705232441425323,644.651123046875,0.1381700187921524,7.274668216705322,9.963920593261719,637.93359375,0.12412542849779129,2mgml,flu,roi2,4070.8237222331013,56051.49314117432,32847.852142333984,401.6842825789348,65301.21536254883,61913.24523162842,4552.353304091724,3172.388961442506,1692.8998809837465,61796.28820037842,6260.061583128283,6303.728678342458,6055.479170036867,6093.720351465718,54960.659492492676,2290.0679334916863,5979.181258567402,5267.093494308265,61909.08712005615,7744.033179794127,631.5654698922663,2365.0,65449.5,32575.0,12.0,65535.0,64256.0,2631.0,1722.0,425.0,64158.0,3858.0,3886.0,3681.0,3710.0,54958.0,132.0,3760.0,3144.0,64255.0,5956.0,39.0,5090.735610025503,4260.747701212562,14686.134253900058,2826.515132009263,2359.9751626518337,1766.4928040577797,5817.736058913724,5644.913219784321,3774.189570321639,5757.693071318693,7243.777073771812,7282.047773756218,7092.789118280101,7120.192065660413,182.5382847970172,5352.049837921361,6825.304144690625,6352.193826522113,5785.06672728897,6973.100016892351,2794.9955303777538,D1,N8,t,appliedMASKiso_2mgml_roi2_8bit.ome
appliedMASKiso_flu_2mgml_roi2_8bit.ome,10,51.97770769,56.67157692,0.911658846,3.641296154,45.3015,48.293,0.928535,3.6225,26.0,34.76968046,29.74195941,0.051779253,0.64572132,10.0,4315,28.3761,3421,92,37.1848,23,1.2738,0.0157,0.1297,0.293,131072,0.5876768231391907,1454.90283203125,0.4076381325721741,16.12261962890625,16.400508880615234,1311.9439697265625,0.7641645073890686,0.5822506546974182,1469.650146484375,0.4145700931549072,16.2440185546875,15.180198669433594,1293.431884765625,0.7702723741531372,0.18223866820335388,650.6727905273438,0.13845404982566833,7.254001617431641,9.66291332244873,650.1749267578125,0.12015694379806519,2mgml,flu,roi2,4146.93950220015,56083.29598236084,32744.719551086426,398.78736046857097,65299.66163635254,61880.26628112793,4361.984344092889,3059.7645670897755,1737.590370104204,61731.787910461426,6325.29732856986,6369.38888185066,6061.68075438552,6109.394329439785,54961.762619018555,2667.823025689819,6241.749241982753,5318.92796513543,61862.49468231201,7934.208739791049,587.7507571708534,2434.0,65400.0,32568.0,12.0,65534.0,64175.5,2519.0,1641.0,451.0,64067.0,3942.0,3974.0,3741.0,3774.0,54958.0,134.0,3966.0,3214.0,64172.5,6128.0,41.0,5214.061859549385,4272.013829853433,14408.286584398029,2828.061742308207,2439.4855898728906,1819.1623119303058,5748.1444145384985,5540.1424854132165,3683.0652253930325,5657.387624262983,7217.610445620647,7251.454852191295,7026.208206279581,7059.31710954698,118.50820997836598,5829.8012151746425,6928.519473587843,6393.554589748751,5691.383064982518,7172.370749690233,2568.426833604573,D1,N8,t,appliedMASKiso_2mgml_roi2_8bit.ome
appliedMASKiso_flu_2mgml_roi2_8bit.ome,11,48.8525,61.51334615,0.913075385,3.579761538,43.6985,51.379,0.925915,3.3315,26.0,37.80069683,47.61582087,0.044611615,0.775488461,11.0,4112,29.8757,3202,101,31.703,18,1.2599,0.0139,0.1233,0.3312,131072,0.6134167313575745,1373.37451171875,0.4186069369316101,15.068378448486328,15.528453826904297,1282.69384765625,0.7810171842575073,0.6183376908302307,1355.80859375,0.43784797191619873,14.835310935974121,14.06807804107666,1227.885009765625,0.7922600507736206,0.17928779125213623,643.801513671875,0.1536562740802765,7.101490020751953,9.428117752075195,674.7037963867188,0.11549186706542969,2mgml,flu,roi2,4139.619557931427,56224.210372924805,32767.682640075684,390.67439615599125,65301.63153839111,61904.26927947998,4185.950120599004,2942.0494282392547,1759.125479857134,61736.54335784912,6250.414887555719,6293.917644200154,5971.967665985187,6021.972140295607,54961.29108428955,2527.5836972343523,6283.753485605122,5275.786439655461,61876.503829956055,7926.820357274525,574.7652779260208,2359.0,65304.0,32567.0,12.0,65534.0,64227.0,2339.0,1519.0,427.0,64103.0,3806.0,3837.0,3607.0,3642.0,54959.0,111.0,3863.0,3107.0,64214.0,5976.0,39.0,5340.683326648474,4320.922516209088,14048.313848345177,2818.3541806298763,2302.9590172743347,1737.7325745953647,5752.016266023069,5533.914357435441,3615.7543809722706,5660.930246271852,7236.04081128529,7267.681955502073,7028.525985435139,7063.731357887524,138.04849776600798,5953.322595220409,7040.820871421068,6468.925902145756,5694.749038337884,7333.2757629494035,2283.939445282566,D1,N8,t,appliedMASKiso_2mgml_roi2_8bit.ome
appliedMASKiso_flu_2mgml_roi2_8bit.ome,12,43.346265,61.530875,0.923653333,3.7454625,44.4595,40.178,0.93051,3.6343,24.0,23.24934854,51.6296359,0.058656694,0.695823132,12.0,3862,31.9391,3021,90,33.5667,18,1.2476,0.0176,0.1081,0.369,131072,0.6647934913635254,1191.941650390625,0.4525827169418335,12.814779281616211,13.930693626403809,1217.1390380859375,0.8134305477142334,0.6888563632965088,1113.74853515625,0.48084044456481934,11.925278663635254,11.724701881408691,1098.175537109375,0.835073709487915,0.1757998764514923,620.2424926757812,0.1649715006351471,6.7056565284729,9.35579776763916,724.668212890625,0.10963978618383408,2mgml,flu,roi2,4163.202287718126,55690.48254394531,32723.733360290527,364.888330517717,65309.42247009277,61940.71267700195,3903.5961033900508,2790.3662466987053,1832.1020165131788,61706.050842285156,6218.417759038157,6260.785614093679,5863.403707105285,5925.469357936044,54960.965019226074,2685.790166812994,6491.8647908491275,5243.8113216999245,61876.12973022461,7996.290957668865,558.6245985263556,2318.0,65218.0,32557.0,11.0,65534.0,64253.0,2024.0,1316.0,443.0,64079.0,3754.0,3782.0,3479.0,3527.0,54959.0,108.0,3991.0,3027.0,64216.0,5860.0,38.0,5439.04696216012,4376.870024921944,13951.149543338073,2864.3176633761987,2059.939247589251,1588.8204005051991,5704.109192034077,5446.618388258264,3654.4769747084915,5673.776570313046,7244.985219325227,7274.854278200983,6980.105759997915,7023.7447782345735,173.89532011058418,6088.959580027442,7206.49274224556,6506.980581173007,5686.318293963626,7576.67357816301,2084.065046489821,D1,N8,t,appliedMASKiso_2mgml_roi2_8bit.ome
appliedMASKiso_flu_2mgml_roi2_8bit.ome,13,55.16539,68.65085,0.940813,3.88099,46.1765,64.107,0.94023,3.83015,20.0,41.78345084,27.38494842,0.021961101,0.892969546,13.0,3742,33.0275,2947,99,29.7677,18,1.2384,0.0123,0.0926,0.3642,131072,0.7131065130233765,1077.857421875,0.4667700529098511,11.203080177307129,12.38845443725586,1159.3887939453125,0.8422434329986572,0.7491999864578247,923.3294677734375,0.5013078451156616,9.58383560180664,9.743217468261719,976.91845703125,0.8693940043449402,0.17289990186691284,651.9219970703125,0.16675423085689545,6.818924427032471,9.547587394714355,807.7799682617188,0.10627689957618713,2mgml,flu,roi2,4134.455587894355,55305.29077911377,32719.586051940918,345.8949912805457,65321.65644836426,62026.60548400879,3716.213420861959,2713.7642314038044,1786.8176366410073,61737.0299911499,6092.927346115035,6132.016970920099,5698.646437774682,5766.554302774558,54962.59795379639,2467.2622157716496,6445.032966116536,5149.114868527491,61930.7825012207,7997.775900459507,511.5918735151962,2200.0,65448.0,32557.0,12.0,65535.0,64280.0,1844.0,1207.0,419.0,64074.0,3589.0,3620.0,3296.0,3348.0,54960.0,134.0,3914.0,2864.0,64228.0,5574.0,32.0,5463.112102705741,4437.188788257642,13854.941311244374,3007.224730092738,1725.6658948840138,1368.8761398478441,5563.1252437275325,5353.653653650665,3530.2454693373475,5620.516025621226,7135.191223787231,7161.417029462397,6832.881418615413,6881.46608275024,206.1669059867999,5486.270451569923,7224.7792275044385,6446.411707380959,5600.467985316299,7797.234612981535,1820.7846644923325,D1,N8,t,appliedMASKiso_2mgml_roi2_8bit.ome
appliedMASKiso_flu_2mgml_roi2_8bit.ome,14,55.77060938,52.773375,0.929886563,3.96028125,45.5405,51.466,0.939345,3.7585,32.0,42.47502132,19.24364765,0.033862608,0.869080781,14.0,3788,32.6022,3006,100,30.06,18,1.2383,0.0096,0.1112,0.3337,131072,0.6584347486495972,1225.800048828125,0.45348548889160156,13.122060775756836,15.111095428466797,1322.54248046875,0.8071442246437073,0.6946579813957214,1080.84228515625,0.47073107957839966,11.483418464660645,11.846718788146973,1122.9368896484375,0.8384938836097717,0.19438643753528595,656.5656127929688,0.1710577756166458,7.200430870056152,12.029115676879883,928.4873657226562,0.12557071447372437,2mgml,flu,roi2,4374.130895409089,56058.61415863037,32785.815422058105,584.9327263212978,65209.91979217529,61702.55662536621,3976.9260834588526,2892.2679036012596,2068.149596437517,61428.895164489746,6451.660541602033,6493.225337469884,6056.374484306412,6124.75988481468,54961.62058258057,3216.6736489317136,6794.613493844681,5458.392529456418,61617.878845214844,8152.856117363609,687.2430372794471,2279.0,65403.0,32556.0,14.0,65534.0,64187.0,2002.0,1316.0,446.0,63997.0,3716.0,3745.0,3434.5,3487.0,54960.0,143.0,3991.0,2977.0,64140.0,5727.5,37.0,5843.328388890488,4584.0907979356025,13513.277351942648,2793.123132754495,2734.418830101768,1951.8352298487891,6110.031591302972,5598.745463098471,4239.489887914813,6181.4776391616115,7675.0269895960155,7705.822306379073,7329.89496484637,7386.096160977259,147.941783646518,6203.361177196745,7845.431541021357,6894.811677682376,6138.355816104772,7814.116446937977,2370.57660775464,D1,N8,t,appliedMASKiso_2mgml_roi2_8bit.ome
appliedMASKiso_flu_2mgml_roi2_8bit.ome,15,68.36405263,66.00847368,0.901547895,3.899163158,51.34,53.73,0.93225,3.575,19.0,48.19208049,40.50097987,0.070163459,0.905604295,15.0,3442,36.0805,2773,106,26.1604,8,1.2174,0.0166,0.0878,0.311,131072,0.718671441078186,1059.406982421875,0.4706276059150696,10.928910255432129,12.746453285217285,1219.164306640625,0.8448562026023865,0.7619903683662415,950.2080688476562,0.4811888635158539,9.632001876831055,8.726523399353027,896.8396606445312,0.875938355922699,0.17646804451942444,608.2345581054688,0.16912294924259186,6.475915431976318,10.86887264251709,948.2254638671875,0.10925808548927307,2mgml,flu,roi2,4165.530472251801,55430.87772369385,32741.764167785645,522.3793402777778,65259.68505859375,61999.3254776001,3828.9701041666667,2822.9070225694445,1766.904725430633,61748.374084472656,6020.015040076603,6055.557225757989,5662.1458524223435,5723.787920061415,54961.860290527344,2611.183355006502,6270.3690679610045,5148.622875444722,61924.82642364502,7952.0563383769595,577.9773473792877,2120.0,65426.0,32554.0,13.0,65535.0,64304.0,1844.0,1207.0,389.0,64110.0,3458.0,3490.0,3192.0,3238.0,54960.0,134.0,3708.0,2770.0,64258.0,5387.0,31.0,5696.304769464463,4577.439446049428,13503.019290845396,3108.577810062751,2664.913879429033,1794.2913259062566,5686.703915468886,5558.136670979787,3518.9986295133995,5682.925943185031,7217.802396096257,7240.636302962258,6950.467520755109,6993.09845206251,159.5211799846952,5902.593841657714,7149.234289001697,6628.739082931156,5685.994698062082,7983.846684726234,2048.314378036924,D1,N8,t,appliedMASKiso_2mgml_roi2_8bit.ome
appliedMASKiso_flu_2mgml_roi2_8bit.ome,16,54.71682917,50.75716667,0.925310833,3.989491667,49.931,46.941,0.93176,3.77345,24.0,26.76080472,18.00545995,0.036816235,1.036197467,16.0,3355,37.068,2705,102,26.5196,9,1.2128,0.0136,0.093,0.393,131072,0.7206021547317505,1033.3548583984375,0.48452726006507874,10.715750694274902,12.444372177124023,1180.6427001953125,0.8465855717658997,0.759406566619873,932.9286499023438,0.5159851908683777,9.539886474609375,9.301241874694824,955.5469360351562,0.8752535581588745,0.1735960841178894,592.1951293945312,0.15555159747600555,6.2971415519714355,10.092767715454102,853.2431030273438,0.10650191456079483,2mgml,flu,roi2,4279.6662070901375,55658.75793457031,32781.18266296387,478.38245706620927,65263.35735321045,61890.232986450195,3857.4497516772676,2844.262830007842,1856.862270661139,61613.767150878906,6183.472706107689,6221.117885507653,5793.311444281162,5860.375253867873,54962.73793029785,2311.832884097035,6475.680844740188,5279.521523042122,61804.18716430664,8134.670871654311,601.9727057381589,2148.0,65465.0,32571.0,13.0,65535.0,64318.0,1844.0,1194.0,392.0,64121.0,3455.0,3481.0,3189.0,3236.0,54961.0,134.0,3734.0,2784.0,64271.0,5450.0,34.0,5842.481987668273,4737.363188952692,13447.37851647697,3136.7849083526994,2141.0727153117523,1602.3056287054496,5857.377213629555,5673.164906372689,3680.776141603989,5888.599930129954,7435.162889489864,7460.7799282041915,7135.500099880052,7183.403654755734,159.73869796927562,5491.3457807083305,7439.2382765318935,6807.460458011118,5873.7420546217045,8193.830738650993,2032.2529629664214,D1,N8,t,appliedMASKiso_2mgml_roi2_8bit.ome
appliedMASKiso_flu_2mgml_roi2_8bit.ome,17,60.94610333,52.52486667,0.931200667,3.762,53.249,45.653,0.931075,3.65205,30.0,38.61838986,19.59806328,0.025684052,0.782459488,17.0,3580,34.6126,2882,97,29.7113,21,1.2201,0.0189,0.0952,0.3988,131072,0.724277913570404,1022.716552734375,0.488599956035614,10.570930480957031,12.185717582702637,1163.7454833984375,0.8490885496139526,0.7532342672348022,910.3251342773438,0.526523232460022,9.315330505371094,9.85353946685791,1015.498291015625,0.8718018531799316,0.1684752255678177,593.2890625,0.15334978699684143,6.242071151733398,9.497945785522461,818.4326171875,0.1022428497672081,2mgml,flu,roi2,4335.3010273916125,55801.54679107666,32773.38109588623,387.10127624536847,65291.970207214355,61845.12632751465,3855.9833686173038,2859.430952318723,1918.2323552528164,61540.14864349365,6272.437061956826,6309.800004947311,5858.267393921404,5929.1290011378815,54962.75769805908,2337.7201180521397,6665.368962219034,5344.98602384604,61739.3235244751,8282.403123402431,571.5771808162884,2188.0,65490.0,32570.0,14.0,65535.0,64279.0,1822.0,1207.0,416.0,64067.0,3525.0,3552.0,3230.0,3281.5,54961.0,134.0,3863.0,2829.0,64229.0,5564.0,34.0,5823.943276277311,4728.88720685699,13426.321232814225,3064.353472909277,1647.7512196947325,1355.2118341621087,5852.223694075516,5637.25298958288,3709.606472250139,5926.354034941584,7473.630664988297,7498.6120722555015,7152.140481290978,7203.48085090279,154.58608817030483,5372.353546125591,7579.301772390194,6807.425130078573,5901.06012200536,8277.830862527459,1851.1872734731905,D1,N8,t,appliedMASKiso_2mgml_roi2_8bit.ome
appliedMASKiso_flu_2mgml_roi2_8bit.ome,18,60.75446364,53.53169697,0.930459697,3.794575758,48.013,46.744,0.93393,3.6388,33.0,41.78771154,19.73852569,0.030150757,0.748294676,18.0,3976,30.966,3165,100,31.65,18,1.2508,0.017,0.1099,0.3737,131072,0.6914851665496826,1105.315185546875,0.486518532037735,11.687442779541016,13.322092056274414,1220.17041015625,0.8297638893127441,0.7111330628395081,1016.1744995117188,0.5257939100265503,10.664700508117676,11.458380699157715,1131.34326171875,0.8478121161460876,0.17342756688594818,599.3831176757812,0.14819808304309845,6.44123649597168,9.471266746520996,773.2286987304688,0.10669881850481033,2mgml,flu,roi2,4503.607596814877,56516.702796936035,32798.25468444824,369.7852625848061,65287.67948150635,61625.810401916504,3799.577716619782,2794.0039888173765,2225.82495224305,61238.8759765625,6627.837562029114,6671.667425029263,6124.352943600903,6210.2843694874455,54964.05492401123,2234.452501147315,7229.976902913101,5571.891677794813,61477.72773742676,8543.218696935226,630.8722100605765,2333.0,65516.0,32574.0,15.0,65534.0,64186.0,1844.0,1207.0,472.0,63948.0,3754.0,3780.0,3412.0,3472.0,54960.0,134.0,4223.0,3005.0,64112.0,5911.0,40.0,5883.002790045841,4484.888464922422,13441.018980586126,3110.520564188213,1546.5446334683988,1322.5819189121748,6082.294655245976,5415.936856315332,4317.70347006603,6296.45572371059,7796.672080990396,7832.325474009004,7347.759136403347,7420.685159593496,129.96600835234557,5228.1761109756735,8196.914992284119,6937.719838769107,6195.577788020354,8294.37447309234,1941.0676596999183,D1,N8,t,appliedMASKiso_2mgml_roi2_8bit.ome
appliedMASKiso_flu_2mgml_roi2_8bit.ome,19,63.84882941,58.08779412,0.920297647,3.861414706,63.453,52.9495,0.924965,3.80095,34.0,39.06185354,23.72628823,0.029581574,0.863965922,19.0,4153,29.561,3367,99,34.0101,20,1.2575,0.0163,0.1294,0.3708,131072,0.6447403430938721,1244.567626953125,0.4710569977760315,13.438155174255371,15.057939529418945,1310.056884765625,0.8012552857398987,0.655265748500824,1209.0450439453125,0.5099531412124634,12.985830307006836,13.545456886291504,1262.5638427734375,0.8157339096069336,0.1784995049238205,609.4290771484375,0.1476830244064331,6.681297779083252,9.670764923095703,742.8965454101562,0.11204223334789276,2mgml,flu,roi2,4639.56509556443,57000.19524383545,32816.635597229004,367.35259452936447,65273.87198638916,61434.08205413818,4195.4214236765465,3034.667654617098,2261.782311741419,61120.58889007568,6852.341829775345,6897.44985127118,6421.726585482095,6496.2039146082925,54962.12397003174,2458.049249530957,7330.4012637841215,5793.355741261154,61316.418296813965,8678.388773850022,672.8354202086109,2454.0,65458.0,32580.0,16.0,65534.0,64108.0,2092.0,1383.0,511.0,63890.0,3948.0,3983.0,3636.0,3688.5,54959.0,134.0,4352.0,3175.0,64039.0,6183.0,46.0,5901.827506857143,4508.307048225516,13302.682824007177,2894.406778937518,1465.7332464236001,1299.9200435964522,6265.27473941262,5641.455385139269,4304.045507865256,6389.697108462676,7936.293768068105,7974.289104602296,7563.312333205903,7625.052188034502,138.8314279789553,5567.184917458103,8210.130203853263,7055.0588902826075,6334.430589512289,8195.401562249903,1942.2626559696937,D1,N8,t,appliedMASKiso_2mgml_roi2_8bit.ome
appliedMASKiso_flu_2mgml_roi2_8bit.ome,20,58.8993359,50.232,0.928941538,4.054730769,53.13,43.579,0.93493,3.9585,39.0,36.38818993,23.89659373,0.03446569,0.842000975,20.0,4685,25.9772,3767,105,35.8762,18,1.294,0.0155,0.1559,0.3528,131072,0.5880227088928223,1414.1663818359375,0.44925859570503235,15.644980430603027,17.21114730834961,1412.6156005859375,0.7650874853134155,0.5938290357589722,1379.7076416015625,0.4730874001979828,15.206727981567383,15.466699600219727,1349.0242919921875,0.7776180505752563,0.17977385222911835,597.5064086914062,0.14422638714313507,6.719620704650879,10.116376876831055,723.5415649414062,0.11715611815452576,2mgml,flu,roi2,4802.826689888063,57713.826400756836,32738.783599853516,423.54860261597815,65224.95022583008,61123.19017791748,4690.843442713513,3339.2247095518555,2310.856284986395,60864.472717285156,7172.143375769618,7220.62529333366,6811.763207169197,6875.475482620747,54960.12077331543,2730.838007736944,7373.484051643078,6069.9975552121405,61033.60054779053,8781.544950572767,788.8298921486952,2656.0,65491.0,32569.0,18.0,65534.0,63911.0,2519.0,1655.0,571.0,63729.0,4278.0,4313.0,4008.0,4053.0,54959.0,134.0,4506.0,3477.0,63856.0,6589.0,60.0,5940.1935582556725,4660.839941147207,13102.395205029472,2873.1215309811223,1565.2894428816899,1436.789323852465,6550.153041561507,5937.727351676318,4371.254560803259,6634.184577554882,8136.932153215649,8178.555914176546,7830.340271328517,7882.449091584618,153.3571398385659,6207.509641170807,8154.476721668394,7203.993091224629,6597.417191430677,7999.138126705742,2283.036034641183,D1,N8,t,appliedMASKiso_2mgml_roi2_8bit.ome
appliedMASKiso_flu_2mgml_roi2_8bit.ome,21,61.3307875,51.469,0.917982188,3.623603125,54.974,42.25,0.92655,3.48315,32.0,41.43450352,22.08941574,0.041857903,0.78689951,21.0,4402,27.7758,3557,98,36.2959,20,1.2692,0.0127,0.1265,0.3486,131072,0.6557627320289612,1242.9605712890625,0.4481552541255951,13.300073623657227,14.334933280944824,1265.0986328125,0.8085187077522278,0.668298065662384,1205.61376953125,0.47365403175354004,12.84573745727539,12.426434516906738,1160.9376220703125,0.8229786157608032,0.17199021577835083,590.4317016601562,0.14470943808555603,6.448757648468018,9.317204475402832,747.15185546875,0.10632353276014328,2mgml,flu,roi2,4550.729529006413,56862.28495788574,32822.10378265381,349.7199809023633,65288.263732910156,61544.06768035889,3977.361105514432,2885.7740353028776,2250.93446362246,61168.43475341797,6750.452373102095,6796.539375855191,6264.8772070096775,6348.237928419526,54962.05630493164,2331.693166592229,7366.562595822549,5668.2531034141675,61397.63121795654,8601.035097842036,643.0865766939044,2505.0,65478.0,32578.0,15.0,65534.0,64116.0,2024.0,1329.0,547.0,63862.0,4006.0,4035.0,3653.0,3712.0,54960.0,134.0,4506.0,3223.0,64032.0,6300.0,48.0,5690.8249151787995,4208.424855664731,13477.038063049014,3066.0018816147053,1475.8237796861995,1269.7236176890576,6050.674641107237,5274.73759736531,4230.758848868377,6262.778214450377,7767.234003184432,7809.518141192487,7339.405799714607,7410.707864885926,156.9540863076235,5454.119420662547,8146.522508073456,6829.5348773009,6166.22172542885,8080.848943122137,1934.0487747720456,D1,N8,t,appliedMASKiso_2mgml_roi2_8bit.ome
appliedMASKiso_flu_2mgml_roi2_8bit.ome,22,79.6577,53.31379412,0.917900294,4.107770588,76.5655,47.2725,0.935385,3.7276,34.0,46.54280327,24.1779333,0.049533088,1.218644812,22.0,4404,27.7623,3688,89,41.4382,22,1.2764,0.0124,0.1407,0.2912,131072,0.6253830790519714,1289.8519287109375,0.467334121465683,14.048575401306152,16.189903259277344,1390.4569091796875,0.7889915108680725,0.6245721578598022,1323.859619140625,0.4989374279975891,14.33430290222168,14.257223129272461,1283.489501953125,0.7964770793914795,0.18365062773227692,585.1845703125,0.15298864245414734,6.519657135009766,10.534616470336914,820.9829711914062,0.11552851647138596,2mgml,flu,roi2,4719.170447271235,57126.5891494751,32824.99166107178,442.7328037164272,65228.08400726318,61310.91014099121,4362.086258968942,3152.8366910493883,2350.097278472174,60980.27702331543,6953.647484612228,6999.840262617973,6522.030151826016,6596.7994583504305,54960.640129089355,2360.3516483516482,7394.7934509643,5888.38853508412,61185.14562988281,8661.119039803036,765.2298746623071,2478.0,65473.0,32586.0,18.0,65534.0,64105.0,2159.0,1424.0,550.0,63864.0,4006.0,4041.5,3683.0,3735.0,54959.0,103.5,4429.0,3218.0,64025.0,6210.0,56.0,5960.474676478129,4553.476977473283,13357.006933703644,3090.9020071671457,1799.7779275039845,1496.4014236810413,6383.9512065141635,5767.638230863347,4309.25569495856,6520.004922566155,8055.267512996323,8097.239268609099,7694.170167664079,7754.5894426288305,160.59697339943557,5591.249817995168,8235.477079976485,7157.09261289452,6463.166390533294,8185.579583544581,2136.3812587526604,D1,N8,t,appliedMASKiso_2mgml_roi2_8bit.ome
appliedMASKiso_flu_2mgml_roi2_8bit.ome,23,79.24133103,61.52665517,0.930443103,4.171137931,65.606,55.427,0.93476,4.317,29.0,51.9633719,24.43563941,0.029744724,0.948584076,23.0,3683,33.5886,3084,91,33.8901,16,1.2209,0.0202,0.1043,0.2845,131072,0.7075887322425842,1042.48388671875,0.5068444013595581,10.831913948059082,13.72517204284668,1328.470947265625,0.8392109274864197,0.7142213582992554,1065.4715576171875,0.557791531085968,10.942697525024414,11.599584579467773,1148.2410888671875,0.8499798774719238,0.1773330569267273,579.6553344726562,0.18452146649360657,6.144398212432861,10.394513130187988,949.2372436523438,0.10530988872051239,2mgml,flu,roi2,4568.917391085453,54995.96485900879,32817.42630767822,432.98394326479934,65259.93280792236,61696.636169433594,4063.823373505102,3011.4524357020823,2138.173795788609,61317.49102783203,6543.178316103914,6582.995250721622,6080.328656776533,6159.256729542861,54963.23923492432,2393.462314225053,7009.652698529905,5594.252651540579,61542.86082458496,8573.291400953212,682.7575546145703,2289.5,65491.0,32592.0,17.0,65535.0,64354.0,1844.0,1248.0,491.0,64073.0,3641.0,3673.0,3277.0,3341.0,54961.0,134.0,4172.0,2915.0,64263.0,5811.5,47.0,5917.788802774118,4501.920773958184,14173.663164665213,3293.9615828077613,1984.874585625559,1504.0340026381082,6019.299517705566,5602.954932627878,3996.9752543920436,6220.1580898319535,7743.041676835182,7779.437916047217,7369.714460342752,7430.994650754324,169.8937566828247,5707.727890327597,7847.349274278538,6983.180856834496,6151.211302693199,8428.575513971642,2049.3005672622016,D1,N8,t,appliedMASKiso_2mgml_roi2_8bit.ome
appliedMASKiso_flu_2mgml_roi2_8bit.ome,24,81.6308,68.078,0.906725667,3.884323333,76.9165,60.6895,0.92295,3.7714,30.0,45.16861621,29.94513706,0.060681737,0.892476092,24.0,3602,34.3889,3010,94,32.0213,23,1.2183,0.0156,0.118,0.2557,131072,0.6781609654426575,1142.4794921875,0.4866796135902405,12.070778846740723,14.316352844238281,1300.5565185546875,0.8208903670310974,0.6817995309829712,1139.8717041015625,0.5281720161437988,11.96780014038086,12.85820198059082,1243.13818359375,0.8311958312988281,0.18882399797439575,650.2822265625,0.16578632593154907,6.930142402648926,10.132534980773926,846.7929077148438,0.11391450464725494,2mgml,flu,roi2,4700.258964478621,55236.01657867432,32887.45358276367,431.4057778315001,65251.95097351074,61495.45423126221,4028.7672933730455,2957.547365971705,2476.901573748236,61016.618995666504,6887.327777684295,6933.2036716081375,6338.435687963789,6431.861885611402,54961.128548649205,2094.5752021563344,7603.181704218479,5794.963704588668,61286.041748046875,8770.594785374144,767.7622353636901,2490.0,65511.0,32601.0,19.0,65534.0,64199.0,1912.0,1275.0,591.0,63918.0,3968.0,4000.0,3569.0,3643.0,54961.0,134.0,4558.0,3176.0,64106.0,6241.0,53.0,5891.542534791365,4322.346096461548,14225.69272290707,3249.7103991403023,2058.632709297757,1584.931276194835,6186.693048360284,5407.297074174793,4680.729443486901,6565.083253219588,7975.413303897036,8019.672701061766,7499.862085743873,7578.423352265048,451.85567164052713,5082.640465654122,8446.996208545783,7031.957188904775,6419.952968325051,8357.790788898365,2445.6108145253224,D1,N8,t,appliedMASKiso_2mgml_roi2_8bit.ome
appliedMASKiso_flu_2mgml_roi2_8bit.ome,25,80.13195294,52.89761765,0.919946176,3.755008824,75.3215,40.591,0.927315,3.7615,34.0,39.80228016,33.38900777,0.033987216,0.838625501,25.0,3818,32.3303,3109,93,33.4301,17,1.2307,0.0106,0.1223,0.2442,131072,0.6670498251914978,1206.7529296875,0.45272722840309143,12.843931198120117,14.070526123046875,1238.7071533203125,0.8142311573028564,0.6712584495544434,1191.7850341796875,0.486975759267807,12.576227188110352,12.653730392456055,1184.471435546875,0.8247560858726501,0.1891438364982605,688.6201782226562,0.15777461230754852,7.361629009246826,9.654364585876465,773.6984252929688,0.11536981910467148,2mgml,flu,roi2,4610.679615719939,55292.69605786177,32827.157135009766,404.1373546362574,65270.11235809326,61544.8374710083,4050.6343474011874,2935.214474446214,2344.909205166374,61147.91557312012,6816.886258466903,6863.512591375495,6319.548965528804,6404.852960901348,54964.60816192627,2452.0235294117647,7423.631312453893,5732.281159881966,61383.622146606445,8655.806216886862,710.3470146201222,2450.0,65314.0,32590.0,17.0,65534.0,64198.0,2024.0,1343.0,547.0,63939.0,3913.0,3946.0,3560.5,3622.0,54961.0,134.0,4455.0,3146.0,64113.0,6168.0,46.0,5749.144672951044,4200.385441165539,14056.836727260983,2963.036623797177,2041.03735161913,1574.8992321665369,6121.8275546354025,5325.447492347512,4532.387277803687,6394.168405138775,7871.844019048756,7916.852823126062,7429.088888662331,7502.922964508015,139.79096126856453,5694.880562710337,8265.154912145232,6914.610256025524,6282.779935420485,8143.527310125225,2386.19898898393,D1,N8,t,appliedMASKiso_2mgml_roi2_8bit.ome
appliedMASKiso_flu_2mgml_roi2_8bit.ome,26,76.52015676,54.6782973,0.923574865,3.848043243,68.682,48.372,0.92773,3.737,37.0,41.23535607,22.90616399,0.039613266,0.703793534,26.0,4093,30.0237,3340,100,33.4,22,1.2561,0.0177,0.135,0.2427,131072,0.6373966336250305,1294.453369140625,0.4183485209941864,14.069684028625488,14.943696975708008,1253.1796875,0.7948341369628906,0.6350936889648438,1275.640869140625,0.4608909487724304,13.818896293640137,13.549888610839844,1197.8316650390625,0.8030827045440674,0.1948891133069992,694.0628051757812,0.16451068222522736,7.590860843658447,10.151134490966797,756.6622314453125,0.12304310500621796,2mgml,flu,roi2,4577.053291771197,56165.49213409424,32841.94242095947,438.2108390825651,65251.16864142335,61457.830154418945,4300.022594648449,3056.643307002562,2305.0733670305854,61132.91645812988,6845.643968628367,6893.885948608529,6425.846150640518,6498.996557788317,54962.844566345215,2657.221476510067,7250.264525216493,5757.770605345846,61334.567726135254,8479.90335969862,762.8628599487917,2417.0,65396.0,32596.0,18.0,65534.0,64185.0,2204.0,1465.0,511.0,63967.0,3884.0,3916.0,3571.0,3627.0,54960.0,134.0,4275.0,3128.0,64121.0,6072.0,49.0,5728.635722736031,4201.648806593924,13888.128576729983,2914.711471401719,2261.4395141197756,1709.2591623264277,6287.844947418036,5472.556002180869,4630.741913393433,6494.337309844164,7968.610660511303,8016.748043667727,7574.877580819385,7641.645420938274,145.41527637345774,5927.912604716643,8229.858387148832,6967.101235081051,6404.192058796735,7904.569961852136,2631.007188660716,D1,N8,t,appliedMASKiso_2mgml_roi2_8bit.ome
appliedMASKiso_flu_2mgml_roi2_8bit.ome,27,66.06731333,59.35213333,0.901437,3.680896667,59.7585,50.4405,0.924845,3.5829,30.0,38.10712792,27.49719074,0.066893258,0.835384179,27.0,3772,32.7489,3112,102,30.5098,18,1.235,0.013,0.1186,0.2236,131072,0.6683149933815002,1173.084228515625,0.43665048480033875,12.665153503417969,13.930071830749512,1206.3074951171875,0.8142560124397278,0.6768868565559387,1141.211181640625,0.47056347131729126,12.273490905761719,12.27608585357666,1151.02685546875,0.8282924890518188,0.19165048003196716,669.9903564453125,0.1759006381034851,7.280816078186035,10.04155445098877,782.52392578125,0.11877737939357758,2mgml,flu,roi2,4407.514677300449,55557.40966796875,32810.49211883545,368.98073685780645,65296.142723083496,61701.62689971924,4015.7546384524107,2899.766243572687,2195.0874276106856,61340.630859375,6566.849147175122,6611.424586153743,6123.93218450506,6200.295523088264,54964.27883911133,2590.6143564356435,7099.972882179479,5517.572205281147,61556.04567718506,8301.129272501843,661.4444418066354,2276.0,65226.0,32591.0,18.0,65535.0,64320.0,1979.0,1316.0,466.0,64078.0,3667.0,3694.0,3353.0,3410.0,54960.0,134.0,4094.0,2942.0,64241.0,5753.0,42.0,5568.5697420241695,4075.402615876708,14022.355511096492,2918.184111104164,1965.0681165958279,1489.3370789076139,6010.902740704071,5209.8736484827205,4401.925088858496,6256.532951138034,7743.335561528292,7787.683854727558,7315.527016481382,7387.25395548356,121.2720639944083,6123.3975440491495,8158.237037220049,6754.652827827108,6156.9983441854365,7885.182921113408,2248.7046162409697,D1,N8,t,appliedMASKiso_2mgml_roi2_8bit.ome
appliedMASKiso_flu_2mgml_roi2_8bit.ome,28,66.0890875,54.9571875,0.92826375,4.019496875,60.305,47.5825,0.93658,3.9528,32.0,39.39329429,24.39720442,0.035816784,0.859904934,28.0,3776,32.7121,3123,94,33.2234,18,1.2324,0.0166,0.106,0.2468,131072,0.684642493724823,1091.500244140625,0.4693182408809662,11.710551261901855,13.973591804504395,1249.5911865234375,0.82403564453125,0.708456814289093,1023.1504516601562,0.5206801891326904,10.929359436035156,11.499063491821289,1121.315185546875,0.8461325168609619,0.1909169703722,637.4561767578125,0.19149766862392426,6.893919467926025,10.633443832397461,855.0740966796875,0.11794950813055038,2mgml,flu,roi2,4285.839673482987,55248.57362365723,32890.33666229248,398.6302212389381,65287.19716644287,61822.58130645752,3733.5847610255855,2720.6848035622165,2232.130521480585,61413.98246765137,6318.8629544791975,6361.426521177794,5844.044437965932,5925.237474490858,54964.390785217285,2474.0403470715837,6914.355803590021,5315.660880429803,61655.08061981201,8028.065753196452,710.2463864143905,2041.0,64903.0,32598.0,20.0,65535.0,64478.0,1664.0,1112.0,412.0,64223.0,3287.0,3314.0,2967.0,3024.0,54961.0,134.0,3785.0,2620.0,64398.0,5236.0,41.0,5597.313193251704,3941.8968103292773,13847.026175681744,3161.610524805094,1801.2576575870205,1414.3589794824431,5992.927087824688,5038.992131472691,4550.693261728364,6324.574523031762,7747.15064128524,7793.36944670289,7261.181431895022,7342.303822509997,136.2799016101546,5828.058959411855,8241.38481070364,6751.763417832445,6188.00390468608,7922.837343232715,2282.3924730902836,D1,N8,t,appliedMASKiso_2mgml_roi2_8bit.ome
appliedMASKiso_flu_2mgml_roi2_8bit.ome,29,82.50503,52.01516667,0.924999667,3.812653333,75.5165,41.373,0.93377,3.822,30.0,42.39933627,24.2708269,0.044458938,0.743178111,29.0,3253,38.293,2710,96,28.2292,16,1.1946,0.0175,0.082,0.2091,131072,0.7399889826774597,921.0310668945312,0.5107393860816956,9.599703788757324,11.987319946289062,1172.380126953125,0.8581041097640991,0.7623171806335449,843.81103515625,0.5470407009124756,8.733647346496582,9.773456573486328,1017.9805908203125,0.8767093420028687,0.17137204110622406,584.3912963867188,0.18885359168052673,6.148165702819824,9.77407169342041,885.1422119140625,0.10212007164955139,2mgml,flu,roi2,4066.2982607154613,53556.99091339111,32873.151275634766,330.47839821611075,65333.66312408447,62196.86904144287,3582.052978262915,2663.7088924437753,1827.737344880726,61804.74108886719,5820.52615678034,5856.0284479775855,5387.985915255239,5461.5276420500095,54965.35013580322,2783.4484188698807,6271.3823556714515,4970.2159548343,62034.24060821533,7832.1536157033515,552.0960093717371,1856.0,51079.0,32598.0,18.0,65535.0,64635.0,1484.0,990.0,366.0,64351.0,3006.0,3033.0,2673.0,2730.0,54965.0,134.0,3502.0,2369.0,64546.0,4793.0,38.0,5428.780754829636,4052.95187931617,14135.378774170877,3364.3873786853105,1455.1421694849346,1173.6688744090566,5426.815981212886,5090.173719856041,3513.404234401619,5653.85471562525,7124.574885935918,7159.069289606519,6753.214372105815,6813.977663805467,177.07178951430052,6007.573453735788,7262.710237130823,6408.999551563793,5581.310248810982,8053.442365388168,1736.533475901192,D1,N8,t,appliedMASKiso_2mgml_roi2_8bit.ome
appliedMASKiso_flu_2mgml_roi2_8bit.ome,30,63.086536,52.38464,0.9347388,4.00326,65.225,41.314,0.94577,3.8203,25.0,39.7888504,25.31204039,0.035818343,0.777380674,30.0,3317,37.5155,2793,88,31.7386,17,1.2062,0.0168,0.086,0.1817,131072,0.725071132183075,958.8341674804688,0.49091199040412903,10.174201965332031,12.225386619567871,1177.0408935546875,0.8501309156417847,0.7432886958122253,942.9371337890625,0.5168032646179199,9.92094898223877,9.873451232910156,987.8616333007812,0.8661741614341736,0.1653391271829605,542.8870239257812,0.20080512762069702,5.865272045135498,9.394871711730957,844.8878784179688,0.09877001494169235,2mgml,flu,roi2,4008.214040304764,54145.75915527344,32899.605831953675,379.30680936140186,65318.08752441406,62248.944984436035,3564.7809740677753,2690.0792474946916,1838.529841810046,61849.62331390381,5722.523046294196,5755.91519870971,5280.763875238359,5355.502171484253,54965.128662109375,2488.8724440116844,6212.223457070134,4884.152759927085,62083.809478759766,7730.256831565065,588.9735333608759,1828.0,64522.0,32595.0,17.0,65535.0,64654.0,1484.0,990.0,365.0,64357.0,2960.0,2987.0,2618.0,2679.0,54963.0,134.0,3476.0,2327.0,64560.0,4744.0,38.0,5407.129576449456,4169.114831435847,14163.970839664866,3476.994987609083,1532.5271294859162,1234.2606468612123,5428.702140799366,5121.472947632024,3781.9288078067157,5691.204019554311,7112.467521985611,7143.9927795557705,6724.192721377141,6787.094869807931,161.91740836980873,5868.770935251099,7371.938596389801,6383.854097556702,5606.367152280187,8021.818384661755,2005.1615858791088,D1,N8,t,appliedMASKiso_2mgml_roi2_8bit.ome
appliedMASKiso_flu_2mgml_roi2_8bit.ome,31,64.83883333,57.13427778,0.936524444,4.081022222,68.952,46.8555,0.935415,3.9537,18.0,41.62352748,24.3668571,0.032149848,0.764292551,31.0,3221,38.6933,2608,91,28.6593,13,1.1981,0.0152,0.0874,0.1748,131072,0.7133955955505371,1035.9022216796875,0.46456223726272583,10.935077667236328,12.127915382385254,1152.6329345703125,0.8440861701965332,0.7170335054397583,1018.211181640625,0.49888020753860474,10.736631393432617,10.980855941772461,1075.30908203125,0.8514491319656372,0.15883439779281616,549.391845703125,0.18588942289352417,5.850539684295654,8.292448997497559,754.6614379882812,0.09302079677581787,2mgml,flu,roi2,3966.061898445737,53969.98960876465,32901.20819091797,275.75373828432424,65361.301414489746,62346.090675354004,3542.5542708755024,2681.881229080066,1845.2050206921642,61936.79190826416,5672.777233615618,5706.443135054246,5223.845730027549,5299.760466619053,54965.63360595703,2662.4064582265505,6208.307426112981,4831.7191953202055,62174.82078552246,7776.99846104139,541.8433547986655,1882.0,65097.0,32595.0,15.0,65535.0,64681.0,1597.0,1071.0,361.0,64400.0,2983.0,3007.0,2658.0,2713.0,54963.0,134.0,3476.0,2386.0,64596.0,4869.0,35.0,5239.08833110752,3977.8840886742537,14543.853489587369,3490.863238110746,969.1631764202317,883.779097246208,5287.74289891892,4832.3362538600795,4006.0395150645218,5641.389992640725,7028.4595150907135,7065.6882472091875,6588.091001211342,6660.22855072343,154.34543065838415,6005.915748305588,7451.576124791213,6220.040551069133,5513.2130439803905,8023.4297841655325,1790.7939871202375,D1,N8,t,appliedMASKiso_2mgml_roi2_8bit.ome
appliedMASKiso_flu_2mgml_roi2_8bit.ome,32,80.80529048,53.71752381,0.925314286,3.820761905,76.675,43.431,0.93284,3.7332,21.0,41.85190739,27.16827869,0.030323173,0.831106682,32.0,3419,36.3366,2746,90,30.5111,8,1.215,0.0094,0.0886,0.1946,131072,0.7030839920043945,1091.80419921875,0.4523816704750061,11.509506225585938,12.520665168762207,1161.8897705078125,0.8368358612060547,0.7194640636444092,1046.697021484375,0.46312201023101807,10.951769828796387,10.760893821716309,1032.3958740234375,0.8521992564201355,0.1710256189107895,613.1456909179688,0.16690389811992645,6.517716407775879,8.916507720947266,787.5961303710938,0.10164982080459595,2mgml,flu,roi2,3937.307227579145,53943.61845397949,32868.56483459473,226.40782083353,65383.43618774414,62405.391174316406,3511.7490380121903,2653.730036888628,1707.7296216157245,62003.31491088867,5635.678197798447,5669.086184828057,5185.519839576756,5261.602013823705,54966.78512573242,2114.471958174905,6144.524925334927,4797.597312057343,62238.63857269287,7802.032485706972,454.2948946027927,1938.0,65143.0,32582.0,13.0,65535.0,64643.0,1619.0,1099.0,365.0,64369.0,3067.0,3095.0,2749.0,2805.0,54963.0,134.0,3528.0,2459.0,64558.0,4999.0,37.0,5083.010804487892,3851.084943513291,14603.777294533513,3431.789122630789,774.3949387156528,724.9639304838421,5013.330439401815,4735.2381422926555,3341.063807362091,5284.021960829912,6748.960151978922,6781.753920747164,6345.707014037702,6411.236301282235,104.01094739520526,5153.92159719297,7035.554361309562,6017.633161726994,5193.165890744194,7961.024403056728,1327.32617079468,D1,N8,t,appliedMASKiso_2mgml_roi2_8bit.ome
appliedMASKiso_flu_2mgml_roi2_8bit.ome,33,72.82558333,53.89095833,0.92041875,3.925429167,66.7295,46.924,0.92982,3.6723,24.0,37.08843391,21.46599818,0.035769324,0.966560801,33.0,3340,37.2434,2642,86,30.7209,14,1.1984,0.013,0.09,0.1636,131072,0.7059557437896729,1071.8468017578125,0.4613475203514099,11.267035484313965,12.883052825927734,1188.4034423828125,0.8374816179275513,0.7249874472618103,1036.241943359375,0.4798750877380371,10.749885559082031,10.323320388793945,1001.9962158203125,0.8558456897735596,0.18381346762180328,643.9558715820312,0.16818852722644806,6.847203254699707,10.207143783569336,878.6583251953125,0.11108437180519104,2mgml,flu,roi2,3959.9879698861296,53689.544258117676,32824.69836425781,302.34830108541763,65353.928161621094,62373.570251464844,3439.964199379508,2584.280278340527,1823.3732558566498,61956.251373291016,5689.8859154204965,5724.815526821238,5229.848393126629,5307.700619083551,54967.28591918945,2337.7827172827174,6214.164468719989,4832.220143366717,62199.18503570557,7761.63660138565,534.1612565445026,1878.0,64653.0,32592.0,14.0,65535.0,64678.0,1597.0,1058.0,349.0,64402.0,2998.0,3024.0,2684.0,2736.5,54963.0,134.0,3451.0,2392.0,64592.0,4854.0,37.0,5163.56047322325,3792.35026946423,14745.63898688595,3358.7898948858697,1230.3711090815139,979.3492332650245,5145.152879591285,4678.184416407085,3682.5633137676177,5467.297544221972,6909.195899271399,6945.16356953213,6464.043805680444,6536.729297099146,98.04474423778984,5180.430325068384,7274.774991718798,6120.860993762502,5349.357938396277,7911.21918373683,1662.5734157316988,D1,N8,t,appliedMASKiso_2mgml_roi2_8bit.ome
appliedMASKiso_flu_2mgml_roi2_8bit.ome,34,74.68786,52.37376667,0.927589667,3.909076667,72.6855,47.5655,0.92725,3.8435,30.0,39.57289395,20.28655731,0.026732477,0.648889127,34.0,3285,37.9004,2642,79,33.443,13,1.1991,0.0143,0.0934,0.1712,131072,0.7048936486244202,1039.3233642578125,0.4871508479118347,10.95316219329834,13.268302917480469,1212.740478515625,0.8367303013801575,0.7352752685546875,950.3739624023438,0.519798755645752,9.925551414489746,10.229785919189453,996.5783081054688,0.8617090582847595,0.1888897567987442,637.2108154296875,0.16643284261226654,6.795534610748291,10.643211364746094,893.0709228515625,0.11434344202280045,2mgml,flu,roi2,3989.6544724151813,53395.1480178833,32868.36744970283,382.43753740096224,65321.751068115234,62306.45314788818,3484.3880114158374,2593.5183650331333,1927.394401330377,61870.65746307373,5740.65564587277,5777.406504552501,5283.610497734456,5361.222340234178,54966.03307342529,2159.6372881355933,6252.482051238127,4876.23004907965,62120.42523956299,7697.0852855270705,634.7440771926155,1844.0,61509.5,32602.0,16.0,65535.0,64692.0,1552.0,1017.0,366.0,64419.0,2975.0,2998.0,2651.0,2707.0,54964.0,134.0,3425.0,2350.0,64609.0,4761.0,36.0,5294.195272080615,3798.83091359494,14720.800672638961,3324.916532401955,1519.538823568613,1147.4277160810877,5370.767151377321,4755.511595204041,3950.80491779298,5756.357174305924,7141.502637018526,7181.68599115481,6685.918913418659,6761.229292466145,136.77578084020166,5281.864655396958,7499.868923985521,6307.274528312318,5617.5798399859705,7922.062205185587,1956.8384263812047,D1,N8,t,appliedMASKiso_2mgml_roi2_8bit.ome
appliedMASKiso_flu_2mgml_roi2_8bit.ome,35,75.34960588,56.88594118,0.927034118,3.853494118,72.035,47.82,0.940995,3.7363,34.0,37.5500463,25.66894399,0.033281861,0.830666736,35.0,3268,38.108,2638,75,35.1733,11,1.2008,0.022,0.0956,0.1806,131072,0.7105056047439575,995.2990112304688,0.504518985748291,10.539158821105957,13.15914535522461,1208.5447998046875,0.8399448990821838,0.7486917972564697,845.896728515625,0.5443824529647827,8.926900863647461,10.104421615600586,1001.3262329101562,0.869343638420105,0.1885354071855545,630.9979248046875,0.1719112992286682,6.748818397521973,10.493335723876953,877.8370361328125,0.11418138444423676,2mgml,flu,roi2,3974.074444235278,53405.260986328125,32910.09949493408,388.37426175720014,65317.66611480713,62316.13250732422,3503.8443969086393,2611.945447734711,1948.4009169780727,61882.16482543945,5688.488859035134,5724.668055721938,5239.36130268855,5315.637542142283,54966.68482208252,2051.3915693245303,6161.304870535485,4846.546788629713,62130.95461273193,7625.910726815327,664.9193337600683,1764.0,61153.5,32604.5,16.0,65535.0,64747.0,1439.0,963.0,357.0,64473.0,2864.0,2884.0,2535.0,2595.0,54964.0,134.0,3296.0,2253.0,64666.0,4578.0,36.0,5396.372725936736,3917.6635522626316,14685.6597050632,3478.3228154771923,1400.079058300593,1108.4200859641885,5450.458638705813,4943.229465320427,4014.9614294677813,5823.127060708915,7223.836053309227,7263.826045200447,6793.405815830753,6864.596686290154,128.31589612254365,5056.999609032939,7504.083729732735,6421.370857482461,5695.325091826486,8051.16973164951,1996.063248172724,D1,N8,t,appliedMASKiso_2mgml_roi2_8bit.ome
appliedMASKiso_flu_2mgml_roi2_8bit.ome,36,85.41733333,57.6057037,0.936057778,3.871777778,82.648,53.943,0.94975,3.9544,27.0,37.31026207,25.48391422,0.029819527,0.647577359,36.0,3345,37.1847,2623,75,34.9733,7,1.2002,0.012,0.0883,0.1628,131072,0.7339649796485901,961.6126098632812,0.521260678768158,9.907001495361328,12.323143005371094,1207.1082763671875,0.8545292615890503,0.7708251476287842,811.379638671875,0.5698972940444946,8.330543518066406,9.711318969726562,1034.823974609375,0.8818835616111755,0.1784122735261917,642.7958984375,0.16804669797420502,6.667273998260498,9.640868186950684,876.7736206054688,0.1055242046713829,2mgml,flu,roi2,3928.134688029178,52572.00762939453,32851.90488433838,301.36079618324527,65356.839698791504,62506.96585083008,3670.914008730078,2790.954309207187,1651.2952381842133,62158.45406341553,5461.5109808518955,5490.735860362121,5081.4194259910555,5145.792523121011,54966.09573364258,2336.2864424057084,5743.740645217315,4743.2426034475275,62367.52938079834,7654.879440753767,538.4705696419982,1684.0,51079.0,32607.0,15.0,65535.0,64853.0,1507.0,1004.0,300.0,64589.0,2676.0,2699.0,2387.0,2435.0,54965.0,134.0,3090.0,2135.0,64778.0,4398.0,31.0,5476.12157445535,4307.887314062698,15019.937928891688,3403.8433545837406,910.6266759658317,839.9719332634173,5260.081156636993,5264.506395610908,3430.8717712326156,5451.709783977971,7035.3506315834065,7064.240907379039,6700.790234637812,6755.05746140552,166.27095656248113,5513.352987487541,7005.007291944366,6418.192033134773,5400.948016309294,8398.935604107988,1558.662207772714,D1,N8,t,appliedMASKiso_2mgml_roi2_8bit.ome
appliedMASKiso_flu_2mgml_roi2_8bit.ome,37,88.50736,59.65572,0.92444,4.025812,81.119,53.685,0.93351,4.0726,25.0,39.49381173,25.39442261,0.043739213,0.867692294,37.0,3050,40.9747,2354,73,32.2466,13,1.1762,0.0107,0.0831,0.1502,131072,0.7578680515289307,877.9273071289062,0.5383872985839844,8.967989921569824,11.52846622467041,1184.30908203125,0.8688743710517883,0.7820351123809814,781.7708740234375,0.5898711085319519,7.898415565490723,9.415983200073242,1016.6116943359375,0.8877230882644653,0.16673630475997925,587.5866088867188,0.1796383559703827,6.074120998382568,9.546125411987305,923.5201416015625,0.09728194773197174,2mgml,flu,roi2,3856.152398390803,51846.67523956299,32891.99090576172,388.64117334749136,65337.9232711792,62676.417541503906,3903.7885843675904,3017.3168243863884,1459.78279661822,62386.83628845215,5223.470593413558,5246.577920191555,4910.205014216925,4963.130056251485,54968.50148773193,1988.8397246804327,5347.547725732194,4617.6885040978195,62563.67948150635,7556.707914821694,518.6623521283645,1616.0,51079.0,32609.0,14.0,65535.0,64915.0,1597.0,1085.0,283.0,64658.0,2578.0,2593.0,2297.0,2343.0,54966.0,134.0,2987.0,2054.0,64844.0,4232.0,30.0,5568.046062356374,4925.304598551676,15337.450639068322,3398.954330596726,1457.0593308334742,1093.1294561482662,5101.868159914723,5827.318291189183,3045.333318791009,5137.175033904574,6782.095999805393,6796.3524477167575,6591.322135067414,6620.129917154799,95.57502267184745,4972.854835328483,6457.056086354491,6410.850752691254,5170.257219169035,8542.998111383302,1652.8973084236538,D1,N8,t,appliedMASKiso_2mgml_roi2_8bit.ome
appliedMASKiso_flu_2mgml_roi2_8bit.ome,38,87.79676,58.37904,0.938394,3.717412,86.987,49.734,0.93699,3.5451,25.0,41.32420747,23.36959385,0.025981797,0.72239977,38.0,2662,47.2385,2131,62,34.371,7,1.1444,0.015,0.0682,0.1517,131072,0.8051270842552185,726.1155395507812,0.5579007267951965,7.11979341506958,9.771814346313477,1075.88525390625,0.8964436054229736,0.8387754559516907,631.660888671875,0.6015911102294922,6.092142105102539,7.000416278839111,794.7613525390625,0.9182605743408203,0.1485791802406311,523.7499389648438,0.1809648722410202,5.227125644683838,9.032126426696777,963.49755859375,0.08414723724126816,2mgml,flu,roi2,3642.188833486893,50447.380310058594,32911.5774230957,444.7123522309269,65347.45728302002,63008.187408447266,3861.158970040773,3000.560616468711,1182.4290547185399,62785.7762298584,4796.572073781005,4815.237737791989,4558.251729806876,4598.660695897242,54968.83274078369,2265.6078338839075,4740.3763662312795,4320.42189221903,62934.08226776123,7298.661897277474,424.2683002162051,1544.0,51078.0,32623.0,10.0,65535.0,65019.0,1664.0,1126.0,263.0,64772.0,2424.0,2442.0,2179.0,2220.5,54969.0,134.0,2755.0,1952.5,64953.0,4046.0,28.0,5390.939506273185,5054.216645322022,15724.97212989904,3279.7079633570675,2176.2070397524035,1324.0454475947392,4622.750962663128,5769.054727023781,2446.9114006662285,4513.036297623086,6232.036730288546,6238.339020112716,6139.447511646246,6151.810919947072,119.94959421653537,5339.2957229345,5594.472716829857,6069.220583403647,4603.764793844041,8510.387853672146,1497.8288168612055,D1,N8,t,appliedMASKiso_2mgml_roi2_8bit.ome
appliedMASKiso_flu_2mgml_roi2_8bit.ome,39,97.91173077,55.80146154,0.936282308,4.101453846,98.6355,51.013,0.94183,3.9967,26.0,41.06294723,21.85097439,0.024671105,0.88085687,39.0,2873,43.6223,2316,69,33.5652,11,1.1647,0.0181,0.0767,0.1257,131072,0.7940841913223267,730.82958984375,0.5242739915847778,7.451789855957031,9.74403190612793,1014.3508911132812,0.8899770379066467,0.8265398740768433,618.1611328125,0.5736891031265259,6.282911777496338,7.120347499847412,763.5888061523438,0.911971926689148,0.1553414762020111,516.6259765625,0.18617022037506104,5.368071556091309,8.942161560058594,893.8944091796875,0.08858418464660645,2mgml,flu,roi2,3642.5160578911095,50111.21187591553,32912.84111022949,490.76909122322047,65331.1438369751,62965.2099609375,3778.5619832820666,2891.9777361036467,1350.3045643403989,62691.61752319336,4922.674587640708,4946.554155754652,4632.879549735814,4682.156342752125,54969.271560668945,2111.1198884758364,5020.210457155984,4357.579591086607,62868.27256011963,7162.0514771422,513.818615216774,1537.0,51078.0,32632.0,13.0,65535.0,65054.0,1574.0,1058.0,286.0,64791.0,2476.0,2497.0,2193.0,2244.0,54969.0,134.0,2884.0,1958.0,64981.0,4021.0,28.0,5395.776576529924,4833.658427331019,16139.770480908306,3347.3768268113827,2164.3168619059006,1353.4284349939671,4767.274596707522,5688.965341692946,2791.093477854315,4719.094291523984,6445.891012354927,6458.7944495956845,6298.349730022434,6320.570842010751,128.7743200371056,5129.375809918923,6024.316662575864,6158.626310384223,4779.927571912158,8278.998912257606,1807.946139418971,D1,N8,t,appliedMASKiso_2mgml_roi2_8bit.ome
appliedMASKiso_flu_2mgml_roi2_8bit.ome,40,86.80627083,55.56020833,0.912489167,3.699983333,88.7815,50.308,0.928995,3.61605,24.0,39.72468624,19.16741481,0.046581772,0.766867845,40.0,3048,41.0029,2511,76,33.0395,14,1.1759,0.0179,0.0803,0.1221,131072,0.7755816578865051,787.6365356445312,0.4843478500843048,8.274993896484375,9.81534194946289,963.41748046875,0.8792641162872314,0.809601902961731,680.4476318359375,0.5366236567497253,7.073818206787109,7.425848007202148,778.80029296875,0.9026967287063599,0.1612677127122879,542.5564575195312,0.1971050649881363,5.770673751831055,8.461848258972168,787.077880859375,0.0925891324877739,2mgml,flu,roi2,3495.2128106008336,49709.277336120605,32946.56446838379,328.1103051910133,65387.874656677246,63070.44153594971,3470.6042282282283,2637.9963003003004,1463.519385896435,62733.86357879639,4911.57382115819,4939.585219700764,4545.713977864521,4607.652854833984,54970.752098083496,2118.618172537009,5228.2593404723875,4230.072738958253,62946.59701538086,6936.974972354281,472.235811475794,1408.0,51079.0,32657.0,13.0,65535.0,65140.0,1394.0,936.0,275.0,64868.0,2332.0,2356.0,2034.0,2085.0,54969.0,134.0,2833.0,1799.0,65068.0,3708.0,29.0,5088.021790100017,4337.952916501989,16814.975936518425,3387.9042440405606,1356.9182507767755,942.6624468608738,4610.758217822299,5166.190772726607,2992.8122906514027,4695.846618831122,6442.593516776105,6463.402467278865,6173.791037968606,6216.723373597965,83.40557922450421,4972.206749458784,6363.886089844973,5930.659685646254,4691.0166656552265,8007.112584814633,1554.8854916732764,D1,N8,t,appliedMASKiso_2mgml_roi2_8bit.ome
appliedMASKiso_flu_2mgml_roi2_8bit.ome,41,88.61478,52.92672,0.9205032,3.650128,93.18,50.262,0.9319,3.6025,25.0,40.83028464,19.91921472,0.035252942,0.575079449,41.0,3297,37.7552,2631,76,34.6184,12,1.1944,0.0275,0.0846,0.06933,131072,0.7571578621864319,825.5095825195312,0.48453575372695923,8.848786354064941,10.306705474853516,963.7305908203125,0.8684444427490234,0.7858695387840271,725.6527099609375,0.5274093151092529,7.719891548156738,8.207547187805176,828.7613525390625,0.889875590801239,0.17071020603179932,567.6419067382812,0.18512515723705292,6.127469539642334,8.557293891906738,745.3309936523438,0.09941943734884262,2mgml,flu,roi2,3368.3003625313727,49385.37791442871,33026.00821685791,326.0957272498109,65395.239585876465,63170.43157196045,3360.6573033707864,2524.945146206993,1466.1452789952527,62879.3470993042,4801.548076275832,4829.699906722697,4477.001567443336,4532.367772211057,54970.19064331055,2456.3382066276804,5098.268465540287,4120.848708061275,63075.57940673828,6690.084565010434,486.5572226499157,1313.0,51079.0,32683.0,14.0,65535.0,65222.0,1349.0,882.0,241.0,64968.0,2164.0,2184.0,1920.0,1963.0,54970.0,134.0,2549.0,1689.0,65159.0,3475.0,30.0,4903.109606206625,4182.719028868781,17146.164571943955,3329.1183078150175,1465.8529637829306,974.2246028781369,4538.134818886082,4991.659051824004,3165.1046764598213,4598.515528662498,6400.807904415613,6425.9458436152045,6126.790295292225,6171.224869074439,91.22301864772051,5598.619403982157,6463.0417978008,5796.34891268366,4587.897775879391,7757.888198932463,1743.1867129527498,D1,N8,t,appliedMASKiso_2mgml_roi2_8bit.ome
appliedMASKiso_flu_2mgml_roi2_8bit.ome,42,84.73711333,52.44813333,0.927904667,3.592763333,92.6705,47.932,0.928105,3.3478,30.0,38.5768844,26.59572827,0.033213407,0.800597127,42.0,3068,40.7226,2472,79,31.2911,9,1.1739,0.0221,0.0837,0.09506,131072,0.7567856907844543,819.34033203125,0.4726506769657135,8.861298561096191,10.074090003967285,923.8429565429688,0.8681885004043579,0.7899906635284424,687.3203125,0.5214816927909851,7.418725967407227,7.957758903503418,789.5180053710938,0.8920838832855225,0.17137712240219116,571.7503662109375,0.1777603179216385,6.210524559020996,8.348543167114258,708.8919067382812,0.10020171105861664,2mgml,flu,roi2,3183.179248711024,48536.1890335083,32979.4465713501,245.73510498687665,65424.427810668945,63352.86264038086,3323.160050358632,2461.0989500918236,1292.7691773727936,63108.378845214844,4536.248367296833,4562.263530567149,4287.674794991407,4330.6537490793025,54970.58666229248,2311.0354713313895,4691.306820525411,3921.2632457647924,63279.68640899658,6390.741055732875,433.805065447529,1215.0,51078.0,32682.0,13.0,65535.0,65291.0,1327.0,868.0,209.0,65051.0,1990.0,2011.0,1804.0,1837.0,54971.0,134.0,2266.0,1579.0,65238.0,3233.0,30.0,4623.343154889119,3939.294356028583,17324.119193513554,3164.1566345707565,1011.7958185910318,731.2495512451076,4248.71742807972,4811.210887580653,2789.737546597635,4252.879431186328,6076.481382966044,6102.219878128409,5862.527107445277,5897.6556843868875,113.62224947691767,5476.966060209732,6028.270986892096,5506.507962109991,4270.376635508429,7463.271445316126,1406.693553202181,D1,N8,t,appliedMASKiso_2mgml_roi2_8bit.ome
appliedMASKiso_flu_2mgml_roi2_8bit.ome,43,91.52797308,47.8085,0.930891538,3.624011538,100.083,43.4965,0.942215,3.53325,26.0,41.37464671,18.58180457,0.034451487,0.67530421,43.0,3095,40.3499,2427,73,33.2466,14,1.1861,0.0204,0.0793,0.1071,131072,0.7660870552062988,800.0090942382812,0.45528295636177063,8.650798797607422,9.418803215026855,867.1296997070312,0.8736836910247803,0.7935620546340942,681.6256103515625,0.4836321175098419,7.410801887512207,7.520328998565674,735.8358764648438,0.8941041231155396,0.1638222485780716,558.4363403320312,0.18339069187641144,6.06535005569458,7.79095983505249,661.6640014648438,0.09564998000860214,2mgml,flu,roi2,2951.7800641154076,47779.39404296875,33003.280990600586,245.4431785195936,65437.35639953613,63580.480796813965,3152.221162643395,2330.618833133929,1129.0585333288072,63362.51712036133,4186.004778601483,4209.614215588059,3980.1120516930473,4015.975195351633,54970.34310913086,2360.727358047865,4269.904948908034,3637.23850931677,63522.93935394287,6006.648056501703,387.11712042943543,1092.0,51075.0,32768.0,14.0,65535.0,65338.0,1259.0,814.0,169.0,65100.0,1790.0,1802.0,1628.0,1655.0,54971.0,134.0,2009.0,1419.0,65287.0,2931.0,25.0,4366.090132438348,3761.1399580952593,17459.74187600427,3167.1716491358175,1011.5890299395828,688.1251080402678,3930.3421369796993,4602.375292704098,2461.2790523884682,3884.183575246629,5712.20291082321,5736.251636217636,5531.71350741229,5561.328723747436,117.06699512838769,5337.839997054992,5619.655285523495,5194.069633886968,3920.8549616819532,7155.439988079708,1252.2338382336293,D1,N8,t,appliedMASKiso_2mgml_roi2_8bit.ome
appliedMASKiso_flu_2mgml_roi2_8bit.ome,44,89.28814828,44.66496552,0.921531379,3.564227586,98.246,40.978,0.92355,3.5387,29.0,43.03106443,13.24797089,0.032152407,0.822488819,44.0,3134,39.8229,2543,75,33.9067,11,1.1991,0.0185,0.0784,0.1214,131072,0.7656030058860779,805.1055297851562,0.45710963010787964,8.727209091186523,9.327357292175293,850.7820434570312,0.8733426928520203,0.7930492162704468,693.1345825195312,0.48614469170570374,7.4761528968811035,7.539626121520996,727.410400390625,0.8937058448791504,0.16187159717082977,555.9829711914062,0.1675683856010437,6.089045524597168,7.8583526611328125,644.5020141601562,0.09651313722133636,2mgml,flu,roi2,2731.3725826984864,46959.90141296387,33009.04712677002,216.48278744585454,65450.1969833374,63756.92687225342,3004.4925824758047,2248.2291661760896,973.5963161227191,63563.81352996826,3868.354103097783,3888.3899609998584,3699.0914280518114,3728.6454119263644,54970.94528961182,2694.4944301628107,3883.9703154363774,3371.9328712591187,63713.00452423096,5611.264524016408,331.4049833825359,1043.0,51066.0,32768.0,13.0,65535.0,65351.0,1147.0,732.0,164.0,65115.0,1723.0,1741.0,1567.0,1596.0,54973.0,143.0,1906.0,1361.0,65302.0,2790.0,21.0,4081.3813487830357,3707.2575737406837,17391.358321352403,3159.434085634571,828.0759931970376,582.2017481181543,3592.993887403817,4472.881025141101,2048.8702420717877,3478.1737868618493,5264.5201645835705,5282.564867764848,5151.737483726762,5169.9404661693,113.05780787718993,5773.715010090957,5028.716330290978,4843.789066904443,3556.803545668647,6781.0570101891135,1054.0465240193155,D1,N8,t,appliedMASKiso_2mgml_roi2_8bit.ome
appliedMASKiso_flu_2mgml_roi2_8bit.ome,45,90.67830769,47.99523077,0.93555,3.6039,95.7055,42.1235,0.93912,3.3929,26.0,46.67574211,15.63090073,0.027763869,0.800314011,45.0,2998,41.7201,2430,75,32.4,16,1.1798,0.0163,0.0689,0.1113,131072,0.7912352085113525,698.9302978515625,0.5007479190826416,7.486457824707031,8.694790840148926,828.2269897460938,0.8887597322463989,0.8122357726097107,617.620361328125,0.5528984069824219,6.585620880126953,7.160190582275391,720.6593017578125,0.9045013189315796,0.14379243552684784,457.8953857421875,0.16242867708206177,5.025656700134277,7.40156364440918,635.8455200195312,0.0839475765824318,2mgml,flu,roi2,2564.87429916318,44960.94047546387,32968.79391479492,120.77712009106432,65477.706771850586,63932.351219177246,2683.4418974653954,1986.7028846271523,949.7086855716069,63702.25228881836,3636.000209205021,3656.445658995816,3444.3998744769874,3477.57089958159,54971.83644866943,2562.56208482371,3752.297468619247,3156.1010564853555,63870.878730773926,5334.124288702928,273.14321137211107,1052.0,50836.0,32768.0,10.0,65535.0,65369.0,1080.0,705.0,171.0,65129.0,1686.0,1697.0,1534.0,1560.0,54975.0,134.0,1880.0,1351.0,65319.0,2792.0,22.0,3667.5966237046514,3161.4966963874904,17211.09623915249,3093.4781295193493,365.75176861325855,319.9607121676832,3155.3553355959434,3862.542437222864,1905.4611589222407,3125.9092093275444,4802.007360830756,4821.529390735793,4648.165099079554,4673.287872558878,141.02379907679625,5506.106804440347,4737.312658388984,4369.868058848419,3166.1169734986083,6357.588201269121,752.0386825268425,D1,N8,t,appliedMASKiso_2mgml_roi2_8bit.ome
appliedMASKiso_flu_2mgml_roi3_8bit.ome,1,92.50863721,47.86862791,0.906892558,3.42822093,90.0,43.439,0.91414,3.1991,43.0,54.33405417,14.19468977,0.037830538,0.772552392,1.0,5514,21.7709,4483,168,26.6845,30,1.3419,0.025,0.2303,0.02619,131072,0.39319416880607605,3658.426513671875,0.29731565713882446,32.267757415771484,32.5328483581543,2723.86865234375,0.6187115907669067,0.3730553388595581,3731.6328125,0.30597537755966187,32.84415817260742,31.375181198120117,2865.564697265625,0.6219540238380432,0.18805770576000214,1095.8548583984375,0.12088858336210251,9.788435935974121,16.101917266845703,980.836669921875,0.15021675825119019,2mgml,flu,roi3,4913.931646577734,62413.80921173096,31854.257448253236,245.36159634506853,65309.465339660645,60440.41975402832,4963.647658555361,3544.54522516358,3182.5901308068364,59921.09735107422,7952.6750647083145,7995.662299174491,7317.903465915182,7420.467109797375,2380.009521484375,2820.9981036662452,9008.989531802798,6205.114361416997,60296.76899719238,8226.294487923667,1024.4499117500025,2840.0,65530.0,31674.0,16.0,65534.0,63195.0,2751.0,1850.0,982.0,62724.0,5213.0,5252.0,4579.0,4683.0,2380.0,138.0,6907.0,3740.0,63058.0,6155.0,76.0,5580.688620966567,4342.260072095849,7508.461279591466,3412.407492809817,950.697296933963,1007.3206934565453,6661.109288542186,5813.166870396634,5157.39533709462,6802.125107440919,8155.416763571243,8189.81520057465,7806.46320528488,7862.180380292117,2.7692862269129335,6485.309415413423,7881.019491325208,6821.651796065482,6718.692599830716,7432.61908429745,3037.2125327259614,D1,N8,t,appliedMASKiso_2mgml_roi3_8bit.ome
appliedMASKiso_flu_2mgml_roi3_8bit.ome,2,94.07237273,50.96065909,0.899837727,3.508379545,94.836,41.586,0.913695,3.3252,44.0,53.60880716,24.45318775,0.056143925,0.805324107,2.0,5846,20.421,4817,189,25.4868,46,1.36,0.0279,0.2381,0.03804,131072,0.379477322101593,3751.21337890625,0.2909293472766876,33.154510498046875,33.33572006225586,2760.867919921875,0.6079383492469788,0.3599667549133301,3865.10107421875,0.29504984617233276,34.07123565673828,31.8459529876709,2863.97998046875,0.6114722490310669,0.18402770161628723,1065.379638671875,0.11822321265935898,9.563737869262695,16.137819290161133,962.4865112304688,0.14894983172416687,2mgml,flu,roi3,5229.63214640483,62817.41240692139,31915.12092590332,262.92206742249044,65289.484367370605,60099.832679748535,5234.394686649656,3761.6188425576643,3403.4583194385204,59587.425552368164,8410.748276916023,8454.463521051424,7741.435638419806,7849.382066172538,2379.979949951172,2782.7902298850577,9520.292259494154,6581.945877588447,59962.15051269531,8713.695407656453,1060.5474800525199,2975.0,65531.0,31695.0,18.0,65534.0,63069.0,2751.0,1836.0,1050.0,62586.0,5455.0,5492.0,4786.0,4895.0,2380.0,138.0,7282.0,3915.0,62932.0,6451.0,79.0,5970.432005576931,4741.845374459118,6883.470715901031,3319.3289687005354,911.3613114115371,1029.8954249282856,7053.218085990374,6255.893623782303,5304.216277184025,7136.067074319094,8591.956903989503,8622.302689622451,8248.01787260526,8302.133061259774,3.7155309856476255,6151.172689262019,8285.814525618049,7248.478442675522,7080.31687158383,7881.862190269589,2936.5392099193505,D1,N8,t,appliedMASKiso_2mgml_roi3_8bit.ome
appliedMASKiso_flu_2mgml_roi3_8bit.ome,3,78.52398049,54.58880488,0.904346098,3.489656098,82.763,49.727,0.91165,3.4915,41.0,58.69109124,25.56038834,0.035896204,0.760752483,3.0,5755,20.7755,4670,177,26.3842,35,1.3555,0.0272,0.2349,0.02906,131072,0.3850363492965698,3719.33740234375,0.2955995202064514,32.78947067260742,32.92124938964844,2759.6435546875,0.6134267449378967,0.37007051706314087,3811.0791015625,0.29845717549324036,33.554996490478516,30.707185745239258,2795.738037109375,0.6193720102310181,0.1808345913887024,1052.14111328125,0.12367580831050873,9.411003112792969,15.78508472442627,965.2547607421875,0.1448545902967453,2mgml,flu,roi3,5483.29562596576,63005.60176086426,31787.049392700195,260.959063678722,65285.75412750244,59905.12901306152,5449.343321767485,3928.803294176665,3370.5828459282934,59446.057708740234,8686.886594862537,8730.249047626334,8029.458516285972,8135.537192295335,2379.9850463867188,2960.721807186055,9572.378203264843,6863.343168153237,59797.90683746338,9158.449742208895,1039.385842823,3118.0,65531.0,31695.0,18.0,65533.0,62967.0,2864.0,1907.0,1071.0,62498.0,5661.0,5702.5,4984.0,5093.0,2380.0,138.0,7406.0,4088.0,62831.0,6780.0,82.0,6237.163640622866,4967.285382327848,6718.29930494673,3207.3024848430387,897.0469987961,1035.4941699519798,7272.817123652704,6502.547410337567,5189.814360855502,7287.250897769684,8824.706294036077,8851.565973542669,8499.24355313609,8550.199829135303,3.1295288117839357,6439.202898672989,8171.6000058768095,7519.959620471904,7261.534260991818,8244.576181490427,2920.766625308841,D1,N8,t,appliedMASKiso_2mgml_roi3_8bit.ome
appliedMASKiso_flu_2mgml_roi3_8bit.ome,4,93.22725455,56.49954545,0.908019697,3.696133333,97.125,45.066,0.91879,3.5542,33.0,55.56524676,25.67517961,0.054942806,0.786770566,4.0,5631,21.277,4614,174,26.5172,35,1.3464,0.018,0.2178,0.03469,131072,0.4074779450893402,3674.794677734375,0.2944568395614624,31.968467712402344,31.576013565063477,2722.358642578125,0.6305931210517883,0.38839998841285706,3802.87109375,0.303352415561676,33.01239013671875,29.770524978637695,2772.727294921875,0.6333902478218079,0.1889050155878067,1133.6759033203125,0.11812355369329453,10.00800609588623,15.616722106933594,1017.552490234375,0.14657507836818695,2mgml,flu,roi3,5596.207848580829,62895.04666137695,31871.888694763184,216.3074800152265,65316.78401184082,59959.21341705322,5716.061317975486,4132.019111557389,3058.616260770657,59627.62233734131,8593.449326267515,8632.498753767457,8053.05635271832,8140.669882585722,2379.9364852905273,2665.77820201319,8959.025591864594,6945.366584095772,59909.09760284424,9460.593467440736,935.5426113111803,3110.0,65531.0,31712.0,17.0,65534.0,63130.0,3023.0,2049.0,883.0,62776.0,5437.0,5477.0,4874.0,4970.0,2380.0,138.0,6658.0,4035.0,63046.0,6835.0,72.0,6436.165738538155,5159.106337929191,7083.001873109615,3279.3120719281583,675.6434543323807,845.230524575508,7364.86515071355,6746.561459802985,4895.8390581224785,7295.923770650789,8911.070799064648,8936.427882743486,8650.083899776731,8691.198831974212,3.643974619247995,5988.6430715723745,7865.553014459682,7706.957539042935,7313.532112187411,8658.992179061026,2488.365169289298,D1,N8,t,appliedMASKiso_2mgml_roi3_8bit.ome
appliedMASKiso_flu_2mgml_roi3_8bit.ome,5,76.73102045,52.51079545,0.915411818,3.455754545,75.607,43.378,0.91559,3.3201,44.0,53.30627758,23.67203443,0.028043135,0.746932081,5.0,6050,19.665,4955,169,29.3195,40,1.3713,0.0254,0.242,0.03808,131072,0.36960506439208984,3857.03173828125,0.2931011915206909,33.82145690917969,34.691097259521484,2839.344970703125,0.5979858636856079,0.34218257665634155,4082.28076171875,0.30689695477485657,35.65260314941406,33.4663200378418,3002.3916015625,0.5962316989898682,0.1922113299369812,1111.9598388671875,0.1148812547326088,9.926959037780762,16.876821517944336,992.8203125,0.15531399846076965,2mgml,flu,roi3,6186.5409577843875,63337.55970001221,31755.40029144287,312.10268523122824,65223.49912261963,59189.34698486328,6250.6716137640215,4535.940025366915,3749.748739833627,58805.38702392578,9502.505065720556,9544.673102361963,8889.758229406412,8988.840053218739,2379.925224304199,2569.1163265306122,9896.657710217845,7671.261827023804,59114.599113464355,10081.565403231356,1268.9491621587251,3502.0,65532.0,31710.0,23.0,65533.0,62703.0,3364.0,2291.0,1113.0,62311.5,6074.0,6116.0,5447.0,5544.0,2380.0,138.0,7490.0,4531.0,62593.0,7596.0,86.0,7018.229871994963,5637.3294215780825,6280.089457012551,3025.7041639057206,1067.5980503678077,1221.4121191112174,8256.646754247682,7335.219260797047,5953.116960305579,8265.722526974703,9722.590883020492,9749.189693557431,9429.456572771602,9475.522909850024,3.7857831768105017,5867.3789155097875,8509.454049131762,8399.754155885377,8243.894196589048,8852.391598003933,3391.9480394157385,D1,N8,t,appliedMASKiso_2mgml_roi3_8bit.ome
appliedMASKiso_flu_2mgml_roi3_8bit.ome,6,84.52052,56.259075,0.9075415,3.6125775,86.3675,49.5825,0.90711,3.55035,40.0,52.4920441,27.79135484,0.037880843,0.844847256,6.0,5071,23.8476,4246,155,27.3935,40,1.321,0.0245,0.181,0.05092,131072,0.47150376439094543,3267.17529296875,0.3594307601451874,27.726743698120117,29.738933563232422,2739.901123046875,0.6767497062683105,0.46073785424232483,3322.676513671875,0.36208778619766235,28.024263381958008,27.184040069580078,2758.1279296875,0.6875516772270203,0.21183834969997406,1248.2164306640625,0.13240456581115723,10.785429954528809,17.45928955078125,1267.6585693359375,0.1557808369398117,2mgml,flu,roi3,6032.639304075187,62226.391830444336,31928.370643615723,346.28155854985124,65233.47055053711,59831.070068359375,6337.768219813231,4674.518734082152,2779.4460271393837,59768.12943267822,8580.081642062876,8606.017498021194,8245.005340854075,8299.53300955206,2379.9237899780273,2819.524412296564,7943.846506159272,7296.524594825135,59915.357681274414,10101.840988557507,1001.8643028444795,3248.0,65529.0,31741.0,16.0,65534.0,63209.0,3432.0,2377.0,716.0,63060.0,5191.0,5218.0,4838.0,4897.0,2380.0,138.0,5617.0,4115.0,63230.0,7185.0,60.0,7285.105858443413,6031.982998163559,7767.650633783541,3004.364768312529,1388.0089863115224,1406.097530835814,7952.493051580214,7652.200893307295,4922.416037755221,7622.353571420829,9307.69482222683,9315.435737567159,9204.737888029571,9219.578546423098,4.046126237298632,6282.576324652345,7449.342174809845,8452.814744241921,7769.48254376917,9358.58732020551,2956.439565594913,D1,N8,t,appliedMASKiso_2mgml_roi3_8bit.ome
appliedMASKiso_flu_2mgml_roi3_8bit.ome,7,82.1699825,56.633875,0.90723525,3.613965,79.959,50.7115,0.912085,3.44835,40.0,47.69954373,25.01633956,0.03863892,0.776740253,7.0,4903,24.7332,4181,161,25.9689,30,1.312,0.0141,0.1699,0.0141,131072,0.4994100332260132,3100.51318359375,0.39295104146003723,26.058101654052734,28.678281784057617,2759.901611328125,0.6972346901893616,0.4948311746120453,3092.73193359375,0.39302828907966614,25.876047134399414,25.34137725830078,2669.29443359375,0.7116180658340454,0.21339881420135498,1294.50927734375,0.13619671761989594,11.023228645324707,17.448944091796875,1355.365966796875,0.15349440276622772,2mgml,flu,roi3,6324.707995132995,61455.2706451416,31976.192527770996,425.34395823064426,65183.943938781274,59703.58142852783,6709.37789363237,5017.040289527182,2729.0306845003934,59763.17482757568,8713.258621220755,8732.061730866973,8438.322539159364,8482.752668381412,2379.9114151000977,2836.227905227529,7850.557048685447,7556.501840528594,59851.591705322266,10579.90009549186,1007.109908103924,3480.0,65528.0,31761.0,13.0,65533.0,63063.0,3705.0,2576.0,758.0,62977.0,5366.5,5393.0,5041.0,5095.0,2380.0,118.0,5617.0,4347.0,63122.5,7647.0,61.0,7717.587513429592,6507.600833908827,8506.890241735759,2773.4069590755726,2166.403254020345,1867.24326517936,8186.323528208496,8129.154032256897,4892.931053612731,7683.67373161975,9463.670854561535,9458.153867228199,9445.624440541675,9445.787171476384,4.70368173803834,6339.414872100206,7423.770009413718,8812.117403031456,7915.251281889365,9779.296641701272,3187.641595600412,D1,N8,t,appliedMASKiso_2mgml_roi3_8bit.ome
appliedMASKiso_flu_2mgml_roi3_8bit.ome,8,81.92758857,52.54225714,0.914296571,3.772554286,87.955,48.07,0.92403,3.8188,35.0,49.63152252,17.28950354,0.041199211,0.601555889,8.0,4765,25.5074,4025,161,25.0,29,1.3078,0.0238,0.1707,0.03994,131072,0.5137717723846436,2981.577392578125,0.39126360416412354,25.13606834411621,27.079784393310547,2640.051025390625,0.7092767357826233,0.5219892263412476,2853.6591796875,0.3990732431411743,24.00436019897461,24.051315307617188,2577.77587890625,0.7297007441520691,0.20645827054977417,1248.681396484375,0.1388779878616333,10.62698745727539,15.925323486328125,1267.234619140625,0.14506562054157257,2mgml,flu,roi3,6535.734816226769,62081.14099884033,31933.736206054688,421.94179981939146,65172.26232910156,59480.627265930176,6944.535484397974,5222.138972390132,2888.3892622706835,59557.466888427734,8986.607904324166,9003.617296665796,8708.588996664259,8753.268165956988,2379.8839111328125,2829.3409836065575,8102.4849737906015,7803.725377768897,59635.108322143555,10863.239312560527,1078.425122051644,3599.0,65529.0,31753.0,14.0,65533.0,62924.0,3796.0,2647.0,795.0,62840.0,5619.0,5643.0,5258.0,5314.0,2380.0,118.0,5825.0,4513.0,62979.0,7883.5,56.0,7963.749213193099,6689.934005932368,7818.401535051945,2834.0440386512487,1863.2453001690888,1747.907939939769,8511.671965630821,8336.124018386312,5327.782158988897,8016.806507429419,9770.21763298289,9763.880357487562,9737.95115637121,9740.349217677413,3.8823404907914196,6554.9684141918315,7717.402041926859,9092.106846698276,8234.98039231229,9960.703918544557,3345.7321856629105,D1,N8,t,appliedMASKiso_2mgml_roi3_8bit.ome
appliedMASKiso_flu_2mgml_roi3_8bit.ome,9,85.29951429,49.46103571,0.9196475,4.090914286,90.7765,44.2515,0.9245,4.00815,28.0,54.23596418,14.91068932,0.033206202,1.05565404,9.0,4560,26.7441,3841,141,27.2411,17,1.2985,0.0231,0.1568,0.07454,131072,0.5475430488586426,2826.05810546875,0.3930265009403229,23.600055694580078,24.820066452026367,2543.209716796875,0.7339245080947876,0.5626550316810608,2695.69873046875,0.4090745449066162,22.49773597717285,21.487842559814453,2403.041015625,0.7560089826583862,0.19757907092571259,1219.8602294921875,0.15451158583164215,10.240092277526855,14.83150863647461,1286.6319580078125,0.13456659018993378,2mgml,flu,roi3,6636.634524129975,61700.073501586914,31908.915016174316,388.30649642154066,65185.97422790527,59500.7421875,6976.149583407773,5268.018547692907,2795.8028288144355,59646.18630218506,8969.795616227648,8983.92052297635,8714.840738319554,8755.633608921362,2379.916030883789,2905.840234375,8026.792901365122,7864.553432032301,59697.05749511719,11099.962976350702,1006.3514998010617,3712.0,65527.0,31752.0,13.0,65533.0,62834.0,3842.0,2675.0,801.0,62784.0,5747.0,5779.0,5393.0,5449.0,2380.0,118.0,5825.0,4642.0,62921.0,8128.0,52.0,8044.934251196439,6779.935814887188,8166.314219078735,2740.0424870842708,1393.548564488274,1519.20827659208,8394.433277109212,8386.567647429549,5036.986902081088,7807.504217049182,9623.62976342563,9610.455293168652,9636.206342737156,9630.812158483963,3.7489661619206274,6630.149577158164,7582.288486701633,9087.2222591519,8070.552890382224,10176.64709531779,2984.4154615510147,D1,N8,t,appliedMASKiso_2mgml_roi3_8bit.ome
appliedMASKiso_flu_2mgml_roi3_8bit.ome,10,75.086424,52.51744,0.9163528,3.74486,81.254,47.401,0.92043,3.7424,25.0,46.00488075,21.06641543,0.032217179,0.806287872,10.0,4154,29.5534,3426,157,21.8217,15,1.2703,0.0247,0.1367,0.05894,131072,0.5945829749107361,2564.4658203125,0.4148225784301758,21.103418350219727,22.37270736694336,2427.57177734375,0.7660713195800781,0.5981727838516235,2498.7392578125,0.43161654472351074,20.55980110168457,19.64004898071289,2251.08544921875,0.7789018154144287,0.19416221976280212,1211.90625,0.16117919981479645,10.03870677947998,14.207687377929688,1348.3577880859375,0.1270272582769394,2mgml,flu,roi3,6535.713156052646,61114.35439300537,31961.15631866455,331.1794763435921,65227.04186248779,59784.4222946167,6873.655920243413,5250.0137081633975,2579.419074485891,59997.81591796875,8590.380620149075,8597.897554634195,8401.048438088937,8430.965546418875,2379.8916091918945,2694.6550586510266,7650.69107929939,7663.416581410912,60007.74889373779,11117.796640025847,864.7923148906305,3651.0,65521.0,31750.0,12.0,65533.0,62930.0,3819.0,2647.0,760.0,62910.0,5533.0,5557.0,5243.0,5290.0,2380.0,117.0,5451.0,4540.0,63031.0,7996.0,51.0,7972.328502914523,6832.207112958866,8404.944939893137,2759.406402167539,1295.0505779420791,1393.95692776644,8017.4270666164,8289.532451661747,4657.494450602544,7333.79811444386,9250.528835600446,9226.660619309612,9312.489368885099,9298.276862557372,3.5321714477544157,6384.175504468157,7443.984984300204,8894.932115302114,7658.544786119613,10387.004858770862,2569.6006653897225,D1,N8,t,appliedMASKiso_2mgml_roi3_8bit.ome
appliedMASKiso_flu_2mgml_roi3_8bit.ome,11,83.61902,51.11153333,0.907948333,4.00021,84.926,46.4845,0.916595,3.8995,30.0,54.2395667,19.71693066,0.046721872,0.890387609,11.0,4482,27.2443,3694,150,24.6267,20,1.2888,0.0183,0.1527,0.05066,131072,0.5663715600967407,2699.38671875,0.4132908880710602,22.436838150024414,24.058242797851562,2520.0625,0.7465627789497375,0.5635072588920593,2702.40380859375,0.44840556383132935,22.37416648864746,21.16225814819336,2390.11669921875,0.7565648555755615,0.1999017596244812,1229.700439453125,0.15903687477111816,10.340803146362305,14.818946838378906,1329.283447265625,0.13420318067073822,2mgml,flu,roi3,6723.717723244192,61349.15567779541,31984.406280517578,355.18889928730835,65198.48091888428,59606.29656982422,7125.1059192796165,5434.350864169639,2692.480562323977,59848.88146972656,8759.763700344192,8766.144006652858,8610.435723690796,8634.082860420885,2379.8754959106445,2980.957161981258,7644.6824261371075,7871.979594822475,59835.8910446167,11329.346818717322,970.4591079159239,3752.0,65524.0,31751.0,14.0,65533.0,62866.0,3978.0,2775.0,781.0,62864.0,5615.0,5639.0,5347.0,5393.0,2380.0,136.5,5409.0,4649.0,62964.0,8203.0,57.0,8141.544280955423,6970.988926169936,8407.53386510693,2710.4885507397044,1224.3982955963816,1413.1736148407433,8269.382200174488,8509.84957690623,4891.323803003759,7591.642765232857,9468.562865772747,9445.962971417473,9550.43593513805,9533.375828834281,4.58933609041403,6562.59031414916,7580.786618670394,9108.168311979782,7918.189750703048,10481.897833545518,2829.5530309590686,D1,N8,t,appliedMASKiso_2mgml_roi3_8bit.ome
appliedMASKiso_flu_2mgml_roi3_8bit.ome,12,78.61121034,49.00617241,0.914271724,3.901706897,82.185,45.056,0.916,3.8517,29.0,49.76811176,19.42479644,0.041910463,0.839115645,12.0,4184,29.3272,3439,141,24.3901,23,1.2746,0.0239,0.1432,0.1179,131072,0.583908200263977,2600.7919921875,0.43560081720352173,21.354738235473633,23.56113052368164,2519.625732421875,0.7581629157066345,0.5846058130264282,2579.822265625,0.45781633257865906,21.110511779785156,20.887149810791016,2409.68310546875,0.7704514265060425,0.20209015905857086,1262.43310546875,0.15810970962047577,10.429951667785645,14.865740776062012,1358.60107421875,0.13375721871852875,2mgml,flu,roi3,6716.416097055549,60830.854232788086,31989.66738128662,296.05688294410584,65238.75904083252,59806.881187438965,7090.463629174132,5440.394034764925,2587.088359169115,60098.22615814209,8505.493303847581,8506.5423574168,8414.157869912162,8428.260283929234,2379.847785949707,2488.249521622656,7465.360416924409,7780.163181986886,60050.81709289551,11476.772075652605,872.9451929117762,3725.0,65520.0,31767.0,15.0,65533.0,62965.0,4001.0,2804.0,739.0,62996.0,5426.0,5449.0,5224.0,5260.0,2380.0,94.0,5035.0,4583.0,63070.0,8144.5,60.0,8072.941328794572,6872.857349400575,9023.231560771814,2758.9618901587114,985.7920100961353,1208.0223923268381,7954.345911463558,8350.040793533914,4766.047352555317,7252.506276714626,9209.248099804996,9182.736068666667,9306.181377802248,9286.334020394654,5.45293764332359,5768.989504589274,7763.888880866157,8959.535845166516,7604.77451524946,10770.69626717004,2493.8273003963363,D1,N8,t,appliedMASKiso_2mgml_roi3_8bit.ome
appliedMASKiso_flu_2mgml_roi3_8bit.ome,13,89.35844118,49.56382353,0.89857,3.9859,92.898,42.1305,0.910705,3.8542,34.0,48.51820979,19.88746733,0.052920328,0.945967187,13.0,4297,28.5034,3490,156,22.3718,23,1.2773,0.0189,0.1488,0.1081,131072,0.5651372075080872,2708.228271484375,0.44352853298187256,22.313817977905273,25.405733108520508,2653.37841796875,0.7431138157844543,0.5693528056144714,2677.357421875,0.4632977247238159,21.99383544921875,22.223663330078125,2546.37939453125,0.7612161636352539,0.2147974669933319,1335.2899169921875,0.14949670433998108,11.10610580444336,16.715906143188477,1462.613037109375,0.14642776548862457,2mgml,flu,roi3,6862.34789057222,60205.71796417236,31935.277130126953,285.14069661678946,65240.385749816895,59752.374588012695,7291.382353652929,5631.850051222483,2606.106161942217,60078.39572906494,8542.225541431444,8538.207991986272,8504.835780678526,8510.040604446378,2379.8577423095703,2591.0759842519683,7460.079469478719,7909.356137258404,59999.93640136719,11702.646425271201,884.7939769725772,3702.0,65513.0,31766.0,18.0,65533.0,63066.0,4069.0,2875.0,701.0,63120.0,5277.0,5296.0,5141.0,5166.0,2380.0,96.0,4785.0,4529.0,63172.0,8107.0,69.0,8191.529267207028,7041.767540300702,9604.852643756738,2735.5371690497286,889.358253198064,1138.34780874136,7975.908538658634,8497.681424831078,4646.344755178873,7247.61909112419,9280.723886673777,9249.617528965762,9397.851107655226,9374.317234353599,5.654207120337021,6091.937701777377,7910.431562185287,9073.018129739754,7629.119258334918,11066.447897424614,2396.551378498766,D1,N8,t,appliedMASKiso_2mgml_roi3_8bit.ome
appliedMASKiso_flu_2mgml_roi3_8bit.ome,14,85.50162667,56.57036667,0.906129,3.724613333,95.012,50.187,0.918855,3.6371,30.0,46.86387251,23.52702167,0.047679374,0.779478935,14.0,4503,27.1079,3710,131,28.3206,27,1.2889,0.0198,0.1382,0.05541,131072,0.5754311680793762,2713.794921875,0.4447731077671051,22.033710479736328,25.520116806030273,2729.9990234375,0.7496347427368164,0.5854552984237671,2727.4189453125,0.4689580202102661,21.83977508544922,21.355680465698242,2506.560546875,0.7712017297744751,0.21864144504070282,1333.6875,0.14154329895973206,11.10830020904541,17.99738883972168,1639.00048828125,0.1486644595861435,2mgml,flu,roi3,6794.613699914083,59567.0760345459,31954.077919006348,349.0098543434192,65223.26483917236,60005.106506347656,7143.358475723982,5569.27216550024,2504.273151561804,60355.922592163086,8250.396352417401,8241.734288838554,8236.687112395532,8237.689166601578,2379.8480072021484,2589.9928201037096,7346.171576974147,7743.265086307897,60264.43842315674,11673.237022572834,851.2927728536761,3469.5,65502.0,31758.0,21.0,65534.0,63405.0,3842.0,2704.0,597.0,63454.0,4828.0,4847.0,4723.0,4742.5,2380.0,92.0,4327.0,4200.0,63519.0,7715.0,59.0,8277.526894247036,7110.121804698427,10287.689225743095,2616.2415474850727,1440.2773104840517,1418.948319034038,7747.961973958192,8451.464330777117,4415.213622954945,6952.6721126727325,9089.748503009214,9050.530407634435,9223.808719709968,9196.658723318298,4.927388714313121,6174.284674201674,7982.652462188127,9026.597488871714,7367.315153116899,11366.874375800367,2434.3663580073608,D1,N8,t,appliedMASKiso_2mgml_roi3_8bit.ome
appliedMASKiso_flu_2mgml_roi3_8bit.ome,15,82.22848966,55.57844828,0.912065862,3.784448276,86.236,46.708,0.91915,3.6717,29.0,44.88170222,25.95897405,0.045462511,0.793990822,15.0,4348,28.1456,3598,134,26.8507,22,1.2709,0.0298,0.1331,0.06806,131072,0.5766013860702515,2741.004150390625,0.44017162919044495,22.09158706665039,25.437549591064453,2736.385009765625,0.7511762380599976,0.5695607662200928,2860.482177734375,0.4575387239456177,22.716337203979492,22.32573699951172,2605.278564453125,0.7609367966651917,0.21597419679164886,1329.580078125,0.14313961565494537,10.943802833557129,17.83771514892578,1628.8416748046875,0.14562366902828217,2mgml,flu,roi3,6745.3483679756655,59487.12020111084,31932.585243225098,482.82512911402057,65167.00134277344,60092.0944442749,7075.42344784065,5551.819962460155,2486.6015680511596,60447.09750366211,8113.267854775182,8101.883469172873,8110.943345162423,8109.861685450221,2379.8056030273438,2327.177002583979,7280.372319931365,7656.484155520025,60349.363121032715,11559.833584214015,928.7606900134653,3316.0,65496.0,31755.0,20.0,65534.0,63568.0,3705.0,2633.0,536.0,63629.0,4582.0,4599.0,4493.0,4510.0,2380.0,88.0,4078.0,4007.0,63684.0,7429.0,60.0,8392.439515847804,7189.053959315028,10274.120233939524,2638.6159327485757,2391.3435159910164,2007.3857153028312,7775.807235130784,8502.486935208899,4555.380694999493,6970.216282534825,9103.313321148566,9060.99133460007,9240.948533103257,9212.838831845063,5.771210907978137,5706.62004597827,8084.563785779992,9099.087070157286,7396.085316760757,11420.710542705761,3034.2197599125707,D1,N8,t,appliedMASKiso_2mgml_roi3_8bit.ome
appliedMASKiso_flu_2mgml_roi3_8bit.ome,16,78.80734828,57.65906897,0.918296207,3.82487931,82.648,43.404,0.92558,4.0355,29.0,46.37970773,29.80412018,0.035617909,0.712329456,16.0,4360,28.0626,3520,152,23.1579,20,1.2835,0.0114,0.144,0.1026,131072,0.5578919649124146,2871.989501953125,0.4312061667442322,23.252933502197266,25.838375091552734,2758.158447265625,0.7398635745048523,0.5301389694213867,3007.6474609375,0.4464665353298187,24.299671173095703,25.145992279052734,2868.047607421875,0.7347782254219055,0.20962569117546082,1336.484375,0.13589346408843994,10.931733131408691,16.159713745117188,1482.9298095703125,0.1399526745080948,2mgml,flu,roi3,6862.033286268147,59766.73667907715,31951.277030944824,426.5998243450312,65181.94390106201,59937.84046936035,7204.052785308546,5631.49920120062,2538.865054583303,60311.77111053467,8315.465009244019,8305.134471218727,8308.39470789681,8308.172757837914,2379.8040466308594,2525.631470689064,7345.6803129704895,7815.180862931095,60210.777503967285,11718.11319047359,936.9392315693258,3516.0,65511.0,31766.0,20.0,65534.0,63388.0,3887.0,2747.0,583.0,63479.0,4839.0,4851.0,4762.0,4777.0,2380.0,103.0,4244.0,4249.0,63512.0,7803.0,63.0,8421.311742855763,7252.371420647021,10200.76622884956,2560.6700645985634,1863.848998135478,1745.6633092963273,7878.085255554112,8594.87566607534,4583.326430775373,7046.9613029648945,9205.56061068391,9163.142775859917,9346.098321453042,9317.433890520435,8.00333389130775,5937.415590243685,8037.371617659806,9165.493275362001,7481.488373730025,11449.364748280668,2961.283825174549,D1,N8,t,appliedMASKiso_2mgml_roi3_8bit.ome
appliedMASKiso_flu_2mgml_roi3_8bit.ome,17,88.55140811,49.83013514,0.911251622,3.500005405,90.0,41.896,0.91162,3.2532,37.0,46.084057,19.76598436,0.029940357,0.846382282,17.0,4545,26.8389,3702,146,25.3562,26,1.2919,0.0191,0.1507,0.1153,131072,0.5438732504844666,2963.063720703125,0.43985801935195923,24.062694549560547,26.52628517150879,2835.0,0.7309382557868958,0.5210700035095215,3029.75341796875,0.45908603072166443,24.587970733642578,26.335664749145508,3003.444091796875,0.7287706732749939,0.20243602991104126,1313.4095458984375,0.12656673789024353,10.767189979553223,15.23029899597168,1400.5936279296875,0.1358909159898758,2mgml,flu,roi3,6896.074483436425,60192.84761047363,31970.901512145996,310.30537574919316,65233.962966918945,59919.56226348877,7270.670629590007,5694.631037894449,2503.128392215038,60314.35804748535,8347.195775449873,8336.100528068766,8357.000382206345,8354.094194363626,2379.8467330932617,2313.928927266689,7315.968113070677,7857.853716371692,60200.10013580322,11845.159380045709,869.4480986532127,3618.0,65512.0,31774.0,20.0,65533.0,63305.0,3955.0,2789.0,606.0,63412.0,4978.0,4990.0,4900.0,4913.0,2380.0,97.0,4327.0,4371.0,63437.0,8010.0,62.0,8342.21443077743,7246.127462497001,9972.326898365,2597.8885855210006,998.9043174741842,1200.8923434722874,7813.938026051561,8588.420254693257,4496.453143255276,6993.497485113306,9145.194356534857,9103.816669096152,9305.316626597705,9273.874144152076,4.811510669912891,5752.992472228395,7950.5659917770145,9104.370168454498,7427.1172096906985,11526.131217734037,2404.880005542929,D1,N8,t,appliedMASKiso_2mgml_roi3_8bit.ome
appliedMASKiso_flu_2mgml_roi3_8bit.ome,18,98.91624333,53.21456667,0.925515333,3.985676667,113.82,43.1135,0.929095,3.6294,30.0,48.73352627,22.11139444,0.031072946,1.032248961,18.0,4679,26.013,3729,151,24.6954,19,1.2977,0.0199,0.1427,0.1323,131072,0.5650078654289246,2811.76904296875,0.4587705135345459,22.694520950317383,25.369525909423828,2778.84814453125,0.7463866472244263,0.5452867150306702,2917.63232421875,0.4700753688812256,23.548425674438477,24.887706756591797,2926.4716796875,0.7450222969055176,0.19755207002162933,1285.35595703125,0.13245470821857452,10.449748039245605,14.514129638671875,1379.970703125,0.12971362471580505,2mgml,flu,roi3,6769.911239692654,59783.440773010254,31949.763473510742,261.7076671680315,65269.35528564453,60092.31149291992,7056.10718337853,5504.967973735244,2429.4099353796446,60469.59868621826,8162.811547351324,8153.399612693654,8161.001397738631,8160.08724543978,2379.8075942993164,2261.2190850607576,7261.182682096452,7694.746525174913,60367.132553100586,11754.750937031484,796.2892759706191,3585.0,65503.0,31771.0,18.0,65534.0,63369.0,3864.0,2718.0,595.0,63469.0,4912.0,4929.0,4820.0,4836.0,2380.0,100.0,4327.0,4312.0,63499.5,7965.5,60.0,8210.993382022782,6968.533686089938,10189.599473859094,2581.165586057537,825.713655143986,1050.895705963903,7644.656363141855,8343.692502022097,4400.830378297289,6854.647229808583,9003.72616249972,8967.096546464638,9139.13782789163,9112.174353443808,4.904612834426566,5356.549099907657,7938.927772170222,8953.199079654398,7267.979425859394,11501.832299951811,2208.30996348076,D1,N8,t,appliedMASKiso_2mgml_roi3_8bit.ome
appliedMASKiso_flu_2mgml_roi3_8bit.ome,19,90.60266923,50.65597436,0.911094359,3.746641026,97.853,40.486,0.91777,3.5263,39.0,48.49423417,23.77555114,0.032746854,1.055041498,19.0,4535,26.9025,3709,160,23.1812,13,1.2906,0.0102,0.1543,0.1089,131072,0.5461909770965576,2861.50244140625,0.45500072836875916,23.41067123413086,26.49449348449707,2805.073486328125,0.7327842712402344,0.5348944664001465,2921.900634765625,0.46319472789764404,23.799819946289062,25.128427505493164,2867.623291015625,0.7378621697425842,0.20262108743190765,1286.392822265625,0.13588976860046387,10.594881057739258,15.228447914123535,1374.9820556640625,0.1361665427684784,2mgml,flu,roi3,6897.138379103523,60335.70834350586,31959.821990966797,310.61154803203954,65231.5485458374,59898.15776062012,7250.995931167578,5638.3133563846895,2528.636449404498,60286.49077606201,8379.569443036198,8371.314835469102,8382.347874240522,8380.877360330076,2379.797264099121,2305.495394736842,7329.794435821641,7871.181416861004,60178.64793395996,11840.440407758964,881.3518073785765,3711.0,65515.0,31777.0,18.0,65533.0,63217.0,4023.0,2846.0,637.0,63326.0,5102.0,5117.0,5013.0,5029.0,2380.0,86.0,4494.0,4483.0,63350.0,8195.0,63.0,8359.879918317414,7101.0444968743195,9959.772777802233,2593.4008541136855,1096.7916933088618,1270.2080442413308,7906.056070094591,8533.919019508032,4570.136319078111,7097.757111888929,9214.608500140064,9178.629890738559,9358.03421585568,9329.981697231076,5.441098970389073,5718.333845425776,7965.888039253527,9140.2852680574,7513.18419866888,11421.383610031004,2508.0780774771683,D1,N8,t,appliedMASKiso_2mgml_roi3_8bit.ome
appliedMASKiso_flu_2mgml_roi3_8bit.ome,20,96.25874857,53.40962857,0.921198571,3.695825714,107.22,43.16,0.92461,3.5292,35.0,39.38841437,22.67890135,0.02354548,0.849564253,20.0,4612,26.42,3715,156,23.8141,15,1.2937,0.0224,0.1529,0.1071,131072,0.555117666721344,2797.66796875,0.44293975830078125,22.901288986206055,25.765838623046875,2726.086669921875,0.7389326095581055,0.5606114864349365,2763.369384765625,0.4620494842529297,22.50527000427246,22.63788604736328,2668.3681640625,0.7548288702964783,0.20257198810577393,1253.6326904296875,0.14079028367996216,10.335529327392578,15.438794136047363,1404.8336181640625,0.13578371703624725,2mgml,flu,roi3,6827.917344184045,60518.29243469238,31962.800659179688,346.0667001656338,65215.510398864746,59986.33678436279,7140.6096377202375,5565.6028766671225,2520.383295878939,60362.23240661621,8308.228600492977,8299.155585116789,8298.757885676278,8299.063492311905,2379.7934646606445,2478.880292415474,7250.953801009429,7790.773989592707,60263.18578338623,11713.43372588912,914.6480566552117,3629.0,65516.0,31767.0,18.0,65533.0,63333.0,3887.0,2761.0,605.0,63437.0,4985.0,4998.0,4882.0,4902.0,2380.0,104.0,4452.0,4372.0,63466.0,8058.0,59.0,8387.82291419293,7150.77053582713,9985.968406799544,2640.651460885276,1180.956646406344,1360.809358192086,7943.592087537703,8554.715322947284,4779.178981464625,7140.2795431932545,9233.932467501578,9195.918024394598,9369.09122271261,9341.86629519719,6.8419080409919495,5659.381772391414,7955.3796527699,9155.808732661666,7549.223190903771,11314.478119189436,2708.280531879213,D1,N8,t,appliedMASKiso_2mgml_roi3_8bit.ome
appliedMASKiso_flu_2mgml_roi3_8bit.ome,21,83.17615455,55.395,0.911882121,3.939912121,87.709,45.559,0.93021,3.7783,33.0,45.53569427,22.29997403,0.045756482,1.151137025,21.0,4839,25.0868,3950,163,24.2331,22,1.3047,0.0279,0.1614,0.09426,131072,0.5434911847114563,2849.512939453125,0.42282721400260925,23.555824279785156,26.29604148864746,2721.314453125,0.730556070804596,0.553554356098175,2826.378662109375,0.42912155389785767,23.292724609375,22.430694580078125,2528.66748046875,0.7500143051147461,0.2041357159614563,1220.409912109375,0.14633335173130035,10.227664947509766,16.236549377441406,1441.91455078125,0.13904213905334473,2mgml,flu,roi3,6867.834291255152,60847.77460479736,31940.73420715332,476.58659928878905,65140.55194854736,59895.04901885986,7276.5073397751285,5704.127381394073,2600.882911213785,60274.27626037598,8385.371173200085,8374.063152462055,8385.66632259679,8384.196158929004,2379.768814086914,2527.5295007564296,7264.411726527005,7853.822483402539,60168.66330718994,11612.773813154417,1063.9188736903377,3568.0,65520.0,31764.0,18.0,65534.0,63385.0,3910.0,2775.0,586.0,63460.0,4928.0,4942.0,4834.0,4853.0,2380.0,92.0,4452.0,4308.0,63502.0,7946.0,57.0,8589.494817369192,7475.092043105889,9864.163651626397,2713.3197958379324,1779.4716483371492,1807.5473286285637,8263.343511161804,8864.56598999647,5113.937500855832,7442.263221286173,9470.48549849808,9427.082049919527,9625.913868922178,9594.939368816467,7.378505380346983,6169.67038057579,8052.598817416887,9390.433948729962,7861.468938879776,11162.050972912659,3326.1838622043188,D1,N8,t,appliedMASKiso_2mgml_roi3_8bit.ome
appliedMASKiso_flu_2mgml_roi3_8bit.ome,22,92.4782381,59.96738095,0.907642381,3.704257143,90.818,48.725,0.91072,3.6532,21.0,42.73760809,32.84007536,0.042280771,0.828609129,22.0,4865,24.942,3960,186,21.2903,16,1.3091,0.023,0.1534,0.09242,131072,0.5648320913314819,2794.141357421875,0.38206401467323303,23.071914672851562,24.02393341064453,2510.9521484375,0.7452861666679382,0.5898985266685486,2769.50048828125,0.3844052255153656,22.587648391723633,19.197345733642578,2185.56640625,0.7731826305389404,0.19632047414779663,1169.309814453125,0.14540879428386688,9.872035026550293,15.936223983764648,1419.289306640625,0.13440728187561035,2mgml,flu,roi3,6530.847602123095,60678.89069366455,31960.64980316162,433.75467605365805,65185.42440032959,60245.12673950195,6964.923803735667,5474.529224909849,2300.0357422996367,60623.82376861572,7984.5650080633795,7973.351211072664,7986.302290626126,7984.618077627644,2379.7876052856445,2756.940422805894,6808.2273559943005,7471.901321454853,60527.193618774414,11224.60612347148,906.7770000839489,3432.0,65517.0,31753.0,14.0,65534.0,63505.0,3773.0,2704.0,555.0,63573.0,4743.0,4757.0,4636.5,4658.0,2380.0,112.0,4327.0,4143.0,63620.0,7673.0,55.0,8288.288126617737,7318.57112055085,9950.044281967374,2806.26887501457,1752.6217626373652,1751.5445978646212,7880.599832784092,8616.870259523379,4504.4138118795845,6993.122218366376,9070.746001082141,9025.53805247332,9248.714593882762,9214.152277524388,6.286709905196135,6351.398872760964,7385.643357799062,9038.16139861266,7434.335740504644,10907.254372125359,3017.82892641124,D1,N8,t,appliedMASKiso_2mgml_roi3_8bit.ome
appliedMASKiso_flu_2mgml_roi3_8bit.ome,23,87.36031212,56.62118182,0.907545152,3.670775758,94.917,46.606,0.92443,3.3963,33.0,46.0696177,24.56096368,0.048942225,0.891953582,23.0,5194,23.2355,4271,163,26.2025,28,1.3255,0.0298,0.1926,0.07663,131072,0.4881812632083893,3181.12548828125,0.3527352809906006,27.211227416992188,27.948556900024414,2646.060791015625,0.6903536319732666,0.4955277740955353,3162.654541015625,0.34881120920181274,26.83918571472168,23.951942443847656,2480.903564453125,0.7112240195274353,0.19642890989780426,1151.923095703125,0.1388188600540161,10.100175857543945,17.188350677490234,1255.67138671875,0.14743010699748993,2mgml,flu,roi3,6727.273586296247,61729.74229431152,31786.83901977539,517.7758087451119,65114.33889007568,59772.57915175745,7142.132980781633,5585.327768283245,2610.008225719453,60067.250816345215,8586.645745894071,8581.532548739711,8481.985383905228,8497.35894770324,2379.749755859375,2894.818102189781,7557.926058386799,7808.571222429964,60024.05476421176,11329.160086579415,1088.5492584215688,3780.0,65525.0,31720.0,15.0,65533.0,63034.0,4001.0,2846.0,747.0,63066.0,5448.0,5462.0,5239.0,5274.0,2380.0,117.0,5326.0,4615.0,63132.0,8279.0,67.0,8325.810343811816,7367.471869646631,8990.034825113169,2782.365618929913,2261.9041576908994,2143.9847609772664,8287.198316317717,8737.788936832363,4884.218689938418,7486.5932701471975,9402.81207123915,9365.261600224745,9536.331120932517,9509.286314926218,5.689954285789978,6787.372947644533,7413.977311788828,9181.58162824983,7856.133597734547,10534.586605786037,3670.6909202614065,D1,N8,t,appliedMASKiso_2mgml_roi3_8bit.ome
appliedMASKiso_flu_2mgml_roi3_8bit.ome,24,85.69541111,51.98236111,0.917245833,3.711263889,97.202,45.425,0.924605,3.71935,36.0,47.94233912,18.68572394,0.045139254,0.731004297,24.0,4983,24.304,4229,172,24.5872,20,1.3123,0.0257,0.1835,0.08706,131072,0.5007801055908203,3049.42138671875,0.37065157294273376,26.125965118408203,27.270893096923828,2614.73681640625,0.6997212767601013,0.5127818584442139,3008.44775390625,0.37640380859375,25.64569854736328,23.26034927368164,2463.084716796875,0.7229208946228027,0.19825035333633423,1166.7359619140625,0.14445577561855316,10.171111106872559,16.561838150024414,1255.9765625,0.14680743217468262,2mgml,flu,roi3,6598.709679929046,61557.565353393555,31848.44699859619,426.28134500567745,65175.120178222656,59914.083923339844,6962.701333419222,5434.622036846174,2594.556422909885,60187.507106835226,8430.969953475345,8427.165318125943,8323.566309303375,8339.517901878102,2379.789566040039,2993.8319070904645,7388.388208567383,7660.327205253085,60153.01950836182,11188.634182395319,1010.0364699638504,3649.0,65525.0,31723.0,16.0,65533.0,63137.0,3796.0,2704.0,728.0,63151.0,5323.0,5341.0,5087.0,5127.0,2380.0,135.0,5284.0,4471.0,63224.0,8041.0,57.0,8170.29081626806,7146.568372792111,9174.267096405096,2817.8915976741127,1867.4724689024674,1824.8993320259483,8146.250270671688,8509.125139524533,5038.050889366691,7454.652714770896,9303.686937397964,9271.960297003205,9405.229453580005,9383.910405001052,5.249822566724413,6880.589019373967,7376.313283465905,9021.631445326231,7780.634346752752,10476.933830700444,3279.2525788987614,D1,N8,t,appliedMASKiso_2mgml_roi3_8bit.ome
appliedMASKiso_flu_2mgml_roi3_8bit.ome,25,91.44323333,52.44148148,0.894704074,3.457703704,94.185,49.958,0.91107,3.4342,27.0,53.89105407,17.34127229,0.089934906,0.764705368,25.0,4476,27.2835,3730,167,22.3353,16,1.2814,0.019,0.1381,0.07412,131072,0.5821014642715454,2643.537109375,0.39539864659309387,22.014131546020508,22.39687728881836,2382.4140625,0.7575988173484802,0.6044596433639526,2453.66845703125,0.3873414695262909,20.392093658447266,19.461002349853516,2232.875,0.7828004360198975,0.19150324165821075,1259.5887451171875,0.15536484122276306,10.531081199645996,13.864343643188477,1288.3275146484375,0.12935015559196472,2mgml,flu,roi3,6107.4049827369745,60301.12815093994,31915.10942840576,306.34693547735446,65280.21784210205,60677.81645965576,6509.437419792247,5125.502764393003,1987.9791511299893,61038.59856414795,7489.817569052103,7478.402267733835,7494.99206685499,7492.757038606403,2379.778610229492,2709.354388095961,6307.651773383553,6997.531528562461,60952.92662811279,10748.93684086629,696.7158692870777,3254.0,65511.0,31733.0,13.0,65534.0,63640.5,3455.0,2462.0,504.0,63702.0,4518.0,4530.0,4402.0,4422.0,2380.0,101.0,4203.0,3927.0,63763.5,7314.0,41.0,7765.094239116017,6976.414090221447,10238.568640121557,2731.918377841714,1326.1788867622474,1344.674358744533,7306.3223009034255,8166.208546024756,3891.363485015718,6459.318304265204,8499.063988710395,8456.303313483704,8690.558218911208,8654.207669476533,5.400812463491355,6446.847342742207,6636.207883415911,8465.805147043398,6882.688480205697,10578.760257477723,2335.0655943592737,D1,N8,t,appliedMASKiso_2mgml_roi3_8bit.ome
appliedMASKiso_flu_2mgml_roi3_8bit.ome,26,79.25634348,51.29952174,0.908905217,3.638826087,88.21,40.569,0.90902,3.573,23.0,49.53342232,22.03491402,0.050516964,1.031254039,26.0,4329,28.2779,3606,174,20.7241,23,1.2757,0.0177,0.1312,0.07119,131072,0.5973644256591797,2550.775146484375,0.406478613615036,21.123260498046875,21.576990127563477,2348.300537109375,0.7684972882270813,0.6105509996414185,2427.233154296875,0.4002768397331238,20.127796173095703,19.108312606811523,2202.91650390625,0.786848783493042,0.18488822877407074,1217.5125732421875,0.1572527438402176,10.074416160583496,13.167329788208008,1269.83544921875,0.12193434685468674,2mgml,flu,roi3,6028.364484295083,60008.892837524414,31924.504943847656,314.66711000163696,65278.41951751709,60775.54257965088,6431.2551488152885,5074.7786090128475,1937.746941481835,61144.00507354736,7340.535088957921,7327.061870469735,7358.119606827952,7353.732020144968,2379.777183532715,2535.3457862728064,6199.122595625843,6890.0867771188305,61054.73522949219,10615.836463334275,703.1374303687544,3209.0,65503.0,31739.0,12.0,65534.0,63694.0,3432.0,2476.0,476.0,63766.0,4408.0,4418.0,4315.5,4331.0,2380.0,104.0,4036.0,3866.0,63813.0,7219.0,39.0,7736.736896270385,6973.483150993862,10309.71394607351,2782.114931685803,1416.0517327867062,1374.605423973386,7233.87209408556,8144.994088837955,3831.861148733274,6357.917027888506,8418.510561789672,8371.867587113467,8618.803718905718,8580.608972926426,6.277626712830019,6220.493507024412,6682.660423665488,8425.299482532384,6793.175891942094,10556.407756044717,2380.1556988169286,D1,N8,t,appliedMASKiso_2mgml_roi3_8bit.ome
appliedMASKiso_flu_2mgml_roi3_8bit.ome,27,99.799,60.04563636,0.895788636,3.847254545,107.66,56.36,0.91148,3.84085,22.0,48.32987023,22.71925154,0.056646592,0.778654329,27.0,4423,27.6344,3693,141,26.1915,21,1.2735,0.0162,0.1402,0.1087,131072,0.5762174725532532,2603.38671875,0.4205355942249298,21.795175552368164,23.17547607421875,2441.1015625,0.7535653114318848,0.584761381149292,2513.190673828125,0.44039517641067505,20.99303436279297,19.94924545288086,2237.45703125,0.770422101020813,0.1932704597711563,1225.8446044921875,0.15573860704898834,10.293190002441406,14.291535377502441,1280.8353271484375,0.13062702119350433,2mgml,flu,roi3,6128.836349429598,60387.2292040192,31945.0096282959,362.768315629742,65245.36432647705,60612.66709136963,6556.309013048598,5160.95096695108,2041.1014273164678,60984.812759399414,7501.26057196437,7488.7764025629,7510.314260040632,7507.35690732927,2379.791816711426,2412.0183867141163,6308.935380528207,7018.977824660104,60894.47459411621,10668.990100015628,793.2606460547437,3230.0,65513.0,31739.0,13.0,65534.0,63631.5,3455.0,2476.0,493.0,63706.0,4476.5,4489.0,4370.0,4388.0,2380.0,96.0,4119.0,3896.0,63763.0,7247.5,41.0,7894.28844490469,7071.343948534155,9952.223910592224,2801.9538434300357,1566.5237984942996,1525.021065996892,7502.423716267448,8331.152312717351,4034.574241151718,6614.93471782113,8663.548408702409,8617.530774900926,8863.211652697568,8825.335006837295,5.386809608923636,5915.451408590574,6777.86682134887,8634.625981682495,7060.316510284666,10572.692887404666,2727.8780812058067,D1,N8,t,appliedMASKiso_2mgml_roi3_8bit.ome
appliedMASKiso_flu_2mgml_roi3_8bit.ome,28,85.27314286,54.11171429,0.921978214,3.618460714,91.008,44.333,0.920985,3.45605,28.0,48.64164522,27.9189141,0.031687458,0.757026824,28.0,3766,32.8043,3149,143,22.021,19,1.2366,0.0188,0.1206,0.05389,131072,0.615010142326355,2376.72900390625,0.44620171189308167,19.54952621459961,21.530725479125977,2357.596923828125,0.779281497001648,0.636177122592926,2272.96337890625,0.464435875415802,18.49903678894043,17.781049728393555,2140.469482421875,0.8028092384338379,0.19491417706012726,1211.94189453125,0.15375171601772308,10.069029808044434,14.366039276123047,1361.46142578125,0.12760066986083984,2mgml,flu,roi3,5941.697507055504,59334.18413543701,31997.7335357666,351.9068386826096,65264.446517944336,60878.2247467041,6257.552776836295,4944.473918236253,1986.077711897356,61233.64574432373,7160.579468485419,7147.879147068046,7171.1685638131075,7167.945845092506,2379.777671813965,2603.279105392157,6179.88871903418,6754.361014424585,61155.9474029541,10431.237331451866,752.3842804618461,2998.0,65473.0,31752.0,13.0,65534.0,63853.0,3251.0,2348.0,430.0,63899.0,4105.0,4117.5,4027.0,4041.0,2380.0,103.0,3745.0,3607.0,63964.0,6776.0,37.0,7807.451541569592,6811.354942487292,10477.171430438995,2712.725944964989,1567.1321075675571,1482.101444785503,7265.366373711739,8003.731567200955,4170.774758396915,6427.958815701958,8488.630703903504,8447.925497101041,8639.515792373217,8609.840904720199,7.716778898087703,6300.810136080595,7060.760249256903,8479.455366765249,6832.307711515641,10658.062736645328,2752.050194129993,D1,N8,t,appliedMASKiso_2mgml_roi3_8bit.ome
appliedMASKiso_flu_2mgml_roi3_8bit.ome,29,87.88134815,48.36811111,0.914280741,3.914711111,91.637,44.315,0.93309,3.7269,27.0,47.07053724,14.66490734,0.052521099,1.000989873,29.0,3623,34.178,2983,124,24.0565,13,1.2201,0.0182,0.1168,0.04399,131072,0.616008996963501,2384.9169921875,0.44631752371788025,19.58049201965332,21.91877555847168,2413.496337890625,0.7786294221878052,0.6513794660568237,2283.089599609375,0.4553706645965576,18.64069938659668,16.77698516845703,2013.2777099609375,0.8115594983100891,0.20431095361709595,1254.3807373046875,0.16236194968223572,10.414688110351562,15.333359718322754,1483.5858154296875,0.13371948897838593,2mgml,flu,roi3,5845.18864796816,58710.50244140625,31925.334327697754,376.4428485551119,65257.24631500244,61000.20944213867,6185.052951305075,4927.835537961443,1917.8268875567078,61368.198097229004,6951.432038721078,6934.046806214765,6987.608504249779,6979.884704704861,2379.804885864258,2786.340062111801,5958.950910555247,6612.0953795869855,61277.762031555176,10275.562112456897,761.8490462437268,2825.0,65433.0,31733.0,12.0,65534.0,63971.5,3069.0,2192.0,395.0,63996.0,3874.0,3885.0,3805.0,3816.0,2380.0,94.0,3495.0,3408.0,64070.0,6412.0,37.0,7832.978576667521,6899.4996646295485,10568.740685925373,2661.949141907785,1565.7427949654825,1472.304343301826,7181.571025952861,8046.8671636204745,4223.814710421084,6330.015177643408,8407.277083418954,8360.665500875291,8577.963807473998,8544.368921923528,6.146002530101183,6267.741430081314,7037.0599479663115,8459.785146044533,6752.184986431591,10782.925897794785,2780.286398211303,D1,N8,t,appliedMASKiso_2mgml_roi3_8bit.ome
appliedMASKiso_flu_2mgml_roi3_8bit.ome,30,103.3968846,48.84192308,0.911179231,3.769592308,108.355,45.9485,0.914095,3.77115,26.0,38.71790598,16.18022949,0.044263815,0.615830846,30.0,3694,33.4827,2991,134,22.3209,17,1.223,0.0204,0.1013,0.1119,131072,0.6408173441886902,2254.4892578125,0.46662968397140503,18.18303108215332,21.274646759033203,2440.84716796875,0.7946257591247559,0.6730806827545166,2113.38232421875,0.49257901310920715,16.933975219726562,16.7751407623291,2159.48876953125,0.8248655796051025,0.20783273875713348,1279.9241943359375,0.17014168202877045,10.38582992553711,15.45548152923584,1598.426513671875,0.13165880739688873,2mgml,flu,roi3,5650.979059019741,57926.39204406738,31867.222915649414,340.31675222488735,65289.911376953125,61257.454444885254,5947.858355578001,4815.741488909731,1750.5210850404476,61622.494972229004,6587.44269091986,6564.751833407371,6635.212893471433,6625.056424524405,2379.7556533813477,2679.4098159509203,5771.432933529728,6336.094963098049,61525.36238861084,10042.299696835084,644.5503083739675,2564.0,65124.0,31714.0,14.0,65535.0,64144.0,2773.0,1992.0,340.0,64138.0,3514.0,3520.0,3445.0,3458.0,2380.0,101.5,3246.0,3086.0,64235.0,5858.0,31.0,7677.463667312243,6891.162386303147,10543.215450528996,2710.883273172149,1478.0094784653106,1329.2198322326042,6801.170420314897,7893.215376690964,3608.746790919263,5895.324905043672,8069.86272402722,8015.549456662915,8258.728911267186,8221.214747106425,6.358443544805025,6287.36190706848,6841.587506432256,8219.196591996953,6360.743447851074,10906.36791976658,2096.027591625117,D1,N8,t,appliedMASKiso_2mgml_roi3_8bit.ome
appliedMASKiso_flu_2mgml_roi3_8bit.ome,31,96.32105862,55.69534483,0.92116,3.695286207,97.595,48.792,0.91865,3.7315,29.0,43.20165467,22.13140095,0.030199656,0.705990509,31.0,3820,32.3123,3059,127,24.0866,12,1.2322,0.0162,0.1176,0.09663,131072,0.5990236401557922,2449.53173828125,0.47355887293815613,19.974393844604492,24.11701774597168,2641.1640625,0.7671002149581909,0.6043172478675842,2434.481689453125,0.5075551271438599,19.78306770324707,20.823816299438477,2481.835205078125,0.783484697341919,0.21297183632850647,1265.829833984375,0.15709549188613892,10.439607620239258,16.506624221801758,1580.498291015625,0.13974924385547638,2mgml,flu,roi3,5866.707636822509,58904.316665649414,31994.687034606934,370.5362656505171,65266.36304473877,61026.229415893555,6170.098998166108,4948.33649125898,1892.8992408723943,61397.548919677734,6879.256461387465,6858.821425789465,6925.563819345994,6915.914712801259,2379.7668955519953,2289.1911042944785,6040.655618563928,6596.216898534017,61296.30850982666,10334.143529265139,707.89768244305,2674.0,65416.0,31745.0,16.0,65534.0,64066.0,2910.0,2078.0,358.0,64072.0,3646.0,3656.0,3587.0,3599.0,2380.0,92.0,3329.0,3216.0,64160.0,6086.0,34.0,7834.770812599215,6863.58042582854,10239.59390676214,2676.323840868234,1792.8331097358894,1494.9387609627697,7052.783013516309,7971.781503490404,3822.560333818794,6165.939019828921,8341.386266119882,8293.195423717581,8504.17122050712,8471.647431361262,7.71302685358147,5416.790127092226,7113.508195815463,8425.166891889488,6609.617087595191,11004.500361915825,2238.172028678592,D1,N8,t,appliedMASKiso_2mgml_roi3_8bit.ome
appliedMASKiso_flu_2mgml_roi3_8bit.ome,32,99.87247059,47.29708824,0.896420882,3.759329412,100.305,37.9125,0.90658,3.71065,34.0,46.46598802,21.55205649,0.057989439,0.777156126,32.0,3999,30.7764,3314,127,26.0945,18,1.258,0.0187,0.1133,0.08405,131072,0.6055638790130615,2415.075439453125,0.48543334007263184,19.597091674804688,23.894235610961914,2664.38427734375,0.77183598279953,0.5883607268333435,2522.542236328125,0.5232967138290405,20.523679733276367,22.414440155029297,2681.659912109375,0.772527813911438,0.20750783383846283,1237.0511474609375,0.15307368338108063,10.177342414855957,16.03937530517578,1555.341064453125,0.13533757627010345,2mgml,flu,roi3,5777.42197340251,58318.75872039795,31926.819450378418,270.47526666666664,65312.005142211914,61167.509857177734,6030.261348547885,4831.613582045113,1868.7857108188127,61512.09670257568,6739.372388304605,6720.191034676752,6778.252215155257,6769.896297916895,2379.78369140625,2554.2014749262535,6058.232595208701,6478.8595193074025,61416.61569976807,10286.042107483865,647.4828551897506,2681.0,65298.0,31738.0,16.0,65534.0,64103.0,2864.0,2049.0,352.0,64116.0,3600.0,3609.0,3537.0,3550.0,2380.0,106.0,3287.0,3198.0,64201.0,6124.5,31.0,7662.92648228063,6695.930311095813,10439.737793631954,2632.7847022252467,822.9882846806482,954.8619404428052,6815.529458937375,7782.514751103047,3732.15593023239,5977.7465992573125,8133.59029900757,8086.077860822091,8291.006971470544,8259.298583804366,6.642850740710922,5926.707565634769,7167.915138368917,8236.124711847828,6421.900209735278,10976.026206436662,1865.563278217441,D1,N8,t,appliedMASKiso_2mgml_roi3_8bit.ome
appliedMASKiso_flu_2mgml_roi3_8bit.ome,33,101.0461786,46.36567857,0.925378929,3.742346429,105.485,44.568,0.924225,3.71015,28.0,45.80529758,13.09162556,0.024643556,0.729316707,33.0,3925,31.3944,3288,150,21.92,17,1.251,0.0254,0.1207,0.03196,131072,0.5892018675804138,2508.4296875,0.4716368615627289,20.491153717041016,24.49224853515625,2695.739990234375,0.7618794441223145,0.5626099705696106,2598.91162109375,0.5064436197280884,21.275623321533203,23.374406814575195,2690.66064453125,0.7568055987358093,0.2036144733428955,1203.3056640625,0.14906728267669678,9.971390724182129,15.747320175170898,1533.2716064453125,0.13324637711048126,2mgml,flu,roi3,5796.201323503985,58485.09691619873,31931.496475219727,293.4018057686748,65304.9528503418,61162.91024017334,6077.702220965918,4843.9480132450335,1851.658445781174,61512.32425689697,6802.578364953866,6785.2919096496325,6847.921304956067,6838.8130511325235,2379.8549880981445,2506.4875298940897,6037.944348386488,6521.553348842327,61420.99250793457,10353.470865621905,627.6600118515327,2839.0,65383.0,31750.0,15.0,65534.0,64003.0,3091.0,2220.0,378.0,64054.0,3792.0,3797.0,3753.0,3762.0,2380.0,93.0,3370.0,3394.0,64114.0,6456.0,29.0,7597.885008429723,6624.993374561933,10843.501282812544,2531.66041624531,979.8595917240917,1058.3533680336773,6745.513593444957,7715.152284501864,3613.1837238791327,5882.193159217794,8033.41639100707,7986.923767369312,8201.338760866816,8168.151929972631,5.2720489771956,6057.147199962533,7004.179160848299,8152.0809201874,6320.957883943862,10804.481302020244,1864.4099657197464,D1,N8,t,appliedMASKiso_2mgml_roi3_8bit.ome
appliedMASKiso_flu_2mgml_roi3_8bit.ome,34,99.27348182,46.2270303,0.911120606,3.729251515,101.63,38.48,0.93172,3.6419,33.0,43.82578117,18.42703078,0.054713509,0.630707906,34.0,4090,30.0472,3440,140,24.5714,18,1.2583,0.02,0.1242,0.04772,131072,0.5867512822151184,2512.517822265625,0.4692230820655823,20.59575653076172,24.433908462524414,2679.016357421875,0.7606300711631775,0.578515350818634,2491.211181640625,0.48900872468948364,20.36190414428711,22.34511375427246,2603.01025390625,0.7671525478363037,0.2005547285079956,1192.8702392578125,0.14980314671993256,9.899740219116211,15.518068313598633,1507.792724609375,0.13179443776607513,2mgml,flu,roi3,5819.434807843138,58705.78909301758,31996.78835296631,316.2205646036916,65291.790466308594,61123.34236907959,6155.153334792583,4897.110862498074,1842.004840546697,61481.01717376709,6852.62328627451,6835.726603921568,6898.65862745098,6889.486925490196,2379.8245162963867,2607.761327149483,6027.988203921569,6558.0121568627455,61385.09621429443,10392.624650980391,634.8518388642715,2912.5,65441.0,31750.0,14.0,65534.0,63925.0,3228.0,2305.0,399.0,63985.5,3924.0,3928.0,3880.0,3890.0,2380.0,108.0,3495.0,3492.0,64043.0,6617.0,31.0,7601.410670663147,6698.451878299714,10632.702719007602,2613.732994443429,1124.5001828992283,1165.3244856173003,6728.268039329332,7772.354285685822,3516.988939206956,5833.6863957894675,7977.035147321863,7927.524303182717,8169.620787044878,8132.266631815683,5.205849203654669,6192.2154492791815,6840.198824491476,8136.109887988291,6295.353697403531,10738.140855356383,1930.2509899541337,D1,N8,t,appliedMASKiso_2mgml_roi3_8bit.ome
appliedMASKiso_flu_2mgml_roi3_8bit.ome,35,103.471292,55.18236,0.906016,3.900624,106.7,43.973,0.91062,3.6201,25.0,44.35110752,28.5433462,0.047876223,0.81586513,35.0,4211,29.1263,3527,149,23.6711,25,1.2732,0.0214,0.1149,0.05506,131072,0.6127030253410339,2334.09716796875,0.4824942648410797,18.99754524230957,23.174964904785156,2610.38330078125,0.778331995010376,0.6206458210945129,2300.283447265625,0.5127353668212891,18.576492309570312,20.032657623291016,2404.762451171875,0.7935861349105835,0.1954111009836197,1119.4754638671875,0.16272425651550293,9.272557258605957,15.170073509216309,1516.976806640625,0.12570686638355255,2mgml,flu,roi3,5766.681572125348,58529.961166381836,31959.97755432129,357.17658188858576,65278.466857910156,61241.66100311279,6096.881049240082,4875.962109870798,1781.9069847038977,61602.81426239014,6732.53804634744,6712.530789293284,6789.230500114253,6778.042155526314,2379.7894897460938,2136.776824034335,5927.534579350884,6476.870160978954,61497.4387588501,10332.219342688972,656.5135001451629,2933.0,65398.0,31743.0,12.0,65534.0,63937.0,3182.0,2291.0,399.0,63993.0,3952.0,3956.0,3892.0,3900.0,2380.0,76.0,3537.0,3511.0,64049.0,6648.0,31.0,7565.18525618266,6651.619638775369,10862.231105630884,2666.345662970666,1368.0838465121951,1316.4029106099576,6631.241689685127,7708.349211022825,3556.912319843704,5755.914363158572,7843.572841292319,7791.17871923505,8049.3940365895,8009.670583995391,5.930280356429356,5317.765273077471,6743.898348183818,8061.085485095956,6223.399343005859,10659.36052296629,2176.670552905758,D1,N8,t,appliedMASKiso_2mgml_roi3_8bit.ome
appliedMASKiso_flu_2mgml_roi3_8bit.ome,36,93.84456,51.31268,0.9100784,3.923884,101.0,41.674,0.91078,3.9547,25.0,45.73982815,20.09879978,0.044890233,0.906444866,36.0,3998,30.7846,3389,137,24.7372,25,1.2645,0.0205,0.1122,0.07711,131072,0.6293748617172241,2242.229248046875,0.4868312180042267,18.138050079345703,22.177499771118164,2550.500732421875,0.789373517036438,0.6444538235664368,2209.53564453125,0.5185232162475586,17.796627044677734,18.467594146728516,2270.1552734375,0.8074303865432739,0.18906866014003754,1058.8258056640625,0.16492195427417755,8.738327026367188,14.816662788391113,1520.1021728515625,0.12023293226957321,2mgml,flu,roi3,5757.797037235594,58343.74789428711,31977.78244781494,445.13518299881935,65242.78209686279,61276.20163726807,6018.078353611268,4835.82285980073,1843.7514946096046,61611.14457702637,6720.766195473073,6701.10696068306,6749.657886645486,6742.769585544106,2379.812973022461,2530.805166846071,6001.542513855929,6451.692583628322,61520.39032745361,10319.228687884832,711.9782632065533,2962.0,65382.0,31744.0,11.0,65534.0,63922.0,3182.0,2291.0,419.0,63969.0,3991.0,3999.0,3928.0,3937.0,2380.0,114.0,3620.0,3545.0,64034.0,6701.0,32.0,7583.488098631005,6593.464013073783,10908.174142180267,2591.4258679027057,1938.089683740519,1667.3299260682895,6602.3266518579585,7583.972940761615,3907.2353553585335,5793.515272226394,7818.181959177476,7766.513824796241,7984.972255299314,7951.228329802173,6.004374639057508,5890.51451273045,6845.758387679495,8038.657918891083,6227.601693491569,10624.129325357886,2674.452837643479,D1,N8,t,appliedMASKiso_2mgml_roi3_8bit.ome
appliedMASKiso_flu_2mgml_roi3_8bit.ome,37,102.3668808,52.17215385,0.913234231,3.776861538,115.69,42.7055,0.914915,3.5515,26.0,54.91250393,25.62909987,0.038289836,1.019729792,37.0,4091,30.0393,3350,161,20.8075,21,1.272,0.0206,0.1043,0.09204,131072,0.6615577936172485,2136.130615234375,0.483052134513855,16.99097442626953,19.840375900268555,2375.993408203125,0.8104225397109985,0.6806265115737915,2089.54638671875,0.4996849298477173,16.455646514892578,16.047319412231445,2025.75146484375,0.8290355205535889,0.1773102730512619,1059.85986328125,0.1566559374332428,8.556282043457031,13.364900588989258,1457.818603515625,0.10995064675807953,2mgml,flu,roi3,5578.2509178667515,58089.255195617676,31952.829933166504,348.23333627226236,65299.83573150635,61510.00157928467,5782.584897935789,4681.541722277264,1694.8355101004724,61817.15788269043,6487.250553885108,6466.275605317297,6501.767012185473,6496.914820382972,2379.7955169677734,2475.3351508542346,5886.442332647571,6231.625320462098,61737.788917541504,10192.221182149075,589.6462537440697,2877.0,65323.0,31743.0,10.0,65534.0,64021.0,3046.0,2206.0,406.0,64034.0,3877.0,3883.0,3797.0,3812.0,2380.0,92.0,3662.0,3432.0,64115.0,6533.5,32.0,7248.681022962387,6417.827415452363,11216.882771907061,2569.6396904850926,1698.2034707794821,1453.598878256594,6154.950953171909,7272.688684616888,3533.0643182816666,5367.723646963176,7429.510330714627,7376.78934037708,7587.199534206806,7554.427170268942,6.5468082518286055,6048.024120419367,6538.77138957904,7658.832462246554,5798.380582706214,10563.237608406023,2376.0943176191354,D1,N8,t,appliedMASKiso_2mgml_roi3_8bit.ome
appliedMASKiso_flu_2mgml_roi3_8bit.ome,38,92.71505714,52.45902857,0.915583143,3.597765714,92.726,47.534,0.92458,3.5561,35.0,55.58383006,22.11897587,0.041398306,0.767490666,38.0,4588,26.5686,3748,142,26.3944,21,1.2919,0.0209,0.1249,0.03984,131072,0.6435520648956299,2254.8271484375,0.45634299516677856,18.236351013183594,19.383071899414062,2244.511962890625,0.8005698919296265,0.6614100337028503,2153.98974609375,0.4731108844280243,17.338111877441406,17.062711715698242,2119.9736328125,0.8181422352790833,0.1646144986152649,1069.5750732421875,0.14299845695495605,8.653019905090332,11.244637489318848,1165.62255859375,0.1032806932926178,2mgml,flu,roi3,5537.920725224153,58482.02265167236,31917.83854675293,184.5952753635128,65371.661224365234,61460.02272796631,5888.40282129077,4698.322238894569,1637.2404958270356,61778.48794555664,6602.175148774101,6585.640998175038,6622.510124573514,6617.318344838531,2379.7849655151367,2434.183351273771,5845.922891375069,6267.4423629294615,61698.30187988281,10215.705014679044,474.87080538736643,3091.0,65460.0,31731.0,10.0,65534.0,63867.0,3364.0,2419.0,461.0,63896.0,4177.0,4185.0,4101.0,4115.0,2380.0,92.0,3828.0,3697.0,63966.0,6960.0,42.0,6723.483612781035,6091.1868703289665,11390.6101462951,2627.9160600075847,884.3731249355877,903.5122720574486,5827.008835652648,6982.91580379381,3037.253751836135,5024.998573022861,7155.036774959143,7110.242149290707,7317.798359956357,7285.410066735288,7.407986724571856,5912.155178844656,6119.990834664892,7241.353279666041,5447.415712527629,10155.420827086138,1624.707979285106,D1,N8,t,appliedMASKiso_2mgml_roi3_8bit.ome
appliedMASKiso_flu_2mgml_roi3_8bit.ome,39,98.04672059,51.32876471,0.928367941,3.483897059,109.37,41.9025,0.935955,3.5334,34.0,54.33028379,22.72859667,0.0357815,0.6251189,39.0,4688,25.9593,3800,146,26.0274,23,1.2958,0.0181,0.1224,0.05334,131072,0.6626822352409363,2130.810302734375,0.4433954060077667,17.295034408569336,17.759096145629883,2070.302734375,0.8126324415206909,0.6747018098831177,2002.8968505859375,0.46719110012054443,16.313953399658203,16.464967727661133,2032.7001953125,0.8256255984306335,0.15524117648601532,1012.78515625,0.1524588018655777,8.213457107543945,10.089681625366211,1058.5447998046875,0.09581000357866287,2mgml,flu,roi3,5256.783073248408,58383.61884307861,32062.20135498047,145.24035012809566,65400.059341430664,61683.75185394287,5620.3448233054705,4477.581229827029,1546.6054623941557,61955.68991088867,6323.918686305732,6309.890835987261,6338.960987261146,6334.896409235669,2379.8205337524414,2404.5639428362038,5612.51171178344,5975.169554140128,61898.60203552246,9776.864012738853,428.36719201529365,2909.0,65451.0,31746.0,10.0,65534.0,64003.5,3182.0,2249.0,435.0,64008.0,3974.0,3982.0,3895.0,3913.0,2380.0,101.0,3662.0,3496.0,64092.0,6582.0,40.0,6311.834171228873,5840.263438534614,11606.730266883764,2705.8467166252144,575.1845115934459,662.5480860835715,5483.877611461286,6688.0680951331,2744.071798209869,4734.077330921624,6832.220527404245,6791.0310863378545,6993.971150512029,6962.214274297762,10.392383917538961,5867.296553387965,5784.565998968578,6862.375004570452,5143.10466876831,9746.314461999276,1311.2492056622918,D1,N8,t,appliedMASKiso_2mgml_roi3_8bit.ome
appliedMASKiso_flu_2mgml_roi3_8bit.ome,40,100.1180029,51.32485294,0.910902059,3.489870588,102.168,46.731,0.92257,3.45535,34.0,55.68097931,23.01091887,0.040212029,0.56731515,40.0,4461,27.382,3622,134,27.0299,15,1.2895,0.0254,0.1278,0.04203,131072,0.6441164612770081,2204.8974609375,0.41008231043815613,18.25163459777832,18.168107986450195,2038.5255126953125,0.8013036847114563,0.6580490469932556,2149.759033203125,0.4154878258705139,17.74162483215332,16.100379943847656,1896.5421142578125,0.8156759738922119,0.15519089996814728,953.5784301757812,0.15843336284160614,7.901203632354736,10.414811134338379,1052.0491943359375,0.0967903882265091,2mgml,flu,roi3,4935.838009786626,58640.020080566406,32043.47681427002,180.19550054704595,65396.25080871582,61865.89579772949,5390.073247631139,4259.107096915225,1445.462248637278,62088.556632995605,6099.258363733606,6089.078332920901,6089.594278096637,6089.788374190767,2379.8965377807617,2610.1442275884883,5295.8467187662145,5674.114270433373,62062.88232421875,9189.18734284323,446.60688287420754,2633.0,65486.0,31744.0,10.0,65535.0,64192.0,2955.0,2064.0,386.0,64147.0,3707.0,3717.0,3609.0,3628.0,2380.0,114.0,3537.0,3202.0,64264.0,5999.0,36.0,6026.337202164166,5569.27271134335,11787.650836350263,2860.668262985877,1016.7697123637693,876.033323999345,5369.858228836472,6468.663300468445,2632.9521725440454,4670.337663039724,6725.501958699566,6691.241000274036,6857.444525082269,6831.112123187782,5.630585300007018,6205.3733075386845,5419.211408287481,6638.070222425409,5047.278471436199,9288.115985063732,1574.2917693778102,D1,N8,t,appliedMASKiso_2mgml_roi3_8bit.ome
appliedMASKiso_flu_2mgml_roi3_8bit.ome,41,89.135675,51.71518421,0.912284737,3.539805263,93.26,43.9185,0.92042,3.5569,38.0,53.34920778,24.03415962,0.04664353,0.639579455,41.0,4721,25.7638,3769,125,30.152,20,1.2988,0.0156,0.1388,0.04644,131072,0.6122111082077026,2315.22265625,0.39964887499809265,19.561853408813477,19.766464233398438,2119.666259765625,0.7809643149375916,0.6217588782310486,2314.1474609375,0.40907469391822815,19.46797752380371,17.39604949951172,1964.2945556640625,0.7936302423477173,0.16103994846343994,915.4945068359375,0.16040687263011932,7.791701793670654,11.333378791809082,1066.956298828125,0.1030648723244667,2mgml,flu,roi3,4749.776943374867,58652.17200469971,32031.622146606445,175.73247846981016,65399.8420791626,61897.583015441895,5237.353439575259,4086.481057104328,1477.033310780899,62056.63530731201,6025.649885601767,6020.990027025088,5984.095735775955,5989.864165052336,2379.8258743286133,2790.2583697234354,5224.962356205008,5515.702819697223,62069.698654174805,8778.087269509482,487.6006674343729,2426.0,65490.0,31743.0,12.0,65535.0,64286.0,2728.0,1907.0,366.0,64197.0,3546.0,3559.0,3405.0,3428.0,2380.0,113.0,3578.0,2985.0,64334.0,5556.0,33.0,5892.500648226997,5351.46139808137,11801.460505306002,2971.2051217488906,778.8770621323894,747.0038481065358,5422.288558438533,6358.466960434243,2727.3171175307953,4800.22008728457,6791.866964697959,6769.845399683269,6893.085738539346,6873.021420294668,7.073950705101134,6475.860349470997,5305.78453368314,6577.020128138556,5123.459930718486,9041.424020217211,1639.3863318416693,D1,N8,t,appliedMASKiso_2mgml_roi3_8bit.ome
appliedMASKiso_flu_2mgml_roi3_8bit.ome,42,93.42112,47.65794286,0.921924857,3.802782857,100.12,42.248,0.93449,3.8286,35.0,59.19474695,16.79333856,0.045700413,0.851872036,42.0,4425,27.621,3604,146,24.6849,17,1.281,0.0229,0.1331,0.04428,131072,0.6152119040489197,2311.781494140625,0.3858637809753418,19.56717300415039,19.478742599487305,2071.031005859375,0.7820117473602295,0.6300479769706726,2301.775390625,0.39427027106285095,19.396379470825195,16.845922470092773,1892.79833984375,0.7984307408332825,0.16761213541030884,949.248291015625,0.15382587909698486,8.137782096862793,11.82048511505127,1092.1234130859375,0.10840863734483719,2mgml,flu,roi3,4364.171003539272,58511.02038574219,32115.61883544922,130.07139196391964,65432.722648620605,62230.73555755615,4875.036624121315,3802.9582894350506,1344.1151512086578,62341.26862335205,5598.318486502033,5594.641271261595,5540.016841499756,5548.471394217326,2380.3618774414062,2642.218232044199,4935.638467008077,5087.15857214761,62380.9095993042,8185.459817683574,417.29865314491275,2082.0,65485.0,31752.0,10.0,65535.0,64532.0,2410.0,1679.0,295.0,64408.0,3108.0,3118.0,2957.0,2983.0,2380.0,110.5,3204.0,2573.0,64571.0,4830.0,29.0,5537.6089775695555,5072.288484577027,11938.723990928296,3137.3784147192773,466.3419495245708,514.8685478104032,5066.779100774799,6037.617253346645,2582.428656571631,4497.434622805462,6484.835716486144,6464.534857459446,6564.5687005469335,6548.080724260932,174.54318554243918,6026.309104818827,5149.098123053869,6222.919508551339,4802.324460934223,8741.430645761351,1341.383228943345,D1,N8,t,appliedMASKiso_2mgml_roi3_8bit.ome
appliedMASKiso_flu_2mgml_roi3_8bit.ome,43,91.66334286,49.46960714,0.912941429,3.852489286,95.428,44.1935,0.92032,3.69825,28.0,56.39157749,23.38305231,0.043706859,0.728932684,43.0,4809,25.2558,3878,140,27.7,19,1.3034,0.0165,0.1453,0.02202,131072,0.5836113691329956,2450.615234375,0.3765568733215332,21.059385299682617,21.13105583190918,2151.555419921875,0.7606618404388428,0.5954659581184387,2420.548583984375,0.3772863745689392,20.71102523803711,18.27310562133789,1982.0750732421875,0.7772641777992249,0.17462728917598724,967.483642578125,0.1499575525522232,8.450387954711914,12.847563743591309,1101.130615234375,0.11755064129829407,2mgml,flu,roi3,4180.145682204506,58559.7753812819,32160.687858581543,128.47847634863385,65433.58339691162,62252.15390777588,4703.5227699857305,3648.193018480493,1420.3469386037273,62276.832260131836,5549.3648958158765,5549.938566879743,5447.304747540042,5462.987111653778,2379.929489135742,2645.2140293637844,4982.548947784242,4936.322879009153,62359.8391494751,7772.62382787873,457.64881438073337,1953.0,65485.0,31757.0,11.0,65535.0,64580.0,2250.0,1565.0,305.0,64406.0,3002.0,3009.0,2819.0,2848.0,2380.0,114.0,3329.0,2434.0,64596.0,4527.0,31.0,5317.434467049674,4901.040767467196,11863.349321222428,3202.420992024945,451.4063222158925,492.54340008192844,5043.795831443209,5892.970834247568,2634.052334009003,4582.956571632556,6464.342695410265,6452.007531972634,6510.927706721826,6500.405864570681,5.488531702048263,6144.032999853939,5036.013934306493,6071.781873537851,4835.2988586606425,8343.810604199478,1371.1441011918598,D1,N8,t,appliedMASKiso_2mgml_roi3_8bit.ome
appliedMASKiso_flu_2mgml_roi3_8bit.ome,44,90.27841143,49.25377143,0.915265714,3.50968,101.31,43.378,0.92276,3.4903,35.0,54.60569106,20.19082187,0.047623697,0.717100985,44.0,4786,25.3867,3806,137,27.781,21,1.3015,0.0193,0.141,0.01441,131072,0.5902769565582275,2370.8828125,0.3741832375526428,20.499252319335938,20.775484085083008,2093.208984375,0.7645156979560852,0.6045923233032227,2353.284423828125,0.39533793926239014,20.219482421875,17.607603073120117,1910.96728515625,0.7827928066253662,0.177174910902977,925.7764892578125,0.1495971977710724,8.205172538757324,13.390998840332031,1111.9119873046875,0.11998602002859116,2mgml,flu,roi3,3813.1198960122115,57937.07532501221,32178.589630126953,167.40734119224538,65427.40897369385,62520.103775024414,4264.9368072120105,3274.156640241336,1326.711377971654,62489.37683105469,5162.381511161992,5166.806231317179,5027.38795872289,5048.596077402532,2379.9743041992188,2619.8175313059032,4768.435357438148,4528.871565540927,62610.33868408203,7117.0990348534,464.07239979256525,1774.0,65448.0,31743.0,9.0,65535.0,64678.0,2069.0,1437.0,277.0,64477.0,2734.0,2748.0,2564.0,2592.0,2380.0,134.0,3079.0,2212.0,64681.0,4114.5,28.0,4977.438388244597,4438.86678954991,11993.021251862036,3255.200010448635,739.7719164037293,663.1440491033484,4770.714007242963,5428.629877495611,2565.1462094244257,4344.380216432713,6151.289660845187,6145.753220016219,6148.549769705953,6146.585844698274,6.4174132542042415,6199.033025549809,4904.347712616774,5711.230372410216,4558.472754934082,7781.107987977648,1660.2708917831974,D1,N8,t,appliedMASKiso_2mgml_roi3_8bit.ome
appliedMASKiso_flu_2mgml_roi3_8bit.ome,45,89.64443913,53.54726087,0.919885652,3.769078261,96.789,40.177,0.93172,3.6407,23.0,46.08029996,30.2392913,0.055661957,0.86016614,45.0,4482,27.2443,3579,127,28.1811,20,1.281,0.0187,0.1298,0.01135,131072,0.6104474067687988,2207.3134765625,0.38127610087394714,19.175973892211914,19.686195373535156,2008.36572265625,0.7779790163040161,0.6319501399993896,2150.618896484375,0.4020073413848877,18.46969223022461,16.67048454284668,1837.603759765625,0.7996909618377686,0.17483988404273987,875.2589721679688,0.16013380885124207,7.851012706756592,13.022697448730469,1127.19775390625,0.11582225561141968,2mgml,flu,roi3,3451.0984938771267,57214.242195129395,32316.65729522705,229.6940414271375,65418.4948425293,62828.938484191895,3924.081286435376,3010.6565565903597,1187.4301328615416,62761.78881072998,4706.18460603249,4710.316445773978,4585.711461091159,4604.665413563905,2379.9722213745117,2759.392595179881,4368.1570511025975,4116.167001271766,62899.35143280029,6451.396479047855,469.10693074487847,1642.0,65379.0,31747.0,8.0,65535.0,64760.0,1932.0,1338.0,254.0,64552.0,2553.0,2561.0,2391.0,2416.0,2380.0,132.0,2788.0,2060.0,64759.0,3809.0,24.0,4607.908775647017,4244.082921703524,12453.05731129185,3360.6672961334534,1312.0110726516577,944.1589019378096,4418.061416503881,5150.776483084097,2394.3254557355012,4014.3963406818943,5696.108354635382,5687.185658267955,5718.481543782346,5712.302284119814,10.345602595182102,6579.458515927378,4598.024579275387,5304.47704160056,4238.368274760857,7113.756373227278,2066.4879747157506,D1,N8,t,appliedMASKiso_2mgml_roi3_8bit.ome
appliedMASKiso_flu_3mgml_roi1_8bit.ome,1,57.10443333,57.11979487,0.921325641,3.8043,45.764,50.378,0.92542,3.6917,39.0,46.41765303,27.95119798,0.036152296,0.97928879,1.0,4314,28.3832,3559,33,107.8485,28,1.2642,0.0173,0.0012,0.3429,131072,0.45707371830940247,295.30731201171875,0.2996870279312134,8.669647216796875,8.270333290100098,221.37423706054688,0.6864961385726929,0.46532854437828064,292.38348388671875,0.3010547459125519,8.559171676635742,7.4022979736328125,214.70492553710938,0.7027145624160767,0.17450091242790222,92.94221496582031,0.12197134643793106,2.761950969696045,4.19896936416626,86.30867767333984,0.12186317890882492,3mgml,flu,roi1,4966.343881904849,63715.9167175293,32493.146942138672,125.50881890353504,65395.31015777588,60605.61184692383,1944.5127312540355,1144.8694590269786,1898.2949998069423,60519.37316894531,7231.436185722027,7231.29761168739,6954.894995153153,7014.844809293734,35149.27951049805,2495.143004115226,7503.261470235778,6426.354399945044,60572.61092376709,4835.557685115217,577.7980834336443,3618.0,65535.0,32495.0,8.0,65533.0,62510.0,896.0,518.0,630.0,62439.0,5355.0,5355.0,5122.0,5169.0,35121.0,203.0,5607.0,4709.0,62484.0,4965.0,51.0,4537.31129509052,1637.7320662579775,6285.549838105672,3088.142390063907,447.2114074874839,594.6456921755941,5421.859702788447,2594.245088297457,3142.378892953906,5470.4037320730695,6429.25372389168,6429.22228319374,6246.03746365834,6287.0152887139675,130.16931980205297,3702.0901844316336,6587.800663106681,5816.132377138402,5442.775370970247,2611.731989037396,1685.7081842793423,D1,N8,t,appliedMASKiso_3mgml_roi1_8bit.ome
appliedMASKiso_flu_3mgml_roi1_8bit.ome,2,60.14973171,61.75563415,0.905568049,3.429707317,58.046,45.75,0.92002,3.2304,41.0,39.18753724,35.2296601,0.059370284,0.682289126,2.0,4299,28.4892,3435,36,95.4167,27,1.261,0.023,0.0008,0.3646,131072,0.4825797379016876,283.0783996582031,0.3196184039115906,8.210658073425293,7.883399486541748,218.64080810546875,0.7051699161529541,0.4850785732269287,280.03497314453125,0.3313131630420685,8.098987579345703,7.284621238708496,217.1607208251953,0.7169802188873291,0.17291860282421112,92.98493194580078,0.12233463674783707,2.726067304611206,3.9575612545013428,86.14525604248047,0.1172495111823082,3mgml,flu,roi1,5160.885681116915,63665.01332092285,32478.515830993652,78.84056627322326,65425.135581970215,60388.18307495117,1743.611579940341,1029.8699487545573,1959.6796593768145,60292.69867706299,7531.44004521431,7531.28051965906,7239.201211315797,7302.435088442856,35149.56929779053,2494.460928203094,7826.481501848288,6684.148298353343,60348.94438934326,4955.252764793939,520.8045562186227,3850.0,65535.0,32519.0,8.0,65532.0,62276.0,896.0,518.0,698.0,62200.0,5702.0,5702.0,5452.0,5511.0,35121.0,203.0,5956.0,5011.0,62247.0,5249.0,64.0,4649.420539317318,1448.6780361799601,6513.4028749755425,3006.3735842397828,219.9207856282656,381.57453867795925,5570.41853902355,2145.917933949803,3111.7905173375334,5637.285033177763,6646.738526236675,6646.660788933149,6438.266564719511,6484.364316350102,138.0094925357294,3763.0609360268486,6844.397944073066,5978.462380436787,5603.483073978286,2635.798845942453,1321.1402511875253,D1,N8,t,appliedMASKiso_3mgml_roi1_8bit.ome
appliedMASKiso_flu_3mgml_roi1_8bit.ome,3,64.83096,57.65344444,0.917410889,3.499202222,55.305,49.489,0.92912,3.2665,45.0,47.68435327,25.84652796,0.036401559,0.784912728,3.0,4623,26.3524,3724,45,82.7556,28,1.2865,0.018,0.001,0.3138,131072,0.47300398349761963,289.1423034667969,0.31874963641166687,8.39979076385498,7.964571475982666,221.0117645263672,0.6991450190544128,0.4627765715122223,290.6135559082031,0.32955116033554077,8.444925308227539,7.7451605796813965,227.95013427734375,0.7026093006134033,0.1656987965106964,92.44477844238281,0.11720400303602219,2.7001118659973145,3.6807291507720947,80.76917266845703,0.11245998740196228,3mgml,flu,roi1,5559.549321052712,63865.84413909912,32388.06827545166,94.24858286095365,65409.74108886719,59944.72354888916,1806.8186678495551,1066.0088483178858,2125.026546963247,59845.88623046875,8100.150972215858,8099.977875024821,7790.157593670287,7857.3464464097515,35142.63757324219,2375.649727767695,8408.742824848401,7196.469054056118,59904.61073303223,5238.202561517664,555.3913027210566,4192.0,65535.0,32520.0,9.0,65531.0,61928.0,896.0,518.0,801.0,61847.5,6200.0,6200.0,5925.0,5989.0,35121.0,203.0,6465.0,5458.0,61896.0,5618.0,81.0,4949.624625543369,1706.510131943618,6173.251033649502,2889.700194598164,540.7345366322197,669.1424016891626,5932.979985847319,2651.498004626904,3322.063280263835,5986.536801220839,7014.911033613306,7014.800499960516,6814.52614939025,6859.333822773298,197.0572200355376,3609.4940897868105,7190.589895538636,6344.731379472782,5956.791605199413,2735.5357701576168,1728.487467960254,D1,N8,t,appliedMASKiso_3mgml_roi1_8bit.ome
appliedMASKiso_flu_3mgml_roi1_8bit.ome,4,79.99017021,60.49453191,0.905387872,3.601840426,68.199,54.731,0.90929,3.4427,47.0,56.61021363,25.21974399,0.037482374,0.796826313,4.0,4456,27.4149,3699,43,86.0233,24,1.2766,0.0203,0.0012,0.2782,131072,0.3912412226200104,333.9767150878906,0.2885570526123047,9.881324768066406,9.347195625305176,241.0736541748047,0.6417715549468994,0.3741052746772766,335.8968811035156,0.281663179397583,9.968252182006836,9.154390335083008,249.1647491455078,0.6391710042953491,0.14930719137191772,85.29813385009766,0.10942043364048004,2.5243449211120605,3.6543242931365967,70.2632064819336,0.10840054601430893,3mgml,flu,roi1,6379.881115732438,64712.68061065674,32348.959968566895,143.16963505409396,65348.33335876465,58962.10612487793,1944.3541806169367,1146.7840721396367,2623.3728882478404,58849.47409057617,9293.34826573053,9293.151272560766,8935.745556530697,9013.193787919257,35126.595558166504,2436.785419532325,9644.854489258594,8255.992696607776,58916.97801208496,5648.270652879002,729.2610034703423,4968.0,65535.0,32534.0,11.0,65528.0,61085.0,896.0,518.0,1049.0,60995.0,7331.0,7331.0,7015.0,7087.0,35121.0,203.0,7640.0,6458.0,61050.0,6081.0,102.0,5450.990521254628,2020.1729885446039,4300.391920724471,2466.439839464312,936.7688195910736,1060.0467389588675,6682.111602968897,3244.5413837000115,3931.016968687267,6731.872074626435,7680.844165379022,7680.680445548038,7467.8675798357235,7515.539394883641,107.94904153508655,3375.5429302681964,7851.451959919389,6967.247851537161,6698.915416896279,2714.935984455133,2229.326482931587,D1,N8,t,appliedMASKiso_3mgml_roi1_8bit.ome
appliedMASKiso_flu_3mgml_roi1_8bit.ome,5,64.20945,57.87161364,0.9075725,3.472097727,60.7465,45.212,0.92115,3.4005,44.0,47.85995146,27.73960079,0.057590829,0.813445827,5.0,4288,28.5674,3529,42,84.0238,31,1.265,0.013,0.0015,0.2155,131072,0.45513609051704407,301.2268371582031,0.31149575114250183,8.75952434539795,8.236321449279785,228.28256225585938,0.6882386803627014,0.4527512490749359,302.0794677734375,0.3011961877346039,8.772943496704102,7.750618934631348,227.44847106933594,0.6950183510780334,0.15422073006629944,85.94095611572266,0.1250862181186676,2.505023956298828,3.6303138732910156,80.043701171875,0.10547515004873276,3mgml,flu,roi1,6167.395838263246,64483.02240753174,32396.35163116455,141.75906118109475,65364.30317687988,59302.912170410156,2112.6281439229547,1247.6096058858784,2379.0973209824347,59207.19317626953,8928.150752272848,8927.88339198339,8605.263894719968,8675.757135332778,35130.026428222656,2361.4880952380954,9233.866606108257,7965.067723639917,59265.37902069092,5701.998335915971,645.9272843871635,4716.0,65535.0,32537.0,7.0,65530.0,61421.0,1038.0,600.0,923.0,61338.0,6924.0,6924.0,6642.0,6700.0,35121.0,203.0,7211.0,6116.0,61388.0,6125.0,75.0,5501.997143996648,2110.780100561719,4832.570761631669,2530.7306777029125,892.6572270215129,1035.484904469257,6681.804318807975,3403.0431336398224,3945.848994612919,6717.834331800559,7673.500045015123,7673.235466148243,7491.915107962422,7533.56178457924,114.78915051397048,3336.8360231312595,7807.603260834576,7009.419827366341,6694.256792518352,2792.6358611007536,2341.3390661503436,D1,N8,t,appliedMASKiso_3mgml_roi1_8bit.ome
appliedMASKiso_flu_3mgml_roi1_8bit.ome,6,71.62645745,57.55102128,0.916888936,3.542493617,63.435,48.643,0.92799,3.4613,47.0,52.15364488,29.94334166,0.047141907,0.844043703,6.0,4216,29.0894,3457,40,86.425,30,1.261,0.0208,0.0016,0.09915,131072,0.431913286447525,310.1184387207031,0.3180074989795685,9.043766975402832,8.862998008728027,238.24417114257812,0.6713153719902039,0.4263365864753723,316.66058349609375,0.31638193130493164,9.200775146484375,8.367061614990234,239.67245483398438,0.676909863948822,0.16144034266471863,83.67279052734375,0.1207854151725769,2.467210292816162,4.0237860679626465,82.94277954101562,0.11227262765169144,3mgml,flu,roi1,6613.846989073373,64699.519104003906,32407.741081237793,172.8464598858472,65317.15375518799,58728.40058898926,2068.1589816732444,1220.0937438943379,2747.4562806748468,58624.212646484375,9582.345760590892,9582.083903064338,9231.481397265292,9307.956888658284,35126.25206756592,2384.7823285780028,9913.669156696375,8543.049261384447,58688.1277923584,5825.842769503113,812.8053554117431,5029.0,65535.0,32542.0,9.0,65529.0,61073.0,1132.0,655.0,1035.5,60983.0,7391.0,7391.0,7086.0,7149.0,35121.0,203.0,7688.0,6524.0,61033.0,6269.0,84.0,5885.222798359339,2004.9415717548798,4244.38143467897,2295.152806147124,878.1118331785977,1110.5293897370543,7300.300491594028,3137.847555508403,4670.273140524762,7349.464656690154,8249.018122597285,8248.53800844875,8026.3546965442265,8076.457742757092,91.86728296122646,3396.094613258055,8417.704164114382,7500.4189319838415,7313.995297724061,2732.6631314691094,2788.906497914404,D1,N8,t,appliedMASKiso_3mgml_roi1_8bit.ome
appliedMASKiso_flu_3mgml_roi1_8bit.ome,7,91.7247569,59.95210345,0.917420345,3.728467241,84.402,52.0845,0.92675,3.5706,58.0,54.20247814,34.73756844,0.036226211,0.803794681,7.0,3971,31.0075,3323,35,94.9429,31,1.244,0.0207,0.0013,0.097,131072,0.3290337324142456,357.2548522949219,0.30219560861587524,10.714715957641602,10.943778991699219,263.94439697265625,0.5942206382751465,0.30952367186546326,369.6068115234375,0.3133932948112488,11.090495109558105,10.681600570678711,272.8375549316406,0.588937520980835,0.14447620511054993,72.15184783935547,0.10712124407291412,2.2036209106445312,4.143931865692139,70.29573059082031,0.11093521863222122,3mgml,flu,roi1,7841.219299316406,65125.99060058594,32393.03656768799,245.8660727022786,65182.78727722168,57140.25560760498,2038.0673614095401,1223.2697679415558,3759.92689041588,57001.028595188865,11400.351264953613,11399.834396362305,10968.615341186523,11062.26457977295,35117.79167175293,2432.6223436551304,11827.907806396484,10138.966018676758,57081.84599949646,6209.837585449219,1239.146686975122,6238.0,65535.0,32574.0,14.0,65521.0,59635.0,1038.0,600.0,1577.0,59516.0,9187.0,9187.0,8809.0,8890.0,35121.0,203.0,9578.0,8102.0,59583.0,6564.0,147.0,6433.684562681151,2305.3702400789743,2949.64103165799,1963.9245641204473,1013.2771342677041,1389.2577315106985,8226.989430067264,3310.7263395035898,5713.461733273403,8303.13626440495,9057.473146494674,9056.451240865059,8795.279267282118,8853.578103153264,68.95040202249116,3592.7178020658635,9286.457383965166,8203.980777836367,8256.587115612214,2642.76891815819,3468.2923703120723,D1,N8,t,appliedMASKiso_3mgml_roi1_8bit.ome
appliedMASKiso_flu_3mgml_roi1_8bit.ome,8,90.399405,63.93421667,0.9032915,3.624861667,90.182,52.8365,0.920655,3.55255,60.0,48.12134982,37.53429938,0.065749192,0.823423963,8.0,4245,28.877,3532,36,98.1111,20,1.2608,0.0206,0.0016,0.07388,131072,0.3178797960281372,364.5154724121094,0.29922348260879517,10.940991401672363,11.167450904846191,268.5672912597656,0.5852877497673035,0.2882826328277588,374.9103088378906,0.31054577231407166,11.289710998535156,11.253313064575195,279.47235107421875,0.572400689125061,0.14103493094444275,72.0903549194336,0.11181844770908356,2.189880609512329,4.011579513549805,71.01331329345703,0.10846877098083496,3mgml,flu,roi1,8232.38890838623,65194.923683166504,32393.80047607422,249.69060271551777,65160.53554534912,56679.22381762556,2120.3682659791743,1290.1313322395956,3991.820202653136,56536.5320892334,11941.848411560059,11941.157104492188,11497.298683166504,11593.921028137207,35115.737480163574,2310.51377245509,12378.909858703613,10634.173294067383,56618.81148529053,6329.214981079102,1296.9454666974718,6641.0,65535.0,32581.0,16.0,65516.0,59129.0,1132.0,655.0,1788.0,58996.0,9775.0,9775.0,9368.0,9455.0,35121.0,203.0,10197.0,8628.0,59074.0,6648.0,179.0,6560.6138715508205,2573.7822274835084,2686.769289649192,1823.1961666494763,982.532342433872,1398.284907549685,8334.901820021581,3410.687583556831,5775.695321590567,8406.612281403437,9164.167756590736,9162.68617153026,8913.586375961415,8969.712873188708,61.30999258935426,3664.900423378973,9377.704664871624,8329.470063670236,8364.147927869757,2639.2434559996163,3499.8683458879796,D1,N8,t,appliedMASKiso_3mgml_roi1_8bit.ome
appliedMASKiso_flu_3mgml_roi1_8bit.ome,9,94.038565,62.0751,0.9167985,3.615625,85.308,51.0195,0.92482,3.46245,40.0,49.57510943,29.12811925,0.039269803,0.605444465,9.0,4336,28.229,3537,43,82.2558,31,1.2688,0.0206,0.0016,0.1231,131072,0.4618724584579468,297.0223693847656,0.33531567454338074,8.554193496704102,8.345815658569336,236.620361328125,0.6937345862388611,0.43505167961120605,306.03533935546875,0.3407438397407532,8.844959259033203,8.405424118041992,244.661865234375,0.6838010549545288,0.1579739898443222,85.1353988647461,0.13363255560398102,2.461900472640991,3.5737617015838623,86.51885986328125,0.10357387363910675,3mgml,flu,roi1,7296.923196666896,64560.58812713623,32497.625869750977,123.16204618675042,65330.236473083496,57981.739501953125,2259.18391501308,1353.7980125055828,3018.7569598149666,57878.05154418945,10503.683988431809,10503.138375722057,10146.915855901228,10225.448954207968,35126.41387939453,2573.1994764397905,10839.117795633694,9405.864447649352,57939.269607543945,6098.149760776503,786.2770379663143,5794.0,65535.0,32585.0,9.0,65524.0,60174.0,1227.0,709.0,1365.0,60073.0,8485.0,8485.0,8149.0,8222.0,35121.0,203.0,8815.0,7520.0,60133.0,6523.0,119.0,5987.803462139967,2381.989985970305,4491.2070758793425,2353.7022803533832,453.0677429956199,754.3803284540706,7284.056939325959,3367.9657080236634,4385.877925350359,7319.220836855458,8269.159325298122,8267.946455642486,8085.124677063684,8127.68358902876,102.24620074726542,3799.9782976095257,8404.927383514003,7581.256706641062,7296.469748168568,2565.1754593784467,2089.460065268273,D1,N8,t,appliedMASKiso_3mgml_roi1_8bit.ome
appliedMASKiso_flu_3mgml_roi1_8bit.ome,10,70.54515227,57.95963636,0.905327045,3.395793182,65.025,49.478,0.91563,3.2164,44.0,43.74723456,26.94701632,0.049655887,0.709402832,10.0,4418,27.6679,3511,49,71.6531,30,1.2769,0.0215,0.0021,0.1746,131072,0.484417200088501,286.698974609375,0.3335980176925659,8.199231147766113,7.892534255981445,229.11004638671875,0.709704577922821,0.46622902154922485,295.209228515625,0.32941800355911255,8.474727630615234,7.665933609008789,229.44320678710938,0.7043496966362,0.14975161850452423,78.04133605957031,0.13710342347621918,2.2478692531585693,3.4119508266448975,84.89738464355469,0.09639687836170197,3mgml,flu,roi1,7268.345053603449,64395.28515625,32549.264335632324,111.75366208961665,65338.97124481201,58031.41473388672,2384.9398348892832,1395.822097060412,2984.373456600999,57938.70922088623,10429.530479569647,10429.311937736065,10092.065064285987,10166.921475716303,35127.9665222168,2377.0505902192244,10732.759871809545,9364.130311701194,57995.20980834961,6026.674113921636,765.790077401345,5749.0,65535.0,32586.0,10.0,65524.0,60230.0,1274.0,737.0,1346.0,60134.0,8402.0,8402.0,8077.0,8150.0,35121.0,203.0,8736.0,7457.0,60188.0,6460.0,117.0,5925.245063788021,2017.1594313688179,4748.182619126008,2373.8940475180393,368.4617893146254,652.2057997069401,7191.503859925744,3247.2114096691025,4218.25212409862,7216.337570830273,8187.977846171827,8187.449548776402,8020.558989648422,8059.9894148973235,119.15438455059716,4000.280282440399,8295.550388339423,7523.207833919908,7197.315879200544,2493.284511792651,1868.088050326897,D1,N8,t,appliedMASKiso_3mgml_roi1_8bit.ome
appliedMASKiso_flu_3mgml_roi1_8bit.ome,11,90.76251707,63.348,0.910526341,3.567490244,84.193,56.574,0.92818,3.293,41.0,49.42758778,28.15900303,0.052681611,0.812011155,11.0,4633,26.2912,3703,50,74.06,34,1.2848,0.0207,0.0021,0.2002,131072,0.5114589333534241,274.74444580078125,0.3427945673465729,7.784883975982666,7.403886795043945,222.11749267578125,0.727971613407135,0.5038458704948425,284.74462890625,0.338153600692749,8.05731201171875,6.987048149108887,215.80665588378906,0.7278169393539429,0.14140859246253967,73.71967315673828,0.13347290456295013,2.112776756286621,3.226369857788086,83.30945587158203,0.0897146537899971,3mgml,flu,roi1,7144.135746986113,64363.345878601074,32484.614044189453,108.74297293584283,65346.66638183594,58218.33017730713,2457.344804179087,1436.1265678954048,2862.340939176212,58135.26695251465,10211.880207538532,10211.677605676789,9898.55983518999,9968.62802533191,35126.225357055664,2514.590281612369,10482.47377537006,9194.656745002289,58185.79123687744,5986.596238364108,724.8266209245086,5623.0,65535.0,32573.0,9.0,65525.0,60373.0,1274.0,737.0,1294.0,60282.0,8198.0,8198.0,7890.0,7957.0,35120.0,203.0,8514.0,7286.0,60333.0,6381.0,109.0,5901.980160262425,2085.678383213534,4804.053945499422,2372.1880126747824,346.92515440614676,631.0210061758447,7090.367834207733,3404.68818008291,4074.1535820642575,7097.3025547768175,8085.492022360404,8084.977263250819,7952.356522736938,7985.151078997137,152.4125701777312,4349.6079743627415,8142.877495803642,7478.518449456618,7088.615088135446,2475.7507720606613,1790.6911002027987,D1,N8,t,appliedMASKiso_3mgml_roi1_8bit.ome
appliedMASKiso_flu_3mgml_roi1_8bit.ome,12,80.20874103,66.38966667,0.915499744,3.821833333,63.435,56.013,0.92758,3.7603,39.0,50.20734612,36.02651382,0.034677366,0.901666858,12.0,4652,26.1756,3723,42,88.6429,30,1.2848,0.0198,0.0021,0.2217,131072,0.4628402292728424,296.51849365234375,0.3550911545753479,8.483124732971191,8.454270362854004,244.22540283203125,0.6957699656486511,0.4431918263435364,304.341796875,0.3617260754108429,8.760668754577637,8.35797119140625,247.36575317382812,0.6894235610961914,0.14446938037872314,74.0865478515625,0.13489140570163727,2.14760684967041,3.5212087631225586,86.97396087646484,0.09485387802124023,3mgml,flu,roi1,7430.433371480888,64745.856925964355,32491.36528778076,129.74692560983806,65314.45848083496,57872.36436462402,2524.0588545602304,1485.9820356720227,3080.406872079596,57787.036392211914,10612.013221942474,10611.628145265888,10290.356527046617,10362.39565117876,35118.16172027588,2538.9464864864863,10891.740596627757,9560.615869382773,57838.32328796387,6066.21601434348,816.7652479558599,5779.0,65535.0,32575.0,12.0,65523.0,60182.5,1321.0,764.0,1372.0,60086.0,8432.0,8432.0,8106.0,8179.0,35116.0,203.0,8752.0,7484.0,60143.0,6434.0,117.0,6069.593252882208,2163.5521519459367,3950.0054628802154,2214.0858899807545,405.9798170957641,714.8554497636558,7358.126816617481,3468.390662397958,4334.269132580226,7367.7714904958475,8323.247954413218,8322.597530409084,8186.369869909579,8220.08026983028,99.19595706666284,3743.911622433917,8388.284021151358,7695.581562995733,7358.085994085741,2422.447577926787,1972.7216056999848,D1,N8,t,appliedMASKiso_3mgml_roi1_8bit.ome
appliedMASKiso_flu_3mgml_roi1_8bit.ome,13,69.07551628,60.62597674,0.915445116,3.699772093,56.634,54.18,0.92567,3.4446,43.0,47.99653678,26.70489065,0.047818329,0.877799557,13.0,4505,27.095,3620,52,69.6154,26,1.2793,0.0201,0.003,0.258,131072,0.509346067905426,273.7485656738281,0.3695758283138275,7.687254428863525,7.901809215545654,238.406005859375,0.7260310649871826,0.49177801609039307,284.117919921875,0.364082396030426,7.99232816696167,7.466081619262695,230.99172973632812,0.7221675515174866,0.16000980138778687,78.6790542602539,0.15075728297233582,2.2565321922302246,3.9333558082580566,103.66009521484375,0.10179057717323303,3mgml,flu,roi1,7011.516231908384,64195.90399932861,32487.7227935791,110.7764226519337,65349.25839996338,58474.27648162842,2770.391116836563,1619.9732552929315,2674.427636107754,58423.65061187744,9906.16497417391,9905.890080797137,9642.827945585912,9703.119326461634,35125.35720062256,2678.5510638297874,10097.1101328308,8988.502117205442,58460.26113128662,5934.080064698746,663.6753664310539,5490.0,65535.0,32553.0,10.0,65525.0,60568.0,1415.0,819.0,1229.0,60496.0,7934.0,7934.0,7659.0,7718.0,35115.0,203.0,8180.0,7089.0,60538.0,6308.0,104.0,5781.776855189661,2214.981504250575,5031.658886233019,2302.032281773515,399.9103872677741,653.9890970100055,6775.2049352299655,3647.106042191747,3642.608552748131,6737.587990367074,7763.341063882268,7762.82995535306,7687.202128132626,7708.72635961167,207.04374496536977,5067.160167944689,7724.966941657076,7274.1341458833895,6744.867731991155,2431.7268817355016,1563.0747664730102,D1,N8,t,appliedMASKiso_3mgml_roi1_8bit.ome
appliedMASKiso_flu_3mgml_roi1_8bit.ome,14,70.888706,58.38076,0.9154188,3.441988,60.6075,47.0265,0.919645,3.35785,50.0,49.57015823,29.41382309,0.032826483,0.787952789,14.0,4947,24.4954,4013,55,72.9636,31,1.308,0.0175,0.0017,0.2237,131072,0.4880569279193878,289.51153564453125,0.3591213822364807,8.128206253051758,8.15014934539795,239.40281677246094,0.7116367816925049,0.4762973487377167,294.3781433105469,0.35955098271369934,8.251147270202637,7.736599445343018,236.9620361328125,0.7121648788452148,0.15777401626110077,83.6393051147461,0.12745822966098785,2.3828694820404053,3.768033981323242,91.17881774902344,0.10295940935611725,3mgml,flu,roi1,7060.387762109697,64324.37049102783,32521.78305053711,99.1571890322404,65359.87587738037,58393.12440490723,2538.2453106237317,1481.5436639935956,2750.3334787166477,58326.63463592529,10034.620196563197,10034.425457070476,9749.543547599425,9814.091391203492,35123.80534362793,2243.5896739130435,10265.662546164882,9071.145232426823,58369.11643218994,6047.362169215274,682.4991181213466,5598.0,65535.0,32569.0,9.0,65525.0,60450.0,1415.0,819.0,1252.0,60385.0,8100.0,8100.0,7819.0,7881.0,35114.0,203.0,8339.0,7234.0,60430.0,6424.0,105.0,5695.958423736941,1849.4720970104333,4874.628801769879,2268.303968937772,334.9744494569582,591.0882354658122,6834.893534076277,3016.9898320420702,3928.770029640003,6848.1353709152645,7830.938334846976,7830.655845046601,7699.875942146856,7732.1468581769805,158.19659278415563,3892.043123816461,7896.192326903902,7232.260151073933,6838.2542893657765,2492.393925082913,1723.5390926656346,D1,N8,t,appliedMASKiso_3mgml_roi1_8bit.ome
appliedMASKiso_flu_3mgml_roi1_8bit.ome,15,76.55678654,59.67744231,0.918771538,3.697213462,68.239,49.733,0.934975,3.62405,52.0,49.72924365,31.48084378,0.041244421,0.807723885,15.0,4777,25.4383,3863,48,80.4792,32,1.2925,0.0158,0.0014,0.1974,131072,0.47399476170539856,296.0939636230469,0.3695347011089325,8.314240455627441,8.476707458496094,245.12269592285156,0.7022281289100647,0.47045642137527466,298.2401428222656,0.3828398585319519,8.35191535949707,8.057510375976562,248.84579467773438,0.7082082629203796,0.1609586924314499,87.9261474609375,0.11368676275014877,2.4919822216033936,3.793262243270874,86.84970092773438,0.1067982092499733,3mgml,flu,roi1,7198.0778669759775,64325.06908416748,32495.148635864258,117.24149472466323,65336.848220825195,58208.18389129639,2452.2947968391263,1429.884964493566,2905.553395012129,58136.13701629639,10243.2394310308,10243.067267482678,9947.827630414213,10014.552547236042,35123.759590148926,2470.4049945711186,10486.957739385245,9252.108246085285,58181.09046936035,6085.706098714935,765.7387024683401,5653.0,65535.0,32569.0,10.0,65525.0,60417.0,1415.0,819.0,1256.0,60344.0,8168.0,8168.0,7888.0,7947.0,35113.0,203.0,8418.0,7300.0,60389.5,6473.0,102.0,5927.243884006674,1739.1996682898452,4924.7037287526255,2194.2473072719595,414.63411475433327,715.6585538609196,7232.367563717363,2866.1868636219715,4389.354946294605,7254.115315007092,8190.034200289639,8189.866480546001,8038.457247434056,8075.118415573238,114.36844548506977,3727.571210326267,8273.623901055771,7539.720891529681,7238.629801232137,2489.57010662942,2061.9073797646097,D1,N8,t,appliedMASKiso_3mgml_roi1_8bit.ome
appliedMASKiso_flu_3mgml_roi1_8bit.ome,16,82.79671064,62.77025532,0.915051277,3.50263617,82.185,55.087,0.92441,3.3266,47.0,48.86803569,31.501995,0.046137988,0.72640021,16.0,4604,26.4694,3747,43,87.1395,34,1.2797,0.0157,0.0027,0.1623,131072,0.5262507200241089,271.52911376953125,0.3958093225955963,7.467369556427002,7.760310173034668,237.8888702392578,0.7360824346542358,0.5181049704551697,275.44671630859375,0.4062543213367462,7.551270484924316,7.3293046951293945,237.10858154296875,0.7396676540374756,0.16803830862045288,92.7894287109375,0.12128112465143204,2.5942296981811523,3.943852424621582,98.23823547363281,0.10894311219453812,3mgml,flu,roi1,6827.601048566806,63453.52281188965,32518.3330078125,134.40626688276606,65339.803855895996,58772.06449127197,2770.272683139354,1610.9908259164747,2537.083701047987,58738.12018585205,9572.77342867609,9572.631185323118,9353.967596690985,9405.513332214048,35136.682762145996,2722.2219476025703,9712.085487957507,8737.097141243628,58763.45886993408,5988.751388931286,675.8246423822551,5230.0,65535.0,32566.0,8.0,65527.0,60935.0,1463.0,846.0,1072.0,60885.0,7505.0,7505.0,7268.5,7322.0,35109.0,203.0,7703.0,6741.0,60918.0,6358.0,82.0,5951.007042665825,2121.4240059007143,6234.492672185146,2242.3573273263714,628.313595393352,899.1113080052019,6999.019537275807,3602.9555121162966,3980.3767991728,6952.0906708897,7954.248950116064,7954.153570339424,7909.627870210591,7925.608598839528,194.6779028018614,4442.704459132301,7875.476727559625,7492.129158962995,6968.72264678446,2594.4391818679646,2062.586477473959,D1,N8,t,appliedMASKiso_3mgml_roi1_8bit.ome
appliedMASKiso_flu_3mgml_roi1_8bit.ome,17,67.82922,62.273925,0.917807,3.604465,57.976,51.5445,0.921275,3.47955,40.0,43.87652401,28.06540054,0.038363094,0.842082817,17.0,4619,26.3769,3757,44,85.3864,32,1.2778,0.015,0.0041,0.1462,131072,0.5401462912559509,262.3041687011719,0.408736914396286,7.1920318603515625,7.721923828125,240.0816650390625,0.7444278597831726,0.5364178419113159,266.94561767578125,0.4167288839817047,7.279078960418701,7.034323692321777,230.9588623046875,0.7510015964508057,0.17460165917873383,92.9090347290039,0.13601526618003845,2.615894079208374,4.358713626861572,110.45043182373047,0.11357595026493073,3mgml,flu,roi1,6715.478995189738,63116.35208892822,32554.287231445312,220.36211484382088,65281.29690551758,58999.59574127197,3173.3084989769072,1841.9050959758356,2398.990426584638,59004.56033325195,9269.443803924563,9269.32870122929,9108.450935328701,9148.763961212491,35139.61920928955,2473.7895310796075,9306.19620523784,8548.610002290601,59014.18209075928,5963.056936703062,729.7350849042842,5029.0,65535.0,32568.0,7.0,65529.0,61207.0,1651.0,955.0,975.0,61170.0,7165.0,7165.0,6968.0,7014.0,35107.5,203.0,7322.0,6471.0,61194.0,6306.0,74.0,6203.138908741904,2484.6130103688797,6756.380850428214,2343.623490231998,1250.267475177601,1405.6565886184762,7104.366128631711,4268.878385650965,3903.526492221544,6977.768145483268,8014.3335215637635,8014.282387248181,8057.651526791084,8056.946628028609,184.54080425813692,3858.61044430988,7753.082451103075,7714.929828357735,7021.398913381068,2796.005303443913,2481.3026870331005,D1,N8,t,appliedMASKiso_3mgml_roi1_8bit.ome
appliedMASKiso_flu_3mgml_roi1_8bit.ome,18,90.24685111,59.45444444,0.910326222,3.666368889,87.325,53.691,0.92088,3.6116,45.0,50.0474365,25.57628888,0.037388652,0.798456148,18.0,4453,27.4348,3586,46,77.9565,27,1.2676,0.0129,0.0044,0.138,131072,0.5620177984237671,254.9427490234375,0.4084596633911133,6.913285255432129,7.386895656585693,233.6585693359375,0.7574905753135681,0.5781024694442749,250.1498565673828,0.42305999994277954,6.736562728881836,6.310190200805664,215.8079833984375,0.7765396237373352,0.18001876771450043,98.45586395263672,0.12801842391490936,2.7371277809143066,4.471024990081787,115.70437622070312,0.1169467642903328,3mgml,flu,roi1,6576.534796688357,62595.131890349505,32586.635498046875,190.93223261159952,65305.42499542236,59210.48603820801,3295.669363461401,1910.4065269560672,2289.703251657361,59234.41646575928,9003.61618244585,9003.526548131855,8874.810863654417,8908.767344881313,35145.60887145996,2575.777456647399,8989.554936913817,8349.873399932789,59235.734382629395,5878.701524455442,689.2308860935316,4842.0,65535.0,32571.0,8.0,65529.0,61458.0,1793.0,1037.0,901.0,61428.0,6841.0,6841.0,6671.0,6713.0,35105.0,203.0,6957.0,6214.0,61447.0,6189.0,69.0,6159.05848899478,2473.777715746298,7501.540100065171,2330.833370187917,917.5962292898785,1145.5928794495364,6985.698499347927,4265.216053117209,3789.114405444942,6849.953944637197,7926.741284914929,7926.704233997857,7979.54984582975,7976.90353455488,281.49428557162713,4370.310282851039,7647.756091595348,7649.819492102425,6895.583272790888,2827.8524444888785,2268.070694577822,D1,N8,t,appliedMASKiso_3mgml_roi1_8bit.ome
appliedMASKiso_flu_3mgml_roi1_8bit.ome,19,75.37123404,59.93812766,0.906994894,3.498878723,61.887,54.482,0.90803,3.3997,47.0,48.86400302,29.0448667,0.047830482,0.714607639,19.0,4648,26.1999,3671,34,107.9706,39,1.274,0.0191,0.0032,0.163,131072,0.5380492806434631,265.2047424316406,0.37919965386390686,7.307279109954834,7.630051136016846,229.77330017089844,0.7413339018821716,0.5526881814002991,257.30657958984375,0.3897176682949066,7.068589687347412,6.564136505126953,216.63650512695312,0.7607089281082153,0.1876634657382965,101.8465805053711,0.131123885512352,2.858189344406128,4.570145130157471,109.1639404296875,0.12309900671243668,3mgml,flu,roi1,6756.432388472288,63195.686096191406,32596.272827148438,185.0471729373136,65297.852630615234,58937.81181335449,3129.8606765626105,1813.4562092733304,2504.5307065510387,58947.59030914307,9311.374452097683,9311.296325427249,9154.763573468546,9194.302006811553,35135.56723022461,2516.048141377209,9337.754700123707,8596.326694869955,58955.9719543457,5906.401736487622,774.3813354786806,5029.0,65535.0,32584.0,9.0,65528.0,61259.0,1793.0,1037.0,965.0,61241.0,7105.0,7105.0,6939.0,6979.0,35103.0,203.0,7195.0,6461.0,61254.0,6265.0,82.0,6221.268921816142,2251.567276297251,6814.747377678014,2427.6451720332907,806.4279524032523,1096.6837328489119,7211.081112743177,3880.515269031946,4199.101414059543,7118.4086546977815,8177.218180715621,8177.161010095589,8165.908107405336,8175.701288799066,169.0660606602693,4150.314917325908,8003.785382070226,7778.983805284611,7144.691818712606,2847.377914483643,2500.7967914071496,D1,N8,t,appliedMASKiso_3mgml_roi1_8bit.ome
appliedMASKiso_flu_3mgml_roi1_8bit.ome,20,76.69493171,62.4174878,0.922767317,3.647736585,66.695,56.789,0.92202,3.4761,41.0,48.51758702,27.58490158,0.030583532,0.736757594,20.0,3826,32.2585,2947,35,84.2,26,1.2272,0.0152,0.0042,0.176,131072,0.5574185848236084,258.93548583984375,0.3670217990875244,7.09251594543457,7.255007266998291,221.94309997558594,0.7525777816772461,0.5733975172042847,253.09767150878906,0.39241528511047363,6.875945568084717,6.328670978546143,213.00621032714844,0.7728375196456909,0.1935444176197052,106.9624252319336,0.14779841899871826,2.9825451374053955,4.559688568115234,112.54288482666016,0.12474894523620605,3mgml,flu,roi1,6587.993394879313,62491.44910430908,32563.508628845215,151.80864898021775,65329.009437561035,59209.14052581787,3373.2494420028074,1954.4445224234337,2325.8304066543437,59242.18907165527,8968.122587985552,8968.033224138853,8858.775532800342,8889.020991302621,35146.95968597173,2564.76889134032,8922.508502661138,8348.90666544491,59238.160720825195,5807.478157285868,697.6544041588203,4857.0,65535.0,32577.0,10.0,65529.0,61463.0,1887.0,1091.0,896.0,61455.0,6818.0,6818.0,6680.0,6714.0,35103.0,203.0,6862.0,6238.0,61464.0,6122.0,78.0,6063.690560082517,2386.0913654895594,7544.368601279258,2541.8609394424516,610.1125535686942,881.0089154493847,6886.248912601744,4106.9464661485345,3854.39173005482,6787.3621912336,7882.617572811973,7882.510840212781,7907.988992289998,7910.297473286211,215.8595810984059,4270.261570941662,7686.897125503865,7555.4783325451945,6823.241770049642,2883.9853155026444,2145.2663858831575,D1,N8,t,appliedMASKiso_3mgml_roi1_8bit.ome
appliedMASKiso_flu_3mgml_roi1_8bit.ome,21,71.45156098,58.64270732,0.92105439,3.632782927,61.645,44.572,0.92483,3.5577,41.0,48.78166308,29.10758092,0.033295857,0.964282586,21.0,3771,32.7581,2898,48,60.375,22,1.2298,0.0115,0.0049,0.3079,131072,0.5512806177139282,266.67401123046875,0.3577592372894287,7.303197860717773,7.273980617523193,226.18182373046875,0.7487980723381042,0.5548758506774902,270.2509460449219,0.35035014152526855,7.390078067779541,6.223195552825928,204.14639282226562,0.7591260671615601,0.18745142221450806,109.14535522460938,0.1626541167497635,3.004533052444458,4.318049430847168,114.52872467041016,0.11922847479581833,3mgml,flu,roi1,6510.213480229353,62853.68539428711,32620.268981933594,139.7592188877035,65340.43384552002,59359.375549316406,3429.7397695669447,1985.751291219706,2204.026617548663,59409.98938751221,8795.35201600281,8795.291631355123,8704.56290799148,8731.123525504478,35138.54431152344,2685.7202983484285,8699.344663566886,8224.594905975859,59401.06523895264,5790.9497774418405,639.8263911415821,4777.0,65535.0,32566.0,9.0,65529.0,61546.0,1793.0,1037.0,866.0,61542.0,6698.0,6698.0,6557.0,6593.0,35101.0,203.0,6735.0,6122.0,61549.5,6076.0,71.0,5986.882213328024,2520.3528573235626,7197.978706271618,2561.7997874584444,499.49962768799963,775.6762257906875,6695.192550867923,4345.8774222181055,3704.7046869942124,6570.935165075105,7657.563973284654,7657.472501086301,7703.980980099655,7701.772459340066,309.6564162422361,4316.742153338621,7409.307140930822,7401.56716356059,6610.667385484076,2802.808029817491,1942.985810958116,D1,N8,t,appliedMASKiso_3mgml_roi1_8bit.ome
appliedMASKiso_flu_3mgml_roi1_8bit.ome,22,84.16324878,56.75409756,0.92104561,3.69975122,62.978,48.34,0.92519,3.5156,41.0,55.42808719,24.73160367,0.053166104,1.056469697,22.0,4915,24.6679,3894,46,84.6522,27,1.2997,0.0155,0.0044,0.2855,131072,0.4899182617664337,302.7165832519531,0.3591470718383789,8.364748001098633,8.351216316223145,246.4718475341797,0.7089267373085022,0.4875079393386841,303.9306640625,0.3525342047214508,8.38029670715332,7.607278823852539,238.4678497314453,0.7183352708816528,0.18290932476520538,111.43971252441406,0.124667689204216,3.0990426540374756,4.286208152770996,102.26248931884766,0.12312845885753632,3mgml,flu,roi1,6887.089471795773,63665.172035217285,32528.908905029297,134.5747341996456,65333.05507659912,58933.71278381348,3480.020293706924,2015.2126221901888,2391.985994677824,58977.11381530762,9354.280217724881,9354.209762502767,9243.794634745898,9274.668519211244,35120.41399383545,2668.3388650963598,9288.44314494889,8718.849134673375,58971.04188537598,6036.580398653343,677.6700006921852,5160.0,65535.0,32563.0,9.0,65528.0,61149.0,1793.0,1037.0,992.0,61129.0,7271.0,7271.0,7097.0,7138.0,35099.0,203.0,7370.0,6616.0,61143.0,6403.0,82.0,6137.6379882562305,2532.1799498655264,6253.997081250727,2358.6428435637113,477.49940107164275,766.5570340242556,6905.898934765434,4361.047735565251,3808.7458139459877,6779.938338954193,7872.755397684678,7872.631182083042,7921.622784705355,7919.283402754776,171.5157488040178,4568.4616559369015,7614.248855277793,7602.794505475121,6821.8432227388375,2800.3298322057767,1946.3831096835493,D1,N8,t,appliedMASKiso_3mgml_roi1_8bit.ome
appliedMASKiso_flu_3mgml_roi1_8bit.ome,23,81.10809388,55.80028571,0.926133878,3.66295102,66.194,47.293,0.92825,3.7281,49.0,50.30541863,22.18800101,0.033853447,0.861349126,23.0,5158,23.4116,4086,58,70.4483,37,1.3147,0.0177,0.0038,0.3301,131072,0.49043557047843933,302.7239990234375,0.37787026166915894,8.299135208129883,8.48727035522461,252.87322998046875,0.7095431685447693,0.49460822343826294,302.0635986328125,0.38411006331443787,8.240521430969238,7.705206871032715,247.76953125,0.722675621509552,0.17709778249263763,104.1605453491211,0.10682880878448486,2.902991771697998,4.312188625335693,100.24961853027344,0.12039747834205627,3mgml,flu,roi1,6956.963679259689,63849.67615509033,32484.268669128418,112.98263412040934,65352.00630187988,58861.463066101074,3461.6900786072747,2003.8027379313407,2419.419019579205,58899.899642944336,9467.845257001496,9467.79434535626,9355.02213450203,9386.464687108695,35117.35375213623,2667.775641025641,9416.977124881654,8816.941430229363,58893.94635772705,6080.265843080964,651.2045712208674,5220.0,65535.0,32561.0,9.0,65528.0,61079.0,1887.0,1091.0,1010.0,61058.0,7376.0,7376.0,7198.0,7238.0,35096.0,203.0,7465.0,6708.0,61068.0,6431.0,82.0,6131.630385270072,2401.2649852438853,6045.718655765625,2320.8655380486234,367.3892982021437,642.7387616035645,6883.903184089807,4139.383659056325,3664.2265266191453,6759.042239924429,7892.001923643083,7891.898383889499,7942.316486985016,7940.011878333099,207.91851884336185,4375.411842927948,7633.505097760741,7612.8199386235265,6802.806870789243,2809.612460039481,1691.7911074216545,D1,N8,t,appliedMASKiso_3mgml_roi1_8bit.ome
appliedMASKiso_flu_3mgml_roi1_8bit.ome,24,69.567308,61.22028,0.9208186,3.668188,57.747,56.9925,0.930005,3.72675,50.0,49.2844102,26.50144726,0.043573292,0.751213969,24.0,5516,21.7623,4399,60,73.3167,43,1.328,0.0249,0.0053,0.2874,131072,0.5088760852813721,290.56793212890625,0.41577425599098206,7.871879577636719,8.431095123291016,261.5936584472656,0.7237589359283447,0.5116151571273804,292.890380859375,0.4236401617527008,7.894707202911377,7.708422660827637,256.901123046875,0.7352290153503418,0.17274340987205505,97.99497985839844,0.10964719206094742,2.7126030921936035,4.306793212890625,106.98651123046875,0.1142193078994751,3mgml,flu,roi1,7061.786774979195,63746.54943084717,32527.474403381348,119.2561726160307,65343.5700378418,58846.98656463623,3789.539035295129,2194.0696982072996,2367.279909897443,58915.34272766113,9486.581467258111,9486.511081929164,9418.683033157988,9441.659174371463,35114.72994232178,2726.6794942275974,9353.401079562373,8911.736492109421,58895.809089660645,6175.669893647073,641.0257223396758,5349.0,65535.0,32564.0,10.0,65527.0,61016.0,2123.0,1228.0,1017.0,61016.0,7452.0,7452.0,7325.0,7357.0,35093.0,203.0,7481.0,6843.0,61019.0,6524.0,85.0,6171.817397267337,2598.23061851454,6170.517959962848,2366.1057388915833,383.4010786202844,661.2332122751557,6792.083429863937,4477.17637225923,3506.340338976477,6635.1908428581455,7796.458720928585,7796.322061578021,7895.492400239737,7883.655722345998,199.48716457002644,4621.567519773665,7461.116108486943,7611.245343017531,6692.837063157772,2852.168680308237,1641.9634830390282,D1,N8,t,appliedMASKiso_3mgml_roi1_8bit.ome
appliedMASKiso_flu_3mgml_roi1_8bit.ome,25,84.13185106,60.59906383,0.930980426,3.736587234,69.444,53.098,0.93479,3.6786,47.0,50.01754552,30.60785508,0.03370183,0.723531858,25.0,4848,25.0365,3904,63,61.9683,30,1.294,0.0222,0.0086,0.2842,131072,0.5595085024833679,267.30072021484375,0.4450451135635376,7.046680450439453,7.763768672943115,260.9648132324219,0.7569254040718079,0.5699962377548218,261.13983154296875,0.47013142704963684,6.85833215713501,6.876397132873535,244.47158813476562,0.7710793018341064,0.17112767696380615,99.31161499023438,0.13025453686714172,2.663628101348877,4.18408203125,121.16743469238281,0.10797746479511261,3mgml,flu,roi1,6887.758332315024,63127.37364196777,32571.59561920166,108.56271883753502,65359.33394622803,59244.09264373779,4267.49619890329,2471.219944333666,2066.8767332106645,59371.57234954834,8996.314863750229,8996.221115659559,9018.11329198998,9023.620952220932,35119.63969421387,2723.5922818791946,8691.381232052301,8607.773851347223,59327.51975250244,6178.216861672879,552.8639003715138,5215.0,65535.0,32568.0,9.0,65527.0,61223.0,2453.0,1419.0,947.0,61253.0,7135.0,7135.0,7052.0,7072.0,35088.0,203.0,7068.0,6635.0,61241.5,6489.0,82.0,6126.5522850122725,2891.0886125743523,7011.874944438509,2416.125678329778,339.1880899669155,599.6346075325009,6388.991373692507,4981.261195116596,2981.7785648396757,6153.778861099564,7389.177294630348,7389.004668912229,7589.103097002247,7557.54769167663,265.68975876784464,4835.281450051858,6857.8136238389725,7424.7952200163645,6240.51831996113,3002.387257961744,1384.9441692327655,D1,N8,t,appliedMASKiso_3mgml_roi1_8bit.ome
appliedMASKiso_flu_3mgml_roi1_8bit.ome,26,78.76705714,64.76635714,0.921830476,3.604221429,66.1905,62.959,0.924385,3.5541,42.0,54.72890093,28.83106646,0.038731141,0.746431261,26.0,4730,25.711,3830,52,73.6538,28,1.2844,0.0215,0.0088,0.2427,131072,0.5952510237693787,248.93089294433594,0.4616570770740509,6.457391738891602,7.178318023681641,251.62240600585938,0.7792651057243347,0.5948923826217651,249.9639892578125,0.49152833223342896,6.451052188873291,6.642173767089844,246.62477111816406,0.7861068248748779,0.16827452182769775,99.89917755126953,0.13631461560726166,2.625262975692749,3.9907026290893555,121.70319366455078,0.1033797487616539,3mgml,flu,roi1,6720.570976882012,62362.71949005127,32561.259506225586,106.74687236279111,65368.637634277344,59490.1330947876,4403.074551655623,2550.8314675788893,1909.4099123388128,59639.03663635254,8679.140853998488,8679.012677852708,8737.749978997534,8735.963860482521,35130.83676147461,2744.6326419213974,8317.876894995303,8368.470806571098,59585.55047607422,6123.0406836875745,506.4659008571176,5089.0,65535.0,32575.0,9.0,65528.0,61364.0,2453.0,1419.0,897.0,61408.0,6924.0,6924.0,6877.0,6898.0,35088.0,203.0,6814.0,6478.0,61394.0,6408.0,81.0,6041.275598059742,3011.6850952816303,7787.965279659729,2404.974043164235,389.7745606796073,632.2944001842143,6163.22777332258,5183.877379402646,2739.723781362739,5898.763625892167,7164.276723883024,7164.017835737733,7404.325881279711,7364.808663775097,292.0937581669506,5279.669912320384,6569.260245906085,7281.765930415305,5997.839926328539,3089.6480952182965,1347.8658640722558,D1,N8,t,appliedMASKiso_3mgml_roi1_8bit.ome
appliedMASKiso_flu_3mgml_roi1_8bit.ome,27,81.5073214,57.63489474,0.915754035,3.668164912,80.961,48.585,0.91998,3.6709,57.0,52.41132735,27.75182205,0.038662023,0.700193794,27.0,5168,23.3624,4221,56,75.375,48,1.309,0.0322,0.0064,0.1744,131072,0.5178239345550537,283.49737548828125,0.43372419476509094,7.618629455566406,8.410435676574707,267.28692626953125,0.7310336232185364,0.5149250030517578,286.1419677734375,0.4681801199913025,7.664926052093506,8.101482391357422,275.7029724121094,0.7378376126289368,0.1694692224264145,94.8345718383789,0.12837564945220947,2.5891337394714355,4.179983615875244,108.98355102539062,0.10904429852962494,3mgml,flu,roi1,7121.135456190309,63561.78154754639,32549.38272857666,151.71930593039522,65307.649505615234,58882.30382537842,4178.662378897663,2422.4731132459497,2332.053357272748,58998.54702758789,9379.150480582042,9378.982494446014,9381.503027017949,9391.08293952835,35109.57053375244,2769.92192513369,9121.856092589342,8929.349973661509,58959.09856414795,6139.970439814638,706.2180065212997,5437.0,65535.0,32573.0,12.0,65526.0,60990.0,2453.0,1419.0,1021.0,61029.0,7429.0,7429.0,7352.0,7378.0,35085.0,203.0,7370.0,6918.0,61016.0,6562.0,99.0,6290.058390449024,2836.1013917417067,6383.068929727693,2385.9123316635105,549.1961806140046,840.8210538173994,6791.539633778294,4869.062724139031,3392.4094996270987,6581.629033825328,7771.134868096819,7770.82460297578,7932.382554119756,7908.538698004012,217.2963748844633,5043.721570374975,7319.907002580629,7699.943537244509,6658.536716199051,2917.1276934281595,1801.224123250058,D1,N8,t,appliedMASKiso_3mgml_roi1_8bit.ome
appliedMASKiso_flu_3mgml_roi1_8bit.ome,28,86.32670196,53.8715098,0.916716863,3.665182353,79.695,51.36,0.92609,3.6126,51.0,47.70835272,21.30787017,0.044173665,0.735685901,28.0,4825,25.1654,4009,69,58.1014,31,1.2984,0.0188,0.0051,0.1815,131072,0.5018746852874756,296.5023193359375,0.3991677165031433,8.029058456420898,8.449398040771484,263.4165344238281,0.7203258872032166,0.4931674003601074,303.1517639160156,0.4086979329586029,8.186511993408203,7.924434661865234,258.4595642089844,0.722335934638977,0.1623881310224533,93.24559783935547,0.133310928940773,2.549339771270752,4.028568744659424,106.16661834716797,0.10552582889795303,3mgml,flu,roi1,7052.205144061198,63621.36598968506,32546.81529094918,174.37115794936855,65292.764167785645,58934.21146392822,4011.657015567495,2322.3763418935864,2338.823273246749,59038.37559509277,9329.392095338433,9329.321706136534,9315.18565342861,9327.85429740583,35108.2486038208,2762.3045806067817,9098.159795703357,8854.97871528255,59004.28469085693,6183.924343059563,735.2058007786867,5370.0,65535.0,32572.0,10.0,65527.0,61069.0,2359.0,1364.0,986.0,61097.0,7376.0,7376.0,7282.5,7309.0,35085.0,203.0,7306.0,6839.0,61088.0,6610.0,88.0,6323.01182815696,2821.6750300684153,6286.493781140551,2382.6612500806114,667.245501199635,965.2695201813395,6893.953524192375,4867.514231306815,3591.6338341037704,6691.427337503631,7837.621553964974,7837.48989711028,7988.216545949935,7966.467679545248,248.09153679869416,4919.45616859004,7399.096900417455,7747.339081401896,6764.663803195836,2958.0633891633734,2041.117785511822,D1,N8,t,appliedMASKiso_3mgml_roi1_8bit.ome
appliedMASKiso_flu_3mgml_roi1_8bit.ome,29,81.42761333,55.53911111,0.923993333,3.811815556,77.32,47.23,0.93744,3.5777,45.0,45.6136354,22.31133499,0.042958057,0.829943893,29.0,4606,26.457,3765,56,67.2321,30,1.2869,0.0263,0.0057,0.2318,131072,0.5392353534698486,276.37469482421875,0.41356873512268066,7.391183376312256,7.780782699584961,253.02352905273438,0.74493408203125,0.531183123588562,284.23358154296875,0.4270002543926239,7.578925132751465,7.510764122009277,255.41122436523438,0.7472485303878784,0.16422110795974731,96.0824966430664,0.13381162285804749,2.587928295135498,3.7691268920898438,107.78357696533203,0.10212372988462448,3mgml,flu,roi1,6905.60024898991,63065.538482666016,32578.395881652832,149.46188262638,65327.951919555664,59193.76826477051,4053.662553790706,2346.7575503933986,2135.2152215844035,59319.24312591553,9036.893094730733,9036.817359026649,9057.61466138136,9063.375608154038,35116.11435699463,2924.139548022599,8744.676320753997,8638.923126274545,59276.04651641846,6165.444752499447,612.0625788367204,5308.0,65535.0,32571.0,9.0,65527.0,61209.0,2453.0,1419.0,928.0,61262.5,7173.0,7173.0,7115.0,7133.0,35081.0,203.0,7052.0,6727.0,61245.0,6618.0,84.0,6209.8907540759155,2800.064498473657,7099.1896246981805,2412.258413891144,833.6237271210754,1017.5069115368735,6598.136142068083,4828.1294424194,3164.4334351990897,6370.880393948548,7580.566609683148,7580.411842786942,7747.235920698581,7722.11977730557,275.0657712056246,5945.673489742609,7093.631026848084,7552.89758404232,6449.052226176098,2982.380169667045,1716.6777451627336,D1,N8,t,appliedMASKiso_3mgml_roi1_8bit.ome
appliedMASKiso_flu_3mgml_roi1_8bit.ome,30,79.73816667,59.16289583,0.913362292,3.662725,73.3185,52.9215,0.922065,3.63895,48.0,41.67092948,27.33622703,0.046776612,0.799201347,30.0,4505,27.095,3639,45,80.8667,32,1.272,0.0239,0.0065,0.2928,131072,0.5612049698829651,267.8204650878906,0.41252854466438293,7.09981632232666,7.373222827911377,243.51052856445312,0.7580670118331909,0.5514973402023315,272.0353698730469,0.4292595684528351,7.202211380004883,7.138759613037109,247.21656799316406,0.7594059109687805,0.1683216094970703,104.22612762451172,0.1380627453327179,2.768545150756836,3.735666036605835,106.21199798583984,0.10487312078475952,3mgml,flu,roi1,6946.112201042772,62757.014083862305,32604.77767944336,120.33002790298347,65352.81433868408,59240.82196044922,4262.222497598463,2467.4840153698365,2042.339145409536,59389.39727783203,8998.173003961923,8998.091902868005,9056.577814759117,9055.182843881921,35118.70778656006,2522.342924251321,8643.446849927861,8663.638548974404,59334.75776672363,6290.965350351535,552.1518627648134,5424.0,65535.0,32583.0,9.0,65527.0,61141.5,2595.0,1501.0,933.0,61226.0,7248.0,7248.0,7241.0,7251.0,35079.0,203.0,7068.0,6856.0,61190.0,6737.0,86.0,6045.5571946187465,2799.788011833151,7241.604294027792,2348.2096416970726,647.8363849010979,846.266851327518,6331.747329083738,4827.465563236222,2921.077329064272,6102.155507325139,7332.713079927932,7332.548507859861,7515.885537865273,7487.256144655484,284.4515844213197,4904.340217233346,6833.401433705833,7341.268816403844,6184.260641039347,3004.9710577398564,1473.6677530290578,D1,N8,t,appliedMASKiso_3mgml_roi1_8bit.ome
appliedMASKiso_flu_3mgml_roi1_8bit.ome,31,76.37787037,54.07896296,0.908477778,3.551631481,70.079,46.2525,0.91476,3.5034,54.0,37.47053609,25.6335971,0.040142237,0.817132387,31.0,4745,25.6234,3852,56,68.7857,45,1.2926,0.0185,0.0058,0.3688,131072,0.5528879165649414,269.9317932128906,0.4116838574409485,7.184263229370117,7.5461554527282715,245.661865234375,0.7528879642486572,0.5430611371994019,273.6998291015625,0.42690369486808777,7.293615341186523,7.274946212768555,250.17431640625,0.7544676065444946,0.17084535956382751,103.1103744506836,0.13711991906166077,2.7584879398345947,3.8824408054351807,106.40099334716797,0.10725969076156616,3mgml,flu,roi1,7190.434584077824,62873.71593475342,32529.836029052734,103.46480948512098,65357.874252319336,58989.11737823486,4317.778992876536,2500.1534240873357,2158.0069782974183,59144.72081756592,9311.385684397,9311.286953467417,9368.861364365235,9367.970304363098,35113.74792480469,2691.574699484831,8939.275499763291,8964.573960385454,59088.762214660645,6426.48604175257,569.8824554407379,5714.0,65534.0,32581.0,10.0,65525.0,60875.0,2737.0,1582.0,1006.0,60985.0,7572.0,7572.0,7578.0,7588.0,35076.0,203.0,7322.0,7201.0,60944.0,6887.5,96.5,6032.818296806411,2742.3996278210466,7230.864983375739,2291.1548203963685,416.1306795486527,658.4446095140551,6353.650104688657,4729.269507494335,2960.0859177285447,6135.511668855855,7365.125615613708,7364.975450756969,7532.177394165467,7506.588827388363,253.1206720947336,5211.332874637876,6897.867475390672,7342.43294299314,6211.985035155464,2977.068262992563,1367.6627404203869,D1,N8,t,appliedMASKiso_3mgml_roi1_8bit.ome
appliedMASKiso_flu_3mgml_roi1_8bit.ome,32,62.24323654,55.42109615,0.914248077,3.668738462,52.9475,48.9725,0.922545,3.5651,52.0,35.42724543,25.96512655,0.043362561,0.837131532,32.0,4926,24.6084,3916,59,66.3729,37,1.2984,0.0179,0.0064,0.4121,131072,0.5619850158691406,260.5611267089844,0.4217700660228729,6.953739643096924,7.383791446685791,242.7212371826172,0.7596930265426636,0.5559996366500854,264.0216064453125,0.43368154764175415,7.0127458572387695,7.107995510101318,245.74288940429688,0.7637283802032471,0.16488850116729736,96.54345703125,0.13619853556156158,2.5895519256591797,3.8031623363494873,105.85513305664062,0.1029118001461029,3mgml,flu,roi1,7318.417535179544,63035.72773742676,32568.36109161377,110.18152497856647,65348.541847229004,58947.53047943115,4572.529461840255,2649.3340920867568,2144.7224841439256,59134.61851501465,9357.313664857105,9357.155973459774,9454.815951622879,9446.411068099045,35105.184173583984,2699.547522750253,8896.112704339128,9083.367623367005,59066.32034301758,6559.241542020753,582.8489321662264,5855.0,65534.0,32589.0,11.0,65524.0,60782.0,2925.0,1692.0,1019.0,60900.0,7708.0,7708.0,7733.0,7737.0,35071.0,203.0,7322.0,7362.0,60853.0,6991.0,99.0,6102.697140311078,2893.0040098306736,7034.157749320463,2308.5754965253927,453.81570717026005,704.6285572484936,6341.237625502961,4980.1161471932255,2924.9522508414384,6093.440773637671,7331.825103500761,7331.592402507014,7538.116225494422,7504.92878192305,256.7264207756584,5400.30128882897,6796.049251097909,7385.124551890414,6181.211041287228,3048.522353563979,1445.5712312435392,D1,N8,t,appliedMASKiso_3mgml_roi1_8bit.ome
appliedMASKiso_flu_3mgml_roi1_8bit.ome,33,64.61451591,57.63786364,0.923430909,3.836270455,54.4415,44.0555,0.93163,3.7659,44.0,41.498995,29.04028317,0.031840156,0.75350422,33.0,4572,26.6686,3614,68,53.1471,20,1.2836,0.0123,0.0081,0.4177,131072,0.59522944688797,249.50868225097656,0.42634740471839905,6.5410237312316895,6.8141398429870605,235.0917510986328,0.7802960276603699,0.5936602354049683,249.1420440673828,0.429057776927948,6.520747184753418,6.497259616851807,232.01565551757812,0.7859721183776855,0.15863312780857086,96.90650177001953,0.14011311531066895,2.5609865188598633,3.5967321395874023,108.80816650390625,0.09686556458473206,3mgml,flu,roi1,7275.4450418114475,62655.57570648193,32537.298553466797,109.11999164694417,65356.1867980957,59197.65985107422,4968.96054812786,2878.2248909870627,1911.5731165211782,59444.335189819336,9057.930665546604,9057.779655580587,9234.779533391882,9211.070938180152,35104.18339538574,3112.0051380860627,8429.8798961396,8947.044224674482,59353.611473083496,6678.224766123181,516.9729105928086,5731.0,65534.0,32587.0,10.0,65525.0,61000.0,3256.0,1883.0,932.0,61147.0,7422.0,7422.0,7494.0,7493.0,35064.0,203.0,6973.0,7171.0,61083.5,7068.0,89.0,6134.139930325382,3076.3575426043467,7411.0914305801925,2377.5865197372755,452.5293861006029,682.5066232572876,6130.015557865731,5303.38631404317,2579.330465608454,5810.55398671556,7101.440724683676,7101.249456049374,7389.276615471438,7340.482490136148,348.1526910590662,6594.645179364888,6389.720743778632,7326.419491445024,5922.403085385235,3198.761770142144,1307.4206357463524,D1,N8,t,appliedMASKiso_3mgml_roi1_8bit.ome
appliedMASKiso_flu_3mgml_roi1_8bit.ome,34,49.54558611,63.40952778,0.924491944,3.745305556,49.5705,57.874,0.93582,3.8123,36.0,31.87907481,30.26203165,0.043022779,0.849947255,34.0,4533,26.9153,3489,57,61.2105,25,1.2738,0.0158,0.0098,0.4628,131072,0.6460416913032532,221.612548828125,0.44997286796569824,5.676464080810547,6.089634418487549,222.36376953125,0.8111369013786316,0.6584295630455017,214.3037109375,0.4693174362182617,5.476597785949707,5.442345142364502,205.57186889648438,0.8238410949707031,0.15676374733448029,95.51368713378906,0.14438192546367645,2.4658350944519043,3.5273542404174805,116.76184844970703,0.09257369488477707,3mgml,flu,roi1,7282.283357771261,62034.519035339355,32623.130615234375,95.75444191343963,65368.929206848145,59384.26874542236,5370.843780636989,3111.547609338805,1728.678359520721,59686.87766265869,8805.667514357283,8805.480793316226,9070.75379551564,9030.104067387585,35103.02980804443,3324.641975308642,8005.49964870479,8868.547524132453,59571.45584869385,6756.2737582478,452.06733488424385,5676.0,65534.0,32591.0,10.0,65525.0,61114.0,3397.0,1964.0,888.0,61284.5,7241.0,7241.0,7359.0,7346.0,35058.0,203.0,6719.0,7063.0,61212.0,7028.0,86.0,6170.232372506965,3349.418193735146,7901.934694376337,2307.317044941172,355.44258989398674,580.4753966599712,5889.26003188802,5770.136735290213,2257.696380100951,5504.183980125817,6830.479128714697,6830.204524942524,7210.934525646826,7144.207735565825,493.1161671555191,7503.266322172494,5941.263471572296,7253.127699068192,5643.455010916573,3319.2900918508567,1055.592838230531,D1,N8,t,appliedMASKiso_3mgml_roi1_8bit.ome
appliedMASKiso_flu_3mgml_roi1_8bit.ome,35,54.26851163,61.25139535,0.931442558,3.78414186,48.945,54.04,0.93979,3.7618,43.0,31.60226781,28.58354714,0.040971393,0.731677665,35.0,4530,26.9344,3475,57,60.9649,23,1.2783,0.0234,0.0105,0.457,131072,0.6471809148788452,216.510498046875,0.4701712429523468,5.552891254425049,6.287200927734375,229.9162139892578,0.8112591505050659,0.6619212627410889,209.12765502929688,0.48412439227104187,5.314608097076416,5.629182815551758,219.39395141601562,0.8255168199539185,0.1666991412639618,96.67607879638672,0.15769460797309875,2.517143726348877,3.88362455368042,126.46525573730469,0.09834609180688858,3mgml,flu,roi1,7646.572216837494,62004.44204286227,32583.540977478027,111.57598342034993,65341.56259918213,59106.578552246094,5760.429986656081,3337.531527118558,1790.2576867100727,59453.75760650635,9115.83176243427,9115.616733700173,9436.079997557792,9385.342473803508,35096.06159210205,3202.40625,8187.304879072572,9267.552434957146,59320.11637878418,6961.928695174351,493.81383410350804,5948.0,65534.0,32594.0,11.0,65523.0,60859.0,3539.0,2060.0,961.0,61039.5,7535.0,7535.0,7683.0,7667.0,35050.0,203.0,6957.0,7395.0,60961.0,7196.0,95.0,6398.790938307164,3525.6591347947733,7731.167010206976,2224.691735076041,404.6488432914294,649.3097960845064,6047.508830777219,6077.159531118653,2270.4855339943997,5621.839318164385,6958.6601820563155,6958.405267560605,7388.57028797495,7312.672634424998,481.57287190227146,6983.148776344171,5947.23922853958,7475.637426073306,5776.042864648873,3332.3635173085563,1132.4842543865116,D1,N8,t,appliedMASKiso_3mgml_roi1_8bit.ome
appliedMASKiso_flu_3mgml_roi1_8bit.ome,36,63.29787333,60.22117778,0.917331333,3.7814,53.13,53.421,0.92914,3.7179,45.0,36.90916305,25.93523737,0.047270478,0.816447633,36.0,4778,25.4326,3694,64,57.7188,25,1.2989,0.0136,0.0091,0.4238,131072,0.6033956408500671,241.1045379638672,0.45136401057243347,6.292105674743652,6.915241241455078,241.02114868164062,0.7850099205970764,0.6048107147216797,240.1805419921875,0.4750390648841858,6.226837158203125,6.284887313842773,231.48126220703125,0.7927797436714172,0.16784900426864624,98.80949401855469,0.15423059463500977,2.6104416847229004,3.936448574066162,120.52488708496094,0.10178062319755554,3mgml,flu,roi1,8125.764523613274,62728.30867767334,32565.87223815918,142.4800051367664,65294.62967681885,58576.395988464355,6052.585057656846,3505.48022161983,2045.435512745968,58933.22943878174,9740.801149372654,9740.620439905973,10064.504861556308,10013.78803003938,35090.4200592041,2816.752093802345,8780.507746435876,9867.374645114021,58795.69284820557,7168.047394450041,609.0371248157577,6273.0,65534.0,32593.0,12.0,65521.0,60563.0,3822.0,2210.0,1039.0,60750.0,7942.0,7942.0,8091.0,8073.0,35047.0,203.0,7354.0,7799.0,60666.0,7439.0,102.0,6787.77688003406,3641.7364760133796,7046.6852932995625,2149.7174470452837,572.7982189612255,842.7235416496179,6596.691139160126,6281.2700759369045,2761.434690964787,6165.8011315224585,7467.282178305906,7467.0673051968,7898.462502207899,7822.866671544529,346.2192137807186,5669.238675340192,6430.156643052051,7962.542806454662,6320.03717910682,3275.913803001134,1547.1979262439406,D1,N8,t,appliedMASKiso_3mgml_roi1_8bit.ome
appliedMASKiso_flu_3mgml_roi1_8bit.ome,37,63.36274634,64.95858537,0.923234146,3.941360976,57.095,58.834,0.92679,3.6868,41.0,38.30680808,29.03207353,0.035798228,0.99008841,37.0,4899,24.755,3770,61,61.8033,21,1.3062,0.0169,0.01,0.4129,131072,0.5695956945419312,266.2283020019531,0.4507824778556824,6.909295082092285,7.6447577476501465,262.9813232421875,0.7640352249145508,0.5698881149291992,265.46173095703125,0.46785202622413635,6.863486289978027,7.157780170440674,258.504638671875,0.7718162536621094,0.16757971048355103,100.44585418701172,0.13350103795528412,2.635652780532837,4.009420394897461,121.2854232788086,0.10345880687236786,3mgml,flu,roi1,8377.463196458555,62860.30251312256,32582.518356323242,172.93827287982444,65258.93437957764,58320.13370513916,6416.504856208025,3716.251937317031,2130.51596432809,58695.511390686035,10023.875965501451,10023.686986719586,10370.809036788276,10316.007754541291,35088.889305114746,2598.3586880669923,9023.340818195695,10171.393252938482,58549.38301086426,7194.65669363456,666.4520498388902,6321.0,65534.0,32608.0,13.0,65520.0,60487.0,4058.0,2346.0,1071.0,60667.0,8055.0,8055.0,8200.5,8182.0,35048.0,203.0,7513.0,7878.0,60580.0,7477.0,107.0,7208.919107227302,3985.5031760129423,6967.9847902587735,2132.822415183846,655.3069212617709,985.2990646964886,6963.978288473052,6875.235356632871,2798.6527268178866,6460.838737708844,7811.039949254609,7810.7959277902,8314.91599194068,8225.9959743499,386.5725467685987,5322.991805468489,6594.73054108378,8423.433635195857,6639.63083144549,3311.453425967655,1684.5863461462247,D1,N8,t,appliedMASKiso_3mgml_roi1_8bit.ome
appliedMASKiso_flu_3mgml_roi1_8bit.ome,38,69.79074286,56.43103571,0.925942857,3.961917857,65.218,52.195,0.9294,4.0391,56.0,42.20996977,22.34195099,0.025088491,0.809582173,38.0,5105,23.6754,4061,64,63.4531,47,1.3143,0.0238,0.0132,0.3527,131072,0.5585412979125977,276.5826416015625,0.4731321632862091,7.060007572174072,8.287422180175781,285.9676513671875,0.7564300298690796,0.5625778436660767,275.81292724609375,0.5041861534118652,6.994767189025879,7.505250453948975,276.8088073730469,0.767590343952179,0.1774515062570572,105.34315490722656,0.12937943637371063,2.7472662925720215,4.550006866455078,132.92442321777344,0.11178084462881088,3mgml,flu,roi1,8382.356821669326,62611.31121826172,32537.71657562256,188.79623429841712,65244.193786621094,58414.227111816406,6786.861335359484,3931.134589316088,2069.2695581553926,58824.69747924805,9870.69652713628,9870.484635879897,10271.215456495684,10206.130012902044,35090.64650726318,2703.6590612777054,8758.89656225427,10124.323581729484,58663.62674713135,7146.148755219983,688.567400392458,6077.0,65534.0,32602.0,16.0,65523.0,60769.0,4105.0,2374.0,976.0,60939.0,7738.0,7738.0,7880.0,7858.0,35043.0,203.0,7211.0,7556.0,60858.5,7418.0,99.0,7438.168322079222,4245.195772423512,7321.543324920104,2040.5826580279204,657.8000722848141,981.0000409071632,7030.910481154658,7321.404528270524,2730.7141308175483,6478.789511138326,7881.710081204529,7881.396196042359,8451.310481134718,8350.037293853908,347.84610384698163,5478.993992746138,6517.13566829648,8624.55377565817,6677.234393060104,3454.8296660354968,1621.0508882371303,D1,N8,t,appliedMASKiso_3mgml_roi1_8bit.ome
appliedMASKiso_flu_3mgml_roi1_8bit.ome,39,72.09216897,60.65662069,0.912345862,3.8575,64.401,53.628,0.918855,3.8082,58.0,43.1123581,31.22350579,0.047226989,0.761156229,39.0,5260,22.9188,4164,58,71.7931,40,1.3244,0.0248,0.0165,0.338,131072,0.5387293696403503,294.7016906738281,0.4892757534980774,7.429939270019531,8.992730140686035,311.585693359375,0.7433502078056335,0.5333502888679504,294.4295349121094,0.5048028230667114,7.417426109313965,8.454010009765625,311.0517883300781,0.7499762177467346,0.17979761958122253,111.99830627441406,0.12266268581151962,2.8752031326293945,4.809372901916504,138.6561279296875,0.11605701595544815,3mgml,flu,roi1,8418.072543211385,62797.64047241211,32524.354934692383,225.73614834056428,65210.45280456543,58463.823791503906,7080.074685317103,4103.948103257487,2023.8863889080606,58905.78720855713,9776.585544799365,9776.267712086972,10218.492815916448,10145.475821474378,35081.646324157715,2694.429400386847,8570.158210163074,10117.656813045869,58732.55278015137,7154.12128962316,732.5034578384849,5919.0,65534.0,32601.0,17.0,65524.0,60976.0,4105.0,2374.0,913.0,61159.0,7505.0,7505.0,7656.0,7631.0,35036.0,203.0,7005.0,7362.0,61072.0,7415.0,93.0,7681.956146927518,4498.927137126216,7224.581015900732,2096.318183378249,705.2761816140327,1048.4131880274897,7145.362149576353,7748.837655072313,2702.0929204222175,6539.1792545825565,7973.783336339782,7973.345453038821,8605.991558433032,8493.02475838381,355.06004023115975,5871.894842875628,6461.956718374177,8841.715557381463,6757.769189451433,3599.875007659648,1710.381580537316,D1,N8,t,appliedMASKiso_3mgml_roi1_8bit.ome
appliedMASKiso_flu_3mgml_roi1_8bit.ome,40,66.54931719,58.46826563,0.915401719,3.797321875,56.5145,50.4535,0.92775,3.67265,64.0,43.42890743,31.07507556,0.046152934,0.750754353,40.0,5072,23.8425,4063,84,48.369,26,1.3121,0.0203,0.0201,0.3278,131072,0.5428534746170044,306.33477783203125,0.49995678663253784,7.530548095703125,9.077482223510742,328.1837158203125,0.7462791800498962,0.5254151821136475,315.423583984375,0.5129368305206299,7.727056503295898,8.887704849243164,336.05767822265625,0.743852436542511,0.17155161499977112,114.75677490234375,0.12169215828180313,2.8534533977508545,4.515387535095215,138.95724487304688,0.1089845672249794,3mgml,flu,roi1,8207.35412593181,62581.03604888916,32530.00528717041,226.39064865494353,65222.98694610596,58827.52089691162,7334.223540971063,4250.098306204785,1815.7619387849174,59299.93869018555,9319.470365391666,9319.18064890627,9811.826248014177,9728.799034583893,35081.78559112549,2674.5881690140845,8002.078707381156,9787.089308627643,59114.01286315918,7107.612748991813,683.9323339268954,5532.0,65534.0,32587.0,18.0,65527.0,61404.0,4152.0,2401.0,784.0,61578.0,6984.0,6984.0,7141.0,7114.0,35032.0,203.0,6449.0,6875.0,61495.0,7327.0,81.0,7783.127781443533,4692.959445200137,7576.621098257514,2208.9468930619914,644.6367267687567,979.5021838140549,7013.83913716464,8087.661718983262,2473.867733896067,6354.935944584061,7837.958663072964,7837.538715106185,8535.74290364359,8410.377666650518,368.894155973453,5542.921743708287,6157.154475835936,8860.59837769518,6593.481631512128,3771.1505923790455,1593.6948960315026,D1,N8,t,appliedMASKiso_3mgml_roi1_8bit.ome
appliedMASKiso_flu_3mgml_roi1_8bit.ome,41,65.80801096,56.85416438,0.923289726,3.742661644,53.427,47.774,0.92729,3.814,73.0,48.4395492,26.21400968,0.033299896,0.840873505,41.0,5627,21.2936,4529,85,53.2824,43,1.3428,0.0208,0.0254,0.2733,131072,0.5097169876098633,340.7075500488281,0.508199155330658,8.24966049194336,9.986251831054688,363.8052978515625,0.7256538271903992,0.4941490590572357,347.8698425292969,0.5152722597122192,8.402419090270996,9.765616416931152,367.3330078125,0.7233383059501648,0.15939611196517944,111.14321899414062,0.10222958028316498,2.727891206741333,4.375428199768066,135.6953582763672,0.1027352511882782,3mgml,flu,roi1,8364.935428907616,63232.91382598877,32531.23477935791,304.4652178945541,65156.58521270752,58788.80361175537,7745.906255151888,4487.2601671164175,1780.000761105217,59305.79808807373,9324.124152843466,9323.863217170057,9872.089487236302,9778.571787681753,35061.813064575195,3187.897806313537,7856.183001092612,9908.592661924373,59103.789878845215,7158.269065319876,751.4240367054211,5593.0,65534.0,32585.0,19.0,65527.0,61399.0,4341.0,2510.0,784.0,61577.5,6999.0,6999.0,7184.0,7157.0,35022.0,203.0,6449.0,6941.0,61487.0,7410.0,88.0,8149.504882478887,5013.949820306829,7043.290607123789,2275.3527304484905,1170.4128608035776,1400.3147551478005,7175.72917951972,8644.388927030197,2390.247146458289,6429.358335214761,7944.96348034056,7944.559610082639,8724.764392782376,8584.095300932628,389.5830129490849,6966.822220115805,6006.506076127104,9163.103479453812,6693.52956694284,3902.9275575709685,1837.1139545577503,D1,N8,t,appliedMASKiso_3mgml_roi1_8bit.ome
appliedMASKiso_flu_3mgml_roi1_8bit.ome,42,69.45654923,60.69841538,0.921088462,3.767958462,54.926,55.915,0.92637,3.6112,65.0,51.12263495,25.24866969,0.036106673,0.835054807,42.0,6024,19.7585,4867,98,49.6633,56,1.3611,0.0246,0.0314,0.2759,131072,0.47287678718566895,383.83856201171875,0.4984247386455536,9.12532901763916,11.13117504119873,400.760009765625,0.7008686661720276,0.4641787111759186,386.13134765625,0.5052192211151123,9.166341781616211,10.675966262817383,397.47918701171875,0.7033214569091797,0.15291577577590942,106.95420837402344,0.09538263827562332,2.615293025970459,4.778100967407227,140.28334045410156,0.10363591462373734,3mgml,flu,roi1,8532.562637060357,63652.8671875,32465.675750732422,483.2598711524696,65030.416244506836,58752.42106628418,8223.039551917276,4765.431391641534,1750.8557468733827,59318.295097351074,9313.345571661075,9313.008978169675,9931.021570530209,9824.318469050148,35041.43123626709,3096.236180904523,7693.277566801403,10035.465428316002,59095.59243774414,7203.7745753516765,844.6000126176142,5679.0,65533.0,32567.0,22.0,65526.0,61404.5,4671.0,2701.0,772.0,61624.0,6984.0,6984.0,7230.0,7193.0,35010.0,203.0,6353.0,7014.0,61515.0,7494.0,91.0,8518.259282241264,5305.954884521024,6672.368563349766,2244.07129975025,2475.2240095550387,2329.07253808981,7303.669470864241,9135.273098321075,2302.59004767649,6472.274652351205,7994.069325032429,7993.423620347714,8852.761542895281,8697.329071587455,415.74583540538924,6452.38794147048,5826.466997479181,9426.648445754849,6762.718320272247,3972.8484793366747,2162.1480994956464,D1,N8,t,appliedMASKiso_3mgml_roi1_8bit.ome
appliedMASKiso_flu_3mgml_roi1_8bit.ome,43,72.78650816,53.17316327,0.903351837,3.605012245,67.6155,46.1345,0.92478,3.47625,98.0,49.91314889,26.75573191,0.067955378,0.783443328,43.0,7193,16.2223,5811,134,43.3657,53,1.4082,0.0254,0.0447,0.2326,131072,0.3935869634151459,463.1217346191406,0.48741546273231506,10.82761001586914,13.905387878417969,467.7002258300781,0.6407169699668884,0.3742615282535553,480.5406494140625,0.48205870389938354,11.2249174118042,13.408578872680664,474.9061279296875,0.6386091709136963,0.1611335277557373,115.05216979980469,0.07960163801908493,2.8066787719726562,6.087022304534912,147.9718017578125,0.12080507725477219,3mgml,flu,roi1,9317.762736357588,63881.51668548584,32462.07145690918,868.0638844301766,64665.22327423096,58175.57929229736,9117.303707149324,5282.339408085456,1912.1916536793865,58832.58228302002,9880.35342197619,9880.01122435716,10632.460481546332,10500.97635086056,35030.57196044922,3340.995115452931,7961.292460259811,10849.270753209417,58568.63236999512,7510.687216619389,1140.183422956972,6560.0,65533.0,32561.0,25.0,65514.0,60630.5,5756.0,3329.0,997.0,60920.0,7844.0,7844.0,8206.0,8148.0,34998.0,203.0,6957.0,8023.0,60773.0,7736.0,141.0,9050.218531887549,5649.495207374921,6436.980337999481,2193.799463005488,4030.6400281734336,3873.707511411209,7571.0037473740185,9724.040216179686,2429.308008400758,6654.200387566224,8030.882060478986,8030.122482753608,8989.110109950068,8814.905460206632,490.8257883174594,6817.508099838355,5576.490947119286,9785.524497607033,6974.69626595414,3949.5030535184114,3148.0836464435506,D1,N8,t,appliedMASKiso_3mgml_roi1_8bit.ome
appliedMASKiso_flu_3mgml_roi1_8bit.ome,44,71.46455,55.11990909,0.900199205,3.764526136,58.342,48.7505,0.905845,3.60675,88.0,53.8457318,23.56209032,0.058429979,0.876298435,44.0,7110,16.435,5898,140,42.1286,53,1.4089,0.024,0.0358,0.199,131072,0.39433103799819946,443.04638671875,0.4841565489768982,10.581418991088867,13.84379768371582,444.5792541503906,0.6391364336013794,0.3774336576461792,461.63128662109375,0.485561728477478,10.947298049926758,13.100013732910156,455.73016357421875,0.6418753266334534,0.17388373613357544,115.73539733886719,0.08081428706645966,2.910451889038086,6.672436714172363,142.03233337402344,0.13361231982707977,3mgml,flu,roi1,8762.96258313371,63700.3288192749,32468.923461914062,829.0149209004982,64708.96932959999,58468.891998291016,8523.101695781848,4934.099991478483,1932.2451761906968,59043.54766082764,9542.940342713699,9542.759824893046,10203.2704361602,10088.782164805645,35040.06226348877,3074.792754844145,7869.98391281388,10312.713522573338,58810.10820770264,7202.712948577639,1174.877109375,6354.0,65533.0,32551.0,24.0,65515.0,60713.0,5426.0,3138.0,1021.0,60969.0,7708.0,7708.0,8017.0,7968.0,35008.0,203.0,6941.0,7806.0,60839.5,7118.0,145.0,8430.074406626522,5370.478066327124,6844.3935008244935,2274.0216406681902,3756.983849317911,3696.2564096519986,7279.7647610527865,9265.03966251655,2456.270854963846,6448.74199044237,7736.759655071399,7736.392449769266,8634.866277879835,8471.730277827133,424.0305264556302,6668.628268921797,5469.237662461083,9270.898107369705,6747.034615875393,4070.831304190736,3407.640178820139,D1,N8,t,appliedMASKiso_3mgml_roi1_8bit.ome
appliedMASKiso_flu_3mgml_roi1_8bit.ome,45,80.57455333,51.83043333,0.894254444,3.646252222,67.62,47.4705,0.91195,3.4377,90.0,57.02951808,21.11467365,0.05671479,0.833051996,45.0,6461,18.2868,5367,99,54.2121,52,1.38,0.0315,0.005,0.1834,131072,0.36458656191825867,385.47344970703125,0.40941017866134644,10.324875831604004,12.43844223022461,334.253173828125,0.6188600659370422,0.3447442948818207,405.0772705078125,0.40642571449279785,10.788307189941406,11.797673225402832,348.3506164550781,0.6195924282073975,0.17141535878181458,95.22672271728516,0.07886868715286255,2.6596519947052,5.846465587615967,96.50828552246094,0.13449978828430176,3mgml,flu,roi1,7583.522779025874,63495.64719390869,32472.97947692871,441.8967459243508,65021.47310638428,58521.66410064697,5128.053690573498,2970.523723078678,2849.560424382716,58721.45959472656,9566.703154371648,9566.551495422798,9705.51720080082,9689.533476991732,35074.219009399414,2713.526699029126,9000.980720737243,9365.256514297067,58642.67664337158,6527.817721944584,1305.2624288132984,5646.0,65534.0,32536.0,18.0,65519.0,60668.0,2878.0,1664.0,1258.0,60718.5,7678.0,7678.0,7610.0,7631.0,35039.0,203.0,7545.0,7171.0,60696.0,6037.0,150.0,6914.428863756432,3681.031933691008,7002.341665106952,2393.488272265524,1889.1005923903858,2189.8452303281933,7095.988813855042,6343.4466406259835,4126.36822875902,6716.911782020907,7783.858376034202,7783.557519300223,8187.292501702995,8117.641029436748,403.1170463793809,5660.941225123553,6784.636671118398,8191.085639305598,6864.118628999637,4243.750215719256,3770.2041582973675,D1,N8,t,appliedMASKiso_3mgml_roi1_8bit.ome
appliedMASKiso_flu_3mgml_roi2_8bit.ome,1,95.73495,47.2099,0.9130025,3.3649025,97.8625,42.607,0.9136,3.1618,40.0,35.67687684,15.55502249,0.032167963,0.831301071,1.0,5581,21.4856,4650,137,33.9416,34,1.3404,0.0234,0.1773,0.137,131072,0.5034834146499634,2246.42138671875,0.338682621717453,22.421619415283203,22.34532356262207,1809.2510986328125,0.7046444416046143,0.5083088874816895,2242.388671875,0.34276753664016724,22.25432586669922,19.97232437133789,1762.40283203125,0.7206867933273315,0.18488268554210663,767.7741088867188,0.12046615034341812,7.840023517608643,13.121759414672852,800.3418579101562,0.13541562855243683,3mgml,flu,roi2,3805.6985535347267,60994.46565246582,32844.745571068896,177.60401376891602,65403.36145019531,62073.701011657715,2522.1679399005397,1846.6097344196382,1826.6415400597325,61230.22876739502,6081.761406910458,6117.289820452166,5153.516042967387,5304.190879125141,53849.78382110596,2513.900973481034,6780.088703610346,4514.345616008066,61672.88278961182,6296.326327219142,512.3655656647654,2328.0,65534.0,32521.0,8.0,65534.0,63826.0,1217.0,820.0,598.0,63213.0,4085.0,4117.0,3318.0,3444.0,53843.0,138.0,4907.0,2837.0,63565.0,4880.0,42.0,4426.821068749133,2791.665079782098,10088.721936793705,3484.9315068157293,764.157670128641,720.6584836484199,4696.559175193013,3533.214837344545,3230.2083742335,5372.327257467351,6417.078442688247,6447.618180881178,5676.464396599079,5794.545248011977,50.363234256442134,5241.355689915205,6616.529452128433,5101.79844256823,5096.499149004925,5572.291105172518,1730.8323195540383,D1,N8,t,appliedMASKiso_3mgml_roi2_8bit.ome
appliedMASKiso_flu_3mgml_roi2_8bit.ome,2,89.66694571,45.92568571,0.893608571,3.524225714,97.595,41.887,0.91512,3.433,35.0,41.04687256,20.87273099,0.084150672,0.811395613,2.0,5232,23.0522,4383,155,28.2774,26,1.3272,0.026,0.1624,0.1484,131072,0.5399935841560364,2094.035400390625,0.3700023591518402,20.62080192565918,21.163776397705078,1795.5360107421875,0.7296651005744934,0.5412040948867798,2076.105712890625,0.3690264821052551,20.374311447143555,18.65753173828125,1714.7293701171875,0.7428727746009827,0.18843980133533478,802.411376953125,0.124275341629982,8.080901145935059,13.44713020324707,902.997802734375,0.13480816781520844,3mgml,flu,roi2,3940.6512611258636,60845.86789703369,32866.81757354736,195.01587655035738,65398.74031829834,62024.866775512695,2699.149632929143,1999.1562422667657,1751.2233856465589,61222.13900756836,6180.889329294408,6214.706549755873,5278.517260175833,5424.901126797854,53848.59122467041,2056.4295967190706,6756.87506327044,4648.134584984854,61642.24754333496,6528.401177414205,481.2216693832032,2339.0,65534.0,32542.0,8.0,65534.0,63888.0,1260.0,848.0,559.0,63306.0,4052.0,4079.0,3314.0,3433.0,53841.0,138.0,4817.0,2839.0,63639.5,4941.0,40.0,4747.42228143777,3190.155440525363,10381.125401994512,3414.6828235107205,985.2032536568558,827.0341787515721,4894.958425569065,3944.4044975520687,3038.2191152038895,5493.634650429858,6656.166797243308,6682.4078113194455,5949.606269651024,6061.464124293834,130.38516951245612,4386.4980213901745,6650.020061209094,5404.464582669854,5257.650667737651,5932.803658903583,1593.0730939621735,D1,N8,t,appliedMASKiso_3mgml_roi2_8bit.ome
appliedMASKiso_flu_3mgml_roi2_8bit.ome,3,85.85008182,52.2155,0.915958636,3.717652273,90.725,43.7075,0.91708,3.5205,44.0,41.49672946,20.000985,0.035819627,0.811590314,3.0,5649,21.2029,4720,153,30.8497,31,1.3477,0.0222,0.199,0.1597,131072,0.4803359806537628,2305.911865234375,0.371442049741745,23.080158233642578,24.122913360595703,1949.3917236328125,0.6888788342475891,0.48015499114990234,2306.54443359375,0.3746715188026428,22.966869354248047,21.967670440673828,1921.0179443359375,0.7024674415588379,0.18291723728179932,781.84423828125,0.1252216100692749,7.973670482635498,13.194292068481445,829.7838745117188,0.1345304399728775,3mgml,flu,roi2,4575.161577657329,61785.554916381836,32737.09307861328,241.49408347466712,65341.0902633667,61245.27597808838,2931.382406332768,2155.0176670733763,2376.29590067894,60264.423583984375,7249.2325815156455,7290.563337482893,6164.003162428188,6340.134700883779,53846.445236206055,2325.5708126036484,8005.233045441541,5412.690507302967,60763.125579833984,7235.74167059715,694.8180115259025,2746.0,65534.0,32538.0,13.0,65534.0,63471.0,1347.0,933.0,727.0,62787.0,4778.0,4809.0,3894.0,4038.0,53841.0,138.0,5668.0,3336.0,63164.0,5716.0,57.0,5267.723263252523,3283.341909565,9235.226029745334,3182.330304089326,1118.2851537499967,986.5143852097417,5665.880115906427,4111.845723513673,3920.7534631722237,6457.941323824274,7551.38596597222,7584.425189707728,6689.876445581579,6827.035268392782,98.95692859024457,4932.092737068308,7721.706113829277,6038.10479456364,6134.709794572041,6181.787443001621,1929.3109779863544,D1,N8,t,appliedMASKiso_3mgml_roi2_8bit.ome
appliedMASKiso_flu_3mgml_roi2_8bit.ome,4,87.574995,53.4143,0.90973825,3.82732,86.413,46.8355,0.91807,3.89315,40.0,43.74826464,22.22333178,0.050558508,0.664696018,4.0,5416,22.2011,4568,138,33.1014,37,1.3325,0.028,0.1921,0.1864,131072,0.49899810552597046,2218.51904296875,0.384708970785141,22.00482177734375,23.10614585876465,1910.9400634765625,0.7035958170890808,0.48726534843444824,2235.38671875,0.3966492712497711,22.10239601135254,22.100753784179688,1962.4197998046875,0.7078689932823181,0.18181350827217102,779.0133056640625,0.12210741639137268,7.834667682647705,11.872526168823242,786.3660278320312,0.12781308591365814,3mgml,flu,roi2,4754.7554723101875,61999.68278503418,32704.828285217285,173.36153478136063,65369.781509399414,61066.020431518555,3028.023590383416,2203.0188972599453,2452.9300930763034,60051.474609375,7520.30790144435,7564.254893025412,6415.791411137715,6595.293156715841,53845.146476745605,2211.500325097529,8270.874411060477,5631.077353827141,60559.71891784668,7551.578581910868,674.5909636064946,2835.0,65534.0,32541.0,15.0,65534.0,63428.0,1456.0,990.0,709.0,62746.0,4879.0,4916.0,3998.0,4145.0,53840.0,138.0,5758.0,3435.0,63119.0,5913.0,57.0,5288.610547936738,3078.353823381898,8940.38807436419,3122.0562933077576,566.2073569486424,665.2625803189292,5792.435433787993,3950.042952603818,4066.143686383968,6682.407916104542,7742.1985840530615,7780.947511694357,6833.869674228815,6979.479438996704,112.30681753390898,4668.503603821525,7985.3314905786765,6121.459882908949,6321.182045545712,6362.490612951184,1812.0699374422102,D1,N8,t,appliedMASKiso_3mgml_roi2_8bit.ome
appliedMASKiso_flu_3mgml_roi2_8bit.ome,5,86.00715385,54.58771795,0.898359744,3.497494872,86.682,45.688,0.91248,3.5117,39.0,36.79669641,20.8494822,0.041801142,0.63358981,5.0,4951,24.474,4245,150,28.3,25,1.3069,0.0167,0.1793,0.1971,131072,0.5168748497962952,2172.3994140625,0.3770982027053833,21.453519821166992,21.89458656311035,1852.9588623046875,0.7163568735122681,0.4991292953491211,2216.413818359375,0.388385534286499,21.885971069335938,21.693693161010742,1931.6138916015625,0.715645432472229,0.1795331984758377,805.5596923828125,0.12471310049295425,7.996446132659912,11.16175365447998,791.4140625,0.12300150096416473,3mgml,flu,roi2,4814.718644798977,62083.872077941895,32689.65074157715,154.81136050252795,65383.4782409668,61045.06295013428,3131.18726091732,2282.2287902889825,2367.3300407800575,60045.965812683105,7567.939696944019,7611.4231151443255,6482.103997349994,6658.600981426844,53845.21548461914,2014.3919871794872,8268.771698854489,5696.41317761977,60541.39291381836,7737.3398325257485,615.015818479718,2978.0,65534.0,32551.0,13.0,65534.0,63338.0,1630.0,1131.0,713.0,62688.0,5003.0,5035.0,4159.0,4295.0,53839.0,138.0,5758.0,3592.0,63037.0,6187.0,52.0,5280.113109874341,3092.9892871823436,8637.041682552805,3083.397757920366,522.2584792067604,630.0389945295948,5768.460003748556,3952.9428714247997,4001.0970431261308,6652.379833529725,7711.925758907987,7749.258241560951,6820.121477925593,6963.01593753404,54.966571834704894,4392.355613390961,7938.379849648901,6111.2501452599,6299.861520600959,6434.375741708141,1767.3747007472634,D1,N8,t,appliedMASKiso_3mgml_roi2_8bit.ome
appliedMASKiso_flu_3mgml_roi2_8bit.ome,6,86.61095435,53.631,0.904144348,3.597163043,85.2105,45.6825,0.91965,3.551,46.0,38.51059973,24.02854263,0.091242934,0.772125079,6.0,5729,20.8789,4828,146,33.0685,43,1.3452,0.0183,0.2146,0.178,131072,0.44198402762413025,2524.77587890625,0.3293951451778412,25.436378479003906,24.985689163208008,1956.9168701171875,0.6623673439025879,0.42576533555984497,2544.486083984375,0.3303897976875305,25.658357620239258,24.3754825592041,2013.16748046875,0.6632816791534424,0.17279917001724243,786.8715209960938,0.10897579789161682,8.001587867736816,11.469949722290039,706.0342407226562,0.12732848525047302,3mgml,flu,roi2,5261.1685336439,63452.867126464844,32622.903526306152,209.94953064022783,65331.4497756958,60400.12253570557,3023.5550461719827,2213.3580363575124,3006.8161448332617,59192.42086791992,8485.389720642996,8535.501999785463,7161.866780575264,7376.634905067655,53842.6862411499,2099.6883616543764,9544.651600594572,6257.978983097599,59789.06179046631,8243.209816571401,794.8271401671067,3398.5,65535.0,32560.0,14.0,65533.0,62819.0,1543.0,1060.0,945.0,62014.0,5831.5,5869.0,4793.0,4961.0,53840.0,138.0,6856.0,4119.0,62440.5,6952.0,66.0,5571.50800889355,3105.8781935467746,6758.294024805092,3013.4714820960467,844.4898112335843,924.9081820941296,6329.257425832948,3981.1703872034227,4953.1308397693265,7394.048854934365,8311.691473057046,8353.667526371244,7263.869503934809,7431.6323019684905,103.24079679126565,4328.557883867058,8792.261152204028,6477.104013714207,6952.955302833162,6394.27570755086,2460.273259807296,D1,N8,t,appliedMASKiso_3mgml_roi2_8bit.ome
appliedMASKiso_flu_3mgml_roi2_8bit.ome,7,95.84534091,52.64138636,0.900734091,3.454370455,91.39,47.006,0.90972,3.37695,44.0,43.26766292,23.63412213,0.047213995,0.728145329,7.0,5523,21.7322,4638,137,33.854,37,1.336,0.0182,0.2255,0.1716,131072,0.41325587034225464,2677.44580078125,0.30524152517318726,27.148204803466797,26.274017333984375,1988.5592041015625,0.6397716999053955,0.3958830237388611,2757.466796875,0.3036310374736786,27.895641326904297,25.102497100830078,2018.3798828125,0.6405333876609802,0.17300330102443695,795.34912109375,0.10901831090450287,8.1596040725708,11.883341789245605,673.0369262695312,0.13247981667518616,3mgml,flu,roi2,5534.648974788118,63925.49016571045,32608.259468078613,239.7909240702132,65304.796875,60060.911682128906,3132.8075539231304,2309.7181286659297,3267.5423478585194,58771.42306518555,8960.783746398576,9013.166441219402,7544.692956110385,7774.329412843616,53842.64781188965,1980.2657455012854,10137.58925036874,6587.496083331423,59403.37634277344,8600.914903210522,856.8061266428591,3645.0,65535.0,32560.0,14.0,65532.0,62513.0,1586.0,1088.0,1069.0,61624.5,6297.0,6336.0,5159.0,5348.0,53840.0,138.0,7439.0,4426.0,62084.0,7365.0,70.0,5731.294450729934,3261.4412061514613,5747.270915946765,2927.290028674605,1138.8971997868698,1152.18170396647,6594.501450269493,4118.317357915229,5445.47924145677,7723.270906946869,8571.67889368179,8613.171973146484,7476.940981593678,7651.731187402673,39.63040233018471,4116.9783814498405,9140.46866732662,6664.622790901536,7256.477289533598,6406.603280527711,2832.968162216257,D1,N8,t,appliedMASKiso_3mgml_roi2_8bit.ome
appliedMASKiso_flu_3mgml_roi2_8bit.ome,8,93.18612105,54.84628947,0.908173684,3.469615789,93.3375,46.9455,0.91986,3.5014,38.0,41.39271449,27.32188556,0.049518106,0.856438504,8.0,5567,21.5446,4740,143,33.1469,34,1.3382,0.0222,0.202,0.1403,131072,0.4463518261909485,2564.397705078125,0.31057432293891907,25.734439849853516,24.605451583862305,1926.9736328125,0.6641072034835815,0.44263073801994324,2595.33056640625,0.31537434458732605,25.995258331298828,22.581052780151367,1904.5142822265625,0.6741317510604858,0.17632922530174255,830.0846557617188,0.11609011143445969,8.393120765686035,11.8594388961792,702.6400146484375,0.13258834183216095,3mgml,flu,roi2,5596.425283930236,63935.81484222412,32545.266479492188,244.18199805493143,65305.92198944092,60073.164611816406,3281.91226688654,2435.7576083230656,3060.5125700808103,58829.36862182617,8967.490469421135,9018.028981519696,7589.418535332691,7812.833875972547,53842.854721069336,1935.9723036819812,10043.810106846426,6643.691192430565,59436.28867340088,8749.391044160133,791.3151210788254,3705.0,65535.0,32549.0,12.0,65532.0,62457.0,1630.0,1131.0,1081.0,61553.0,6393.0,6430.0,5229.0,5419.0,53840.0,138.0,7551.0,4494.0,62023.0,7475.0,66.0,5783.747719794911,3475.2848643492234,5631.8790463641635,2856.5990961974176,1320.7547042285944,1258.4086405780045,6564.378048110184,4377.284998477391,5013.248553550725,7606.345655256971,8479.816143256916,8518.163544177849,7468.211892485855,7629.205995535106,32.24064791596307,4089.485231819852,8859.482170879399,6691.094646612108,7181.845570766694,6441.9428325062345,2758.8001642597033,D1,N8,t,appliedMASKiso_3mgml_roi2_8bit.ome
appliedMASKiso_flu_3mgml_roi2_8bit.ome,9,97.92737632,53.73878947,0.903326316,3.518542105,99.655,46.0805,0.91383,3.40735,38.0,44.72171262,25.3974298,0.048970251,0.8459669,9.0,5712,20.9469,4837,139,34.7986,34,1.3488,0.0213,0.1724,0.1242,131072,0.5005854368209839,2322.196533203125,0.3435479998588562,22.898204803466797,22.56686782836914,1862.4530029296875,0.7031041383743286,0.5145412683486938,2269.0283203125,0.3531903922557831,22.296302795410156,19.644454956054688,1769.5308837890625,0.7251551151275635,0.1828330010175705,829.0903930664062,0.12464290857315063,8.294352531433105,12.408653259277344,783.2147827148438,0.13264253735542297,3mgml,flu,roi2,5662.755514284404,63588.80128479004,32574.88011932373,257.69183870282285,65294.93265533447,60100.73053741455,3472.6149808727814,2572.43844842903,2842.073131562693,58947.9323348999,8895.459989911496,8944.186637318293,7595.137532290854,7806.080998456153,53843.182136535645,1832.2367101303912,9728.32488039009,6684.453707525106,59514.25624847412,8844.739342107274,747.2751790830946,3778.0,65535.0,32550.0,11.0,65531.0,62400.0,1738.0,1187.0,1089.0,61515.0,6440.0,6481.0,5308.0,5493.5,53840.0,138.0,7483.0,4572.0,61970.0,7578.0,67.0,5884.45962068995,3638.5450225778045,6054.05060913403,2773.739338349772,1511.0381766275773,1368.7339924934079,6508.433728043161,4620.049653176279,4543.190204300596,7393.729500735414,8337.599522911805,8372.477090199629,7442.07092968688,7584.377046628585,34.065584863186444,3757.721404067653,8358.659803712842,6733.953072782917,7034.021930823296,6507.851536241616,2582.076476984719,D1,N8,t,appliedMASKiso_3mgml_roi2_8bit.ome
appliedMASKiso_flu_3mgml_roi2_8bit.ome,10,92.32082571,52.71657143,0.918367143,3.728894286,88.755,50.755,0.92549,3.635,35.0,47.3904969,19.85723979,0.037400586,0.723929932,10.0,5285,22.8009,4456,147,30.3129,28,1.3239,0.0224,0.162,0.1003,131072,0.5189532041549683,2226.127197265625,0.3688732385635376,21.774028778076172,22.634191513061523,1883.010009765625,0.7136455178260803,0.5444163084030151,2100.51123046875,0.38628634810447693,20.433717727661133,18.943384170532227,1768.800048828125,0.7447689771652222,0.19577260315418243,865.9733276367188,0.1275450885295868,8.66667652130127,14.098431587219238,890.5560913085938,0.1434079259634018,3mgml,flu,roi2,5771.8484904116085,63057.947036743164,32590.5210647583,300.97310873767947,65256.662368774414,60015.8349609375,3634.0101581851186,2682.740590712772,2832.6211999381476,58892.64163970947,8951.614980379558,9000.341150912944,7688.8512441578505,7893.881374731319,53843.721855163574,2066.5575539568345,9654.565175819049,6788.984877343552,59445.553062438965,8883.514246812156,793.096738559122,3836.0,65535.0,32533.0,12.0,65531.0,62324.0,1760.0,1216.0,1142.0,61418.0,6525.0,6566.0,5396.0,5583.0,53840.0,138.0,7618.0,4643.0,61881.0,7630.0,74.0,6076.343819670986,3867.298843449073,6712.0857629175025,2779.163339556342,1664.4775975360424,1476.5771413028328,6618.1114800886,4913.518386126329,4406.093104241348,7413.049812200203,8367.703815680492,8400.669077794746,7553.574545016894,7682.889758009579,75.44551903068752,4558.590798855451,8121.977350544689,6889.231187364975,7091.915553633669,6526.160095017001,2507.6798462165693,D1,N8,t,appliedMASKiso_3mgml_roi2_8bit.ome
appliedMASKiso_flu_3mgml_roi2_8bit.ome,11,85.81106176,60.39502941,0.915288529,3.483017647,92.6445,52.71,0.92626,3.3076,34.0,48.48264602,23.926703,0.036289011,0.757718206,11.0,5149,23.456,4439,151,29.3974,26,1.3255,0.0274,0.1618,0.1228,131072,0.5268139839172363,2180.772216796875,0.388236939907074,21.169841766357422,22.728286743164062,1922.2489013671875,0.7196004390716553,0.5481054782867432,2097.50537109375,0.39855390787124634,20.263450622558594,18.63905906677246,1750.906494140625,0.7475203275680542,0.19505639374256134,835.2774047851562,0.12784039974212646,8.330438613891602,14.261445045471191,934.9593505859375,0.1409989893436432,3mgml,flu,roi2,5878.227511809698,62983.128730773926,32572.02823638916,282.92655588650257,65251.767723083496,59955.799964904785,3800.682329313716,2844.439488980704,2810.104521128503,58854.39670562744,9033.269850627426,9079.175288830362,7795.378844372306,7996.1345042223975,53843.181701660156,2120.5567136725936,9638.195960585854,6899.308904932894,59388.11966705322,9009.896587629102,810.9401037963885,3945.0,65535.0,32543.0,12.0,65530.0,62245.0,1847.0,1272.0,1171.0,61329.0,6685.0,6728.0,5531.0,5721.0,53839.0,138.0,7752.0,4769.0,61796.0,7830.0,74.0,6095.988575636253,4037.8221092095246,6882.525552377778,2740.9098818089374,998.4348233703028,1145.0558539192473,6593.981947421052,5028.396753221524,4302.0602833191715,7350.799857670408,8324.816256412963,8351.834128780372,7551.656307947432,7673.852220760199,74.74811179507192,4921.431599697295,7953.321129210972,6902.872667771816,7060.27867887498,6538.205125692066,2342.2626427779755,D1,N8,t,appliedMASKiso_3mgml_roi2_8bit.ome
appliedMASKiso_flu_3mgml_roi2_8bit.ome,12,97.75909388,57.19295918,0.911094898,3.547206122,99.926,51.235,0.9154,3.3314,49.0,43.33792939,26.56779806,0.038599693,0.642934716,12.0,5774,20.7005,4972,135,36.8296,37,1.3503,0.0284,0.1998,0.1567,131072,0.46355780959129333,2422.11181640625,0.38156750798225403,23.976648330688477,25.347278594970703,2066.831298828125,0.6781935095787048,0.4703475534915924,2382.849609375,0.3739010691642761,23.43201446533203,22.94584846496582,2014.4271240234375,0.695364236831665,0.17276132106781006,748.5906982421875,0.11918670684099197,7.560651779174805,12.75204849243164,804.2809448242188,0.12816590070724487,3mgml,flu,roi2,6247.766143547559,63822.99401855469,32587.09220123291,328.41534008683067,65210.73314666748,59461.76552581787,3844.863090159272,2862.0047106086463,3297.3387394769593,58198.9342956543,9759.286650888844,9811.505257998055,8358.688073956633,8585.863828190222,53842.01708984375,2279.5288691492997,10632.874397800295,7365.160190865712,58806.109550476074,9452.50584775166,938.0762681207373,4311.0,65535.0,32564.0,14.0,65529.0,61845.0,1999.0,1385.0,1387.0,60827.5,7327.0,7374.0,6047.0,6259.0,53839.0,138.0,8536.0,5214.0,61340.5,8439.0,96.0,6228.100357021144,3978.0144201992985,6032.457964896737,2686.3588245340243,1641.1028924915483,1558.6156413897463,6890.825421932508,4927.1776659557845,4891.489387494368,7806.928034597749,8720.934266359223,8753.190877230005,7816.338264231101,7959.715057574828,33.4976518541076,4774.309789875343,8669.649802230904,7095.550127973137,7441.865349467692,6581.791770054909,2744.039736562405,D1,N8,t,appliedMASKiso_3mgml_roi2_8bit.ome
appliedMASKiso_flu_3mgml_roi2_8bit.ome,13,94.69341739,54.4508913,0.911162609,3.362665217,94.4105,44.277,0.915615,3.23185,46.0,42.2766499,25.41868243,0.033929057,0.707415045,13.0,5821,20.5173,4934,145,34.0276,34,1.36,0.0241,0.1846,0.1563,131072,0.4843902885913849,2315.553955078125,0.3917146325111389,22.810409545898438,24.497697830200195,2047.4158935546875,0.6936121582984924,0.4839978516101837,2280.29638671875,0.3939301073551178,22.473560333251953,22.246435165405273,1984.941162109375,0.7051802277565002,0.17594404518604279,730.1953735351562,0.12831787765026093,7.365845203399658,12.637659072875977,863.7809448242188,0.12589430809020996,3mgml,flu,roi2,6021.56543676832,63503.83046722412,32529.80933234659,279.3546385403033,65253.110778808594,59726.92144012451,3696.43461265733,2750.9300833185607,3089.4933587366495,58519.81179046631,9396.31323742219,9446.86912646336,8048.930019064828,8267.51744546617,53842.260902404785,2211.1164556962026,10220.379742280276,7095.219804451523,59104.132568359375,9203.39991730918,842.1389019698437,4072.0,65535.0,32554.0,13.0,65530.0,62112.0,1847.0,1272.0,1265.0,61146.0,6930.0,6974.0,5716.0,5917.0,53839.0,138.0,8111.0,4921.0,61635.5,8053.0,82.0,6121.486372296122,3945.009405871366,6368.760336227528,2690.398579522604,1237.8370499376108,1275.4163817732372,6691.8934882934645,4864.865888627286,4632.813426544343,7558.270173723457,8523.907984999847,8556.177868554727,7645.095250909025,7784.324309513075,99.38348655385714,4689.609711067039,8440.469106405466,6954.496319320329,7213.102244447224,6584.848570588793,2335.919579670231,D1,N8,t,appliedMASKiso_3mgml_roi2_8bit.ome
appliedMASKiso_flu_3mgml_roi2_8bit.ome,14,105.0658103,63.58641379,0.917726552,3.528317241,108.0,56.794,0.92041,3.1925,29.0,49.07459383,29.1254579,0.033864643,0.835907085,14.0,5647,21.2111,4767,133,35.8421,44,1.348,0.0197,0.183,0.1612,131072,0.47704869508743286,2394.839599609375,0.3629341423511505,23.645193099975586,25.097627639770508,2042.3427734375,0.684842050075531,0.48530063033103943,2338.791259765625,0.35273706912994385,22.88325309753418,21.417192459106445,1891.8841552734375,0.7054342031478882,0.19202600419521332,800.5615844726562,0.13860175013542175,8.129572868347168,14.664268493652344,946.5560302734375,0.14169643819332123,3mgml,flu,roi2,5946.355696008581,63569.19551849365,32533.007522583008,301.0479581250589,65245.22807312012,59828.69837188721,3714.1143209965567,2784.8158947918732,2983.511336395552,58656.27323913574,9255.215421742128,9303.62133609132,7928.394675553513,8143.470052861411,53842.738998413086,2022.6152819486153,10058.388132996246,6996.73452846089,59227.91368865967,9103.93315712863,822.8753575661442,3988.0,65535.0,32544.0,12.0,65531.0,62174.0,1804.0,1230.0,1216.0,61227.0,6823.0,6867.0,5611.0,5807.0,53840.0,138.0,8021.0,4825.0,61712.0,7923.0,77.0,6144.153276041728,4119.571811057734,6305.171515409654,2796.0325166541224,1216.656150135271,1269.551510048621,6629.293777918073,5086.615459051551,4400.627738694856,7414.267673196602,8414.982005229145,8443.467487592152,7596.567832761205,7725.3592573709175,78.36782532169752,4515.764071223568,8235.495551106202,6944.047985024061,7105.645559452223,6582.670194488189,2276.5635078146934,D1,N8,t,appliedMASKiso_3mgml_roi2_8bit.ome
appliedMASKiso_flu_3mgml_roi2_8bit.ome,15,88.41065667,52.23943333,0.912933667,3.823203333,92.0185,43.928,0.916625,3.44655,30.0,38.52539782,17.44462037,0.035666866,1.110338099,15.0,5510,21.7882,4632,176,26.3182,30,1.3388,0.0189,0.1778,0.1315,131072,0.4887382984161377,2356.0205078125,0.3520880341529846,23.24944496154785,24.27420425415039,1971.2987060546875,0.6923094391822815,0.5094566941261292,2262.173828125,0.34634092450141907,22.301895141601562,19.831857681274414,1781.614013671875,0.7216453552246094,0.19647829234600067,821.7114868164062,0.13793611526489258,8.342874526977539,14.780814170837402,938.5224609375,0.14510440826416016,3mgml,flu,roi2,5861.547273215038,63574.018814086914,32503.21319580078,272.4960677846652,65267.83078765869,59961.063636779785,3758.610007103696,2827.0074679878326,2858.0998576446377,58832.01187133789,9079.143594067375,9125.808515693865,7794.674364772161,8002.86104319166,53842.57767486572,2156.721088435374,9808.928133982294,6887.046203962748,59384.031105041504,9045.577672172612,787.1742068049673,3937.0,65535.0,32537.0,12.0,65531.0,62249.5,1825.0,1258.0,1158.0,61334.0,6727.0,6770.0,5541.0,5735.0,53840.0,138.0,7819.0,4767.0,61804.0,7869.0,72.0,6102.406568126427,4167.977648861282,6345.120662672533,2814.4780899911707,1019.6346867164254,1118.1931316774067,6537.933265353737,5072.038625296889,4233.647329281173,7301.083937508751,8334.006978996145,8361.9019449711,7532.050628759847,7658.354788928664,73.09801023894276,4405.560891654406,8107.036451401982,6887.203270879419,7001.535322445078,6674.83946607571,2161.4852427658025,D1,N8,t,appliedMASKiso_3mgml_roi2_8bit.ome
appliedMASKiso_flu_3mgml_roi2_8bit.ome,16,99.61253582,51.83407463,0.896805224,3.543055224,98.686,42.682,0.90485,3.2959,67.0,41.47379659,21.75760483,0.060572946,0.900417937,16.0,6545,18.0264,5459,154,35.4481,51,1.3858,0.0214,0.2902,0.1605,131072,0.31976649165153503,3009.494873046875,0.298693984746933,31.262802124023438,32.820125579833984,2228.01171875,0.5614026188850403,0.3215576708316803,3086.087158203125,0.29270997643470764,31.831161499023438,29.18377685546875,2185.036376953125,0.5809192061424255,0.15622536838054657,621.7289428710938,0.11948603391647339,6.647003650665283,14.791239738464355,644.29541015625,0.14005045592784882,3mgml,flu,roi2,7003.999442220117,64619.03998565674,32391.010185319406,461.79022314148204,65050.34252166748,58338.679779052734,3883.6643785308174,2916.3272699244644,4661.8158969790975,56740.39270019531,11220.965623949387,11283.767864237905,9461.274679849628,9746.33612732663,53841.372970581055,2173.430359937402,12586.60101928543,8292.761965524618,57513.091453552246,10050.347321128396,1450.7726477789438,5045.0,65535.0,32562.0,17.0,65523.0,60864.0,1912.0,1315.0,2005.0,59594.0,8745.0,8803.0,7133.0,7394.0,53840.0,138.0,10329.0,6124.0,60226.5,9458.5,154.0,6752.473075346434,4248.59006761017,4425.433653333987,2379.142384504853,1724.785152210776,1815.6721809609764,7763.482451368244,5140.1184830229295,6675.45123953563,8938.910272941448,9653.699441533126,9694.078500861806,8524.04454528096,8703.014605141609,40.43815835928473,4543.41862633902,9957.654835856873,7702.445288115047,8438.470367205453,6544.949567554843,3686.448708838448,D1,N8,t,appliedMASKiso_3mgml_roi2_8bit.ome
appliedMASKiso_flu_3mgml_roi2_8bit.ome,17,94.05922889,54.12962222,0.906965556,3.786702222,90.0,51.128,0.91405,3.6435,45.0,37.25006657,20.95924458,0.057902135,0.933381956,17.0,5759,20.7597,4780,141,33.9007,40,1.3505,0.0261,0.219,0.1676,131072,0.4295147657394409,2597.88916015625,0.32495540380477905,26.198467254638672,26.198816299438477,2032.3304443359375,0.6514407396316528,0.44242388010025024,2585.452880859375,0.3325638175010681,25.90532875061035,22.818716049194336,1925.8045654296875,0.6742473840713501,0.17258678376674652,734.8316040039062,0.12550441920757294,7.568026065826416,13.190313339233398,777.9944458007812,0.13340723514556885,3mgml,flu,roi2,6248.925907462938,64005.99690246582,32537.781814575195,328.38563149692084,65216.04111480713,59521.226318359375,3920.826325048491,2957.4434751229196,3253.4515811730807,58311.5714263916,9674.717219746763,9724.200980128997,8294.614674325681,8518.219317284169,53840.96700286865,2276.1449541284405,10466.880114425076,7333.172811006894,58901.66328430176,9477.50716690569,935.2794325475053,4254.0,65535.0,32559.0,13.0,65530.0,61940.0,1934.0,1329.0,1316.0,60979.0,7217.0,7264.0,5959.0,6165.0,53839.0,138.0,8335.0,5141.0,61465.0,8388.0,93.0,6392.504105450716,4250.200634564018,5922.965486438326,2840.184736890047,1496.851351906536,1427.9508947574795,6904.122856318127,5137.9469795114355,4743.192456372944,7760.649788438378,8781.728492077556,8812.27467154954,7888.832293759465,8029.705974604593,114.53994934558523,4826.986644274417,8674.563541501648,7204.175589275076,7414.280862928065,6905.285627501075,2486.621804500828,D1,N8,t,appliedMASKiso_3mgml_roi2_8bit.ome
appliedMASKiso_flu_3mgml_roi2_8bit.ome,18,98.09421212,54.59515152,0.907096364,3.69599697,94.16,48.402,0.92396,3.5566,33.0,40.49317453,21.23032512,0.068265506,0.928433627,18.0,5210,23.158,4312,123,35.0569,27,1.3269,0.0202,0.1684,0.1828,131072,0.523728609085083,2220.342041015625,0.3547634482383728,21.723331451416016,21.645645141601562,1859.0792236328125,0.7205834984779358,0.5264148116111755,2205.286376953125,0.359294593334198,21.48158836364746,19.213809967041016,1747.95458984375,0.7336096167564392,0.17805354297161102,783.29150390625,0.13455308973789215,7.782165050506592,12.301741600036621,879.1890258789062,0.12434149533510208,3mgml,flu,roi2,5792.01970492508,62980.27753448486,32663.449290842367,309.9026228321322,65261.02004241943,60190.81162261963,3940.29224163274,2994.2543094616626,2575.192759058974,59212.486755371094,8709.939457442888,8750.97106822648,7572.151383259641,7756.5282485875705,53841.943908691406,2330.0199314855186,9106.833333333334,6744.8421072832225,59694.54196929932,9004.005595983788,752.5724974889653,3752.0,65535.0,32565.0,13.0,65532.0,62558.0,1912.0,1329.0,992.0,61776.0,6235.0,6275.0,5205.0,5372.0,53838.0,138.0,7058.0,4513.0,62181.0,7553.0,69.0,6181.026750643486,4385.240940489608,7223.839152174551,2766.878084352817,1473.1003967418965,1342.3048944709533,6383.142959756679,5202.865549989018,3763.784097739246,7004.493001004322,8178.485129263944,8201.747855544612,7465.159722024541,7577.209667090176,114.35413480009969,5321.34770562398,7670.619035943883,6889.052261414398,6766.920028883191,7046.043571302733,2171.9398939305743,D1,N8,t,appliedMASKiso_3mgml_roi2_8bit.ome
appliedMASKiso_flu_3mgml_roi2_8bit.ome,19,90.23466122,53.47410204,0.921605102,3.741322449,90.0,48.822,0.92641,3.6877,49.0,32.85794496,21.20574756,0.032298474,0.758081173,19.0,5678,21.0844,4673,144,32.4514,36,1.3487,0.0194,0.21,0.1756,131072,0.44545140862464905,2471.65283203125,0.36017340421676636,24.847091674804688,26.01777458190918,2056.684326171875,0.664429247379303,0.43713122606277466,2532.58447265625,0.3645327687263489,25.41159439086914,23.670997619628906,1989.60546875,0.6718952655792236,0.17341859638690948,723.1661987304688,0.130083829164505,7.428523540496826,13.518064498901367,812.198974609375,0.13118316233158112,3mgml,flu,roi2,6272.705330886587,63593.537925720215,32618.000228883582,313.10793787350406,65214.92234039307,59561.971755981445,4087.8805991301806,3097.00212583151,3132.1355940098283,58426.924156188965,9560.557051926813,9606.8854508181,8262.693130427439,8472.942890487635,53841.08110809326,2389.1608570514873,10144.263219723436,7333.7892215201055,58978.20336151123,9448.83270245161,946.4135749469023,4100.0,65535.0,32576.0,18.0,65530.0,62159.0,1977.0,1385.0,1196.0,61289.0,6837.0,6881.0,5697.0,5885.0,53838.0,138.0,7819.0,4936.0,61734.0,8094.0,93.0,6439.729894735764,4320.590137646467,6595.88419608059,2759.7495298117724,988.2790646622586,1147.6294015314577,6867.929497167229,5264.30307027132,4413.616291083416,7640.820733242403,8748.663196902498,8775.79985840158,7919.829769431402,8050.478855189031,44.14941739898816,5331.545280833338,8419.056862486228,7252.871957963011,7339.981196909214,7069.013352152576,2368.0563549119684,D1,N8,t,appliedMASKiso_3mgml_roi2_8bit.ome
appliedMASKiso_flu_3mgml_roi2_8bit.ome,20,95.40919487,54.865,0.910634359,3.584058974,96.116,49.525,0.91518,3.4614,39.0,33.4904926,22.14871327,0.044404985,0.697579448,20.0,5231,23.057,4299,141,30.4894,25,1.3282,0.0192,0.1658,0.2183,131072,0.5133276581764221,2264.328857421875,0.3677193224430084,22.059635162353516,22.59029769897461,1918.5029296875,0.7128402590751648,0.5097579956054688,2301.51513671875,0.39062684774398804,22.30167007446289,20.558807373046875,1878.685791015625,0.7220649719238281,0.18147313594818115,783.489013671875,0.12383866310119629,7.770772457122803,12.599000930786133,847.9212036132812,0.12800441682338715,3mgml,flu,roi2,5732.956894367008,62493.36298370361,32640.093903304318,181.00876386078173,65330.15914916992,60230.43476104736,3938.6726428272727,2975.021994643699,2579.3139149748667,59252.40236663818,8650.841723303767,8691.806996121799,7529.977253004646,7711.678700610529,53842.590560913086,2511.4022727272727,9066.017041047498,6695.681426870944,59729.35706329346,8939.598156894366,686.2117294308586,3619.0,65535.0,32560.0,16.0,65532.0,62672.0,1912.0,1329.0,945.0,61905.0,6044.0,6081.0,5040.0,5205.0,53838.0,138.0,6878.0,4360.0,62300.0,7320.0,65.0,5957.270743945498,4024.253733741067,7784.252909879651,2762.1446108228633,505.70817725180297,686.6178885071565,6241.137148019719,4936.878274097275,3758.6061099953963,6918.037844376877,8102.219559542759,8128.252842046408,7366.506672639056,7482.877362124765,101.610125966803,5535.205667309067,7723.6945164065355,6737.314305544627,6663.961088696663,6989.207871990057,1645.3718820347551,D1,N8,t,appliedMASKiso_3mgml_roi2_8bit.ome
appliedMASKiso_flu_3mgml_roi2_8bit.ome,21,96.34723256,50.67860465,0.89781093,3.514760465,96.789,45.371,0.91375,3.3772,43.0,37.78788366,21.93373462,0.06434771,0.739927666,21.0,5169,23.3575,4272,139,30.7338,25,1.3249,0.0175,0.1728,0.2252,131072,0.48967650532722473,2324.826416015625,0.38359275460243225,22.805620193481445,23.978796005249023,2006.9215087890625,0.6968864798545837,0.48079103231430054,2380.84228515625,0.39831268787384033,23.303810119628906,22.340145111083984,2002.774658203125,0.7029771208763123,0.18028821051120758,782.41943359375,0.11841745674610138,7.7765583992004395,12.191493034362793,829.83984375,0.12772588431835175,3mgml,flu,roi2,5806.814726877358,62556.18056488037,32609.857650756836,188.9896462749453,65322.505767822266,60116.65225982666,3895.2957015481525,2934.519380739032,2714.208291171755,59092.057624816895,8816.51290503523,8859.48200825246,7650.662732532675,7839.705247304888,53843.06167602539,2292.209916757148,9294.448506642693,6792.6138555281495,59591.107009887695,9018.995781563357,714.2447376141406,3694.0,65535.0,32565.0,17.0,65532.0,62596.0,1956.0,1357.0,992.0,61811.5,6153.0,6190.0,5129.0,5296.0,53838.0,138.0,6990.0,4440.0,62216.0,7434.0,72.0,5967.864008659275,3915.5381088691943,7760.836131915339,2777.7718917593056,620.9661906941735,771.9994503258418,6339.506758838051,4829.125796089171,4025.0307408374483,7093.191245432424,8234.08684900396,8263.749004846251,7433.500880962254,7560.31089383603,52.39194168350412,4913.451684262545,8011.770630775852,6774.442191439913,6799.387709248594,6949.693874528069,1721.665589989153,D1,N8,t,appliedMASKiso_3mgml_roi2_8bit.ome
appliedMASKiso_flu_3mgml_roi2_8bit.ome,22,101.9977231,49.02013462,0.903958462,3.632726923,102.835,41.833,0.92033,3.5382,52.0,37.83421328,17.9493057,0.047014521,0.753054213,22.0,5485,21.8966,4478,138,32.4493,26,1.3375,0.0248,0.1905,0.1781,131072,0.44161170721054077,2533.902587890625,0.3804585933685303,25.060197830200195,26.614046096801758,2144.40673828125,0.6621363162994385,0.4169069528579712,2621.2265625,0.3979870676994324,25.90020179748535,26.673017501831055,2286.988037109375,0.656591534614563,0.1792428344488144,790.8656005859375,0.1104600727558136,7.908173561096191,12.163585662841797,785.9276123046875,0.1290157288312912,3mgml,flu,roi2,5995.689094147817,62803.28970336914,32614.415504455566,232.02324884465546,65284.77554321289,59862.14669036865,3953.5784195855263,2980.2622209160454,2976.917652379356,58764.967025756836,9166.0892415657,9211.639478816358,7927.109050843814,8127.989112575053,53842.52012634277,2264.326530612245,9746.663948649437,7025.600512891387,59296.82794189453,9203.738064526036,820.4292766003953,3928.0,65535.0,32572.0,16.0,65531.0,62346.0,2043.0,1414.0,1116.0,61516.0,6536.0,6579.0,5465.0,5643.0,53838.0,138.0,7439.0,4727.0,61940.0,7821.0,83.0,6167.284939999593,4012.4251833519365,7533.437240771296,2703.8074857757747,861.3446910493878,1002.5656922179885,6672.165557879611,4937.004314903857,4492.1195537853055,7503.58186869818,8569.739725067742,8601.904713972155,7711.089664273247,7847.275557000672,80.38853646284002,5035.692509437581,8399.914827136296,7014.124908767814,7175.171515569878,6923.657558637224,2165.393084882463,D1,N8,t,appliedMASKiso_3mgml_roi2_8bit.ome
appliedMASKiso_flu_3mgml_roi2_8bit.ome,23,94.1813,53.66468293,0.913552195,3.585687805,101.69,45.836,0.91702,3.3491,41.0,35.57557237,22.17115325,0.046779984,0.805231241,23.0,5444,22.0766,4468,161,27.7516,31,1.3361,0.0189,0.1877,0.1844,131072,0.448965847492218,2518.427978515625,0.3827472925186157,24.854372024536133,26.36144256591797,2138.005615234375,0.6665828227996826,0.41879206895828247,2627.31640625,0.40323901176452637,25.915075302124023,26.331829071044922,2243.839599609375,0.6582900881767273,0.18539391458034515,819.1761474609375,0.10667520016431808,8.223395347595215,12.59740924835205,822.9910278320312,0.1330203264951706,3mgml,flu,roi2,6017.015967772875,62974.04852294922,32665.960662841797,248.15824368276208,65274.740325927734,59894.83462524414,4082.3216795690487,3061.7769612215047,2841.81129351914,58845.90579223633,9109.262988682141,9154.3008171878,7913.720168808747,8107.698438519087,53841.83135986328,2246.037965865552,9568.511490504508,7031.591582582007,59355.92643737793,9262.516953769422,808.0344679450852,4036.0,65535.0,32581.0,14.0,65530.0,62287.0,2151.0,1498.0,1131.0,61467.0,6618.0,6660.0,5577.0,5744.0,53838.0,138.0,7483.0,4842.0,61891.0,8035.0,83.0,6289.362054418077,4170.319679105024,7316.165694893659,2773.6553861831735,1178.8834649078308,1233.019284860117,6728.73483389933,5200.181785451493,4305.615991558943,7473.575480396726,8546.572861872877,8577.247231007192,7767.37409619434,7890.8203006700505,125.88347821829647,4856.577898655176,8143.65379605696,7107.861247076618,7184.3547199895,6958.198015485823,2324.385688696601,D1,N8,t,appliedMASKiso_3mgml_roi2_8bit.ome
appliedMASKiso_flu_3mgml_roi2_8bit.ome,24,105.9608372,44.5445814,0.925854186,3.757334884,102.76,40.512,0.93223,3.4565,43.0,28.29015038,13.56869782,0.05105449,0.959296473,24.0,5219,23.1146,4238,129,32.8527,35,1.3174,0.0233,0.1613,0.2126,131072,0.5014618635177612,2318.043701171875,0.39984795451164246,22.450210571289062,23.90406036376953,2061.454833984375,0.7051289081573486,0.4877878427505493,2413.71044921875,0.4092174768447876,23.358238220214844,21.92326545715332,1993.324951171875,0.7074761986732483,0.18512354791164398,819.5537109375,0.11707019805908203,8.086739540100098,12.547372817993164,913.39892578125,0.1278958022594452,3mgml,flu,roi2,5805.372824631861,62072.72998046875,32660.149375915527,282.2938231469441,65270.97115325928,60259.370178222656,4167.808121944511,3145.06388245628,2444.0410753243095,59357.272148132324,8595.52909723184,8634.706935019773,7546.341334687409,7716.532713228393,53843.563232421875,2349.936502428869,8795.322893104987,6744.373863269168,59796.54318237305,9055.105033159458,740.0650499313213,3837.0,65534.0,32580.0,11.0,65531.0,62555.0,2216.0,1527.0,967.0,61832.5,6224.0,6260.0,5265.0,5423.0,53837.0,138.0,6901.0,4591.0,62204.0,7718.0,71.0,6310.392866451543,4459.495838801944,8288.96192842548,2725.487382850659,1587.0446220344772,1494.4506198588872,6562.757579025254,5510.8919430691485,3812.418036574385,7138.693323468979,8263.534171724037,8286.70222935564,7624.8014814784365,7724.974697650944,51.36098732258432,4832.3203663060485,7530.589054459386,7052.786178093414,6931.340013612427,6996.3809377250145,2441.2197822282615,D1,N8,t,appliedMASKiso_3mgml_roi2_8bit.ome
appliedMASKiso_flu_3mgml_roi2_8bit.ome,25,102.1104103,60.88215385,0.925094359,3.639561538,98.973,51.071,0.93049,3.5864,39.0,30.38208849,36.04694549,0.031382792,0.846234058,25.0,5259,22.9236,4256,134,31.7612,34,1.3269,0.016,0.1684,0.2083,131072,0.502646267414093,2278.566650390625,0.4109642803668976,22.20561981201172,24.038232803344727,2081.982666015625,0.7056891322135925,0.49829593300819397,2374.962158203125,0.4187118113040924,23.026037216186523,21.513763427734375,1961.974365234375,0.7144412994384766,0.18239746987819672,780.8275146484375,0.12120475620031357,7.802476406097412,12.856657981872559,947.3283081054688,0.12691855430603027,3mgml,flu,roi2,5849.921384565749,62394.44229888916,32728.195571899414,369.99372208918516,65220.406730651855,60271.32234954834,4371.176245650599,3308.3061359662292,2368.927868000724,59435.33765411377,8515.075673308855,8551.520272242622,7534.481502250765,7693.524335909294,53841.28426361084,2375.0855652173914,8509.77652906021,6765.113390895543,59840.06272125244,9058.816497411237,800.1940035768795,3873.0,65534.0,32581.0,12.0,65531.0,62550.0,2347.0,1626.0,966.0,61848.0,6212.0,6251.0,5291.0,5440.0,53836.0,138.0,6789.0,4622.0,62211.0,7773.0,73.0,6491.485898638422,4745.076664157193,7953.382376507555,2866.4823420968464,2209.562399512491,1919.0398639511795,6654.436053326827,5863.645729529224,3645.592530556849,7124.600167536945,8270.203470736613,8288.539958216297,7718.981507152738,7804.627138956093,107.0191468415635,5291.633113475944,7236.860068631434,7198.604839416066,6972.490598801159,7053.263207456084,2787.200105667518,D1,N8,t,appliedMASKiso_3mgml_roi2_8bit.ome
appliedMASKiso_flu_3mgml_roi2_8bit.ome,26,99.3667,59.21712903,0.930045161,3.634741935,106.26,45.825,0.92963,3.7065,31.0,35.68876518,40.96894703,0.031545369,0.756019097,26.0,5193,23.2403,4201,138,30.442,40,1.328,0.0222,0.1453,0.2105,131072,0.5632110834121704,2026.6788330078125,0.42470213770866394,19.3695011138916,20.993921279907227,1934.755859375,0.7480769753456116,0.5735912322998047,2030.4580078125,0.4365040361881256,19.257755279541016,18.041147232055664,1751.993408203125,0.7641896605491638,0.17799797654151917,768.1328735351562,0.12962736189365387,7.5009260177612305,12.071369171142578,983.244873046875,0.11801465600728989,3mgml,flu,roi2,5598.466703280553,61322.522201538086,32688.189559936523,343.68429420825123,65254.69000770575,60659.81120919196,4362.309816813755,3298.1212510108644,2066.8641908677464,59948.7802565022,7983.238944282432,8016.103924131903,7139.0576513997075,7276.164019895264,53842.86840057373,2463.4824498567336,7749.2465558452,6442.676346140458,60297.21066444904,8825.161095941274,709.0987396957755,3708.0,65534.0,32565.0,11.0,65532.0,62803.0,2390.0,1668.0,847.0,62192.0,5855.0,5886.0,5029.0,5163.0,53836.0,138.0,6229.0,4406.0,62512.0,7492.0,66.0,6290.407508708579,4635.659752547229,9330.363307205038,2826.8841852352293,2299.833120925804,1919.2235733103596,6324.089071899972,5721.065595971658,3327.480927285351,6711.025980787366,7875.416054618771,7893.18421082081,7404.446800423483,7477.796786315629,69.22187531750605,5604.548385079288,6672.878329552577,6939.574725895871,6591.334127636341,7028.730305674142,2753.7203199107053,D1,N8,t,appliedMASKiso_3mgml_roi2_8bit.ome
appliedMASKiso_flu_3mgml_roi2_8bit.ome,27,104.9025946,52.77443243,0.917507838,3.639667568,103.83,47.689,0.92252,3.608,37.0,30.10606699,20.06510916,0.037125183,0.914451169,27.0,4966,24.3941,4091,137,29.8613,33,1.3128,0.0189,0.1443,0.229,131072,0.5775004625320435,1973.044189453125,0.4182916581630707,18.848264694213867,19.99872398376465,1875.0916748046875,0.7576243877410889,0.5829275250434875,1984.974365234375,0.42502790689468384,18.815202713012695,17.91469955444336,1743.5205078125,0.7698698043823242,0.173689603805542,761.4071655273438,0.13711659610271454,7.4119086265563965,11.49003791809082,973.504638671875,0.11376035213470459,3mgml,flu,roi2,5569.234390834475,61367.63227844238,32742.398898307023,304.7924354849301,65272.80268096924,60737.0002746582,4391.679125813411,3356.544419693754,2001.626986016539,60069.585845947266,7876.089512404558,7905.535596865403,7061.609668360835,7193.606094362831,53841.4455947876,2405.5774939592684,7603.955820124239,6389.783494627399,60397.6078414917,8823.087098795517,654.6706971957808,3705.0,65534.0,32570.0,12.0,65532.0,62827.0,2477.0,1753.0,822.0,62251.0,5774.0,5807.0,4991.0,5118.0,53836.0,138.0,6027.0,4391.0,62545.0,7478.0,67.0,6188.507815541109,4639.732438125563,9267.092557726464,2857.3711152089786,1951.0683858692576,1702.4876605640934,6124.902320663389,5631.634843244554,3174.6914486403393,6459.133413010427,7692.009097495,7703.8456505103795,7227.048986066962,7298.530642163838,165.40605927307402,5509.0504986087335,6605.325402318705,6795.28307805265,6357.372845054826,7023.8540090082,2407.8350307467867,D1,N8,t,appliedMASKiso_3mgml_roi2_8bit.ome
appliedMASKiso_flu_3mgml_roi2_8bit.ome,28,88.59611765,58.06997059,0.913227353,3.5195,89.427,47.023,0.925475,3.4778,34.0,37.468965,26.56928001,0.052263815,0.78672781,28.0,5633,21.2688,4670,130,35.9231,31,1.3458,0.0184,0.1614,0.1948,131072,0.544277548789978,2106.1123046875,0.3930518329143524,20.39459228515625,21.11545753479004,1885.7525634765625,0.7359881401062012,0.5460473895072937,2122.79150390625,0.39113765954971313,20.446470260620117,19.103891372680664,1788.783447265625,0.7461698651313782,0.17194272577762604,734.4834594726562,0.13333682715892792,7.272780418395996,11.491631507873535,883.0380249023438,0.11577573418617249,3mgml,flu,roi2,5664.327698188979,61836.944412231445,32647.90008544922,320.84916925840304,65256.404525756836,60550.86757659912,4397.5153064804745,3331.5076927125365,2193.332651271558,59812.98002624512,8110.725775186315,8143.521419469436,7244.132857087694,7384.762922346218,53839.26138305664,2421.4757185332014,7946.601614086574,6528.373788469707,60171.36289978027,8840.403490751825,743.7347547852039,3674.0,65534.0,32556.0,14.0,65532.0,62835.0,2412.0,1696.0,820.0,62241.0,5771.0,5801.0,4967.0,5098.0,53835.0,138.0,6139.0,4363.0,62552.0,7434.0,68.0,6261.4406382145735,4635.807022637349,8881.686194289425,2862.9412978473792,1906.7285057858455,1666.9753327200492,6351.923913825812,5626.053848460551,3508.0950743653407,6802.456662809149,7977.015649783311,7993.236234273202,7443.055757156669,7525.995497437957,209.72499379201514,5322.476832543142,7048.198145357554,6939.122406985622,6654.783302273563,6958.219979748249,2446.931008423268,D1,N8,t,appliedMASKiso_3mgml_roi2_8bit.ome
appliedMASKiso_flu_3mgml_roi2_8bit.ome,29,104.2855152,59.22730303,0.919351515,3.732051515,101.89,50.562,0.92189,3.7789,33.0,40.03797739,27.84523028,0.024722274,0.659254357,29.0,5596,21.4226,4610,150,30.7333,23,1.3496,0.0191,0.1733,0.1746,131072,0.5174344778060913,2258.57275390625,0.37764281034469604,21.891036987304688,22.1555118560791,1926.7457275390625,0.7177129983901978,0.5044409036636353,2312.38427734375,0.38050055503845215,22.40526008605957,20.934120178222656,1914.632080078125,0.7182917594909668,0.17025569081306458,766.5541381835938,0.12380067259073257,7.52434778213501,11.220036506652832,809.758544921875,0.11629495769739151,3mgml,flu,roi2,5783.301013002255,62032.40904998779,32648.101486206055,281.15104389281606,65276.35509490967,60427.644271850586,4439.886919581454,3344.4762870623467,2262.4411130846656,59659.436920166016,8313.427545631428,8348.234256771364,7419.331356743568,7564.5442030328295,53840.21425628662,2570.601112565445,8158.960838815282,6676.973184780259,60028.3752822876,9065.290195805923,732.5959950414799,3780.0,65534.0,32573.0,15.0,65532.0,62761.0,2521.0,1767.0,846.0,62151.0,5917.0,5949.0,5113.0,5244.0,53835.0,138.0,6296.0,4487.0,62462.5,7631.0,73.0,6238.086051411403,4436.727143916817,8805.82271955769,2818.170737179398,1683.665579608586,1484.577634832151,6367.991419525104,5502.130788320949,3562.1528941629103,6864.364766558133,8050.381450977775,8070.7325550958785,7487.283826731663,7575.512085982415,144.4944096850884,5640.239409207679,7163.374965342328,6949.755768160611,6696.67874914732,7084.98027493817,2273.935314041519,D1,N8,t,appliedMASKiso_3mgml_roi2_8bit.ome
appliedMASKiso_flu_3mgml_roi2_8bit.ome,30,87.93683684,55.92184211,0.912038421,3.564942105,102.755,51.4655,0.923055,3.51315,38.0,44.34138437,25.09855314,0.040621279,0.735635314,30.0,5546,21.6338,4571,146,31.3082,23,1.3403,0.0168,0.1738,0.2154,131072,0.5083233714103699,2324.270263671875,0.3775438368320465,22.45747184753418,22.642175674438477,1962.8953857421875,0.7115074992179871,0.4939013719558716,2377.76123046875,0.3837040364742279,22.94955825805664,21.65870475769043,1973.0689697265625,0.711571216583252,0.17198505997657776,814.9041137695312,0.1195635125041008,7.930351257324219,10.924575805664062,788.9887084960938,0.11793158948421478,3mgml,flu,roi2,5802.830066516799,62256.281005859375,32690.950912101074,248.27232931925928,65300.69818878174,60441.1987991333,4465.630215777782,3370.3918441853657,2197.1207902371343,59701.029037475586,8296.948441782404,8331.06607797247,7420.933806546977,7563.212899947649,53838.84411621094,2592.69571230982,8077.4533458565575,6689.200466541434,60056.636947631836,9189.453145690266,670.0007800460418,3820.0,65534.0,32581.0,15.0,65532.0,62738.0,2564.0,1809.0,828.0,62152.0,5934.0,5969.0,5142.0,5279.0,53834.0,138.0,6251.0,4527.0,62452.0,7750.0,70.0,6182.430394275942,4429.754485326664,8352.674282196955,2810.637495356651,1627.5413136062725,1395.484275906009,6247.6294347982075,5448.417319700693,3367.584602227552,6705.000560207746,7959.7524075901565,7978.448159881992,7403.299714901085,7490.245337305495,123.67172283945222,5583.5395833448065,7046.08356559898,6881.765103084396,6554.148047803085,7212.943960354547,2049.6494467374882,D1,N8,t,appliedMASKiso_3mgml_roi2_8bit.ome
appliedMASKiso_flu_3mgml_roi2_8bit.ome,31,92.98673208,51.85273585,0.92035,3.510669811,101.31,46.7,0.92379,3.3797,53.0,41.66165733,20.48059198,0.036483597,0.747221784,31.0,5532,21.6936,4504,142,31.7183,26,1.343,0.0223,0.1797,0.2051,131072,0.4909839332103729,2361.369384765625,0.40146735310554504,22.893957138061523,24.249683380126953,2058.8359375,0.6978477239608765,0.47603657841682434,2425.59228515625,0.4122869670391083,23.490127563476562,23.069856643676758,2103.1943359375,0.6992533206939697,0.1805092990398407,827.7929077148438,0.10654433816671371,8.134931564331055,12.000639915466309,806.047607421875,0.1276853233575821,3mgml,flu,roi2,5955.400619490846,62298.841064453125,32686.726943969727,270.5504747424098,65280.383041381836,60310.9729309082,4598.492573055061,3452.4998679086098,2249.75986899082,59579.721252441406,8464.659857917772,8499.437118597054,7595.899956851384,7737.125593293472,53838.429946899414,2950.9986033519554,8146.121524995377,6856.716313258953,59929.123458862305,9385.883876286753,713.4280627114356,3918.0,65534.0,32585.0,15.0,65531.0,62659.0,2629.0,1866.0,844.0,62086.0,6061.0,6090.0,5256.0,5393.0,53834.0,138.0,6318.0,4633.0,62380.0,7926.0,70.0,6291.309941176978,4458.574884204014,8430.475186660733,2701.004823390611,1659.3865791514772,1451.1675454727654,6389.130375070279,5590.607760677459,3450.457307307639,6842.848238837223,8062.844179546634,8082.67904292744,7531.847237439164,7614.889014195864,122.04600279105833,6325.2923361901785,7039.915254599397,7005.708798388899,6696.534326192467,7249.869957080997,2213.819817865602,D1,N8,t,appliedMASKiso_3mgml_roi2_8bit.ome
appliedMASKiso_flu_3mgml_roi2_8bit.ome,32,93.38219583,51.607875,0.907893333,3.424414583,105.575,41.945,0.91266,3.25665,48.0,48.01293801,28.74657817,0.041219048,0.695236248,32.0,5536,21.6765,4497,122,36.8607,27,1.3396,0.0264,0.1709,0.215,131072,0.5089142322540283,2291.60986328125,0.41979002952575684,22.08252716064453,23.750459671020508,2053.06103515625,0.7091473937034607,0.5059154033660889,2287.882568359375,0.43190282583236694,21.954364776611328,21.7700138092041,2029.1741943359375,0.719709038734436,0.18443109095096588,876.626708984375,0.10331479460000992,8.577028274536133,12.599039077758789,845.0816040039062,0.13256476819515228,3mgml,flu,roi2,5943.747185639823,62075.99653625488,32675.42594909668,255.24557454044862,65291.139640808105,60423.03757476807,4692.786446292108,3532.3789355101767,2070.6919337173294,59771.37328338623,8303.834962835024,8335.862636091664,7511.5834052987075,7640.410642136755,53838.34327697754,2704.4723053892217,7795.810165623168,6811.92941738889,60081.53025817871,9447.299787188107,658.7285522162243,3943.5,65534.0,32589.0,13.0,65531.0,62683.0,2694.0,1908.0,809.0,62157.0,5993.0,6022.0,5240.5,5366.0,53833.0,138.0,6094.0,4645.0,62425.5,7966.0,64.0,6258.979439586268,4474.81205841172,8569.617193234511,2700.1146294134473,1452.9460239916486,1313.2404743073625,6246.811510949329,5629.793387599665,3143.3203542862916,6610.369620982731,7867.812170812917,7885.865948889497,7408.822150469434,7480.501982808986,124.08552052794519,5947.510085808169,6620.700432329584,6930.581483605143,6502.680103481445,7292.444047737992,1995.472577624683,D1,N8,t,appliedMASKiso_3mgml_roi2_8bit.ome
appliedMASKiso_flu_3mgml_roi2_8bit.ome,33,99.37377442,53.61176744,0.914974884,3.612944186,107.59,45.333,0.9219,3.501,43.0,43.82595215,25.34213752,0.048780238,0.817764623,33.0,5434,22.1209,4422,131,33.7557,39,1.3365,0.0198,0.156,0.2252,131072,0.5310091972351074,2174.127685546875,0.44595202803611755,20.693506240844727,23.83428382873535,2080.78759765625,0.7223691344261169,0.5476331114768982,2145.542236328125,0.47007787227630615,20.246562957763672,20.278261184692383,1966.8602294921875,0.7475616931915283,0.19573178887367249,844.4021606445312,0.10751970112323761,8.315718650817871,14.835206985473633,955.9244384765625,0.14232423901557922,3mgml,flu,roi2,5937.8605714373825,61535.10174560547,32635.647994995117,286.78319243351797,65269.32517242432,60537.86557006836,4903.341087846648,3701.24600715929,1870.8575530174312,59999.771797180176,8069.585345545379,8097.155857772844,7398.193056711999,7507.425748604558,53837.8030090332,2940.4605667463297,7288.431746692571,6757.032311037099,60252.507263183594,9439.075986060998,669.4017064301219,3911.0,65534.0,32588.0,11.0,65531.0,62766.0,2803.0,1993.0,746.0,62295.0,5802.0,5835.0,5133.0,5243.0,53832.0,138.0,5713.0,4572.0,62539.0,7900.0,62.0,6372.760960127257,4694.580491756651,8838.232260503744,2607.061946654119,1343.712956880331,1307.5113709396996,6253.473012278579,5901.887874447279,2937.2512889587547,6508.777363953071,7779.055950530451,7792.418055627016,7428.161999092277,7482.579887289301,137.00344687513302,6398.53390432944,6214.601714886641,7002.971766636681,6457.3325192905495,7383.813626930002,2084.0857860804554,D1,N8,t,appliedMASKiso_3mgml_roi2_8bit.ome
appliedMASKiso_flu_3mgml_roi2_8bit.ome,34,90.72467568,60.09132432,0.917506486,3.715227027,98.427,50.243,0.92722,3.4565,37.0,42.42220932,28.61477483,0.039890181,0.874781821,34.0,4885,24.8317,3996,116,34.4483,31,1.311,0.0202,0.1407,0.2052,131072,0.5583763718605042,2038.4998779296875,0.48238351941108704,19.128498077392578,23.34661102294922,2138.92431640625,0.7417857646942139,0.5755243301391602,1991.919921875,0.5041316747665405,18.429115295410156,19.723854064941406,2012.1683349609375,0.7657613158226013,0.1956268697977066,824.3567504882812,0.12246759980916977,8.034419059753418,15.139026641845703,1065.91943359375,0.13747520744800568,3mgml,flu,roi2,5973.606742957475,61152.138023376465,32703.90195465088,329.429833579644,65241.48448181152,60635.33200836182,5170.986201858358,3946.9929408674525,1674.4583535830184,60225.008056640625,7836.181573151385,7856.978106180788,7294.84796771759,7382.741863939501,53833.105377197266,2798.4395711500974,6689.973062054307,6730.097155266684,60409.858810424805,9487.872502964869,668.7301500061594,3874.0,65533.0,32598.0,12.0,65531.0,62849.0,2955.0,2120.0,671.0,62453.0,5599.0,5622.0,5025.0,5123.0,53831.0,138.0,5288.0,4509.0,62656.0,7826.0,63.0,6492.647837164505,5026.2532486686205,8966.590964022107,2696.09391908739,1453.004124166229,1419.5972738348805,6162.661923669892,6226.165491108712,2581.0450819369216,6257.828096205189,7597.508361746817,7600.609921819316,7373.869849189035,7407.078039352274,344.641017189107,6273.947890442539,5648.433821018826,7043.918442156147,6294.741024075109,7563.391776235071,2138.574514120137,D1,N8,t,appliedMASKiso_3mgml_roi2_8bit.ome
appliedMASKiso_flu_3mgml_roi2_8bit.ome,35,111.9528889,53.53968889,0.924516,3.777015556,112.62,49.457,0.92352,3.5017,45.0,35.35688555,19.28703582,0.033062669,0.935466867,35.0,5322,22.6285,4328,135,32.0593,34,1.3308,0.0276,0.1566,0.2826,131072,0.5363864302635193,2166.19384765625,0.4762926995754242,20.39877700805664,23.8580322265625,2198.59375,0.729020357131958,0.5423847436904907,2144.16748046875,0.48841172456741333,20.10716438293457,21.512094497680664,2115.925537109375,0.7444828152656555,0.18384987115859985,852.4085693359375,0.11952423304319382,8.189807891845703,13.253792762756348,990.935302734375,0.12774628400802612,3mgml,flu,roi2,6269.6856512514605,61610.606925964355,32609.547370910645,297.6941078914636,65247.821296691895,60359.802909851074,5327.861939936639,4086.2623488717913,1787.3599012176405,59923.57540893555,8248.198258102208,8269.471373224278,7665.338071151836,7759.834688826026,53833.98847198486,2715.505442176871,7110.21741436566,7066.6014774614105,60115.699478149414,9943.671268679664,655.9148614702965,4206.0,65533.0,32578.0,14.0,65530.0,62541.5,3107.0,2219.0,765.0,62104.0,6120.0,6149.0,5489.0,5592.0,53830.0,138.0,5781.0,4905.0,62318.0,8435.0,72.0,6522.798698976482,5086.52872660693,8490.354229366416,2531.8700771171852,1452.620573068304,1399.9777329315295,6193.833027276015,6214.168379212171,2626.2400789964863,6300.4460314763755,7658.039144372548,7660.543859486821,7406.321992975465,7443.537787683754,219.7275272822772,6110.350184107238,5830.54290842658,7070.829318897673,6327.053908040164,7628.3893178738035,1990.8600563701023,D1,N8,t,appliedMASKiso_3mgml_roi2_8bit.ome
appliedMASKiso_flu_3mgml_roi2_8bit.ome,36,99.17769216,55.32256863,0.923136667,3.608860784,104.71,53.03,0.93108,3.5902,51.0,41.89266097,20.89440924,0.027820804,0.717499054,36.0,5476,21.9359,4520,132,34.2424,28,1.3408,0.0221,0.1757,0.2795,131072,0.51271653175354,2294.824462890625,0.4569964110851288,21.721385955810547,24.365694046020508,2215.576171875,0.7143824696540833,0.5073094964027405,2320.79638671875,0.4684465825557709,21.886362075805664,22.554039001464844,2160.645263671875,0.7208611965179443,0.1723819226026535,831.3936157226562,0.11434125155210495,7.966477394104004,11.77485179901123,889.3347778320312,0.11924253404140472,3mgml,flu,roi2,6625.670036722339,62091.47467803955,32602.79856109619,271.68647270809527,65246.03742980957,60008.14754486084,5561.866714178184,4245.530444739835,1952.6618104359725,59538.49703216553,8743.628589647065,8767.74094617642,8119.034279304888,8220.465451807691,53832.97640991211,2829.423811176675,7541.337422982961,7476.807215401872,59743.65296173096,10446.649439945915,685.9349596445089,4612.0,65534.0,32579.0,18.0,65528.0,62226.0,3455.0,2488.0,868.0,61787.5,6623.0,6649.0,5962.0,6072.0,53829.0,138.0,6184.0,5354.0,61997.0,9159.5,84.0,6551.756850470122,5012.838441952562,8083.899396831893,2395.7745830304584,1224.2757937466456,1311.915755103637,6314.777839667014,6173.5536145697015,2774.0090775203926,6487.532801441829,7796.916231491041,7803.732217515657,7508.832476400816,7552.215734786481,223.40050295786725,6402.7644696416755,6054.19112598709,7135.07303010235,6479.415212359085,7635.507877932817,2010.4870588081365,D1,N8,t,appliedMASKiso_3mgml_roi2_8bit.ome
appliedMASKiso_flu_3mgml_roi2_8bit.ome,37,95.52077619,58.83945238,0.912964762,3.621502381,103.46,52.0735,0.91986,3.50795,42.0,41.90074487,28.12045665,0.0396162,0.825232888,37.0,5714,20.9389,4715,129,36.5504,35,1.3518,0.022,0.1745,0.2615,131072,0.5312001705169678,2233.7294921875,0.4462509751319885,21.02414894104004,22.887657165527344,2135.0146484375,0.7287685871124268,0.5131799578666687,2285.34765625,0.4640745222568512,21.497650146484375,22.641788482666016,2172.586181640625,0.7245110869407654,0.15846887230873108,757.7194213867188,0.12547725439071655,7.181255340576172,10.403288841247559,836.6122436523438,0.10550520569086075,3mgml,flu,roi2,6585.61643898766,62444.197525024414,32505.514434814453,226.11480600586577,65278.65361022949,60107.9548034668,5603.256646494324,4253.114982355853,1847.6568490384316,59688.58312988281,8609.393679794704,8633.142538838607,8034.873027336847,8128.37224364983,53831.54393005371,2589.9647696476964,7269.582617514637,7417.297155677121,59867.44425201416,10506.37073005824,632.61522129675,4699.5,65534.0,32569.0,17.0,65528.0,62220.0,3629.0,2615.0,820.0,61861.0,6581.5,6609.0,5985.0,6086.0,53828.0,138.0,5915.0,5417.0,62032.0,9326.5,86.0,6405.455090540262,4840.452625880091,7849.8214403407765,2378.6855896074853,1077.5192590203164,1172.4922882581654,6134.886480723573,6038.807489859135,2599.69002225977,6281.42290012091,7592.25310015523,7599.9238387514715,7334.075220145659,7373.137024664477,174.80168156133092,5805.896010657071,5785.498429205869,6975.809472355622,6286.943600834796,7608.343360521561,1788.53316438604,D1,N8,t,appliedMASKiso_3mgml_roi2_8bit.ome
appliedMASKiso_flu_3mgml_roi2_8bit.ome,38,95.1145725,58.927975,0.9236485,3.475895,103.055,52.3285,0.936125,3.50115,40.0,42.01588201,30.00166258,0.036828146,0.586640432,38.0,5381,22.3585,4399,143,30.7622,28,1.3334,0.0199,0.1666,0.2109,131072,0.5646966695785522,2110.949462890625,0.4461209774017334,19.616411209106445,20.912311553955078,2021.0474853515625,0.7522041201591492,0.5497823357582092,2167.60498046875,0.460895836353302,20.173383712768555,20.522367477416992,2045.27099609375,0.7486081719398499,0.14949704706668854,728.8157958984375,0.12655171751976013,6.801126956939697,9.370433807373047,806.7649536132812,0.09612936526536942,3mgml,flu,roi2,6254.006534741762,62197.42618560791,32573.647483825684,181.70668230134316,65328.898513793945,60493.307273864746,5423.385967579331,4117.312613016275,1633.9803350214258,60128.45231628418,8110.456955271615,8131.844350139151,7604.694212525178,7687.065654934883,53830.75352478027,2848.0317731465666,6737.462144625367,7032.913426203546,60280.65378570557,10207.782208588957,523.1431097672714,4382.0,65533.0,32568.0,14.0,65530.0,62541.0,3477.0,2516.0,707.0,62224.0,6086.0,6107.0,5567.0,5655.5,53828.0,138.0,5467.0,5040.0,62375.5,8791.0,70.0,6185.3035684765355,4725.726195946879,8170.6569213056155,2469.8159075269123,975.5512933119485,1031.7676925381938,5792.93070724319,5888.559098832241,2328.078822995472,5896.117845717537,7235.145154170797,7242.037546724322,7025.493518795447,7056.936600492257,169.05124847419444,6018.780090682406,5382.01506366509,6706.931860382377,5927.0576370254175,7617.115059437308,1488.745688347013,D1,N8,t,appliedMASKiso_3mgml_roi2_8bit.ome
appliedMASKiso_flu_3mgml_roi2_8bit.ome,39,95.67394138,52.13363793,0.919662759,3.54637069,107.565,44.7885,0.93263,3.4938,58.0,46.13321284,25.07091509,0.04118152,0.789979429,39.0,5865,20.3483,4817,154,31.2792,38,1.3536,0.0231,0.1814,0.2325,131072,0.5385650992393494,2265.694091796875,0.4311891496181488,21.1060791015625,22.201644897460938,2102.48876953125,0.7343235611915588,0.5188477039337158,2317.9384765625,0.43920159339904785,21.704404830932617,21.801128387451172,2103.344970703125,0.7280194759368896,0.15191484987735748,779.342529296875,0.13279733061790466,7.258648872375488,9.8485689163208,819.404541015625,0.10061889886856079,3mgml,flu,roi2,6197.181880407614,62387.28591156006,32568.01756286621,188.51376432002237,65328.917808532715,60565.61990356445,5359.918006624269,4069.833823871428,1605.3181015762916,60206.52941131592,8038.759484714478,8060.03408575274,7530.593862718708,7613.333989617381,53831.17200469971,2650.875,6701.666741011344,6965.949755816189,60358.477699279785,10169.362722553355,510.268389278396,4254.0,65533.0,32571.0,14.0,65530.0,62648.0,3325.0,2389.0,694.0,62315.0,5968.0,5996.0,5440.0,5527.0,53827.0,138.0,5444.0,4914.0,62473.0,8607.0,63.0,6166.04968250558,4757.492051297144,8077.9846517858905,2434.9465830802114,909.2693899571226,980.2056817446065,5714.426892970114,5925.263314928395,2230.8164918939647,5776.148185015672,7156.280682766122,7161.8165373845095,6965.970370731702,6993.903712637771,156.0115003296969,5855.197981611426,5300.814050249073,6667.552477955402,5824.330127065051,7673.436594421393,1431.821479834728,D1,N8,t,appliedMASKiso_3mgml_roi2_8bit.ome
appliedMASKiso_flu_3mgml_roi2_8bit.ome,40,102.8228653,57.84779592,0.911446939,3.634804082,114.78,55.46,0.92239,3.4862,49.0,42.32728106,23.56011725,0.041911286,0.836905669,40.0,5857,20.3789,4795,140,34.25,50,1.3539,0.0229,0.1803,0.2073,131072,0.5344308614730835,2320.4951171875,0.4283035397529602,21.454238891601562,22.733196258544922,2143.730712890625,0.7306252717971802,0.5235711336135864,2355.498291015625,0.43198662996292114,21.8652400970459,21.651771545410156,2108.25146484375,0.7309094667434692,0.1566796898841858,817.2054443359375,0.13867133855819702,7.570976257324219,10.718671798706055,849.7743530273438,0.10585826635360718,3mgml,flu,roi2,5966.517063296595,62329.10795593262,32551.964851379395,222.8111911599241,65323.2250289917,60834.86803436279,5240.112117444146,3984.4058401187276,1466.2050092837053,60528.143127441406,7648.07523397574,7666.699179545594,7200.686218521027,7273.51526999569,53829.569511413574,2944.3870967741937,6259.126262237547,6684.059502185826,60656.27541351318,9855.154370112677,508.317809664685,3921.5,65533.0,32563.0,14.0,65532.0,62970.0,3086.0,2205.0,585.0,62671.0,5503.0,5527.5,5019.0,5098.0,53826.0,138.0,4996.0,4527.0,62817.0,8078.0,51.0,6134.485430639124,4743.354313768178,8250.58747134146,2377.641050348559,1025.720193619983,1029.9540989833715,5609.716946071798,5925.795466526585,2107.8310436532024,5626.210318860717,7036.968384912315,7040.326794820426,6882.7892888113,6905.065832005066,192.86970922528198,6293.936835525331,5061.9872301584855,6614.427651368322,5701.346231255785,7725.432708362616,1519.0131815676389,D1,N8,t,appliedMASKiso_3mgml_roi2_8bit.ome
appliedMASKiso_flu_3mgml_roi2_8bit.ome,41,109.5213392,54.7905098,0.912578627,3.546080392,111.8,51.21,0.92698,3.3187,51.0,41.71113335,20.39931945,0.051459683,0.920427209,41.0,5822,20.5134,4746,156,30.4231,33,1.3536,0.0212,0.1841,0.2318,131072,0.516973078250885,2411.8310546875,0.44372910261154175,22.181766510009766,24.653793334960938,2290.9619140625,0.7168543934822083,0.5142484307289124,2390.2236328125,0.43458133935928345,22.056020736694336,22.490877151489258,2200.61328125,0.7247726321220398,0.16953174769878387,879.4856567382812,0.12903469800949097,8.113003730773926,12.43193244934082,936.0472412109375,0.1190064400434494,3mgml,flu,roi2,5898.701153148983,62144.25518035889,32520.18472290039,272.2411552470033,65294.15256500244,60964.258697509766,5328.276795172214,4070.445229993901,1388.5493282179891,60724.92459106445,7408.55921169347,7423.727594585213,7040.596181881291,7100.48254078445,53828.45649719238,2548.0207715133533,5861.428531759806,6571.65739519457,60820.22951507568,9690.883211847738,556.6201589309336,3789.0,65532.0,32556.0,13.0,65532.0,63156.0,3086.0,2219.0,512.0,62923.0,5208.0,5227.0,4802.0,4872.0,53825.0,138.0,4548.0,4355.0,63039.0,7843.0,50.0,6239.41988124563,4990.830457931589,8545.323961679056,2443.0294459087136,1146.1727009332808,1113.9072276516376,5639.9928866010705,6140.635909959627,2077.5910931617764,5609.093827073863,7030.6992331635065,7030.785781826708,6929.750278053179,6943.278811721488,228.13927024118945,5682.60806342791,4888.523977136263,6693.011568907219,5710.105986811368,7818.772286072168,1600.1194808371145,D1,N8,t,appliedMASKiso_3mgml_roi2_8bit.ome
appliedMASKiso_flu_3mgml_roi2_8bit.ome,42,107.4892783,53.4719,0.911952667,3.539925,111.49,43.174,0.925615,3.45865,60.0,46.11454437,23.78276311,0.049546822,0.854170251,42.0,5807,20.5715,4762,148,32.1757,32,1.3517,0.0204,0.1833,0.2377,131072,0.5075504779815674,2518.161376953125,0.45585528016090393,22.763439178466797,26.314556121826172,2437.822509765625,0.708568811416626,0.5173269510269165,2457.994140625,0.4591144025325775,22.18502426147461,23.265684127807617,2334.751220703125,0.7270035743713379,0.18188844621181488,909.115966796875,0.10552288591861725,8.376603126525879,14.027396202087402,1025.5203857421875,0.1299034208059311,3mgml,flu,roi2,5759.488026284331,61846.94338989258,32515.963981628418,238.58940191594027,65309.63924407959,61147.88098907471,5365.817887081463,4085.5906180109732,1264.831100440806,60968.78533935547,7093.227836093137,7106.806191625726,6807.988971070269,6854.647529288364,53827.16550445557,2755.365126676602,5363.397943837296,6387.029284507825,61034.94253540039,9503.470642223063,552.948708371014,3673.0,65532.0,32552.0,12.0,65533.0,63286.0,3151.0,2262.0,462.0,63094.0,4949.0,4964.0,4604.0,4659.0,53824.0,138.0,4190.0,4203.0,63194.0,7629.0,48.0,6115.487225403505,4888.85136440841,8892.244569788721,2546.1261298512504,740.0913523218111,844.3983621124053,5477.138058772486,6076.112784342972,1933.9030299846559,5410.030690564316,6825.712998521114,6826.345219896594,6777.505599211416,6783.327985888017,210.55011597966197,5996.714508950205,4478.313162596493,6557.3958370892615,5531.086314036122,7811.547194030977,1456.476824842817,D1,N8,t,appliedMASKiso_3mgml_roi2_8bit.ome
appliedMASKiso_flu_3mgml_roi2_8bit.ome,43,113.2832877,55.10828767,0.907852877,3.727246575,116.57,48.772,0.9167,3.6404,73.0,39.76555793,23.80165598,0.035238645,0.852141256,43.0,6560,17.9806,5365,177,30.3107,36,1.3896,0.0244,0.222,0.2636,131072,0.4363657832145691,2828.35986328125,0.4624033570289612,25.910253524780273,31.456806182861328,2720.53125,0.6551080942153931,0.41835129261016846,2849.991943359375,0.4640125334262848,26.091190338134766,29.997739791870117,2793.68896484375,0.6577087640762329,0.18789245188236237,945.4263305664062,0.09309104084968567,8.825934410095215,15.33583927154541,987.841796875,0.14232437312602997,3mgml,flu,roi2,6157.628081828456,62296.04712677002,32488.46817779541,359.01912937992813,65196.75189971924,60634.821144104004,5628.615550634638,4251.6563648325555,1556.6046437087127,60380.00768280029,7677.2130430437355,7695.370434434988,7326.32785965236,7383.905817323585,53825.42973327637,2646.584943755408,5865.728038008257,6850.824273315036,60481.42958831787,9692.008664098958,774.0017459912983,4014.0,65531.0,32541.0,22.0,65530.0,62870.5,3411.0,2431.0,615.0,62600.0,5515.0,5537.0,5083.0,5154.0,53823.0,138.0,4772.0,4619.0,62728.0,8115.0,73.0,6281.422748213868,4904.1246065480655,8311.34667585817,2475.433691449658,1165.0546019196113,1211.437936384212,5762.696720406116,6152.0436432229835,2190.613680033394,5734.838826333597,7071.152720477342,7074.652458979405,6995.845526145989,7006.454863068744,301.5583928543008,5783.776855538453,4607.274950200735,6752.8785204221485,5831.974136114768,7562.551218437369,1895.4426680452148,D1,N8,t,appliedMASKiso_3mgml_roi2_8bit.ome
appliedMASKiso_flu_3mgml_roi2_8bit.ome,44,119.7655636,62.17598182,0.898824364,3.660510909,122.83,54.907,0.90121,3.5456,55.0,37.21573378,26.5324525,0.048230197,0.850332165,44.0,6448,18.3277,5247,176,29.8125,37,1.3863,0.0141,0.2232,0.3114,131072,0.4263398051261902,2971.969970703125,0.4722287654876709,26.70641326904297,33.192100524902344,2926.72216796875,0.6473739743232727,0.39012283086776733,3047.7412109375,0.48012733459472656,27.574222564697266,33.788108825683594,3144.07275390625,0.6364049911499023,0.19113749265670776,992.1375732421875,0.09971708059310913,9.070306777954102,15.459228515625,1057.8944091796875,0.14225712418556213,3mgml,flu,roi2,6100.593379613952,61928.31134033203,32528.1078414917,392.76015159718463,65172.857986450195,60791.277656555176,5770.373469813409,4368.5012193361035,1390.4127451594711,60634.51069641113,7367.637564264384,7381.297855801497,7126.743373456885,7166.430309700459,53824.44597965988,2535.8608355876163,5302.409714312102,6726.741426284518,60683.73348236084,9558.296608995475,761.0179730024984,3963.5,65530.0,32541.0,26.0,65530.0,62948.0,3498.0,2488.0,568.0,62730.0,5315.0,5333.0,4975.0,5032.0,53823.0,138.0,4391.0,4541.0,62832.0,7964.0,73.0,6220.425158780506,4989.582743388695,8632.29652058775,2619.872260525987,1278.7772147201679,1285.4205313090301,5521.76149935761,6254.505272825859,1893.774324300784,5375.906190148091,6731.722659819213,6729.013941234076,6761.926889530756,6755.110253984307,319.1968150678573,5479.449430013622,4082.1883861131296,6608.08009419111,5540.856526530696,7538.193820055846,1819.7731592062441,D1,N8,t,appliedMASKiso_3mgml_roi2_8bit.ome
appliedMASKiso_flu_3mgml_roi2_8bit.ome,45,123.0851735,55.19260294,0.909962647,3.774029412,131.815,45.063,0.91986,3.6869,68.0,43.51938332,27.23514405,0.049911628,0.814643562,45.0,6591,17.8867,5338,180,29.6556,42,1.3881,0.0228,0.2135,0.2873,131072,0.43280062079429626,3011.75244140625,0.5182493329048157,26.295978546142578,35.40317153930664,3298.051513671875,0.6526458263397217,0.40340423583984375,3116.603759765625,0.5338053107261658,27.2293701171875,35.364776611328125,3535.7294921875,0.6461002826690674,0.19059477746486664,957.8330078125,0.0923844650387764,8.661163330078125,16.864809036254883,1257.2747802734375,0.14028847217559814,3mgml,flu,roi2,6134.541740935361,61173.80895087395,32592.936981201172,535.1797148688579,65087.23812866211,61071.757904052734,5984.888778249544,4612.260521137868,1142.4753174372013,61122.88879394531,6869.319312947059,6872.110712439331,6804.787525945817,6815.32725294567,53820.5990524292,2877.50136902951,4498.532890421846,6589.0826716667825,61072.48400878906,9640.967923640208,728.0514624737075,3937.0,65527.0,32527.0,23.0,65530.0,63085.0,3716.0,2658.0,470.0,62978.0,4946.0,4962.0,4756.0,4788.0,53820.0,138.0,3674.0,4426.0,63028.0,7946.0,64.0,6300.458835613466,5218.6198075011,9490.353287426955,2629.7992500438495,1879.2834559490227,1702.6768224358427,5220.701414406965,6327.426945930629,1654.998420601039,4875.588216374593,6257.843413647236,6242.381578294777,6402.890610372293,6376.442327667689,417.46165200652115,6155.808884470892,3542.9154475854584,6466.123543903685,5125.408130354545,7602.219129039327,1867.8382097404594,D1,N8,t,appliedMASKiso_3mgml_roi2_8bit.ome
appliedMASKiso_flu_3mgml_roi3_8bit.ome,1,44.618,55.78739474,0.914648684,3.541907895,27.955,49.0445,0.919785,3.377,38.0,45.78311814,26.40124083,0.043150802,0.751901802,1.0,4426,27.6143,3715,72,51.5972,26,1.2738,0.0149,0.0183,0.298,131072,0.484367311000824,470.6656799316406,0.31744813919067383,10.61096477508545,9.85318374633789,366.0469970703125,0.7050387263298035,0.48420971632003784,473.85589599609375,0.3232784867286682,10.671981811523438,9.21096420288086,355.48980712890625,0.7114397287368774,0.14895819127559662,130.6759490966797,0.1422116458415985,2.974332809448242,4.37845516204834,136.89793395996094,0.1008167564868927,3mgml,flu,roi3,4264.393211084942,62412.674140930176,32695.547332763672,268.72741144203655,65300.85169219971,60871.43274688721,4560.585250317968,3079.6298859323206,2442.7768879516857,60411.67656707764,7268.785756889854,7268.701855137186,6761.491947817575,6865.499495304805,55935.163246154785,2326.5644028103043,8760.81278102346,5939.313859235922,60710.04381561279,5993.11155293182,852.3991714276859,2451.0,65532.0,32473.0,16.0,65534.0,63276.0,2601.0,1729.0,709.0,62859.0,4787.0,4787.0,4298.0,4398.0,55928.0,133.0,6304.0,3614.0,63145.0,5196.0,69.0,4817.957193468017,3560.4151620017415,8074.833204891207,3638.6885622503282,1041.3460401361558,1077.9046224891358,5844.02518080102,5094.4800909267415,3885.608990176312,5963.076992111514,7272.039233076045,7272.392140955366,6976.276095252652,7043.308738378372,125.21191302352122,5219.773278432473,8056.49050251065,6378.256958810074,5930.083397397782,4764.972982760004,2356.893338886006,D1,N8,t,appliedMASKiso_3mgml_roi3_8bit.ome
appliedMASKiso_flu_3mgml_roi3_8bit.ome,2,50.30768679,57.97196226,0.896361321,3.615660377,26.565,49.988,0.89591,3.5582,53.0,53.60276302,28.78414875,0.048058986,0.828906122,2.0,4876,24.8812,4049,68,59.5441,28,1.2978,0.0163,0.0154,0.2851,131072,0.29117685556411743,630.2561645507812,0.2624944746494293,14.865123748779297,14.40604305267334,438.1781005859375,0.5606977939605713,0.2773711383342743,650.0464477539062,0.2520361542701721,15.32760238647461,14.065115928649902,438.1966552734375,0.5566217303276062,0.11119900643825531,101.24829864501953,0.12317001074552536,2.3885467052459717,4.371614933013916,92.80596160888672,0.09242276847362518,3mgml,flu,roi3,5677.586463928223,63135.64619445801,32639.262565612793,437.329173463839,65027.46684265137,58185.799476623535,4740.863084748478,3197.272598926626,5702.432828760643,57289.993827819824,10571.961723327637,10572.580261230469,9530.359558105469,9732.61321258545,55934.47219085693,1908.8876666666667,13814.052238464355,8140.631591796875,57768.29778289795,6606.57755279541,1853.9956079423043,3828.0,65533.0,32521.0,28.0,65523.0,60884.5,2757.0,1833.0,2357.5,60069.5,7947.0,7948.0,6948.0,7138.0,55928.0,133.0,11033.0,5732.0,60519.0,5848.0,186.0,5423.559889084308,3713.3706292242528,6747.380677608528,2937.7526264905177,1529.4753000244582,1794.8639776220136,7557.248988621531,5312.342986235223,7850.332694950703,7999.497952569532,8892.73992761533,8893.546208899332,8311.769376194568,8430.090694319751,103.19901532123575,4089.655756708775,10753.884416281258,7393.049587469054,7832.9952677608035,4213.789931084666,4524.444086434335,D1,N8,t,appliedMASKiso_3mgml_roi3_8bit.ome
appliedMASKiso_flu_3mgml_roi3_8bit.ome,3,70.04450769,53.03520513,0.913138462,3.561682051,43.831,39.908,0.91435,3.4279,39.0,62.49277441,30.96009881,0.034577336,0.661075428,3.0,4161,29.5004,3495,66,52.9545,21,1.2593,0.0154,0.0152,0.3018,131072,0.5012478828430176,454.3013610839844,0.3082917630672455,10.2398099899292,9.238038063049316,343.5885009765625,0.7177244424819946,0.49950727820396423,452.28668212890625,0.3146091401576996,10.184107780456543,8.92764663696289,344.1182861328125,0.7231721878051758,0.13855159282684326,121.62796783447266,0.12401772290468216,2.755472421646118,3.8529040813446045,117.23930358886719,0.09177327156066895,3mgml,flu,roi3,4484.535151886143,62734.09676361084,32638.15365717817,233.48847338578352,65322.04122924805,60620.10208892822,4888.626623279399,3266.962808061248,2557.120814370886,60157.520835876465,7635.3097329558495,7636.024194659117,7123.792355956844,7229.580151503558,55932.66682434082,2138.4187089061566,9144.496296579693,6258.326949269263,60452.29418182373,6368.904897084704,897.5840632916828,2479.0,65532.0,32498.0,16.0,65534.0,63328.0,2718.0,1807.0,676.0,62901.0,4817.0,4818.0,4329.0,4426.0,55926.0,133.0,6304.0,3637.0,63189.0,5444.0,77.0,5181.920749103426,3795.1181851245087,7784.57654921748,3605.6598852249604,922.4521885556169,994.267918196542,6438.6715288626765,5654.750708477995,4398.254262487223,6584.230537391925,7929.500486650874,7930.166031196553,7640.775714964544,7708.498978664396,120.20583791088139,4567.314348580945,8752.45146202702,6949.334881839589,6558.680617843915,5011.707420951348,2812.6556454386177,D1,N8,t,appliedMASKiso_3mgml_roi3_8bit.ome
appliedMASKiso_flu_3mgml_roi3_8bit.ome,4,64.12247586,57.26627586,0.921206897,3.585651724,29.157,50.64,0.92498,3.4183,29.0,65.57432056,21.10756667,0.037802387,0.751822158,4.0,3909,31.5311,3307,70,47.2429,20,1.2436,0.013,0.0177,0.294,131072,0.5841118097305298,383.506103515625,0.330839067697525,8.456818580627441,7.677206993103027,306.5033264160156,0.7712721228599548,0.583575963973999,373.5386962890625,0.3360314965248108,8.239523887634277,7.307862281799316,302.69097900390625,0.7769734859466553,0.1423366218805313,125.48553466796875,0.14246603846549988,2.778153657913208,3.761706829071045,128.45896911621094,0.08901848644018173,3mgml,flu,roi3,4440.924568189652,62202.21738433838,32760.194847106934,228.32380725912796,65337.75273895264,60923.25102233887,5144.293086735683,3433.7943371718816,2085.77816272143,60578.785903930664,7193.745226149898,7194.49438167822,6824.452820650301,6905.277683734825,55933.07954406738,2289.5625744934446,8119.967523266057,6095.816866454751,60825.21933746338,6406.602749798935,771.1628828909312,2286.0,65531.0,32516.0,15.0,65534.0,63689.0,2795.0,1858.0,511.0,63335.0,4278.0,4279.0,3905.0,3976.0,55923.0,133.0,5453.0,3323.0,63592.0,5236.0,53.0,5436.145404860592,4034.859059028071,8539.456783857435,3643.2650286823728,770.8036144711441,880.835249416345,6455.54556570509,6035.155454134715,3708.1393824018187,6474.739147939439,7895.477964548636,7896.347289382052,7717.120973241633,7766.714164852842,140.00390103691345,5309.901438839007,7998.915893714708,7157.700878454214,6492.724877168799,5241.7464106322495,2286.5114947887964,D1,N8,t,appliedMASKiso_3mgml_roi3_8bit.ome
appliedMASKiso_flu_3mgml_roi3_8bit.ome,5,73.20734857,57.95751429,0.892598286,3.486717143,41.285,53.589,0.91126,3.4758,35.0,63.86853571,26.49784918,0.04726777,0.708430209,5.0,3981,30.9246,3388,59,57.4237,20,1.2445,0.0132,0.0174,0.2834,131072,0.5746676325798035,390.02679443359375,0.33100369572639465,8.627476692199707,7.948464870452881,312.68603515625,0.7646884918212891,0.5809124708175659,377.7820739746094,0.32476896047592163,8.354879379272461,7.462567329406738,307.81536865234375,0.7747867703437805,0.15256643295288086,134.55799865722656,0.1411961317062378,2.9898672103881836,4.094420909881592,136.56698608398438,0.09664338827133179,3mgml,flu,roi3,4758.210827606264,62368.69538116455,32755.07536373416,277.2523564436371,65297.32305145264,60505.52317047119,5336.882153586181,3565.081721742396,2354.1536369021637,60134.53316497803,7742.011548528309,7742.692927004729,7339.22768738616,7427.101901030107,55931.61501312256,2163.4163779527557,8798.169554436503,6544.046783401956,60385.92591094971,6706.331738937443,858.0002128202946,2552.0,65531.0,32530.0,14.0,65534.0,63412.0,2951.0,1962.0,593.0,63055.0,4715.0,4716.0,4332.0,4410.0,55923.0,133.0,5989.0,3697.0,63309.0,5737.0,58.0,5780.576687236361,4289.064616875777,8292.971761477389,3363.020417238956,1222.0935077336408,1243.0118887679769,6974.096236517322,6410.8888807572075,4159.368582520507,7016.54181620235,8379.606324870447,8380.365804331625,8194.841153465784,8246.618374254771,147.93956930623017,4814.313129888173,8522.336009266832,7605.401316166521,7030.274226331044,5254.010998796608,2813.36125986125,D1,N8,t,appliedMASKiso_3mgml_roi3_8bit.ome
appliedMASKiso_flu_3mgml_roi3_8bit.ome,6,65.33786667,48.87615556,0.908221111,3.289844444,41.1,44.506,0.9167,3.2469,45.0,58.17485101,19.2740631,0.043218206,0.709675611,6.0,4183,29.3347,3567,64,55.7344,20,1.2648,0.0194,0.0167,0.3111,131072,0.56264328956604,404.24285888671875,0.3307022750377655,8.924274444580078,8.243230819702148,320.6247253417969,0.7563283443450928,0.5712312459945679,390.4007568359375,0.32676106691360474,8.633816719055176,7.495684623718262,309.0983581542969,0.7687956094741821,0.1617915779352188,148.81663513183594,0.13334423303604126,3.291221857070923,4.247199535369873,140.24989318847656,0.10333900898694992,3mgml,flu,roi3,5001.505473070657,62310.87373352051,32716.522422790527,263.1842192593749,65297.81415557861,60177.70692220247,5455.097125483692,3641.77954671089,2601.2466380254664,59777.91291742643,8193.10457351355,8193.929878911658,7751.296693209721,7846.913432927156,55931.57221984863,2366.1052631578946,9407.215404150507,6895.42981389265,60037.74284166597,6977.927584123123,871.4483175686153,2815.0,65531.0,32540.0,13.0,65534.0,63114.0,3067.0,2039.0,696.0,62753.0,5173.0,5174.0,4761.0,4846.0,55923.0,133.0,6525.0,4065.0,63007.0,6196.0,60.0,6006.872023436025,4341.861478071086,8279.242110602067,3269.501303080374,1346.1428479381111,1319.7412108215647,7331.812948765344,6498.144218443725,4630.699875207562,7420.582173824096,8767.923246852937,8768.8415636044,8539.262954854914,8599.386672282728,117.51929092698758,5262.898301251435,9101.500458031303,7909.784402869722,7416.614752380496,5274.984688268776,2901.168634644779,D1,N8,t,appliedMASKiso_3mgml_roi3_8bit.ome
appliedMASKiso_flu_3mgml_roi3_8bit.ome,7,60.313805,54.957525,0.916848,3.5509125,32.327,42.076,0.919475,3.42275,40.0,58.2458294,36.75593292,0.035187987,0.667977377,7.0,4254,28.8117,3570,70,51.0,23,1.2657,0.0112,0.0192,0.3031,131072,0.565252959728241,390.52447509765625,0.36758992075920105,8.628917694091797,8.544957160949707,331.6704406738281,0.7576723694801331,0.5779778957366943,372.8394470214844,0.37931445240974426,8.242840766906738,7.549849987030029,311.9053955078125,0.7740040421485901,0.17575156688690186,153.40953063964844,0.13714276254177094,3.411391258239746,4.763704776763916,155.6005401611328,0.11204998195171356,3mgml,flu,roi3,5337.323207525525,62025.435455322266,32763.341270446777,262.118869077376,65270.67792510986,59818.323333740234,5924.408439519515,3954.615986344883,2715.3118054262122,59450.45580291748,8594.342059577071,8595.191992658025,8175.707284616267,8268.505189094107,55932.745948791504,2351.7570642201836,9674.32134908799,7314.972421704715,59697.412284851074,7226.179213032006,941.3350073555522,3046.0,65532.0,32559.0,12.0,65533.0,62840.0,3378.0,2246.0,803.0,62469.0,5559.0,5560.0,5119.0,5209.0,55922.0,133.0,6903.0,4385.0,62715.0,6562.0,67.0,6406.358537285257,4745.977124733952,8451.70826173551,3158.2563107979477,959.1671181079774,1172.8606270095197,7762.011342170405,7102.361376198636,4703.180920955482,7782.926742629461,9144.141466217434,9144.993185285442,8975.106070988611,9026.142910744627,111.38253465329976,5075.527485875856,9173.07765347381,8376.695283253162,7802.95212482926,5348.446471086914,2787.837424474686,D1,N8,t,appliedMASKiso_3mgml_roi3_8bit.ome
appliedMASKiso_flu_3mgml_roi3_8bit.ome,8,55.81609394,56.13981818,0.920492727,3.702769697,25.71,46.394,0.92921,3.4903,33.0,57.75232126,25.72703064,0.043510617,0.846189985,8.0,4142,29.6448,3498,69,50.6957,20,1.258,0.0142,0.0225,0.3392,131072,0.5922649502754211,363.3584289550781,0.39828217029571533,7.95318603515625,8.341553688049316,332.1507568359375,0.773796021938324,0.6179882884025574,341.4776611328125,0.4202008545398712,7.447509288787842,6.931649208068848,300.7264709472656,0.7980493903160095,0.18578022718429565,158.1502685546875,0.14961452782154083,3.507770299911499,5.254965782165527,177.4090576171875,0.11763478070497513,3mgml,flu,roi3,5537.489095166672,61562.7561416626,32768.69221261759,298.8245595051308,65234.65637207031,59719.7742767334,6226.5024628332,4157.191230698834,2614.639064269426,59410.84925842285,8671.633467507423,8672.405269521565,8312.671186751966,8395.675525727755,55934.18405914307,2236.46835443038,9419.655039946127,7512.101342251064,59634.51226043701,7422.024013590866,972.9020470022833,3160.0,65531.0,32565.0,13.0,65533.0,62779.0,3533.0,2349.0,812.0,62432.0,5640.0,5641.0,5232.0,5318.0,55922.0,133.0,6872.0,4522.0,62666.0,6766.5,67.0,6700.9182745805465,4949.612651544136,8895.401515396672,3041.3991108202927,1035.065181650855,1304.5714007715267,7943.530786844089,7407.378299119081,4530.883062121649,7881.126092327598,9238.782157125366,9239.60212717709,9130.411733976463,9171.689456476883,108.22613588569058,5015.310705764644,8709.845694911624,8642.67465201064,7921.603319370524,5458.381720452763,2949.3188411683072,D1,N8,t,appliedMASKiso_3mgml_roi3_8bit.ome
appliedMASKiso_flu_3mgml_roi3_8bit.ome,9,47.02260571,60.4386,0.911694857,3.568565714,31.608,57.385,0.92167,3.5617,35.0,50.79942479,26.4738124,0.044959254,0.640079254,9.0,3784,32.6387,3179,78,40.7564,17,1.2355,0.0149,0.0238,0.3436,131072,0.6148569583892822,341.5550842285156,0.41181743144989014,7.42376184463501,8.184690475463867,333.0721435546875,0.786562979221344,0.6490623950958252,315.3160400390625,0.4383165240287781,6.823866844177246,6.471391677856445,289.16912841796875,0.8159253597259521,0.19483229517936707,159.22842407226562,0.16792617738246918,3.530266284942627,5.8345794677734375,203.92013549804688,0.12263307720422745,3mgml,flu,roi3,5674.553834503648,60833.15493774414,32684.405337565135,393.9793499920645,65172.27963256836,59621.53601837158,6454.551343919099,4309.170655548656,2637.0131618700857,59348.28887176514,8721.733925375189,8722.489207092263,8407.86168097052,8483.446142548992,55934.097969055176,2590.359600443951,9282.524851989536,7647.606460446403,59556.24712371826,7488.412830633194,1058.385474639436,3222.0,65530.0,32548.0,14.0,65533.0,62731.0,3688.0,2452.0,809.0,62410.0,5650.0,5651.0,5297.0,5371.0,55922.0,133.0,6809.0,4599.0,62631.0,6852.5,70.0,6937.641884294476,5091.348129973169,9229.045712736943,2953.026476756656,1679.6684815118144,1799.4018203245062,8134.508274932089,7611.700470764901,4694.016976876489,8037.573643045431,9355.510366651357,9356.018409911796,9278.634798629775,9315.028837032036,112.97359032961698,5732.828300027689,8625.69721052733,8862.441823605699,8088.789345341266,5481.171440339442,3437.4668705875856,D1,N8,t,appliedMASKiso_3mgml_roi3_8bit.ome
appliedMASKiso_flu_3mgml_roi3_8bit.ome,10,59.54862759,52.70465517,0.922974138,3.459237931,31.264,44.469,0.92666,3.2641,29.0,58.95075225,22.61864281,0.036791878,0.832587767,10.0,3820,32.3123,3183,71,44.831,22,1.2336,0.0181,0.0262,0.3055,131072,0.6513509750366211,321.61199951171875,0.4200457036495209,6.818380832672119,7.5398759841918945,323.0937805175781,0.8088136315345764,0.6845742464065552,289.9200134277344,0.43153128027915955,6.109773635864258,5.88134765625,271.7804260253906,0.837252676486969,0.1935468465089798,166.91189575195312,0.16980518400669098,3.6175670623779297,5.790566921234131,218.37867736816406,0.1200944036245346,3mgml,flu,roi3,5575.458457608713,60215.67809295654,32733.996551513672,447.1440013046551,65155.354553222656,59900.94284057617,6442.930861326215,4300.6708336636975,2435.2080577036554,59680.738945007324,8307.923469309717,8308.620306214534,8070.285588644671,8132.0096896557,55933.71068572998,2548.163060278207,8647.802796004833,7424.847756925006,59866.95775604248,7441.321961180195,1022.8965434325218,3083.0,65526.0,32562.0,14.0,65533.0,62942.0,3649.0,2452.0,718.0,62657.0,5315.0,5316.0,5009.0,5077.0,55920.0,133.0,6273.0,4369.0,62868.0,6631.0,63.0,7038.925626597075,5156.816595098778,9344.318078802744,3163.3261160194343,1934.3757336345077,1973.0495765772055,7934.625606103377,7711.33733559935,4471.79426288207,7773.653553109383,9080.310894440727,9080.65288441525,9080.366302245227,9103.368932710715,157.4905871751675,5805.845969572971,8146.803543060134,8827.278994927705,7852.87784254801,5622.939798684694,3438.5635391426526,D1,N8,t,appliedMASKiso_3mgml_roi3_8bit.ome
appliedMASKiso_flu_3mgml_roi3_8bit.ome,11,54.646208,59.69796,0.9083556,3.5443,32.381,52.957,0.91192,3.3549,25.0,57.1685804,31.80437656,0.029167694,0.854294936,11.0,3780,32.6754,3138,65,48.2769,19,1.2359,0.0187,0.0265,0.2853,131072,0.6232506036758423,348.18096923828125,0.4037295877933502,7.445022106170654,7.956909656524658,330.85626220703125,0.7920491099357605,0.6489120721817017,324.3885192871094,0.3956007957458496,6.885830879211426,6.463151931762695,288.2222900390625,0.8164539337158203,0.19016459584236145,166.8997344970703,0.16459427773952484,3.6293880939483643,5.610238075256348,199.15353393554688,0.1197119727730751,3mgml,flu,roi3,5600.873170020191,60010.6897354126,32872.10070800781,512.142875448488,65116.740715026855,59904.4991607666,6483.2400600680185,4324.759498255377,2485.755122805357,59694.6456451416,8289.353774345353,8290.108367047696,8063.770599028105,8123.432431809982,55935.15821838379,2796.7278129952456,8504.216450050284,7439.57643500357,59878.96607208252,7391.67364752305,1136.7664949667694,2980.0,65526.0,32568.0,15.0,65533.0,63107.0,3727.0,2478.0,688.0,62820.0,5112.0,5113.0,4835.0,4898.0,55919.0,133.0,5989.0,4222.0,63027.0,6487.0,64.0,7209.397801315684,5138.258583007089,10147.564262646209,3144.5617197289475,2117.4102067373574,2138.554627834915,8172.8080140106595,7692.382326402869,4732.116538864287,8032.9431036422775,9354.971530100227,9355.4466067338,9309.306793529173,9340.815334181136,142.51768305948292,5970.441435922566,8302.296760324174,9049.117020406184,8094.111947346181,5675.298535176865,3930.508884690647,D1,N8,t,appliedMASKiso_3mgml_roi3_8bit.ome
appliedMASKiso_flu_3mgml_roi3_8bit.ome,12,60.61550667,59.2985,0.912220333,3.563123333,33.628,57.083,0.916315,3.4695,30.0,57.78471604,25.65937302,0.040198985,0.825307674,12.0,4266,28.725,3511,75,46.8133,28,1.2615,0.0121,0.0257,0.2809,131072,0.5856714248657227,375.1607666015625,0.41539692878723145,8.109416007995605,8.65217113494873,348.1654357910156,0.7700737714767456,0.5943717956542969,355.7463684082031,0.4289452135562897,7.691705226898193,7.846969127655029,341.86663818359375,0.7852885723114014,0.18555814027786255,165.82200622558594,0.14028652012348175,3.625910520553589,5.25411319732666,175.856201171875,0.11800957471132278,3mgml,flu,roi3,5825.706347978149,60282.90281677246,32805.577964782715,387.9504952252476,65160.41198730469,59597.0012512207,6874.448633556288,4582.906040980058,2657.1857935272756,59386.135566711426,8715.484756805274,8716.351901143626,8498.76502267135,8558.080162181403,55933.15622711182,2427.5430668211666,8884.382650613597,7794.818861325616,59563.977630615234,7554.480005880623,1172.917093604657,3168.0,65528.0,32583.0,18.0,65533.0,62965.0,3921.0,2607.0,759.0,62694.0,5396.0,5397.0,5122.0,5182.0,55918.0,133.0,6304.0,4479.0,62896.0,6811.0,77.0,7167.802606958857,5396.575050762218,10868.665088562067,3048.273043877149,1362.561935039667,1639.632494368321,8393.261424969649,8085.173716327889,4749.113873197513,8262.622407722498,9608.487024822613,9609.120535210108,9600.835674290784,9626.541200840367,154.74237002141624,5522.844690313926,8516.738297591843,9175.451020409602,8337.933135319468,5690.335200192879,3642.449262076046,D1,N8,t,appliedMASKiso_3mgml_roi3_8bit.ome
appliedMASKiso_flu_3mgml_roi3_8bit.ome,13,64.04282424,55.68824242,0.919063333,3.641542424,40.365,44.026,0.92741,3.3951,33.0,57.56322312,27.33452929,0.04822021,0.72959169,13.0,4622,26.3585,3820,76,50.2632,27,1.2866,0.0193,0.0236,0.3101,131072,0.5653786063194275,398.0005187988281,0.38970184326171875,8.644730567932129,8.771101951599121,345.5514221191406,0.7577231526374817,0.5688178539276123,381.654541015625,0.39859721064567566,8.293739318847656,8.211027145385742,346.4652404785156,0.7690431475639343,0.17880575358867645,166.92498779296875,0.12334185093641281,3.636491298675537,4.774301528930664,158.13539123535156,0.11386276036500931,3mgml,flu,roi3,5935.950593743218,60494.734146118164,32814.245666503906,336.5886428521691,65185.80212402344,59365.8473815918,6900.269090461582,4601.885980256854,2894.0896758646004,59105.695571899414,9058.83785229281,9059.670619787306,8797.061629925898,8864.823132731839,55932.08402252197,2503.512992125984,9475.901567296065,8007.188966917806,59296.13200378418,7616.452609059623,1168.4572705705064,3237.0,65528.0,32586.0,21.0,65533.0,62881.0,3921.0,2607.0,815.0,62585.0,5569.0,5570.0,5264.0,5330.0,55918.0,133.0,6588.0,4589.0,62794.0,6877.0,84.0,7067.414431763232,5289.958481565355,10910.912106022668,3066.367864640242,1152.218813446836,1442.8474945930943,8454.403431746474,7921.022231816783,4967.1024916797805,8400.521229669945,9772.722614505801,9773.308331784416,9704.093604331041,9740.333511944853,151.13424337965856,5475.803579059915,9120.42275894016,9159.539211394047,8455.524277122659,5613.982297415374,3326.43096569879,D1,N8,t,appliedMASKiso_3mgml_roi3_8bit.ome
appliedMASKiso_flu_3mgml_roi3_8bit.ome,14,71.10744828,67.18565517,0.915415862,3.366317241,50.194,50.56,0.91974,3.2426,29.0,56.40779931,44.41969598,0.031046585,0.516886268,14.0,4549,26.8136,3767,75,50.2267,20,1.2863,0.0122,0.0236,0.3201,131072,0.5829309225082397,386.5595397949219,0.37955284118652344,8.35983943939209,8.282171249389648,329.09454345703125,0.7692131400108337,0.5860372185707092,375.2232971191406,0.38726669549942017,8.099580764770508,7.696405410766602,325.6148376464844,0.7799364328384399,0.17632676661014557,162.88006591796875,0.11848634481430054,3.547963857650757,4.69222354888916,155.7682342529297,0.11126424372196198,3mgml,flu,roi3,5917.070231624005,60261.50224304199,32793.29048919678,352.58728079368404,65180.567779541016,59437.97080230713,6895.552730564393,4597.236013217795,2807.6816952640775,59195.66591644287,8978.01631526299,8978.905171411068,8730.080917190735,8795.31797703146,55933.40168762207,2740.447584320875,9340.550399739452,7963.428469513567,59381.22265625,7663.186291767151,1144.568498786149,3226.0,65528.0,32584.0,20.0,65533.0,62915.0,3960.0,2633.0,789.0,62630.5,5518.0,5519.0,5230.0,5295.0,55918.0,133.0,6462.0,4562.0,62835.0,6891.0,82.0,7025.230254192293,5228.742193978276,11019.1490315141,2983.449879758806,1213.9935430733565,1486.9904183778672,8339.736423457372,7833.5906312047455,4877.732515939962,8274.46448640837,9655.933662932399,9656.621194441945,9594.745436650575,9629.549990269838,132.42269171331327,6114.601087308583,8977.268807846633,9078.366196878555,8331.907244953041,5654.984679735364,3328.391440728974,D1,N8,t,appliedMASKiso_3mgml_roi3_8bit.ome
appliedMASKiso_flu_3mgml_roi3_8bit.ome,15,43.58727778,57.44333333,0.91742,3.57172963,25.313,50.718,0.92096,3.4603,27.0,45.61436059,29.74068628,0.031999329,0.767460671,15.0,3916,31.4711,3253,73,44.5616,15,1.2454,0.0095,0.0244,0.3087,131072,0.6262316107749939,354.25433349609375,0.3759693503379822,7.562542915344238,7.367380619049072,303.89227294921875,0.795459508895874,0.6337423920631409,348.705810546875,0.38295793533325195,7.409548759460449,6.482397556304932,283.68768310546875,0.8072509765625,0.1737210750579834,160.24085998535156,0.12285292893648148,3.4689533710479736,4.698755741119385,164.3225860595703,0.10841462761163712,3mgml,flu,roi3,5787.312841902123,59464.417068481445,32696.663131713867,337.7250478825282,65204.74240112305,59752.95325469971,6785.958380964105,4527.071964967201,2514.244124907826,59558.91330718994,8614.359562365282,8615.059536686147,8411.356473087488,8468.088484075046,55935.60026550293,2420.5923261390885,8774.900139289855,7728.205705436973,59728.7214050293,7707.452466364223,999.4549428551002,3170.0,65527.0,32571.0,16.0,65533.0,63065.0,4038.0,2684.0,720.0,62811.0,5295.0,5296.0,5051.0,5106.0,55918.0,133.0,6084.0,4446.0,63008.0,6879.0,75.0,6931.111698346295,5128.237893842565,11712.769843746237,2881.487166895487,1166.1329983816438,1408.7526262001438,7921.140967953822,7666.397174971678,4275.87430625926,7771.280912601671,9234.325188184184,9234.470596513542,9211.424206085496,9238.631451832744,144.30915601476968,5463.532042896981,8282.44657012334,8828.695353745521,7850.944744482123,5761.8630160321145,2883.6226174972635,D1,N8,t,appliedMASKiso_3mgml_roi3_8bit.ome
appliedMASKiso_flu_3mgml_roi3_8bit.ome,16,50.63700645,55.21225806,0.918028065,3.580509677,29.476,44.665,0.92266,3.4774,31.0,50.27494958,30.04453786,0.034647138,0.823477488,16.0,4040,30.4438,3319,87,38.1494,21,1.2519,0.0149,0.0236,0.2825,131072,0.5991876125335693,373.93060302734375,0.37223243713378906,8.075515747070312,7.955726623535156,318.328125,0.7782832384109497,0.6051269173622131,372.6430358886719,0.385554701089859,7.988489627838135,7.121630668640137,305.43914794921875,0.7903288006782532,0.17879807949066162,162.47483825683594,0.12364543229341507,3.5505356788635254,4.9679131507873535,163.8515167236328,0.11419184505939484,3mgml,flu,roi3,5899.300872206214,60271.23875427246,32713.28126525879,362.03058333916204,65181.555824279785,59561.90783691406,6789.30113865642,4527.049695598014,2695.3450648446687,59339.41628265381,8881.613511408768,8882.462619733666,8637.99544428004,8702.256732341719,55932.68022155762,2576.206065641878,9177.128837317965,7906.655439607507,59521.964042663574,7764.331578537497,1096.0784233677957,3337.0,65528.0,32575.0,16.0,65533.0,62904.0,4038.0,2684.0,775.0,62650.0,5589.0,5590.0,5315.5,5378.5,55918.0,133.0,6431.0,4683.0,62846.0,7162.5,82.0,6970.886359863925,5156.902917335331,11418.50838372046,3035.860309712931,1280.4873736859831,1497.7558596323272,8106.599799496331,7721.946810462505,4555.27142373321,7995.061143634574,9417.143466895875,9417.713784709063,9371.806722864634,9403.211068272423,147.61436567013732,5756.135657851337,8655.961157721236,8930.623170186102,8061.698112487863,5691.119964354345,3125.9582084295157,D1,N8,t,appliedMASKiso_3mgml_roi3_8bit.ome
appliedMASKiso_flu_3mgml_roi3_8bit.ome,17,59.46690571,54.01231429,0.918520286,3.6253,30.379,45.88,0.92454,3.6221,35.0,55.50639559,24.26920303,0.044275503,0.752240809,17.0,3918,31.4541,3256,85,38.3059,21,1.2441,0.012,0.0247,0.2654,131072,0.6201177835464478,349.14447021484375,0.395717978477478,7.513822555541992,7.690389633178711,314.06719970703125,0.7909049391746521,0.6235330700874329,348.8730163574219,0.4045604467391968,7.486558437347412,6.839609146118164,300.4380187988281,0.8010131120681763,0.18219882249832153,163.12181091308594,0.1390276849269867,3.5480904579162598,4.996018886566162,170.8481903076172,0.11438865214586258,3mgml,flu,roi3,5841.9945650900745,59512.322341918945,32698.612243652344,285.0667652391262,65233.604835510254,59726.97416687012,6853.583084088377,4568.47410337599,2517.461611519361,59537.87985229492,8676.757701407923,8677.632901507875,8483.826324954514,8539.06328234201,55935.52308654785,2600.72406462585,8783.837663301083,7799.421650619626,59704.619483947754,7822.6679707326975,974.6704851613434,3320.0,65527.0,32578.0,17.0,65533.0,62957.0,4115.0,2736.0,752.0,62724.5,5498.0,5499.0,5259.0,5318.0,55917.0,133.0,6210.0,4643.0,62905.5,7158.0,78.0,6810.744372139806,5069.404565949817,11964.608869303847,2943.550519333998,875.1638784142467,1158.6197630922636,7799.455261937793,7596.350531086894,4148.839457561145,7659.2596076520895,9132.0932466989,9132.774680864242,9119.430733269595,9144.778009004427,166.12546835208556,6130.711438166075,8189.532725706749,8712.35819906414,7739.167721328336,5782.362188514584,2588.2374325414576,D1,N8,t,appliedMASKiso_3mgml_roi3_8bit.ome
appliedMASKiso_flu_3mgml_roi3_8bit.ome,18,60.33905455,52.90169697,0.909569091,3.737409091,28.968,41.838,0.91503,3.7041,33.0,56.2467209,26.9752168,0.046479178,0.785364551,18.0,3623,34.178,3024,76,39.7895,20,1.2169,0.0176,0.0263,0.2336,131072,0.6282268762588501,343.04986572265625,0.40961068868637085,7.362302780151367,7.547532558441162,315.0386657714844,0.7961347699165344,0.6299773454666138,335.50006103515625,0.42618265748023987,7.199249744415283,6.837364673614502,301.59869384765625,0.8054162263870239,0.17987143993377686,168.8894805908203,0.1458989381790161,3.6345057487487793,4.724173069000244,170.79559326171875,0.11124718934297562,3mgml,flu,roi3,5831.810810387985,59279.63259887695,32792.20893859863,248.09459648386985,65260.72444152832,59818.276107788086,6731.0070431065815,4486.914340595636,2440.5061712481065,59641.07166290283,8578.334582290363,8579.187437421777,8398.669313204005,8451.427010325408,55936.76900482178,2441.979708866343,8625.197418648311,7752.601830413017,59803.51364898682,7908.613376095119,907.3647669570244,3342.0,65526.0,32589.0,20.0,65533.0,62948.0,4077.0,2710.0,748.0,62716.0,5498.0,5499.0,5263.0,5318.0,55917.0,133.0,6147.0,4659.0,62899.0,7176.5,79.0,6620.379588111084,4907.693385727952,12132.503429309834,2892.780145349779,763.7061011241778,1015.6218406853623,7487.648232863904,7354.144552161672,3924.1407177467413,7355.882971844386,8853.930708441154,8854.581156233211,8842.521566666133,8866.880519266717,192.71039300355991,5573.386834960932,7998.500525857121,8459.735424105005,7438.18932740376,5847.815604336734,2295.677301320439,D1,N8,t,appliedMASKiso_3mgml_roi3_8bit.ome
appliedMASKiso_flu_3mgml_roi3_8bit.ome,19,65.86854031,59.67421875,0.918823125,3.548765625,32.8955,51.797,0.923885,3.45145,32.0,62.53113451,30.67105169,0.032262345,0.739378807,19.0,3803,32.4657,3084,72,42.8333,18,1.2336,0.0122,0.0225,0.2531,131072,0.593597412109375,378.6451416015625,0.37531089782714844,8.19615364074707,7.962854862213135,321.4244079589844,0.7755874991416931,0.5858264565467834,374.7064514160156,0.3857197165489197,8.123237609863281,7.71224308013916,330.0492858886719,0.7788843512535095,0.17479084432125092,167.7919464111328,0.13534347712993622,3.6308531761169434,4.371243953704834,151.3233642578125,0.10859072953462601,3mgml,flu,roi3,5829.255017223013,60234.33547973633,32794.070625305176,198.49176601333602,65288.44153594971,59661.33187866211,6557.300992036249,4376.505509405465,2585.810798043125,59444.5393447876,8808.420148203442,8809.067375803805,8558.794085858468,8623.843647701913,55932.44973754883,2496.9929752066114,9115.800228603419,7823.792141951838,59626.09670257568,7910.294120848787,868.9923057453809,3492.0,65529.0,32590.0,19.0,65532.0,62739.0,4115.0,2762.0,824.0,62503.0,5762.0,5763.0,5511.0,5571.0,55918.0,133.0,6525.0,4870.0,62685.0,7380.0,88.0,6342.18046110809,4639.811109658559,11320.215683839644,2881.0197296277643,495.13669338539216,782.8473568718875,7357.35514327735,6937.937947961697,3920.468926170411,7271.603824494139,8818.687821028432,8819.087322819601,8724.025090251556,8762.07593757814,168.76649819142526,5644.384260823756,8366.045614045534,8221.453336618519,7329.315564725909,5697.354488218892,1971.6221146451355,D1,N8,t,appliedMASKiso_3mgml_roi3_8bit.ome
appliedMASKiso_flu_3mgml_roi3_8bit.ome,20,69.67079394,55.39593939,0.918248182,3.579024242,30.685,46.213,0.91883,3.4909,33.0,68.96981742,26.26203938,0.022576867,0.627919297,20.0,4421,27.6478,3649,89,41.0,27,1.2722,0.0264,0.018,0.249,131072,0.5131608247756958,447.7295837402344,0.33427920937538147,9.95979118347168,9.357396125793457,350.14093017578125,0.7239338755607605,0.48946449160575867,455.4906005859375,0.34201982617378235,10.143779754638672,9.496105194091797,373.23126220703125,0.7177092432975769,0.1694217026233673,159.1319122314453,0.11673297733068466,3.5411694049835205,4.382627964019775,135.5152587890625,0.110355906188488,3mgml,flu,roi3,6057.89545359798,61740.74254608154,32662.28865814209,222.17967672621148,65253.945861816406,59073.751953125,6403.803511691487,4272.320645621423,3250.2144785876703,58727.745918273926,9576.233704673012,9577.108082235141,9171.206321266724,9264.324347067497,55929.13313293457,2294.3414634146343,10520.861137488324,8254.660289814794,58958.663024902344,7976.919949664559,1038.9791119668591,3806.0,65531.0,32578.0,20.0,65531.0,62195.0,4077.0,2710.0,1070.0,61877.0,6555.0,6556.0,6164.0,6246.0,55919.0,133.0,7660.0,5384.0,62093.5,7754.0,110.0,6302.955056005731,4452.538063837165,9744.168595907351,2878.225487618658,585.6139397035155,877.578411204295,7706.598684631317,6660.117153786071,4888.428002657979,7772.801561636058,9204.268474652767,9204.87178190371,8971.855005574213,9033.657381371071,171.51341027927415,5498.14393691167,9483.198272040123,8304.355566346516,7771.940233179685,5382.3551978529695,2314.8463030541884,D1,N8,t,appliedMASKiso_3mgml_roi3_8bit.ome
appliedMASKiso_flu_3mgml_roi3_8bit.ome,21,68.93096667,51.2035,0.915988889,3.556613889,35.731,44.6595,0.915575,3.5998,36.0,66.49508914,19.14403179,0.039622975,0.656418344,21.0,3936,31.3011,3282,69,47.5652,23,1.2392,0.0128,0.0207,0.2394,131072,0.5942321419715881,379.075927734375,0.35184192657470703,8.252937316894531,7.700886249542236,312.9332580566406,0.7770658731460571,0.5835380554199219,393.002197265625,0.35514408349990845,8.512845993041992,7.358183860778809,310.6178894042969,0.7764809727668762,0.1571558713912964,141.51593017578125,0.13576063513755798,3.0981814861297607,4.010800838470459,142.89190673828125,0.09569425880908966,3mgml,flu,roi3,5720.535328358671,60755.26541900635,32696.367195129395,235.59454148835195,65281.775390625,59805.57088470459,6315.213966077833,4210.904283846747,2431.0311636644933,59582.19959259033,8664.310098461157,8665.14486639626,8416.935202960027,8481.256680187014,55929.17074584961,2638.897888841017,9032.477412762795,7686.030126637149,59762.24979400635,8028.9778539802455,808.1302988942298,3558.0,65529.0,32560.0,15.0,65532.0,62585.0,3921.0,2607.0,867.0,62312.0,5965.0,5966.0,5665.0,5730.0,55918.0,133.0,6840.0,4983.0,62512.0,7466.0,86.0,6083.104726313145,4481.852454687892,10510.663065820401,2841.2757636258834,1180.467747710001,1212.0263326242457,6993.577888696723,6712.282219008632,3691.274979578036,6908.28183988314,8367.658971520623,8368.207898933699,8300.470173759028,8332.57031301303,172.09244808998687,5824.049773133032,7934.261410404071,7850.676043598001,6970.262152995367,5606.857662780458,2377.703667594171,D1,N8,t,appliedMASKiso_3mgml_roi3_8bit.ome
appliedMASKiso_flu_3mgml_roi3_8bit.ome,22,65.33497179,53.58471795,0.906206154,3.463897436,28.968,47.144,0.91049,3.4769,39.0,63.98331933,23.06425577,0.04056845,0.573552486,22.0,3851,32.0361,3203,52,61.5962,17,1.227,0.0192,0.0204,0.2336,131072,0.56524658203125,395.23236083984375,0.36172348260879517,8.703113555908203,8.412546157836914,333.0583190917969,0.7590882778167725,0.5534272789955139,412.8492126464844,0.38480621576309204,9.052623748779297,8.126605033874512,333.6101989746094,0.7589920163154602,0.16151776909828186,139.80406188964844,0.14111609756946564,3.109038829803467,4.290335178375244,150.0371856689453,0.10000695288181305,3mgml,flu,roi3,5834.242038855168,61318.33100128174,32710.680267333984,223.42575371965543,65276.705307006836,59613.917739868164,6359.99036840436,4242.455355801492,2572.148888172736,59375.473640441895,8894.421730512644,8895.204124601847,8616.87256769576,8686.845049783667,55928.95690917969,2572.5426027977956,9321.89254286177,7853.312622916683,59562.89408111572,8086.7080078049685,847.3025375250575,3678.0,65529.0,32566.0,15.0,65531.0,62398.0,3999.0,2659.0,949.0,62120.0,6209.0,6210.0,5888.0,5956.0,55917.0,133.0,7156.0,5170.0,62319.0,7603.0,94.0,6191.665684349121,4490.030925856483,9951.87871297547,2806.918155552825,914.3207705994732,1065.3701319256045,7183.53521246683,6719.864966382533,3863.433246189594,7101.395685036331,8567.948878278152,8568.394639286462,8470.745870678293,8508.47022741001,171.90208599214193,5735.015141178791,8115.605233554122,8001.623440925485,7154.106564570619,5539.909370199782,2282.24854915909,D1,N8,t,appliedMASKiso_3mgml_roi3_8bit.ome
appliedMASKiso_flu_3mgml_roi3_8bit.ome,23,61.83939429,58.09582857,0.912180857,3.654774286,27.553,50.431,0.92004,3.7151,35.0,64.0200607,24.17547707,0.040289861,0.705126813,23.0,4246,28.8698,3576,68,52.5882,23,1.256,0.0195,0.0204,0.2496,131072,0.5652574896812439,393.639404296875,0.36784666776657104,8.665767669677734,8.461247444152832,335.4063415527344,0.7591894865036011,0.5526629686355591,410.8099060058594,0.3962433338165283,9.026261329650879,8.164214134216309,336.91326904296875,0.7581225633621216,0.16200914978981018,139.10708618164062,0.13970965147018433,3.0904159545898438,4.301347255706787,150.2807159423828,0.10024166107177734,3mgml,flu,roi3,5896.9814546351845,61554.04131348658,32728.239891052246,184.23152468269765,65301.33405303955,59605.61974334717,6462.236602427075,4312.235346469595,2505.546132960859,59395.531021118164,8912.982218041054,8913.682978362456,8656.094939929983,8722.644383954597,55926.56374359131,2574.001647446458,9239.8042673617,7912.649295970143,59573.13040161133,8241.90989497386,787.7462319136721,3757.0,65530.0,32567.0,16.0,65531.0,62368.0,4077.0,2710.0,929.0,62102.0,6270.0,6271.0,5968.0,6032.0,55917.0,133.0,7156.0,5261.0,62290.0,7827.5,89.0,6209.85208996143,4551.509608554951,9709.189766023352,2865.2815665476455,560.6083663476355,818.594693412551,7136.165836458207,6810.190243938733,3693.6669888544875,7019.285967878398,8516.338499586802,8516.741380016929,8447.842932920732,8480.609810240281,163.91769445265658,5730.51367148197,7941.46878058446,8003.586550652557,7084.069921986982,5622.897932723621,1931.2857751168417,D1,N8,t,appliedMASKiso_3mgml_roi3_8bit.ome
appliedMASKiso_flu_3mgml_roi3_8bit.ome,24,65.12284118,63.76573529,0.910604706,3.523805882,32.37,54.29,0.909745,3.4067,34.0,62.16776758,32.61010751,0.030812865,0.639709023,24.0,4270,28.6962,3569,72,49.5694,25,1.2615,0.0169,0.0222,0.228,131072,0.5930687785148621,369.5768127441406,0.38836613297462463,8.054913520812988,7.989849090576172,326.4425354003906,0.7767953276634216,0.5829075574874878,382.2040710449219,0.41389429569244385,8.31922721862793,7.665657043457031,326.861328125,0.7767975330352783,0.15941882133483887,139.15921020507812,0.14477524161338806,3.053771734237671,4.204168319702148,151.6751251220703,0.09753920882940292,3mgml,flu,roi3,5904.111941564853,61132.84464263916,32733.656883239746,170.96625646396544,65312.11074066162,59701.62203216553,6534.5867534228455,4359.946590382961,2379.6180764864757,59524.07027435303,8771.066765395533,8771.759896026164,8560.510104282364,8618.931722818708,55925.556381225586,2668.5079365079364,8896.301778662224,7873.7783536961615,59686.0993270874,8333.254157410836,745.7071087934244,3779.5,65529.0,32566.0,16.0,65531.0,62419.0,4154.0,2762.0,867.0,62201.0,6169.0,6170.0,5904.5,5962.0,55916.0,133.0,6840.0,5249.0,62375.0,7910.5,82.0,6179.448599049465,4558.724647991608,9987.127856903357,2863.227682972785,473.6033496378503,734.4389753217582,6990.053242878256,6824.230628901041,3520.6761397163036,6859.538648829834,8348.586231010342,8349.075935210718,8315.835809739188,8342.230158864952,168.84142939064728,5662.5769021838405,7627.888956700171,7922.013750257635,6936.115644976856,5715.161572752574,1758.8616296373718,D1,N8,t,appliedMASKiso_3mgml_roi3_8bit.ome
appliedMASKiso_flu_3mgml_roi3_8bit.ome,25,56.64429118,56.36702941,0.916597647,3.604273529,23.0025,50.7835,0.932855,3.67665,34.0,63.28649356,20.43282291,0.052051758,0.581375565,25.0,4173,29.4098,3476,63,55.1746,20,1.2526,0.0208,0.0237,0.2252,131072,0.6240565776824951,345.4241638183594,0.39572012424468994,7.438764572143555,7.405590057373047,311.5841979980469,0.7958086729049683,0.620549201965332,350.9530334472656,0.4140627384185791,7.551448822021484,6.889785289764404,302.69293212890625,0.799124002456665,0.15791760385036469,139.22647094726562,0.14840549230575562,3.0220589637756348,4.121886253356934,153.49562072753906,0.09528886526823044,3mgml,flu,roi3,5875.296560964716,61034.52488708496,32740.460662841797,182.38079355951697,65308.11179351807,59843.68147277832,6637.767170754647,4429.84512701202,2213.4232164922655,59709.29228973389,8541.729689978592,8542.317952903852,8390.930456946604,8438.729951794983,55924.95811462402,2714.6855690262028,8443.048436032095,7777.01051885848,59851.6558303833,8392.678243058015,724.2432361465,3718.0,65528.0,32567.0,17.0,65531.0,62518.0,4193.0,2813.0,822.0,62306.0,5976.0,5977.0,5750.0,5802.0,55916.0,133.0,6525.0,5127.0,62478.0,7823.0,80.0,6144.879597384376,4619.747669258956,9847.319087042553,2844.1077274800814,604.4697882620019,820.3286986723245,6809.7577127830045,6914.274962809653,3292.186885581629,6645.034279967862,8110.407362124435,8110.7964372293945,8138.252421918258,8153.849424735427,180.5496533020901,6002.899326515921,7179.6859932118805,7817.72573731338,6742.27246130585,5846.786354176744,1818.8691520482128,D1,N8,t,appliedMASKiso_3mgml_roi3_8bit.ome
appliedMASKiso_flu_3mgml_roi3_8bit.ome,26,87.33613333,61.55418182,0.917788182,3.637175758,70.346,54.114,0.92564,3.6254,33.0,69.25004078,26.03647404,0.037611523,0.627949092,26.0,4133,29.7138,3468,78,44.4615,19,1.2531,0.0147,0.0256,0.2581,131072,0.6316686868667603,333.95623779296875,0.4112257659435272,7.196521282196045,7.307592868804932,311.1094055175781,0.8010015487670898,0.6298162937164307,335.7578125,0.43630582094192505,7.244113922119141,6.6801371574401855,296.8110656738281,0.8045319318771362,0.15183578431606293,130.2814178466797,0.15247401595115662,2.831098794937134,4.062511920928955,154.2001190185547,0.09086047112941742,3mgml,flu,roi3,6023.659261538462,61075.62754821777,32708.30280303955,226.54782104737833,65270.09871673584,59725.951110839844,6747.432336630267,4501.135245064809,2248.444011259347,59610.13900756836,8662.39083076923,8663.072561538462,8524.789484615385,8570.710730769231,55926.759132385254,2590.2112211221124,8459.732884615385,7936.1892,59746.88390350342,8520.026623076923,779.4172792179788,3791.0,65528.0,32557.0,18.0,65531.0,62419.0,4232.0,2839.0,857.0,62206.0,6118.0,6119.0,5881.0,5936.0,55915.0,133.0,6651.0,5237.0,62379.0,7919.0,84.0,6255.772870796191,4654.150054130306,9664.24518609051,2808.914111188176,841.5988253071081,1026.8838260903474,6875.854758368452,6969.743388337644,3327.639142595426,6690.749231582142,8135.905332087024,8136.399121542331,8176.040576204176,8189.740256094831,174.7848341241631,5885.168668198792,7048.746418830808,7905.66873181635,6790.178546431314,5866.115854930597,2050.0307857946636,D1,N8,t,appliedMASKiso_3mgml_roi3_8bit.ome
appliedMASKiso_flu_3mgml_roi3_8bit.ome,27,54.26247895,51.71307895,0.926886842,3.611547368,29.126,41.313,0.933495,3.59,38.0,56.236101,25.00076343,0.031431127,0.577596639,27.0,4203,29.1856,3602,81,44.4691,18,1.2616,0.0129,0.0268,0.2826,131072,0.6534872055053711,317.3581848144531,0.41649219393730164,6.770357608795166,6.819698333740234,297.1635437011719,0.8147481083869934,0.6664450764656067,311.9222106933594,0.4284205436706543,6.638217926025391,6.005642414093018,273.0884094238281,0.8258745074272156,0.1387655884027481,116.5763168334961,0.1354307234287262,2.5258283615112305,3.746384620666504,146.496826171875,0.08203883469104767,3mgml,flu,roi3,6031.868128574064,61277.14178466797,32669.7772064209,231.63115321666876,65266.644470214844,59792.54306793213,6784.7638130472715,4525.007496203431,2173.6233772294863,59697.08987426758,8584.020145422124,8584.72784080428,8481.089543749616,8521.002767017155,55922.500495910645,2833.729895420123,8281.008854454898,7922.660955850704,59821.37292480469,8641.045555863002,752.1946060634637,3911.0,65526.0,32554.0,14.0,65530.0,62340.0,4465.0,2968.0,858.0,62162.0,6173.5,6170.0,5990.0,6039.0,55914.0,133.0,6588.0,5364.0,62311.0,8067.0,79.0,6230.572428839669,4613.595343958453,9277.742740401844,2798.2262723828676,899.3190176296554,1080.2184431637477,6770.1964934233465,6910.630588110481,3263.390682728919,6572.8467355193925,7978.757893427887,7979.279324092062,8039.339338675387,8049.312325330984,185.24267563579187,6182.0817243042075,6770.965417551672,7824.288146491958,6676.2969602391695,5860.170642786438,2033.0130297679195,D1,N8,t,appliedMASKiso_3mgml_roi3_8bit.ome
appliedMASKiso_flu_3mgml_roi3_8bit.ome,28,71.34965,58.10928125,0.922914375,3.5428125,42.986,50.335,0.92728,3.47855,32.0,65.91545697,28.59766568,0.036644619,0.64375995,28.0,4181,29.3497,3634,69,52.6667,14,1.259,0.0147,0.0284,0.2604,131072,0.6566766500473022,313.4801330566406,0.42950013279914856,6.649669170379639,6.793038368225098,298.62030029296875,0.8176842927932739,0.6668086647987366,310.2962646484375,0.4411194324493408,6.554880142211914,6.1672844886779785,279.8809509277344,0.8266292214393616,0.12839902937412262,105.93268585205078,0.1337936371564865,2.288707971572876,3.5623669624328613,137.96058654785156,0.07577131688594818,3mgml,flu,roi3,6150.224043925664,61366.1653137207,32675.851928710938,226.78758436207664,65264.2573928833,59745.031799316406,6982.566818983486,4657.25898669232,2139.8118380448773,59684.10684967041,8634.353785900783,8635.028720626631,8571.803501766242,8605.085102134848,55921.1488571167,2779.4221048660884,8176.231477499616,8044.281369989249,59791.23033905029,8885.829281216404,733.2222293986842,4076.0,65526.0,32557.0,13.0,65529.0,62221.0,4698.0,3123.0,855.0,62093.0,6280.0,6282.0,6141.0,6185.0,55913.0,133.0,6525.0,5561.0,62225.0,8359.0,76.0,6247.374211989878,4643.537241640642,9052.103336885584,2725.7033451712286,834.4968342534164,1051.5846083638696,6733.561257350607,6953.1291276380725,3225.628180718744,6518.34872364955,7891.7750336308845,7892.175405317287,7979.4577552714445,7984.682100472545,184.989399057727,6039.931655687908,6572.389125786877,7807.652244075596,6629.473641634592,5839.094480228777,1977.8215804339748,D1,N8,t,appliedMASKiso_3mgml_roi3_8bit.ome
appliedMASKiso_flu_3mgml_roi3_8bit.ome,29,86.07488,50.52566667,0.91233619,3.550009524,61.5405,45.654,0.92545,3.3825,42.0,69.92350977,20.54552977,0.048334355,0.736598884,29.0,4404,27.7623,3849,84,45.8214,18,1.2722,0.015,0.0291,0.2687,131072,0.6407005786895752,335.31048583984375,0.4179760813713074,7.105677604675293,7.087085247039795,311.3258056640625,0.8078334927558899,0.6446738243103027,333.5675048828125,0.43819496035575867,7.058661460876465,6.618032455444336,298.1556396484375,0.8135634660720825,0.12858445942401886,112.4628677368164,0.1385117918252945,2.4076688289642334,3.4594483375549316,138.13925170898438,0.07606149464845657,3mgml,flu,roi3,6253.352758734522,61696.16165924072,32640.93492126465,199.25244459430462,65282.110038757324,59732.05754852295,7027.447169254572,4690.951599397086,2109.6330925773805,59686.64179992676,8698.838928596104,8699.326288394659,8640.891178344682,8673.54896782564,55916.98719787598,2573.7428803905614,8186.844003101513,8142.771125219754,59786.37633514404,9175.979725009405,693.859523766013,4189.0,65526.0,32543.0,13.0,65529.0,62163.0,4814.0,3226.0,846.0,62057.0,6372.0,6373.0,6257.0,6296.0,55912.0,133.0,6557.0,5685.0,62175.0,8670.0,70.0,6284.287771069775,4605.2585907350995,8721.078205176424,2557.3793396780848,699.7219465514481,945.4954134434406,6687.769237244037,6885.436788843229,3161.596218237222,6472.946972067125,7834.971452251875,7835.091824440888,7918.5933869907985,7924.315592979317,206.088834598728,6012.818298972678,6483.109238246502,7798.142459439529,6584.172088266087,5920.026794932215,1863.3396118121589,D1,N8,t,appliedMASKiso_3mgml_roi3_8bit.ome
appliedMASKiso_flu_3mgml_roi3_8bit.ome,30,85.20277941,61.63855882,0.921074412,3.610767647,62.781,53.2715,0.93334,3.49325,34.0,71.84731247,28.55269596,0.031494787,0.631939506,30.0,4383,27.9049,3821,74,51.6351,20,1.2764,0.0107,0.0327,0.278,131072,0.6312956809997559,348.4486389160156,0.4381791651248932,7.32508659362793,7.512393951416016,333.1839904785156,0.801200270652771,0.6270225644111633,350.67437744140625,0.4492657780647278,7.350769519805908,7.161515712738037,328.8182067871094,0.803526759147644,0.1445714831352234,133.96630859375,0.12565191090106964,2.8357198238372803,3.7819738388061523,152.10784912109375,0.08636395633220673,3mgml,flu,roi3,6545.585881325952,61634.231048583984,32661.013442993164,181.3814672491635,65289.304344177246,59531.96669769287,7462.080600434525,4982.777380999408,2112.862731619152,59533.52217102051,8930.123069383504,8930.508488203808,8930.955947102831,8954.368404125795,55917.93039703369,2757.8648164726947,8248.51410106208,8469.62088320201,59606.611587524414,9690.854318378473,656.7116036365593,4528.0,65526.0,32560.0,13.0,65528.0,61887.0,5319.0,3562.0,903.0,61819.0,6717.0,6708.0,6640.0,6665.0,55911.0,133.0,6746.0,6086.0,61913.0,9217.0,78.0,6357.702387974998,4694.031841482207,8365.847820486933,2385.803553428683,716.7431021968293,948.0939035239817,6632.306086424979,7007.105099582326,3067.772561009266,6387.642249714851,7760.549206542438,7760.364257160761,7883.908048859204,7882.717305702387,215.41923946240584,6012.538815333944,6385.776181850496,7821.107411757475,6515.219580333541,6146.848922619836,1760.2484990512976,D1,N8,t,appliedMASKiso_3mgml_roi3_8bit.ome
appliedMASKiso_flu_3mgml_roi3_8bit.ome,31,78.87901563,63.71109375,0.918500313,3.5598125,52.6275,54.5155,0.93032,3.3489,32.0,71.88595045,33.37711936,0.037576701,0.785913297,31.0,4479,27.2639,3896,60,64.9333,26,1.274,0.0156,0.0353,0.2926,131072,0.6336835622787476,346.83660888671875,0.44506844878196716,7.256704807281494,7.620725154876709,340.45172119140625,0.8020105957984924,0.6337088942527771,341.472900390625,0.4484325647354126,7.182227611541748,7.17466402053833,338.50494384765625,0.8077901601791382,0.15412002801895142,144.746337890625,0.13639701902866364,3.0414204597473145,4.054261207580566,163.99766540527344,0.09221674501895905,3mgml,flu,roi3,6780.3379059714625,61530.742515563965,32629.624046325684,189.38630573701664,65277.61692047119,59394.880447387695,7715.686324853229,5155.6352563600785,2115.0907321351633,59434.03495788574,9088.012455529628,9088.244328832103,9126.514685742703,9144.016854749245,55916.38122558594,2756.721685689201,8189.713913010214,8714.182816265637,59490.14990234375,10071.466248422019,657.790108756053,4791.0,65526.0,32568.0,13.0,65526.0,61692.0,5668.0,3794.0,922.0,61674.0,6921.0,6922.0,6915.0,6940.0,55910.0,133.0,6683.0,6396.0,61745.0,9670.0,81.0,6445.659096637797,4691.103335771213,8292.228111070592,2338.5353280305303,817.4440348012032,1027.6862382429472,6655.368732342678,6990.46855424315,3126.9594251173235,6413.859460773584,7757.979591349387,7757.878935075075,7880.83092262883,7879.790275527898,205.52140657480243,6121.489775735051,6287.214822967869,7871.625002300707,6536.304793522582,6217.645801147694,1814.9040632107344,D1,N8,t,appliedMASKiso_3mgml_roi3_8bit.ome
appliedMASKiso_flu_3mgml_roi3_8bit.ome,32,93.55615366,58.42034146,0.897751951,3.539739024,79.046,48.728,0.915,3.4768,41.0,70.69857952,27.53712679,0.058798686,0.755785206,32.0,4437,27.5409,3878,79,49.0886,17,1.2747,0.0138,0.0381,0.3112,131072,0.6031999588012695,369.0343933105469,0.4501250088214874,7.7869343757629395,8.432698249816895,365.13360595703125,0.7832044363021851,0.6020336151123047,371.1513671875,0.4639809727668762,7.83371639251709,7.906855583190918,366.9700927734375,0.7887436747550964,0.16244134306907654,147.10516357421875,0.1401224583387375,3.128974676132202,4.477103233337402,170.4869842529297,0.0993027314543724,3mgml,flu,roi3,7183.745028908807,61911.15035247803,32586.253829956055,209.0035279543251,65238.473205566406,59021.7177734375,8141.270404707971,5437.987599542281,2265.287682078481,59085.77226257324,9536.12022392854,9536.492153323748,9594.736302731806,9610.073029153538,55913.87937835219,2601.654958677686,8486.988711799077,9198.074313989415,59128.57273864746,10497.477018263024,732.8227347126118,5226.0,65526.0,32566.0,15.0,65523.0,61319.0,6095.0,4078.0,1028.0,61330.0,7429.0,7430.0,7428.0,7447.0,55909.0,133.0,7061.0,6921.0,61392.0,10334.0,95.0,6603.796800821071,4865.471215497093,7958.516964351204,2106.6419052708347,786.5980164611668,1067.873098277361,6847.577734182167,7259.1648938478165,3251.6867869200873,6600.127201697181,7876.558655761797,7876.578316228417,8032.774201332128,8026.353056610688,197.34234613757172,6096.070854507671,6301.260416729048,8048.513120119987,6731.256984413376,6133.425091969842,1908.2495012551226,D1,N8,t,appliedMASKiso_3mgml_roi3_8bit.ome
appliedMASKiso_flu_3mgml_roi3_8bit.ome,33,81.4257575,57.59525,0.90929775,3.5035825,49.788,47.8585,0.92532,3.4685,40.0,68.35045949,26.49233163,0.050173606,0.728950228,33.0,4639,26.2546,4038,87,46.4138,26,1.293,0.0143,0.038,0.3042,131072,0.5889068245887756,384.97705078125,0.44799894094467163,8.101829528808594,8.818662643432617,376.0994567871094,0.774040162563324,0.5949302911758423,373.59320068359375,0.45827120542526245,7.858307838439941,8.17115592956543,371.9897155761719,0.7849247455596924,0.16532137989997864,150.15960693359375,0.12882356345653534,3.202314615249634,4.686330318450928,174.2179412841797,0.10267405211925507,3mgml,flu,roi3,7418.986412295458,62153.32273101807,32608.434967041016,231.8916827349002,65207.79302215576,58843.9740524292,8388.520380476913,5600.918811436013,2319.54278140607,58937.85957336426,9743.266141611868,9743.739103838507,9824.821593515828,9836.877091298364,55912.184173583984,3028.2240245506355,8519.146237956875,9460.52721364123,58969.12772369385,10818.437276341949,777.8571757777494,5510.0,65527.0,32572.0,15.0,65521.0,61070.0,6406.0,4259.0,1080.0,61119.0,7724.0,7725.0,7763.0,7780.0,55908.0,133.0,7156.0,7265.0,61160.0,10774.5,99.0,6670.312497884074,4883.677696005913,7746.673968610774,2124.714912753505,868.8523608322578,1195.676318399926,6950.417639956448,7293.530602388982,3343.802743396852,6701.068998488105,7922.853533431555,7922.924477588253,8079.1614597097,8072.862902523809,199.9009958516187,6688.928346433974,6239.042433348372,8116.546363591866,6829.018604689924,6028.660867565296,2144.582421281417,D1,N8,t,appliedMASKiso_3mgml_roi3_8bit.ome
appliedMASKiso_flu_3mgml_roi3_8bit.ome,34,80.77144362,53.89946809,0.918206809,3.641423404,44.215,51.175,0.92647,3.6221,47.0,68.37474196,18.00710092,0.056093874,0.800229407,34.0,4927,24.603,4215,80,52.6875,34,1.3007,0.024,0.0372,0.2769,131072,0.5634366273880005,405.1595153808594,0.44921326637268066,8.571707725524902,9.409544944763184,391.3719787597656,0.7586736083030701,0.5645443201065063,393.8749694824219,0.4643101394176483,8.361013412475586,8.951667785644531,395.0552978515625,0.7664498686790466,0.16479484736919403,149.21153259277344,0.12312373518943787,3.1995127201080322,4.757723808288574,166.95834350585938,0.10410302877426147,3mgml,flu,roi3,7793.406834837497,62685.12929534912,32604.74745941162,217.25272816246635,65192.72236633301,58448.719955444336,8730.679698528902,5833.052981154199,2502.6411592290224,58553.58940124512,10214.518634560864,10214.898272186094,10294.290274264666,10307.873359875897,55910.28638458252,2643.3421314741036,8899.906563553137,9924.774085083945,58579.326919555664,11180.090777095958,823.2890713358187,5962.0,65528.0,32571.0,15.0,65516.0,60636.0,6911.0,4594.0,1231.0,60696.0,8282.0,8284.0,8320.0,8334.0,55908.0,133.0,7534.0,7822.0,60729.5,11363.0,119.0,6737.374163860437,4882.438545174325,7174.241787643367,2135.305170619412,681.5053855762155,1080.0093498069364,7095.4244503400305,7281.656258435842,3441.9463186780695,6861.017986146929,8063.328401906808,8063.368878587906,8192.269849591366,8190.91917874748,198.24209988802568,6063.79714746424,6398.91106016021,8211.768523843302,6977.935133730927,5889.3598259213495,2012.8074411014184,D1,N8,t,appliedMASKiso_3mgml_roi3_8bit.ome
appliedMASKiso_flu_3mgml_roi3_8bit.ome,35,71.85217647,52.78723529,0.910765686,3.465888235,48.888,50.047,0.91742,3.4111,51.0,61.675173,18.97790883,0.036995288,0.634892826,35.0,5231,23.057,4459,89,50.1011,26,1.3236,0.0147,0.0403,0.2738,131072,0.5605400800704956,422.02886962890625,0.43715032935142517,8.83146858215332,9.468277931213379,393.15850830078125,0.7555646896362305,0.5656952857971191,412.76458740234375,0.4469587802886963,8.62445068359375,8.693359375,382.3087158203125,0.767081618309021,0.1687830537557602,162.00189208984375,0.11092308908700943,3.41864275932312,4.885260581970215,166.96498107910156,0.10839572548866272,3mgml,flu,roi3,8076.625466906008,62877.714343480584,32593.064949035645,218.64711709453735,65180.04837799072,58244.28897857666,9168.827869294335,6128.3999799767425,2542.603622239077,58380.81234741211,10436.522109765878,10436.81216820074,10571.902814803498,10576.747232937401,55908.72913360596,2471.9213011542497,8926.871848145744,10241.599747928045,58383.70124053955,11584.768865294274,844.1319856618873,6245.0,65528.0,32572.0,17.0,65514.0,60419.0,7338.0,4904.0,1266.0,60527.0,8537.0,8538.0,8622.0,8631.0,55907.0,133.0,7660.0,8156.0,60536.0,11853.0,127.0,6806.5941313680405,4975.446907446522,6930.838191501242,2047.214870813599,691.5822548826794,1090.7202680182297,7127.728017320731,7413.241878888645,3493.362435956542,6898.545195072668,8069.13381212696,8069.293414357824,8223.8247962847,8218.143576349234,195.05979519940794,5710.081856145317,6368.4823252217875,8272.95484668244,7020.805912934646,5975.927757566731,2011.4790320456682,D1,N8,t,appliedMASKiso_3mgml_roi3_8bit.ome
appliedMASKiso_flu_3mgml_roi3_8bit.ome,36,62.90228382,55.50370909,0.911312182,3.508141818,35.311,48.744,0.92139,3.4775,55.0,62.52671056,22.22406883,0.045204707,0.719116298,36.0,5042,23.9962,4334,81,53.5062,29,1.3114,0.0159,0.0476,0.322,131072,0.5606479048728943,426.1025390625,0.4503122568130493,8.833605766296387,9.711516380310059,408.46337890625,0.7553970217704773,0.5632085204124451,421.76019287109375,0.4651147425174713,8.706657409667969,8.968358039855957,401.7394104003906,0.7653201222419739,0.1711990237236023,162.509033203125,0.10574351996183395,3.427124261856079,5.092527389526367,177.06349182128906,0.10998895019292831,3mgml,flu,roi3,8441.010604915367,62959.845359802246,32581.595260620117,251.84021132145423,65130.23162841797,57905.885597229004,9665.755218040944,6463.489017082827,2639.0440443658576,58079.30294036865,10785.616199790802,10785.768173038014,10963.743802346977,10962.331791077822,55908.86682891846,2632.908013544018,9033.304633637967,10664.447086129625,58063.102462768555,11861.169770265009,917.6616370710295,6606.0,65528.0,32581.0,21.0,65508.0,60093.0,7842.0,5240.0,1346.0,60239.0,8892.0,8894.0,9023.0,9030.0,55907.0,121.5,7755.0,8577.0,60225.0,12196.0,152.0,7066.966691118831,5190.129476101274,6720.342270811174,2005.0341772930353,836.2700778294671,1260.1062628601408,7327.809083354559,7720.527093630183,3546.7529510965387,7067.953392670758,8251.94406082811,8251.959762996668,8442.953942094995,8431.726030356072,182.3757394588458,5945.047762406514,6359.544778313601,8547.544378469789,7204.436257056975,6147.401369864547,2178.9206548234033,D1,N8,t,appliedMASKiso_3mgml_roi3_8bit.ome
appliedMASKiso_flu_3mgml_roi3_8bit.ome,37,78.34476087,58.88376087,0.919995652,3.541991304,58.353,44.3555,0.921995,3.55605,46.0,68.67335579,32.51925309,0.033346486,0.611117673,37.0,5424,22.1654,4591,92,49.9022,41,1.3274,0.0207,0.0513,0.2815,131072,0.5581605434417725,438.03033447265625,0.4447060525417328,8.994589805603027,9.753413200378418,417.33575439453125,0.75457763671875,0.5586227178573608,431.956298828125,0.45346248149871826,8.849151611328125,9.158441543579102,411.9973449707031,0.7623883485794067,0.16257122159004211,158.31069946289062,0.11612264811992645,3.2888622283935547,4.834542751312256,176.59158325195312,0.10280827432870865,3mgml,flu,roi3,8503.525456849304,62957.864097595215,32572.2032623291,296.8366914852324,65102.28852844238,57802.70699310303,9723.939385278509,6502.173254439698,2690.361748700797,57976.58679199219,10915.443475871334,10915.629780315405,11077.238164664213,11078.906126436957,55909.66209411621,2489.58860453887,9181.5986443369,10757.979649787032,57963.73003387451,11821.266560310214,956.0635276782425,6586.0,65529.0,32588.0,21.0,65509.0,60061.0,7842.0,5240.0,1357.0,60203.0,8974.0,8965.0,9078.0,9082.0,55907.0,133.0,7912.0,8594.0,60193.0,12178.0,151.0,7298.1319736585465,5309.377412055998,6709.297606237603,1998.283697121573,1612.6610643120368,1760.1241161894575,7530.094130129623,7895.396368817629,3809.0668918169895,7254.019562530357,8470.546235019421,8470.454236150888,8662.734605057254,8651.901724753052,168.5266395621151,5539.706209034884,6492.254312011751,8798.584554106526,7392.703283616995,6283.250374007443,2604.1571562935537,D1,N8,t,appliedMASKiso_3mgml_roi3_8bit.ome
appliedMASKiso_flu_3mgml_roi3_8bit.ome,38,80.63023393,52.47508929,0.913167679,3.459291071,43.755,47.132,0.91784,3.38225,56.0,68.29467169,20.50267569,0.040445456,0.638054912,38.0,5876,20.3065,4926,102,48.2941,41,1.3559,0.0198,0.0477,0.2544,131072,0.512974202632904,483.85675048828125,0.41777488589286804,10.038003921508789,10.609257698059082,434.32794189453125,0.7258635759353638,0.5103635787963867,486.81414794921875,0.4219583570957184,10.072885513305664,10.112918853759766,435.6157531738281,0.7313523888587952,0.15716387331485748,153.05154418945312,0.11309976875782013,3.2132198810577393,4.712376594543457,161.0206298828125,0.10211268067359924,3mgml,flu,roi3,8414.179152099903,63600.0352935791,32520.21982574463,299.9419080068143,65093.23930358887,57731.68371582031,9556.911138110088,6391.861239872159,2824.279921302038,57855.494453430176,11046.882829794054,11047.054631085599,11147.892401874724,11160.079599407662,55906.45391845703,2842.668204891555,9586.317038914249,10732.108796543669,57863.88050842285,11561.433865624474,1025.8547588683425,6322.0,65529.0,32576.0,20.0,65514.0,60201.0,7415.0,4930.0,1371.0,60270.0,8923.0,8924.0,8959.0,8979.0,55907.0,133.0,8290.0,8363.0,60291.0,11862.0,141.0,7456.1466064567885,5460.462176422191,6077.896777863288,2012.3250035279889,1127.383335305527,1491.8187982502338,7837.515438888953,8108.441573201187,3949.5050707161313,7568.379745427206,8769.161261607445,8768.825209034614,8950.203281350708,8941.878850663115,162.5526945077373,6251.131524796471,6791.843668571702,9035.35059433505,7703.454683096646,6208.328654763719,2563.046884894478,D1,N8,t,appliedMASKiso_3mgml_roi3_8bit.ome
appliedMASKiso_flu_3mgml_roi3_8bit.ome,39,86.08559323,55.50823077,0.922318923,3.62754,75.426,46.85,0.93274,3.6383,65.0,66.25197524,25.10955337,0.039349244,0.736644115,39.0,6183,19.1989,5198,113,46.0,53,1.3691,0.022,0.056,0.223,131072,0.47786620259284973,517.6908569335938,0.4289577305316925,10.757906913757324,11.764229774475098,474.1627197265625,0.7016997933387756,0.46834272146224976,521.5556640625,0.42860379815101624,10.800107955932617,11.42380142211914,482.5225830078125,0.7037273645401001,0.1563168317079544,155.79518127441406,0.11981219798326492,3.260676145553589,5.023342609405518,167.2237091064453,0.10478436201810837,3mgml,flu,roi3,8643.730316313595,63814.834312438965,32532.48745727539,397.89772058101875,64989.39767456055,57528.49116516113,9802.758300421325,6567.345471333577,2941.6336777761608,57663.56523132324,11253.902539978311,11253.818619889114,11365.15766804637,11376.139591892841,55905.934478759766,3027.2007233273057,9676.733592473232,10981.752523941166,57667.71110534668,11627.633994165533,1192.0972602970114,6337.0,65529.0,32574.0,23.0,65514.0,60210.0,7493.0,4982.0,1370.0,60285.0,8933.0,8934.0,8966.0,8986.0,55907.0,133.0,8353.0,8373.0,60304.0,11929.5,143.0,7803.381104236393,5706.949154332024,5866.102062232772,1920.4229402093638,1223.7646803164305,1711.4589958608487,8134.607564378178,8416.19207465267,4116.051372559555,7839.421440317373,8994.053778376949,8993.292521012298,9202.267681984446,9190.005979922547,166.72971682294568,6469.3980354919395,6791.502488451436,9373.153411722109,7982.161742236816,6226.466116401742,2891.18118073704,D1,N8,t,appliedMASKiso_3mgml_roi3_8bit.ome
appliedMASKiso_flu_3mgml_roi3_8bit.ome,40,87.24910877,62.39880702,0.910795263,3.489754386,67.109,47.641,0.91561,3.4326,57.0,66.32881509,38.46462478,0.037216758,0.705339401,40.0,6071,19.59,5162,104,49.6346,42,1.3622,0.022,0.0666,0.2289,131072,0.49758273363113403,506.857666015625,0.4580814838409424,10.341375350952148,11.664591789245605,491.1045837402344,0.7148295044898987,0.48213568329811096,518.6676025390625,0.4670172333717346,10.584830284118652,11.350275039672852,493.69561767578125,0.7123957276344299,0.1576543003320694,160.69725036621094,0.11819127947092056,3.3086588382720947,5.044817924499512,179.88682556152344,0.10350847244262695,3mgml,flu,roi3,8473.384519007457,63541.028495788574,32532.89518737793,371.70189562132856,65036.955390930176,57997.57988739014,9646.640104065546,6463.903723838,2691.985965882046,58176.08386993408,10670.526517235057,10670.202244530008,10847.525715071508,10845.93260298252,55903.41209411621,2987.7945590994373,8973.390409179807,10625.19659882655,58160.01403808594,11755.930265248748,1043.814311486291,6183.0,65528.0,32571.0,23.0,65516.0,60550.0,7571.0,5033.0,1198.0,60673.0,8435.0,8426.0,8557.0,8561.0,55905.0,133.0,7534.0,8080.0,60663.0,11899.5,127.0,7811.979394145256,5514.977482150711,6283.094532449028,1933.7412018274765,1200.0587150789877,1649.1366496751687,7823.0705236856975,8131.723140423961,4049.142372875035,7522.503578817045,8744.412472372385,8743.062166612604,8934.052992241606,8924.13180913051,179.00444658496443,6591.572203893763,6795.082817987945,9240.495312659326,7663.636044235406,6571.6915398146075,2629.5467310383347,D1,N8,t,appliedMASKiso_3mgml_roi3_8bit.ome
appliedMASKiso_flu_3mgml_roi3_8bit.ome,41,78.79724549,60.83367606,0.918960986,3.65884507,54.071,49.147,0.92426,3.5825,71.0,67.46766985,35.77684157,0.032592698,0.816553111,41.0,5966,19.97,5145,95,54.1579,47,1.3587,0.0248,0.0819,0.2217,131072,0.4988240897655487,504.79315185546875,0.5042070150375366,10.15937614440918,12.295297622680664,533.4540405273438,0.7157450914382935,0.4719560742378235,520.5747680664062,0.5140790343284607,10.496410369873047,12.458178520202637,552.8240966796875,0.7062381505966187,0.16097721457481384,165.7413787841797,0.10453690588474274,3.371486186981201,5.386293888092041,198.62991333007812,0.10594780743122101,3mgml,flu,roi3,8622.185417860828,63108.071548461914,32536.709045410156,480.13737465128554,64952.78165435791,58092.997955322266,9564.245424920475,6404.944904609689,2770.4736008000923,58278.95738220215,10497.763873285185,10497.493935572624,10685.347235278383,10681.53588597195,55903.73717498779,2635.874119304838,8862.10855592495,10635.150238832206,58264.15313720703,11923.13327983492,1120.2745538607787,6168.0,65526.0,32561.0,27.0,65515.0,60770.5,7493.0,4982.0,1113.0,60919.0,8069.0,8070.0,8230.0,8223.0,55904.0,133.0,7029.0,7906.0,60900.0,11983.0,134.0,8130.186164236497,5464.248163769053,6914.5760505488915,1943.6911696622583,1868.2869874200521,2178.13195307216,7889.0149725876745,8052.333649863143,4454.101706779663,7608.438009431298,8843.255133898423,8841.82053299376,8994.610264419158,8991.219570952582,220.88806595452513,6042.087458946724,7251.258708804483,9451.912807935414,7734.723206696864,6876.558630879712,2989.78187756883,D1,N8,t,appliedMASKiso_3mgml_roi3_8bit.ome
appliedMASKiso_flu_3mgml_roi3_8bit.ome,42,90.20620571,56.53487143,0.919636571,3.672341429,86.324,47.944,0.92886,3.56365,70.0,69.10434618,23.92300145,0.0343842,0.706928698,42.0,5860,20.3674,5089,105,48.4667,45,1.3531,0.0197,0.0934,0.2353,131072,0.49818992614746094,507.24298095703125,0.5290288925170898,10.084521293640137,12.780851364135742,563.8792724609375,0.7151693105697632,0.4756282567977905,523.3189086914062,0.5305112600326538,10.409075736999512,12.69832992553711,576.0504760742188,0.7082923054695129,0.16133664548397064,161.333984375,0.09132858365774155,3.2628889083862305,5.666007041931152,208.86534118652344,0.10710383951663971,3mgml,flu,roi3,8602.73303503136,62643.17266214494,32518.04027557373,588.0403882844325,64886.37424468994,58300.799560546875,9328.4231271777,6267.709074788452,2862.8133115632845,58452.49584197998,10203.34420223344,10202.522196726328,10392.000221814287,10387.16058589567,55904.09100341797,2761.358872743285,8820.962314517363,10475.660830656265,58443.39552307129,11889.635429095915,1203.445036824841,6063.0,65524.0,32560.0,32.0,65517.0,61020.0,7260.0,4853.0,1025.0,61190.0,7693.0,7694.0,7903.5,7889.0,55904.0,122.0,6620.0,7702.0,61159.0,11926.0,138.0,8316.337361189599,5487.665127451639,7561.27971048159,2027.2458899610933,2429.434490954005,2560.3982777533784,7886.182856020388,7979.201336663146,4885.237431298487,7667.515183452097,8894.830723328974,8892.961662683007,9014.856240401183,9016.716206183079,249.72587611770015,6202.219208253585,7739.607090106011,9570.13289556809,7783.031020014961,7205.748116767395,3322.3767236529366,D1,N8,t,appliedMASKiso_3mgml_roi3_8bit.ome
appliedMASKiso_flu_3mgml_roi3_8bit.ome,43,97.52060405,62.9882027,0.915607703,3.597233784,105.905,52.487,0.926525,3.557,74.0,66.21445109,31.99736405,0.036833014,0.744558509,43.0,6275,18.8881,5298,95,55.7684,51,1.3707,0.0187,0.0823,0.1951,131072,0.4806775450706482,503.6826477050781,0.5185149312019348,10.262773513793945,13.040550231933594,547.1583862304688,0.7028156518936157,0.46817389130592346,513.6444702148438,0.5274379253387451,10.454314231872559,12.662898063659668,561.5061645507812,0.7038328647613525,0.16703002154827118,156.55838012695312,0.09008719027042389,3.2717559337615967,5.931021213531494,198.5019989013672,0.11332876235246658,3mgml,flu,roi3,8198.247137732977,62657.169342041016,32553.62890625,644.4920518886732,64867.423358332504,58456.48403930664,9191.172905511934,6171.062713663539,2733.109239486567,58604.16526031494,9947.992833816432,9947.427416579352,10145.387631641339,10138.445626486582,55904.466148376465,2650.0440391459074,8374.592995954205,10107.872331801182,58599.16174316406,11195.782421818238,1300.4472479945443,5654.0,65524.0,32561.0,36.0,65520.0,61261.0,7027.0,4698.0,968.0,61394.0,7368.0,7369.0,7564.0,7556.0,55904.0,116.0,6368.0,7275.0,61381.0,11090.0,140.0,8018.466653712082,5477.699642613009,7552.489020920677,2220.44639997207,2856.1556539848852,2791.296778227623,7847.390619248639,8017.926389203375,4715.448366772355,7616.796495611192,8824.229901870021,8823.139881217352,8976.436198929901,8973.098556286901,240.45775063109247,5928.614845555373,7282.3039213646125,9385.083188266397,7739.459441714511,6951.588024124738,3810.525236600321,D1,N8,t,appliedMASKiso_3mgml_roi3_8bit.ome
appliedMASKiso_flu_3mgml_roi3_8bit.ome,44,96.94054219,60.8591875,0.9029825,3.41326875,104.5215,54.472,0.918165,3.4513,64.0,66.57074665,31.35477578,0.047295723,0.50960403,44.0,6155,19.2954,5206,87,59.8391,46,1.3694,0.0279,0.0349,0.1882,131072,0.46135228872299194,488.6402282714844,0.42711183428764343,10.591914176940918,11.871367454528809,442.6166687011719,0.6904481649398804,0.45011553168296814,495.2991027832031,0.44243860244750977,10.696444511413574,11.528104782104492,456.7771911621094,0.6937565803527832,0.16784711182117462,146.7742919921875,0.09245609492063522,3.2511589527130127,5.367719650268555,154.7231903076172,0.11532517522573471,3mgml,flu,roi3,6780.308706699934,62693.82468414307,32552.05665588379,304.54243510806987,65165.97765350342,59072.61176300049,7720.769969397083,5166.57930924844,2662.4997792426084,59012.35466003418,9388.974337583615,9389.149298167735,9353.118178756755,9383.855316934287,55911.71454620361,2731.3238980994743,8859.384331613832,8821.345581594698,59101.274574279785,9512.78632766459,1030.9279925468984,4626.0,65525.0,32542.0,24.0,65526.0,61716.5,5397.0,3588.0,1073.0,61606.0,6941.0,6942.0,6833.0,6868.0,55908.0,133.0,7093.0,6239.0,61710.0,9058.5,117.0,6666.5469305517045,4978.641121714867,7672.6126136440125,2426.7372360094605,1121.1903507968268,1391.646953320987,7212.624948123547,7361.093651998503,3859.836645438245,7023.690473882231,8312.060737639138,8311.464102561136,8408.905116287591,8413.450682684937,199.77319473877733,6116.029394088627,7037.9308492504515,8271.911433782023,7135.672556080555,6115.061036170278,2731.2173129508237,D1,N8,t,appliedMASKiso_3mgml_roi3_8bit.ome
appliedMASKiso_flu_3mgml_roi3_8bit.ome,45,99.46443019,50.10149057,0.889390943,3.202724528,119.48,43.161,0.89327,3.1028,53.0,65.62452612,23.03367087,0.038687374,0.550483769,45.0,4831,25.1316,4087,56,72.9821,30,1.3028,0.0183,0.0029,0.1953,131072,0.30377432703971863,622.2350463867188,0.20134460926055908,14.765329360961914,13.366009712219238,393.5304260253906,0.5717991590499878,0.2937237620353699,637.99658203125,0.20368310809135437,15.119643211364746,12.999088287353516,400.54217529296875,0.5722583532333374,0.12089960277080536,107.42544555664062,0.07438205182552338,2.5588841438293457,4.120769500732422,78.81452941894531,0.09687727689743042,3mgml,flu,roi3,6161.541954040527,63224.69174194336,32502.00493621826,143.65695094319386,65301.7108001709,58355.92588043213,4696.650578466055,3149.056428271034,5312.065299987793,57590.3394241333,10549.654281616211,10550.425117492676,9666.956344604492,9842.597953796387,55918.06603240967,2358.1976974990075,13053.235763549805,8523.018272399902,57994.71562194824,8534.191429138184,1188.0747800706724,4491.0,65526.0,32519.0,16.0,65523.0,60649.0,3145.0,2091.0,2324.0,60008.0,8323.0,8325.0,7508.0,7669.0,55914.0,133.0,10686.0,6440.0,60362.0,7723.0,163.0,5528.630694590873,3210.3331910195466,6590.07315288175,2027.9510869701817,445.8739294777061,746.777243340883,7090.047445236377,4693.9753989364435,7423.16415527896,7523.9769026389895,8411.921867308005,8411.86504145331,7876.018945240216,7986.199402857985,206.27428622492963,5486.644477880453,9798.062056341783,7247.919370989733,7379.100548127054,5127.081415406706,2910.660663546097,D1,N8,t,appliedMASKiso_3mgml_roi3_8bit.ome
